timestamp,datetime,open,high,low,close,volume
1780493400000,2026-06-03 13:30:00,67101.71,76707.8,66718.0,66744.29,73.16731
1780494300000,2026-06-03 13:45:00,66744.28,67036.45,57163.15,65418.35,20.22477
1780495200000,2026-06-03 14:00:00,53809.74,61015.52,42571.7,53451.04,5.46543
1780496100000,2026-06-03 14:15:00,58483.79,64000.0,44958.65,45397.7,4.46246
1780497000000,2026-06-03 14:30:00,45389.39,62609.2,40697.33,40812.38,4.27736
1780497900000,2026-06-03 14:45:00,42244.39,56116.48,35456.7,35725.7,3.0763
1780498800000,2026-06-03 15:00:00,35515.63,47233.07,22812.3,24822.22,3.66233
1780499700000,2026-06-03 15:15:00,30970.57,31228.1,17692.92,17820.89,3.58581
1780500600000,2026-06-03 15:30:00,17820.89,23055.38,11788.77,14424.2,3.6259
1780501500000,2026-06-03 15:45:00,16012.36,16093.1,7835.27,7835.27,8.40786
1780502400000,2026-06-03 16:00:00,8178.2,10517.41,6490.4,6546.8,10.96736
1780503300000,2026-06-03 16:15:00,6513.58,6719.93,3483.19,3533.09,13.43891
1780504200000,2026-06-03 16:30:00,3533.09,4231.29,2170.37,2905.0,19.17701
1780505100000,2026-06-03 16:45:00,2914.5,3150.8,1672.52,1748.41,26.10678
1780506000000,2026-06-03 17:00:00,1748.41,2163.2,1196.91,1280.2,24.76739
1780506900000,2026-06-03 17:15:00,1285.8,1408.8,916.38,1031.5,41.33556
1780507800000,2026-06-03 17:30:00,1022.9,1168.97,847.88,1024.0,45.19883
1780508700000,2026-06-03 17:45:00,1015.7,1072.56,802.04,853.84,23.24759
1780509600000,2026-06-03 18:00:00,846.3,1249.36,846.3,1187.5,31.44769
1780510500000,2026-06-03 18:15:00,1187.5,1361.56,1133.8,1290.1,14.05892
1780511400000,2026-06-03 18:30:00,1290.1,2175.35,1241.18,2039.7,21.77739
1780512300000,2026-06-03 18:45:00,2019.3,2895.63,1740.0,2526.1,14.21483
1780513200000,2026-06-03 19:00:00,2546.5,2854.0,1768.73,2067.8,32.77972
1780514100000,2026-06-03 19:15:00,2068.0,2439.44,1719.4,1787.9,19.69879
1780515000000,2026-06-03 19:30:00,1796.5,2098.4,1500.18,1540.9,27.49597
1780515900000,2026-06-03 19:45:00,1533.48,1599.27,1097.56,1203.8,34.94491
1780516800000,2026-06-03 20:00:00,1204.0,1447.2,1094.57,1374.3,38.25705
1780517700000,2026-06-03 20:15:00,1389.63,2316.76,1355.4,2070.53,20.25523
1780518600000,2026-06-03 20:30:00,2087.23,2414.76,1847.4,2218.1,21.4071
1780519500000,2026-06-03 20:45:00,2199.6,3775.38,2035.8,3618.97,15.86326
1780520400000,2026-06-03 21:00:00,3618.97,4990.53,2955.01,4845.18,9.94145
1780521300000,2026-06-03 21:15:00,4845.2,5983.05,3876.22,5983.05,5.73333
1780522200000,2026-06-03 21:30:00,8352.24,9988.0,6521.07,6687.45,4.06995
1780523100000,2026-06-03 21:45:00,6684.28,10183.99,6458.03,8162.3,4.06844
1780524000000,2026-06-03 22:00:00,8179.89,9459.15,6222.37,7316.17,7.72691
1780524900000,2026-06-03 22:15:00,7294.52,14117.72,6951.7,13610.29,1.97857
1780525800000,2026-06-03 22:30:00,18841.39,45277.06,17453.53,40831.0,0.60611
1780526700000,2026-06-03 22:45:00,45692.17,60029.88,35696.34,50388.41,1.69127
1780527600000,2026-06-03 23:00:00,50287.82,64867.6,44726.45,64634.82,1.4963
1780528500000,2026-06-03 23:15:00,64632.97,66670.0,54093.9,64463.6,2.53931
1780529400000,2026-06-03 23:30:00,64463.6,66670.0,64463.6,64463.6,6.64139
1780530300000,2026-06-03 23:45:00,64468.08,66670.0,64463.6,64463.6,4.47224
1780531200000,2026-06-04 00:00:00,64464.41,66670.0,54225.26,64507.34,14.90134
1780532100000,2026-06-04 00:15:00,64507.34,66688.01,61269.9,65704.2,40.74034
1780533000000,2026-06-04 00:30:00,66144.43,66688.01,63091.28,64028.3,27.23943
1780533900000,2026-06-04 00:45:00,64671.9,66688.01,53627.59,63604.4,10.01428
1780534800000,2026-06-04 01:00:00,64163.62,66688.01,63221.99,63236.85,7.60848
1780535700000,2026-06-04 01:15:00,63238.69,66688.01,62767.9,62767.9,5.91616
1780536600000,2026-06-04 01:30:00,62785.35,66688.01,62767.9,63109.6,4.39543
1780537500000,2026-06-04 01:45:00,62937.43,66688.01,62518.83,64000.0,9.59362
1780538400000,2026-06-04 02:00:00,64603.94,66688.01,61777.0,65464.2,20.56686
1780539300000,2026-06-04 02:15:00,65314.81,66716.73,54100.38,63022.18,10.04746
1780540200000,2026-06-04 02:30:00,63022.18,63889.81,62918.09,63397.7,7.35665
1780541100000,2026-06-04 02:45:00,63397.69,63889.81,63171.64,63192.65,7.39166
1780542000000,2026-06-04 03:00:00,63192.66,63990.0,63192.65,63957.99,18.23684
1780542900000,2026-06-04 03:15:00,63958.0,64120.0,63890.68,63918.01,7.84418
1780543800000,2026-06-04 03:30:00,63918.0,64621.42,63905.48,64406.34,8.50595
1780544700000,2026-06-04 03:45:00,64406.33,64449.88,64292.71,64358.33,10.26128
1780545600000,2026-06-04 04:00:00,64363.49,70990.51,53898.07,64632.6,15.27158
1780546500000,2026-06-04 04:15:00,64632.27,64746.0,64507.27,64600.0,9.96853
1780547400000,2026-06-04 04:30:00,64600.0,64604.01,64000.0,64406.79,14.06552
1780548300000,2026-06-04 04:45:00,64407.31,64447.74,63017.91,64397.98,6.8474
1780549200000,2026-06-04 05:00:00,64397.99,64397.99,63741.99,63948.8,12.31911
1780550100000,2026-06-04 05:15:00,63948.8,64012.01,63671.99,63859.99,11.44094
1780551000000,2026-06-04 05:30:00,63859.99,64310.73,63792.95,64263.55,17.70045
1780551900000,2026-06-04 05:45:00,64263.54,64270.0,55000.0,63962.49,14.60317
1780552800000,2026-06-04 06:00:00,63966.0,64242.0,62929.72,64228.0,14.13324
1780553700000,2026-06-04 06:15:00,64228.0,64525.76,64180.03,64262.01,10.75585
1780554600000,2026-06-04 06:30:00,64262.0,64404.4,64092.0,64332.0,10.28593
1780555500000,2026-06-04 06:45:00,64332.01,64332.01,60716.9,64024.93,8.58167
1780556400000,2026-06-04 07:00:00,64024.94,64062.81,63738.13,63800.0,9.84409
1780557300000,2026-06-04 07:15:00,63802.0,63826.0,63498.0,63696.72,10.76904
1780558200000,2026-06-04 07:30:00,63696.72,64009.11,63696.72,63930.0,7.39359
1780559100000,2026-06-04 07:45:00,63930.01,63940.01,63603.32,63603.33,7.53541
1780560000000,2026-06-04 08:00:00,63603.33,63891.45,63340.0,63387.96,12.67788
1780560900000,2026-06-04 08:15:00,63387.9,63554.0,63251.25,63496.0,9.47137
1780561800000,2026-06-04 08:30:00,63496.0,63671.31,63406.0,63420.0,6.79668
1780562700000,2026-06-04 08:45:00,63420.01,63784.2,63407.57,63641.76,9.40325
1780563600000,2026-06-04 09:00:00,63641.77,63641.77,63243.99,63360.0,10.35752
1780564500000,2026-06-04 09:15:00,63360.0,63360.0,62817.82,62876.0,14.3124
1780565400000,2026-06-04 09:30:00,62876.01,63020.0,62725.55,62889.59,10.81092
1780566300000,2026-06-04 09:45:00,62889.6,63242.99,62889.59,63242.99,8.67721
1780567200000,2026-06-04 10:00:00,63242.99,63454.77,62725.55,62871.33,11.70977
1780568100000,2026-06-04 10:15:00,62871.33,62996.57,62518.0,62524.0,9.30163
1780569000000,2026-06-04 10:30:00,62523.99,62788.02,62449.58,62720.01,11.12463
1780569900000,2026-06-04 10:45:00,62720.01,62756.88,62314.82,62430.01,12.64641
1780570800000,2026-06-04 11:00:00,62430.01,62666.0,62228.0,62278.0,15.34192
1780571700000,2026-06-04 11:15:00,62278.0,62643.57,62238.0,62631.99,16.617
1780572600000,2026-06-04 11:30:00,62631.99,62806.38,62207.99,62246.77,9.55117
1780573500000,2026-06-04 11:45:00,62246.77,62544.67,62246.77,62527.04,12.52914
1780574400000,2026-06-04 12:00:00,62527.05,63017.72,62392.0,62527.99,15.78965
1780575300000,2026-06-04 12:15:00,62528.0,65008.56,53597.82,63254.01,21.48783
1780576200000,2026-06-04 12:30:00,63254.01,63713.91,63158.0,63582.0,12.43457
1780577100000,2026-06-04 12:45:00,63582.01,63910.41,63307.95,63766.82,12.40493
1780578000000,2026-06-04 13:00:00,63766.83,73229.03,53779.36,63592.0,42.78085
1780578900000,2026-06-04 13:15:00,63592.01,63936.71,63076.62,63240.0,12.10942
1780579800000,2026-06-04 13:30:00,63240.0,64415.26,63133.48,63792.31,17.1429
1780580700000,2026-06-04 13:45:00,63792.32,64204.15,63713.98,64204.14,12.98996
1780581600000,2026-06-04 14:00:00,64204.15,64488.24,63649.3,64369.48,14.69719
1780582500000,2026-06-04 14:15:00,64369.49,64409.35,64069.98,64142.0,12.52205
1780583400000,2026-06-04 14:30:00,64141.99,64141.99,63082.1,63987.98,8.83148
1780584300000,2026-06-04 14:45:00,63987.98,64054.15,63800.16,63943.99,7.36225
1780585200000,2026-06-04 15:00:00,63944.0,64369.6,63854.0,64344.21,16.93372
1780586100000,2026-06-04 15:15:00,64344.74,64400.0,63806.4,63971.84,8.02572
1780587000000,2026-06-04 15:30:00,63971.85,64075.62,63590.0,63842.53,10.7152
1780587900000,2026-06-04 15:45:00,63842.53,63975.16,63590.0,63918.0,8.6526
1780588800000,2026-06-04 16:00:00,63918.01,63918.01,63663.99,63668.39,8.2257
1780589700000,2026-06-04 16:15:00,63668.39,63874.41,63615.43,63660.89,10.24698
1780590600000,2026-06-04 16:30:00,63660.89,63851.01,63456.0,63782.88,8.76043
1780591500000,2026-06-04 16:45:00,63782.89,63858.58,63517.6,63562.04,8.9369
1780592400000,2026-06-04 17:00:00,63562.05,63705.12,63464.89,63591.99,10.98591
1780593300000,2026-06-04 17:15:00,63591.99,63592.0,63143.85,63210.22,13.34277
1780594200000,2026-06-04 17:30:00,63210.22,63304.0,62982.73,63041.23,9.5719
1780595100000,2026-06-04 17:45:00,63041.24,63613.7,62839.79,63550.94,12.40042
1780596000000,2026-06-04 18:00:00,63550.95,63573.99,63153.41,63153.42,6.92484
1780596900000,2026-06-04 18:15:00,63153.41,63866.33,63153.41,63866.33,7.56796
1780597800000,2026-06-04 18:30:00,63866.32,64085.02,63250.92,63932.43,13.21664
1780598700000,2026-06-04 18:45:00,63932.44,64059.9,63824.17,63842.48,8.50683
1780599600000,2026-06-04 19:00:00,63842.48,63858.0,63626.21,63858.0,8.14682
1780600500000,2026-06-04 19:15:00,63858.0,64309.08,63565.7,64125.68,10.56324
1780601400000,2026-06-04 19:30:00,64125.69,64125.69,63779.01,63800.0,5.0648
1780602300000,2026-06-04 19:45:00,63794.8,63993.71,63546.23,63661.22,6.52099
1780603200000,2026-06-04 20:00:00,63661.23,63661.23,63260.01,63500.52,9.41576
1780604100000,2026-06-04 20:15:00,63513.99,63790.4,63190.84,63300.0,12.61121
1780605000000,2026-06-04 20:30:00,63300.0,63653.2,63300.0,63572.53,8.56722
1780605900000,2026-06-04 20:45:00,63572.53,63646.0,63424.53,63635.71,8.4797
1780606800000,2026-06-04 21:00:00,63635.71,63861.73,63607.82,63796.11,8.20839
1780607700000,2026-06-04 21:15:00,63796.11,63817.72,63455.91,63495.63,7.17917
1780608600000,2026-06-04 21:30:00,63495.63,63516.57,63133.01,63495.99,7.24145
1780609500000,2026-06-04 21:45:00,63495.99,64258.01,63274.0,63288.36,4.16948
1780610400000,2026-06-04 22:00:00,63288.36,63487.27,53161.73,63303.99,12.71219
1780611300000,2026-06-04 22:15:00,63302.67,63444.0,63292.0,63353.01,9.92621
1780612200000,2026-06-04 22:30:00,63353.0,63580.04,63240.64,63519.99,12.94663
1780613100000,2026-06-04 22:45:00,63518.67,63767.74,63454.7,63767.73,8.39958
1780614000000,2026-06-04 23:00:00,63767.74,63842.0,63615.42,63615.42,11.10077
1780614900000,2026-06-04 23:15:00,63606.01,63606.01,63383.04,63488.0,21.21513
1780615800000,2026-06-04 23:30:00,63488.01,63796.0,63471.18,63762.33,6.31659
1780616700000,2026-06-04 23:45:00,63762.33,63915.91,63698.0,63886.0,8.86353
1780617600000,2026-06-05 00:00:00,63886.0,63886.0,63655.72,63659.64,16.05819
1780618500000,2026-06-05 00:15:00,63663.83,63895.99,63592.27,63895.99,18.88881
1780619400000,2026-06-05 00:30:00,63896.0,64000.86,60851.04,63699.13,18.6245
1780620300000,2026-06-05 00:45:00,63697.94,63797.71,63407.77,63426.75,27.38871
1780621200000,2026-06-05 01:00:00,63426.76,63426.76,63093.53,63326.68,11.13344
1780622100000,2026-06-05 01:15:00,63327.21,64058.69,63144.58,63322.57,11.62146
1780623000000,2026-06-05 01:30:00,63322.56,63510.01,54253.79,63419.99,15.70909
1780623900000,2026-06-05 01:45:00,63420.0,63442.0,63244.0,63384.16,15.31753
1780624800000,2026-06-05 02:00:00,63384.16,63406.01,63183.64,63183.65,6.31051
1780625700000,2026-06-05 02:15:00,63183.64,63261.96,62728.68,62728.68,12.88441
1780626600000,2026-06-05 02:30:00,62728.68,62938.09,62618.76,62744.01,8.84176
1780627500000,2026-06-05 02:45:00,62744.01,62911.87,62601.55,62627.99,9.33977
1780628400000,2026-06-05 03:00:00,62628.0,62646.0,62346.0,62381.34,6.68238
1780629300000,2026-06-05 03:15:00,62381.34,62812.0,62381.33,62592.47,8.21984
1780630200000,2026-06-05 03:30:00,62592.48,62869.18,62145.5,62673.99,10.24411
1780631100000,2026-06-05 03:45:00,62674.0,62962.45,62665.49,62708.56,10.63061
1780632000000,2026-06-05 04:00:00,62708.56,62958.77,62509.55,62854.9,9.1044
1780632900000,2026-06-05 04:15:00,62855.43,63210.21,62666.0,63197.73,8.70697
1780633800000,2026-06-05 04:30:00,63197.74,63197.74,62998.01,63003.06,13.90789
1780634700000,2026-06-05 04:45:00,63003.06,63646.0,60705.15,63591.36,18.59473
1780635600000,2026-06-05 05:00:00,63591.36,63682.88,63344.01,63384.33,10.67843
1780636500000,2026-06-05 05:15:00,63384.34,63548.53,63278.01,63502.0,8.24343
1780637400000,2026-06-05 05:30:00,63502.0,63541.28,62887.18,62887.19,16.84146
1780638300000,2026-06-05 05:45:00,62887.19,63133.48,62304.36,62324.95,13.03254
1780639200000,2026-06-05 06:00:00,62324.95,62634.53,62101.99,62108.68,18.83988
1780640100000,2026-06-05 06:15:00,62108.68,62195.04,61165.99,61668.0,18.82493
1780641000000,2026-06-05 06:30:00,61668.0,62167.89,61667.99,62155.99,21.15807
1780641900000,2026-06-05 06:45:00,62155.99,62175.78,61816.87,61934.99,15.34518
1780642800000,2026-06-05 07:00:00,61934.99,61985.36,61386.44,61490.31,19.46802
1780643700000,2026-06-05 07:15:00,61490.3,62353.02,61490.3,62259.89,10.98207
1780644600000,2026-06-05 07:30:00,62259.89,62893.61,62194.62,62877.2,9.64152
1780645500000,2026-06-05 07:45:00,62877.2,63068.01,62784.25,63068.01,9.81316
1780646400000,2026-06-05 08:00:00,63068.0,63100.0,62718.0,62796.17,13.3293
1780647300000,2026-06-05 08:15:00,62796.17,62853.65,60748.41,62813.15,10.32618
1780648200000,2026-06-05 08:30:00,62813.16,62973.58,62537.45,62558.86,7.72504
1780649100000,2026-06-05 08:45:00,62558.86,62608.37,52655.92,62448.01,9.15245
1780650000000,2026-06-05 09:00:00,62448.01,63035.0,62448.0,62993.56,11.75371
1780650900000,2026-06-05 09:15:00,63011.35,63209.86,62651.55,63119.15,11.84503
1780651800000,2026-06-05 09:30:00,63119.16,63301.88,62778.47,62809.56,6.83061
1780652700000,2026-06-05 09:45:00,62809.55,62960.0,62809.55,62855.13,8.56126
1780653600000,2026-06-05 10:00:00,62855.13,62931.81,62667.18,62743.99,12.16944
1780654500000,2026-06-05 10:15:00,62744.0,62745.25,62521.73,62589.0,10.31461
1780655400000,2026-06-05 10:30:00,62589.0,63301.88,52665.92,62652.21,9.98713
1780656300000,2026-06-05 10:45:00,62652.22,62660.01,62457.82,62540.0,5.92161
1780657200000,2026-06-05 11:00:00,62540.01,62540.01,62264.96,62326.53,9.72713
1780658100000,2026-06-05 11:15:00,62326.53,62644.48,62255.0,62466.98,10.75692
1780659000000,2026-06-05 11:30:00,62466.99,62521.92,62134.38,62134.38,8.2613
1780659900000,2026-06-05 11:45:00,62134.38,62230.01,61982.0,61995.02,9.15903
1780660800000,2026-06-05 12:00:00,61995.03,62251.39,61650.0,62148.68,21.69747
1780661700000,2026-06-05 12:15:00,62148.68,62415.17,53088.15,62167.57,8.42188
1780662600000,2026-06-05 12:30:00,62167.57,62307.11,61628.86,61954.6,15.51344
1780663500000,2026-06-05 12:45:00,61982.0,62084.35,61770.1,61960.0,12.08787
1780664400000,2026-06-05 13:00:00,61960.0,62140.57,61896.8,61982.0,13.47951
1780665300000,2026-06-05 13:15:00,61982.0,62289.13,61913.9,62155.51,10.26125
1780666200000,2026-06-05 13:30:00,62144.46,62305.31,61690.26,61761.99,12.7669
1780667100000,2026-06-05 13:45:00,61762.52,61849.47,52144.37,60738.53,10.30286
1780668000000,2026-06-05 14:00:00,60742.59,61308.49,60555.19,60825.59,19.04718
1780668900000,2026-06-05 14:15:00,60825.6,60991.59,60352.02,60380.58,10.90832
1780669800000,2026-06-05 14:30:00,60380.58,61152.99,59072.98,60745.41,13.11666
1780670700000,2026-06-05 14:45:00,60745.42,61117.58,60630.35,60877.45,13.66129
1780671600000,2026-06-05 15:00:00,60876.73,61010.64,60557.66,60583.98,10.53072
1780672500000,2026-06-05 15:15:00,60584.51,61086.62,60463.82,60784.04,14.63786
1780673400000,2026-06-05 15:30:00,60784.04,60837.83,60072.01,60300.0,11.99797
1780674300000,2026-06-05 15:45:00,60300.0,60620.29,60093.81,60461.26,10.52539
1780675200000,2026-06-05 16:00:00,60461.26,61043.13,59806.0,60874.36,13.92587
1780676100000,2026-06-05 16:15:00,60874.37,61521.99,60539.89,60928.01,22.48883
1780677000000,2026-06-05 16:30:00,60928.01,61033.37,60084.8,60848.54,11.42692
1780677900000,2026-06-05 16:45:00,60848.54,61456.32,60825.16,61406.52,11.56947
1780678800000,2026-06-05 17:00:00,61406.52,62626.63,60958.0,61066.02,12.5673
1780679700000,2026-06-05 17:15:00,61066.02,61090.43,60679.12,60700.0,6.22419
1780680600000,2026-06-05 17:30:00,60708.02,61094.01,60708.02,60762.77,9.93823
1780681500000,2026-06-05 17:45:00,60763.3,60844.33,60677.71,60806.0,7.34927
1780682400000,2026-06-05 18:00:00,60806.0,61282.37,60615.62,60658.83,8.38714
1780683300000,2026-06-05 18:15:00,60657.5,60657.5,60116.15,60180.17,13.2302
1780684200000,2026-06-05 18:30:00,60180.17,62626.63,59769.37,59948.0,15.316
1780685100000,2026-06-05 18:45:00,59948.0,59948.0,59157.7,59400.01,11.91181
1780686000000,2026-06-05 19:00:00,59400.0,59598.24,58563.33,59363.41,18.31112
1780686900000,2026-06-05 19:15:00,59363.42,59846.0,59153.52,59846.0,8.56518
1780687800000,2026-06-05 19:30:00,59845.99,59863.98,59494.0,59764.28,7.52645
1780688700000,2026-06-05 19:45:00,59764.45,60587.86,59764.45,60302.73,15.51559
1780689600000,2026-06-05 20:00:00,60302.73,63336.91,59961.0,60785.52,20.19717
1780690500000,2026-06-05 20:15:00,60785.52,61074.54,60738.84,60944.0,14.7264
1780691400000,2026-06-05 20:30:00,60944.01,61295.28,60905.2,61295.28,10.33811
1780692300000,2026-06-05 20:45:00,61295.29,62010.72,61215.49,61657.04,9.65982
1780693200000,2026-06-05 21:00:00,61657.05,62230.38,61581.17,61857.99,12.88167
1780694100000,2026-06-05 21:15:00,61858.0,61971.85,61576.63,61591.72,8.77025
1780695000000,2026-06-05 21:30:00,61591.73,62725.92,61495.0,61854.04,8.64784
1780695900000,2026-06-05 21:45:00,61857.02,61888.4,61638.01,61677.6,8.88169
1780696800000,2026-06-05 22:00:00,61677.6,61677.61,59301.98,61391.36,10.18232
1780697700000,2026-06-05 22:15:00,61391.35,61829.01,61300.46,61488.45,8.75436
1780698600000,2026-06-05 22:30:00,61488.45,71148.03,52273.6,61786.77,25.18818
1780699500000,2026-06-05 22:45:00,61786.77,61965.0,61561.88,61590.06,9.093
1780700400000,2026-06-05 23:00:00,61590.06,61749.99,61328.51,61328.52,10.384
1780701300000,2026-06-05 23:15:00,61328.52,61328.52,60841.84,60951.64,12.16593
1780702200000,2026-06-05 23:30:00,60951.64,60951.64,60519.52,60796.47,7.53981
1780703100000,2026-06-05 23:45:00,60797.0,61063.13,60713.93,61063.13,5.02826
1780704000000,2026-06-06 00:00:00,61063.13,61442.0,51176.56,61425.68,12.55561
1780704900000,2026-06-06 00:15:00,61425.68,61516.8,61154.0,61313.62,8.68051
1780705800000,2026-06-06 00:30:00,61310.38,61537.27,61180.23,61224.75,10.36161
1780706700000,2026-06-06 00:45:00,61224.75,61380.0,61184.0,61271.47,5.85432
1780707600000,2026-06-06 01:00:00,61271.46,61380.0,61116.01,61131.17,8.07566
1780708500000,2026-06-06 01:15:00,61131.16,61291.24,58445.89,61291.24,9.55656
1780709400000,2026-06-06 01:30:00,61291.24,61304.57,61018.0,61052.05,9.45822
1780710300000,2026-06-06 01:45:00,61052.05,61161.22,60960.0,61084.31,8.02029
1780711200000,2026-06-06 02:00:00,61084.31,61084.31,60873.8,60889.65,8.85413
1780712100000,2026-06-06 02:15:00,60889.64,60962.63,60681.92,60824.54,7.27474
1780713000000,2026-06-06 02:30:00,60824.53,61045.45,60461.12,60953.2,6.12036
1780713900000,2026-06-06 02:45:00,60953.2,61161.83,60914.48,60951.63,8.5848
1780714800000,2026-06-06 03:00:00,60951.64,60951.64,60798.02,60858.01,9.20029
1780715700000,2026-06-06 03:15:00,60858.01,60936.95,60725.48,60799.99,8.30957
1780716600000,2026-06-06 03:30:00,60800.0,60800.0,60530.63,60684.0,8.48493
1780717500000,2026-06-06 03:45:00,60684.0,60777.24,60637.53,60684.37,6.93753
1780718400000,2026-06-06 04:00:00,60687.05,60860.0,60106.01,60200.0,14.912
1780719300000,2026-06-06 04:15:00,60199.99,60435.07,59896.84,59965.75,12.49933
1780720200000,2026-06-06 04:30:00,59965.74,60562.66,59501.0,59808.22,10.95593
1780721100000,2026-06-06 04:45:00,59800.23,60374.63,59719.88,60097.29,10.58606
1780722000000,2026-06-06 05:00:00,60097.3,60251.11,59641.92,59925.76,16.64153
1780722900000,2026-06-06 05:15:00,59925.75,60977.51,59891.82,60750.01,16.94498
1780723800000,2026-06-06 05:30:00,60750.0,61000.0,60476.2,60820.2,7.83343
1780724700000,2026-06-06 05:45:00,60820.2,61045.92,60769.25,60940.87,6.22071
1780725600000,2026-06-06 06:00:00,60940.87,61254.65,60940.86,61134.35,11.24863
1780726500000,2026-06-06 06:15:00,61134.35,61237.87,61005.19,61025.3,7.99833
1780727400000,2026-06-06 06:30:00,61024.6,61181.03,60817.92,60822.59,6.75937
1780728300000,2026-06-06 06:45:00,60822.59,60943.94,60707.57,60767.68,6.60528
1780729200000,2026-06-06 07:00:00,60782.0,61138.0,60740.68,61096.98,12.34353
1780730100000,2026-06-06 07:15:00,61096.98,61214.65,51803.9,60884.31,7.20536
1780731000000,2026-06-06 07:30:00,60880.79,61089.85,60872.19,61056.34,6.1604
1780731900000,2026-06-06 07:45:00,61056.34,61104.0,60969.05,61001.9,8.60601
1780732800000,2026-06-06 08:00:00,61001.9,61154.0,60884.0,61144.53,8.86073
1780733700000,2026-06-06 08:15:00,61144.53,61435.31,61047.51,61435.31,5.61202
1780734600000,2026-06-06 08:30:00,61435.3,61496.94,61300.01,61358.01,7.15587
1780735500000,2026-06-06 08:45:00,61356.68,61475.12,61241.79,61241.79,6.56173
1780736400000,2026-06-06 09:00:00,61241.99,61314.0,61137.77,61236.27,9.85334
1780737300000,2026-06-06 09:15:00,61236.28,61320.0,61111.0,61320.0,5.99116
1780738200000,2026-06-06 09:30:00,61320.0,61320.0,61240.0,61253.6,4.51398
1780739100000,2026-06-06 09:45:00,61253.6,65710.41,51799.4,60970.71,12.50544
1780740000000,2026-06-06 10:00:00,60970.72,60979.51,60617.37,60626.95,9.21342
1780740900000,2026-06-06 10:15:00,60618.05,60742.81,60488.0,60536.1,11.59048
1780741800000,2026-06-06 10:30:00,60536.73,60540.89,60227.14,60420.79,8.44034
1780742700000,2026-06-06 10:45:00,60420.79,60658.08,60354.01,60607.22,8.51776
1780743600000,2026-06-06 11:00:00,60607.23,60853.77,60566.37,60645.99,6.75131
1780744500000,2026-06-06 11:15:00,60646.0,60828.08,60610.39,60810.54,10.40285
1780745400000,2026-06-06 11:30:00,60809.59,60870.32,60740.09,60836.18,4.19525
1780746300000,2026-06-06 11:45:00,60825.9,60960.65,60758.38,60801.67,6.12672
1780747200000,2026-06-06 12:00:00,60801.67,61097.55,60801.66,61058.67,11.60917
1780748100000,2026-06-06 12:15:00,61049.18,61090.2,60733.98,60733.99,10.74095
1780749000000,2026-06-06 12:30:00,60733.98,61107.5,60648.6,60823.63,10.32618
1780749900000,2026-06-06 12:45:00,60823.63,61134.0,60793.02,61026.0,13.44312
1780750800000,2026-06-06 13:00:00,61026.01,61091.31,60968.0,61015.2,6.40193
1780751700000,2026-06-06 13:15:00,61013.88,61042.0,60875.1,60878.24,9.62614
1780752600000,2026-06-06 13:30:00,60878.24,60887.17,60706.41,60874.87,7.09568
1780753500000,2026-06-06 13:45:00,60876.02,61210.53,59609.96,60794.75,10.92222
1780754400000,2026-06-06 14:00:00,60553.81,60993.52,60410.8,60906.44,11.14953
1780755300000,2026-06-06 14:15:00,60906.44,61016.0,60802.01,60888.0,6.6195
1780756200000,2026-06-06 14:30:00,60888.0,61001.98,60834.0,60960.29,8.21768
1780757100000,2026-06-06 14:45:00,60960.29,61004.0,60791.05,60791.05,8.18354
1780758000000,2026-06-06 15:00:00,60791.06,60869.55,60004.41,60611.09,6.42777
1780758900000,2026-06-06 15:15:00,60611.09,60673.84,60433.99,60673.84,8.07982
1780759800000,2026-06-06 15:30:00,60673.83,60898.6,60578.0,60875.65,5.82767
1780760700000,2026-06-06 15:45:00,60875.65,60921.23,55553.05,60784.0,6.29286
1780761600000,2026-06-06 16:00:00,60784.01,60997.13,60721.49,60788.49,8.88227
1780762500000,2026-06-06 16:15:00,60788.48,60812.21,60606.0,60624.08,8.19852
1780763400000,2026-06-06 16:30:00,60624.08,70990.51,60515.96,60767.99,25.48594
1780764300000,2026-06-06 16:45:00,60767.98,60859.99,59778.95,60771.73,20.08031
1780765200000,2026-06-06 17:00:00,60768.19,60840.48,60605.87,60726.0,5.19417
1780766100000,2026-06-06 17:15:00,60725.99,60760.0,60604.0,60673.99,4.7317
1780767000000,2026-06-06 17:30:00,60673.99,69260.69,60621.59,60704.0,6.27363
1780767900000,2026-06-06 17:45:00,60704.0,66915.1,60509.48,60576.2,8.53542
1780768800000,2026-06-06 18:00:00,60576.2,61268.02,60467.07,60494.05,4.62999
1780769700000,2026-06-06 18:15:00,60494.05,64839.8,60415.76,60718.19,12.75812
1780770600000,2026-06-06 18:30:00,60718.2,60718.2,60538.01,60604.58,5.7497
1780771500000,2026-06-06 18:45:00,60604.57,60680.0,60509.86,60637.21,3.87786
1780772400000,2026-06-06 19:00:00,60637.21,60776.0,60565.61,60730.0,5.0305
1780773300000,2026-06-06 19:15:00,60730.01,64839.8,60600.0,60611.06,4.08234
1780774200000,2026-06-06 19:30:00,60611.05,60634.18,60546.44,60622.0,3.84392
1780775100000,2026-06-06 19:45:00,60621.99,60680.0,60600.0,60600.01,3.68544
1780776000000,2026-06-06 20:00:00,60600.01,60623.66,60448.09,60587.63,8.0114
1780776900000,2026-06-06 20:15:00,60587.63,60636.54,60531.13,60584.02,4.0523
1780777800000,2026-06-06 20:30:00,60594.0,60749.39,60586.17,60731.65,2.89676
1780778700000,2026-06-06 20:45:00,60732.52,60751.5,60660.54,60701.01,4.99689
1780779600000,2026-06-06 21:00:00,60701.02,60906.37,60701.01,60834.48,9.17052
1780780500000,2026-06-06 21:15:00,60831.63,60944.0,60831.63,60890.94,4.17307
1780781400000,2026-06-06 21:30:00,60890.94,60993.81,60802.78,60862.02,4.72812
1780782300000,2026-06-06 21:45:00,60862.02,60866.0,60746.08,60751.22,3.17287
1780783200000,2026-06-06 22:00:00,60751.22,60812.95,60592.0,60607.85,9.18842
1780784100000,2026-06-06 22:15:00,60607.84,60767.82,60440.0,60460.63,7.29871
1780785000000,2026-06-06 22:30:00,60460.62,60601.26,60437.67,60579.99,5.37439
1780785900000,2026-06-06 22:45:00,60580.52,60715.45,60580.52,60608.18,5.55054
1780786800000,2026-06-06 23:00:00,60608.19,60813.28,60547.5,60759.55,5.6207
1780787700000,2026-06-06 23:15:00,60758.22,60973.85,60601.84,60713.58,4.44873
1780788600000,2026-06-06 23:30:00,60713.58,60918.46,60680.0,60879.1,3.35262
1780789500000,2026-06-06 23:45:00,60871.05,60942.74,60813.33,60879.58,2.43398
1780790400000,2026-06-07 00:00:00,60884.62,60933.29,60800.0,60816.49,3.90521
1780791300000,2026-06-07 00:15:00,60816.49,60886.0,50000.0,60843.02,6.91303
1780792200000,2026-06-07 00:30:00,60843.01,60957.99,60795.88,60795.89,9.5862
1780793100000,2026-06-07 00:45:00,60795.89,60985.7,60749.46,60784.73,3.36306
1780794000000,2026-06-07 01:00:00,60784.73,61381.16,50057.0,61333.08,13.08795
1780794900000,2026-06-07 01:15:00,61333.08,61641.72,61276.41,61638.78,9.8778
1780795800000,2026-06-07 01:30:00,61638.78,61638.79,61403.24,61441.39,6.48919
1780796700000,2026-06-07 01:45:00,61441.92,61591.68,61375.42,61481.97,9.9728
1780797600000,2026-06-07 02:00:00,61481.98,61549.07,61427.48,61427.92,7.20704
1780798500000,2026-06-07 02:15:00,61427.92,61427.93,61193.83,61244.54,8.41622
1780799400000,2026-06-07 02:30:00,61254.83,61320.3,61194.01,61316.28,6.422
1780800300000,2026-06-07 02:45:00,61316.27,61558.05,61316.27,61500.01,7.33057
1780801200000,2026-06-07 03:00:00,61500.01,61530.0,61416.1,61530.0,6.75805
1780802100000,2026-06-07 03:15:00,61530.0,61759.64,61490.76,61661.13,10.03727
1780803000000,2026-06-07 03:30:00,61661.13,61684.5,61560.53,61658.36,6.59617
1780803900000,2026-06-07 03:45:00,61658.35,61720.99,61588.45,61708.45,4.28727
1780804800000,2026-06-07 04:00:00,61708.45,61709.89,60800.0,61546.0,7.70706
1780805700000,2026-06-07 04:15:00,61545.99,62128.68,61488.35,61565.96,8.51554
1780806600000,2026-06-07 04:30:00,61565.97,61828.92,61558.0,61743.76,5.66634
1780807500000,2026-06-07 04:45:00,61743.76,61907.07,61703.06,61907.06,7.71707
1780808400000,2026-06-07 05:00:00,61907.07,61957.46,59830.67,61890.2,7.25966
1780809300000,2026-06-07 05:15:00,61890.2,62128.68,61736.0,61736.53,18.03742
1780810200000,2026-06-07 05:30:00,61740.49,61846.33,61655.28,61799.49,7.92991
1780811100000,2026-06-07 05:45:00,61799.49,61859.62,61713.36,61764.01,7.09033
1780812000000,2026-06-07 06:00:00,61757.9,61762.45,61272.27,61717.57,6.66551
1780812900000,2026-06-07 06:15:00,61717.56,62000.0,61662.0,61976.09,8.17944
1780813800000,2026-06-07 06:30:00,61976.09,62251.77,61973.05,62186.22,15.84025
1780814700000,2026-06-07 06:45:00,62178.46,62218.99,62036.45,62101.01,17.21943
1780815600000,2026-06-07 07:00:00,62101.01,62793.99,61995.37,62133.99,14.69567
1780816500000,2026-06-07 07:15:00,62133.99,62239.17,62064.0,62232.0,13.42474
1780817400000,2026-06-07 07:30:00,62231.99,62265.01,62192.0,62231.18,10.66989
1780818300000,2026-06-07 07:45:00,62231.17,62403.27,62184.0,62401.92,12.8211
1780819200000,2026-06-07 08:00:00,62401.92,62440.0,62271.33,62396.27,11.27812
1780820100000,2026-06-07 08:15:00,62396.27,62542.19,62312.66,62536.58,10.17505
1780821000000,2026-06-07 08:30:00,62536.58,62659.53,62442.84,62550.0,9.17363
1780821900000,2026-06-07 08:45:00,62549.99,64976.75,52289.42,62862.76,16.13794
1780822800000,2026-06-07 09:00:00,62862.76,62872.72,62732.29,62827.59,8.64806
1780823700000,2026-06-07 09:15:00,62827.58,62882.09,62606.0,62685.48,8.42632
1780824600000,2026-06-07 09:30:00,62685.48,62690.0,62500.44,62533.15,7.42129
1780825500000,2026-06-07 09:45:00,62540.0,62620.0,62417.92,62530.0,7.85648
1780826400000,2026-06-07 10:00:00,62530.0,62559.71,52312.45,62388.8,8.54516
1780827300000,2026-06-07 10:15:00,62389.32,62567.97,62389.32,62515.86,5.35371
1780828200000,2026-06-07 10:30:00,62515.86,62556.32,62318.0,62359.08,6.46409
1780829100000,2026-06-07 10:45:00,62359.07,62457.8,62248.2,62376.59,8.34843
1780830000000,2026-06-07 11:00:00,62376.6,62520.0,62368.39,62464.24,9.42524
1780830900000,2026-06-07 11:15:00,62464.24,62552.26,62422.71,62535.55,4.78685
1780831800000,2026-06-07 11:30:00,62535.55,62674.0,62457.91,62673.2,3.87919
1780832700000,2026-06-07 11:45:00,62673.19,62754.45,62572.7,62621.96,7.33901
1780833600000,2026-06-07 12:00:00,62621.97,62643.97,60864.81,62078.36,12.87567
1780834500000,2026-06-07 12:15:00,62078.37,62336.2,51155.56,61940.61,14.04634
1780835400000,2026-06-07 12:30:00,61940.79,61940.79,61625.99,61635.66,8.84079
1780836300000,2026-06-07 12:45:00,61635.66,61988.6,61635.04,61911.41,6.24488
1780837200000,2026-06-07 13:00:00,61911.41,61911.41,61661.49,61725.9,11.5884
1780838100000,2026-06-07 13:15:00,61725.89,61849.11,61662.52,61840.61,9.35883
1780839000000,2026-06-07 13:30:00,61845.29,61903.37,61689.52,61737.14,9.80912
1780839900000,2026-06-07 13:45:00,61737.14,61808.52,61696.8,61704.01,7.11249
1780840800000,2026-06-07 14:00:00,61704.01,61824.89,61696.98,61793.43,6.4397
1780841700000,2026-06-07 14:15:00,61793.43,62142.1,61759.29,62082.0,11.75448
1780842600000,2026-06-07 14:30:00,62081.99,62353.81,61207.32,61995.38,11.2786
1780843500000,2026-06-07 14:45:00,61995.37,61998.52,61746.0,61912.41,8.25315
1780844400000,2026-06-07 15:00:00,61912.42,61912.42,61675.18,61829.99,14.00963
1780845300000,2026-06-07 15:15:00,61830.0,61965.41,61733.6,61959.94,10.1578
1780846200000,2026-06-07 15:30:00,61959.95,62157.29,61959.26,62112.0,7.31182
1780847100000,2026-06-07 15:45:00,62112.0,62184.01,61997.54,62093.99,8.27588
1780848000000,2026-06-07 16:00:00,62094.0,62174.72,61966.0,62134.0,11.36202
1780848900000,2026-06-07 16:15:00,62134.0,62303.01,62106.0,62179.14,14.02179
1780849800000,2026-06-07 16:30:00,62179.15,62287.51,62157.69,62168.78,7.02
1780850700000,2026-06-07 16:45:00,62168.78,62236.0,62006.0,62072.52,9.31758
1780851600000,2026-06-07 17:00:00,62083.65,62324.88,62060.0,62283.93,10.33622
1780852500000,2026-06-07 17:15:00,62283.92,62320.0,62244.0,62251.36,5.45545
1780853400000,2026-06-07 17:30:00,62251.36,62315.92,62240.86,62279.99,3.73756
1780854300000,2026-06-07 17:45:00,62279.99,62280.0,62097.36,62160.01,6.42043
1780855200000,2026-06-07 18:00:00,62160.01,62295.51,62156.69,62290.15,6.47275
1780856100000,2026-06-07 18:15:00,62290.15,62290.15,62145.5,62227.82,6.37035
1780857000000,2026-06-07 18:30:00,62227.82,62287.38,62184.0,62205.84,4.94245
1780857900000,2026-06-07 18:45:00,62205.83,62237.76,62024.01,62024.01,6.21063
1780858800000,2026-06-07 19:00:00,62024.01,62036.78,51175.23,61658.01,15.93545
1780859700000,2026-06-07 19:15:00,61658.01,62226.45,61276.56,61482.97,6.36396
1780860600000,2026-06-07 19:30:00,61482.97,61489.31,61206.12,61206.13,3.5539
1780861500000,2026-06-07 19:45:00,61206.13,61456.21,61192.4,61327.99,6.30897
1780862400000,2026-06-07 20:00:00,61328.0,61700.01,61225.46,61573.68,8.05961
1780863300000,2026-06-07 20:15:00,61573.68,61977.04,61463.21,61749.49,11.77494
1780864200000,2026-06-07 20:30:00,61749.48,61825.42,61709.98,61783.18,3.55706
1780865100000,2026-06-07 20:45:00,61783.18,61959.99,61768.0,61886.68,6.49949
1780866000000,2026-06-07 21:00:00,61878.01,61992.01,61706.0,61938.67,6.40409
1780866900000,2026-06-07 21:15:00,61938.81,61986.05,61178.12,61781.86,5.33492
1780867800000,2026-06-07 21:30:00,61781.86,61844.0,61710.18,61712.68,4.14548
1780868700000,2026-06-07 21:45:00,61710.0,61773.92,51574.17,61773.92,8.52542
1780869600000,2026-06-07 22:00:00,61777.04,63412.31,61681.61,63408.0,13.81822
1780870500000,2026-06-07 22:15:00,63408.0,64125.63,61762.83,62979.99,28.16934
1780871400000,2026-06-07 22:30:00,62975.73,63387.35,62686.62,63151.69,11.72034
1780872300000,2026-06-07 22:45:00,63151.68,63279.04,62865.7,62865.88,7.10433
1780873200000,2026-06-07 23:00:00,62865.88,63479.1,62806.47,63012.84,12.6353
1780874100000,2026-06-07 23:15:00,63012.83,63254.92,61677.23,63254.0,10.33185
1780875000000,2026-06-07 23:30:00,63254.0,63321.07,63127.67,63293.99,5.90929
1780875900000,2026-06-07 23:45:00,63294.0,63441.73,63118.0,63322.0,8.22802
1780876800000,2026-06-08 00:00:00,63332.0,63332.01,63157.46,63230.46,11.92416
1780877700000,2026-06-08 00:15:00,63230.46,63506.68,63144.75,63468.63,17.29742
1780878600000,2026-06-08 00:30:00,63468.9,63848.38,63413.52,63719.01,13.01455
1780879500000,2026-06-08 00:45:00,63719.0,63950.69,63246.0,63646.0,10.06147
1780880400000,2026-06-08 01:00:00,63645.99,63646.0,63086.0,63086.0,12.12207
1780881300000,2026-06-08 01:15:00,63085.99,63266.07,62783.99,62799.99,24.73903
1780882200000,2026-06-08 01:30:00,62800.0,63122.0,53397.25,63110.0,18.56188
1780883100000,2026-06-08 01:45:00,63110.0,63276.18,62997.76,63193.99,11.80105
1780884000000,2026-06-08 02:00:00,63194.0,64164.14,54635.84,63128.01,15.94616
1780884900000,2026-06-08 02:15:00,63128.0,63206.0,53475.68,63110.0,11.55979
1780885800000,2026-06-08 02:30:00,63110.01,63178.01,62923.83,63061.12,7.92646
1780886700000,2026-06-08 02:45:00,63061.11,63133.31,62948.0,63133.31,6.70636
1780887600000,2026-06-08 03:00:00,63131.98,63426.37,62992.0,63284.0,12.04084
1780888500000,2026-06-08 03:15:00,63284.0,63342.01,63156.76,63156.76,8.02486
1780889400000,2026-06-08 03:30:00,63156.72,63224.01,63085.15,63141.99,5.97279
1780890300000,2026-06-08 03:45:00,63142.0,63244.0,63086.01,63116.0,6.90368
1780891200000,2026-06-08 04:00:00,63116.01,63169.94,62851.98,63000.5,5.69709
1780892100000,2026-06-08 04:15:00,63000.5,63047.23,62845.46,62936.0,8.24973
1780893000000,2026-06-08 04:30:00,62936.01,62986.0,62658.0,62704.01,8.87656
1780893900000,2026-06-08 04:45:00,62704.01,62925.86,62704.0,62771.45,11.93788
1780894800000,2026-06-08 05:00:00,62771.46,62825.12,62553.21,62562.0,9.1323
1780895700000,2026-06-08 05:15:00,62561.99,62731.91,62519.99,62708.0,12.42299
1780896600000,2026-06-08 05:30:00,62708.0,62724.0,62415.99,62479.45,11.71454
1780897500000,2026-06-08 05:45:00,62479.44,62774.01,62458.0,62744.0,16.25297
1780898400000,2026-06-08 06:00:00,62744.0,62966.65,62743.99,62947.38,10.63719
1780899300000,2026-06-08 06:15:00,62947.38,63140.0,62785.7,63091.99,15.41703
1780900200000,2026-06-08 06:30:00,63092.0,63096.73,62922.37,63024.28,24.12804
1780901100000,2026-06-08 06:45:00,63024.27,63041.21,62937.8,62988.0,26.87108
1780902000000,2026-06-08 07:00:00,62988.01,63181.72,62827.02,63084.57,17.39857
1780902900000,2026-06-08 07:15:00,63084.56,63248.17,62991.99,63178.19,12.17897
1780903800000,2026-06-08 07:30:00,63178.72,63269.29,62426.47,63114.26,11.31816
1780904700000,2026-06-08 07:45:00,63114.27,63349.47,59401.35,63283.99,15.9894
1780905600000,2026-06-08 08:00:00,63284.0,63369.95,62426.47,63190.73,11.4197
1780906500000,2026-06-08 08:15:00,63190.74,63217.96,62996.0,63098.0,9.99363
1780907400000,2026-06-08 08:30:00,63095.99,63196.0,63047.8,63164.01,15.10654
1780908300000,2026-06-08 08:45:00,63162.68,63178.13,63033.99,63136.0,19.17459
1780909200000,2026-06-08 09:00:00,63136.01,63733.41,63128.47,63337.95,24.45056
1780910100000,2026-06-08 09:15:00,63337.94,63552.0,63298.27,63422.0,24.2787
1780911000000,2026-06-08 09:30:00,63421.99,63422.0,63170.0,63369.6,25.79491
1780911900000,2026-06-08 09:45:00,63369.61,63941.39,62596.3,63491.57,24.49794
1780912800000,2026-06-08 10:00:00,63568.14,63568.14,53232.09,63384.0,25.32836
1780913700000,2026-06-08 10:15:00,63383.64,63387.99,63109.33,63135.37,20.66869
1780914600000,2026-06-08 10:30:00,63135.37,63501.97,62897.93,63223.39,21.49988
1780915500000,2026-06-08 10:45:00,63223.4,63230.0,63113.68,63146.01,17.87573
1780916400000,2026-06-08 11:00:00,63146.0,63535.65,63065.21,63408.0,23.18455
1780917300000,2026-06-08 11:15:00,63407.99,63652.46,62729.13,63616.37,24.06129
1780918200000,2026-06-08 11:30:00,63616.37,63865.19,63542.63,63632.89,26.61361
1780919100000,2026-06-08 11:45:00,63632.9,63651.33,54000.0,63510.0,27.72593
1780920000000,2026-06-08 12:00:00,63510.01,64223.26,61126.85,62794.88,43.26712
1780920900000,2026-06-08 12:15:00,62794.87,63402.8,62794.87,63104.0,36.08208
1780921800000,2026-06-08 12:30:00,63103.99,63648.0,53352.18,63638.73,73.81213
1780922700000,2026-06-08 12:45:00,63638.72,63868.25,63527.99,63842.0,27.10547
1780923600000,2026-06-08 13:00:00,63844.59,63938.05,53928.25,63784.08,15.9852
1780924500000,2026-06-08 13:15:00,63784.07,64223.26,63581.11,63596.0,15.03519
1780925400000,2026-06-08 13:30:00,63596.0,63691.64,63365.57,63484.0,21.41487
1780926300000,2026-06-08 13:45:00,63536.53,63822.01,63311.77,63783.99,19.61067
1780927200000,2026-06-08 14:00:00,63784.0,63902.01,63587.5,63880.0,23.2921
1780928100000,2026-06-08 14:15:00,63880.0,64502.49,63675.98,63772.45,24.0616
1780929000000,2026-06-08 14:30:00,63772.45,63920.31,63766.64,63912.14,15.2455
1780929900000,2026-06-08 14:45:00,63912.14,64065.44,63838.0,63950.0,12.04018
1780930800000,2026-06-08 15:00:00,63950.01,64198.0,63895.19,64178.0,13.79079
1780931700000,2026-06-08 15:15:00,64177.99,64742.92,63942.57,64000.01,21.07347
1780932600000,2026-06-08 15:30:00,64000.0,64000.01,63812.0,63860.89,12.06435
1780933500000,2026-06-08 15:45:00,63860.9,64020.43,63728.49,63737.99,11.23215
1780934400000,2026-06-08 16:00:00,63738.0,63918.01,63681.75,63800.01,10.81135
1780935300000,2026-06-08 16:15:00,63800.0,64205.52,63193.03,63882.01,12.15852
1780936200000,2026-06-08 16:30:00,63882.0,63882.01,63586.76,63677.99,8.0456
1780937100000,2026-06-08 16:45:00,63678.0,63685.17,63472.0,63519.27,6.47066
1780938000000,2026-06-08 17:00:00,63520.0,63892.55,63317.15,63356.05,11.26164
1780938900000,2026-06-08 17:15:00,63356.04,63641.76,63356.04,63622.0,8.00476
1780939800000,2026-06-08 17:30:00,63622.01,63626.0,63291.43,63384.67,10.26571
1780940700000,2026-06-08 17:45:00,63380.56,63544.0,63380.16,63543.99,5.69607
1780941600000,2026-06-08 18:00:00,63544.0,63661.42,63517.59,63588.64,9.25965
1780942500000,2026-06-08 18:15:00,63588.64,63647.06,63533.86,63640.01,5.33803
1780943400000,2026-06-08 18:30:00,63640.53,63690.0,63438.0,63500.0,6.90471
1780944300000,2026-06-08 18:45:00,63500.0,63516.0,63339.98,63466.82,4.16421
1780945200000,2026-06-08 19:00:00,63466.83,63552.01,63390.0,63436.0,6.9302
1780946100000,2026-06-08 19:15:00,63436.0,63568.0,63369.6,63512.0,7.28405
1780947000000,2026-06-08 19:30:00,63512.0,63592.0,63445.99,63496.0,7.71006
1780947900000,2026-06-08 19:45:00,63496.0,63838.68,63356.0,63379.29,10.76059
1780948800000,2026-06-08 20:00:00,63379.29,63436.0,63211.49,63250.67,4.74759
1780949700000,2026-06-08 20:15:00,63250.0,63312.0,63170.89,63170.9,7.56474
1780950600000,2026-06-08 20:30:00,63170.89,63424.84,63170.89,63390.45,5.03266
1780951500000,2026-06-08 20:45:00,63390.45,63458.28,63368.11,63455.38,3.54735
1780952400000,2026-06-08 21:00:00,63455.38,63786.0,63455.37,63730.83,12.13955
1780953300000,2026-06-08 21:15:00,63730.84,63758.0,63622.0,63716.49,6.31205
1780954200000,2026-06-08 21:30:00,63716.5,63838.0,63639.99,63837.99,6.64764
1780955100000,2026-06-08 21:45:00,63837.99,63838.0,63734.69,63734.7,3.87145
1780956000000,2026-06-08 22:00:00,63734.7,63734.7,63294.0,63294.01,22.40298
1780956900000,2026-06-08 22:15:00,63294.01,63426.37,63217.99,63372.0,6.3868
1780957800000,2026-06-08 22:30:00,63372.0,63384.02,63257.99,63306.0,7.24049
1780958700000,2026-06-08 22:45:00,63305.99,63507.35,63239.99,63440.01,4.03792
1780959600000,2026-06-08 23:00:00,63440.01,63654.02,63408.0,63587.8,7.85532
1780960500000,2026-06-08 23:15:00,63587.81,63587.81,63080.02,63156.01,10.3334
1780961400000,2026-06-08 23:30:00,63156.01,63838.68,63039.99,63136.0,7.77836
1780962300000,2026-06-08 23:45:00,63136.0,63136.01,62995.99,63080.53,6.51196
1780963200000,2026-06-09 00:00:00,63080.54,63140.01,63003.62,63003.63,9.26111
1780964100000,2026-06-09 00:15:00,63003.62,63166.01,62718.04,62718.05,13.07723
1780965000000,2026-06-09 00:30:00,62718.05,63398.94,59863.0,62728.42,22.50755
1780965900000,2026-06-09 00:45:00,62728.42,62728.42,62423.07,62563.45,8.71206
1780966800000,2026-06-09 01:00:00,62563.45,62718.0,58798.29,62684.68,12.14743
1780967700000,2026-06-09 01:15:00,62672.0,62854.01,62664.74,62804.01,8.43067
1780968600000,2026-06-09 01:30:00,62802.13,63165.11,62670.21,62710.0,10.96146
1780969500000,2026-06-09 01:45:00,62709.99,62840.67,62708.0,62804.0,5.98749
1780970400000,2026-06-09 02:00:00,62804.0,62861.5,62737.85,62744.63,6.34995
1780971300000,2026-06-09 02:15:00,62744.62,63838.68,62580.0,62762.58,6.3635
1780972200000,2026-06-09 02:30:00,62762.59,62810.01,62562.3,62623.99,8.25271
1780973100000,2026-06-09 02:45:00,62624.52,62874.0,62624.52,62864.0,4.72634
1780974000000,2026-06-09 03:00:00,62864.01,62922.0,62816.0,62920.0,8.3045
1780974900000,2026-06-09 03:15:00,62920.0,62972.75,62780.73,62810.72,8.4077
1780975800000,2026-06-09 03:30:00,62810.72,62850.42,62706.0,62830.67,7.07486
1780976700000,2026-06-09 03:45:00,62828.01,62890.0,62750.0,62875.87,6.39978
1780977600000,2026-06-09 04:00:00,62875.88,62974.71,62763.99,62899.94,7.66536
1780978500000,2026-06-09 04:15:00,62899.94,62899.94,62793.64,62793.64,4.14344
1780979400000,2026-06-09 04:30:00,62794.17,63877.52,62770.0,63244.0,10.15
1780980300000,2026-06-09 04:45:00,63244.0,63424.0,63222.0,63260.0,10.86405
1780981200000,2026-06-09 05:00:00,63261.27,63300.36,63120.25,63253.3,7.16351
1780982100000,2026-06-09 05:15:00,63252.02,63360.0,63252.01,63315.84,6.1151
1780983000000,2026-06-09 05:30:00,63315.84,63516.01,63308.0,63373.89,10.77713
1780983900000,2026-06-09 05:45:00,63367.6,63441.52,63304.92,63340.4,10.69563
1780984800000,2026-06-09 06:00:00,63340.39,63414.42,63280.0,63365.05,9.02267
1780985700000,2026-06-09 06:15:00,63368.99,63506.0,63340.39,63423.36,4.46131
1780986600000,2026-06-09 06:30:00,63423.36,63460.23,63328.31,63341.15,5.0174
1780987500000,2026-06-09 06:45:00,63355.59,63410.0,63230.0,63298.41,6.02697
1780988400000,2026-06-09 07:00:00,63298.42,63436.57,63298.42,63436.57,12.96672
1780989300000,2026-06-09 07:15:00,63436.56,63674.75,61418.04,63035.27,13.2232
1780990200000,2026-06-09 07:30:00,63035.27,63204.72,63035.27,63191.02,6.76089
1780991100000,2026-06-09 07:45:00,63191.02,63213.75,63125.62,63197.43,4.51465
1780992000000,2026-06-09 08:00:00,63197.44,63205.9,62772.16,62912.0,18.91187
1780992900000,2026-06-09 08:15:00,62912.0,63081.7,62881.44,62881.44,7.15265
1780993800000,2026-06-09 08:30:00,62881.44,63004.0,62816.06,62984.88,7.74468
1780994700000,2026-06-09 08:45:00,62984.88,63003.43,62839.99,62853.38,6.29833
1780995600000,2026-06-09 09:00:00,62853.39,63909.12,62714.25,62857.81,12.43405
1780996500000,2026-06-09 09:15:00,62857.82,63465.0,62824.0,62838.61,7.00512
1780997400000,2026-06-09 09:30:00,62838.61,64122.43,62549.89,62661.8,12.05093
1780998300000,2026-06-09 09:45:00,62666.78,62725.28,62648.0,62715.36,4.57088
1780999200000,2026-06-09 10:00:00,62715.37,62792.42,62579.01,62773.99,9.56208
1781000100000,2026-06-09 10:15:00,62774.0,62776.0,62701.44,62741.38,4.53017
1781001000000,2026-06-09 10:30:00,62741.39,62751.48,62647.62,62701.24,5.81177
1781001900000,2026-06-09 10:45:00,62701.25,62823.65,62665.23,62796.89,7.56282
1781002800000,2026-06-09 11:00:00,62796.9,62814.85,62526.75,62526.75,12.25129
1781003700000,2026-06-09 11:15:00,62526.76,62631.44,62498.75,62592.0,5.7483
1781004600000,2026-06-09 11:30:00,62592.0,62668.07,62528.0,62638.55,7.91018
1781005500000,2026-06-09 11:45:00,62638.55,62753.77,62572.0,62695.92,6.15775
1781006400000,2026-06-09 12:00:00,62695.93,62928.18,60444.44,62791.64,11.275
1781007300000,2026-06-09 12:15:00,62791.64,62824.01,61545.97,62661.06,9.46725
1781008200000,2026-06-09 12:30:00,62661.07,62661.07,60580.65,62520.82,8.45143
1781009100000,2026-06-09 12:45:00,62520.83,62615.54,62439.58,62594.93,10.20502
1781010000000,2026-06-09 13:00:00,62594.94,62707.69,62545.21,62556.61,10.83978
1781010900000,2026-06-09 13:15:00,62556.61,62567.99,62284.04,62344.68,10.44033
1781011800000,2026-06-09 13:30:00,62344.68,63010.67,62164.46,62421.99,16.30442
1781012700000,2026-06-09 13:45:00,62422.0,62742.2,62293.24,62302.15,13.16223
1781013600000,2026-06-09 14:00:00,62302.16,62386.42,62014.1,62014.11,14.30537
1781014500000,2026-06-09 14:15:00,62014.11,62910.14,61576.53,61605.99,18.91844
1781015400000,2026-06-09 14:30:00,61605.99,61634.01,51911.91,61362.82,37.34445
1781016300000,2026-06-09 14:45:00,61362.83,64205.52,61161.06,61520.18,19.99668
1781017200000,2026-06-09 15:00:00,61520.17,62469.49,61337.99,61679.71,20.43033
1781018100000,2026-06-09 15:15:00,61678.38,64205.52,58138.1,61320.13,12.93569
1781019000000,2026-06-09 15:30:00,61320.14,61552.75,61220.63,61350.98,22.91655
1781019900000,2026-06-09 15:45:00,61350.98,61552.75,59774.28,61156.52,19.83854
1781020800000,2026-06-09 16:00:00,61156.52,61649.63,60940.0,61006.94,15.80748
1781021700000,2026-06-09 16:15:00,61006.95,61090.0,60857.5,61041.32,19.27333
1781022600000,2026-06-09 16:30:00,61041.33,62459.04,60805.8,61217.45,21.2948
1781023500000,2026-06-09 16:45:00,61217.44,64843.68,56470.05,61382.0,34.06958
1781024400000,2026-06-09 17:00:00,61382.01,61667.77,60974.41,61572.28,27.36723
1781025300000,2026-06-09 17:15:00,61572.8,61866.01,61572.8,61720.82,19.59176
1781026200000,2026-06-09 17:30:00,61720.82,61842.01,61692.15,61692.16,18.63516
1781027100000,2026-06-09 17:45:00,61692.16,61857.6,51920.64,61696.01,15.30981
1781028000000,2026-06-09 18:00:00,61696.01,61818.0,61631.99,61753.11,20.04763
1781028900000,2026-06-09 18:15:00,61750.81,61957.33,61673.99,61734.28,13.43737
1781029800000,2026-06-09 18:30:00,61734.28,61813.22,61602.0,61602.01,12.99486
1781030700000,2026-06-09 18:45:00,61602.01,61826.0,51769.13,61798.0,16.67817
1781031600000,2026-06-09 19:00:00,61799.53,61912.0,61746.0,61782.0,10.42625
1781032500000,2026-06-09 19:15:00,61782.0,62408.48,61722.0,61868.91,18.20898
1781033400000,2026-06-09 19:30:00,61868.89,67642.71,52032.95,61884.39,19.13349
1781034300000,2026-06-09 19:45:00,61884.96,65110.5,61782.0,62091.5,8.99578
1781035200000,2026-06-09 20:00:00,62091.5,62204.19,61968.18,62195.0,7.92113
1781036100000,2026-06-09 20:15:00,62195.01,62266.0,61968.18,62100.83,10.0171
1781037000000,2026-06-09 20:30:00,62100.83,62180.87,61991.11,62132.01,5.91269
1781037900000,2026-06-09 20:45:00,62132.01,62158.86,62054.0,62158.85,7.71543
1781038800000,2026-06-09 21:00:00,62158.85,62176.86,62044.0,62136.0,6.75993
1781039700000,2026-06-09 21:15:00,62136.0,62141.63,61803.65,61803.65,22.02498
1781040600000,2026-06-09 21:30:00,61803.66,72500.0,61781.99,61792.64,7.34362
1781041500000,2026-06-09 21:45:00,61792.64,61832.0,59863.0,61762.01,18.90403
1781042400000,2026-06-09 22:00:00,61762.01,61842.01,57705.27,61840.0,6.94852
1781043300000,2026-06-09 22:15:00,61838.81,61937.77,61725.3,61799.99,10.27793
1781044200000,2026-06-09 22:30:00,61799.99,62637.7,61784.0,61856.0,15.00887
1781045100000,2026-06-09 22:45:00,61856.0,61876.0,61680.24,61699.66,6.74217
1781046000000,2026-06-09 23:00:00,61714.0,61794.01,61657.32,61750.0,4.17496
1781046900000,2026-06-09 23:15:00,61750.0,62637.7,61685.17,61692.0,8.26847
1781047800000,2026-06-09 23:30:00,61692.0,64256.57,61562.0,61620.18,13.39806
1781048700000,2026-06-09 23:45:00,61632.0,61748.01,61600.0,61730.0,10.26867
1781049600000,2026-06-10 00:00:00,61729.99,63752.03,61701.1,61832.57,15.82468
1781050500000,2026-06-10 00:15:00,61832.57,61866.0,61723.82,61858.9,16.98737
1781051400000,2026-06-10 00:30:00,61858.9,61863.92,61459.99,61520.0,15.21203
1781052300000,2026-06-10 00:45:00,61519.99,61930.0,61501.16,61930.0,12.1717
1781053200000,2026-06-10 01:00:00,61930.0,61974.7,61694.0,61800.54,17.88303
1781054100000,2026-06-10 01:15:00,61800.54,62444.27,61754.64,61826.0,22.78443
1781055000000,2026-06-10 01:30:00,61826.0,61889.99,58698.59,61634.01,16.60197
1781055900000,2026-06-10 01:45:00,61634.01,61838.28,61634.0,61714.0,15.61828
1781056800000,2026-06-10 02:00:00,61714.0,63041.99,61550.0,61559.37,22.75148
1781057700000,2026-06-10 02:15:00,61559.37,61945.69,61350.0,61480.0,20.01385
1781058600000,2026-06-10 02:30:00,61479.99,70680.47,61304.01,61363.99,18.44535
1781059500000,2026-06-10 02:45:00,61363.99,61384.0,61237.13,61316.61,7.63192
1781060400000,2026-06-10 03:00:00,61316.62,61477.51,61286.01,61433.36,9.12512
1781061300000,2026-06-10 03:15:00,61433.15,61580.44,61341.57,61576.49,8.16329
1781062200000,2026-06-10 03:30:00,61576.48,61833.3,61448.01,61527.47,9.05611
1781063100000,2026-06-10 03:45:00,61527.48,61583.48,61500.0,61549.65,8.06263
1781064000000,2026-06-10 04:00:00,61549.65,61958.08,61453.23,61502.7,10.98954
1781064900000,2026-06-10 04:15:00,61502.69,61546.31,61464.0,61472.0,4.47062
1781065800000,2026-06-10 04:30:00,61471.99,61472.0,61201.49,61226.21,10.93757
1781066700000,2026-06-10 04:45:00,61226.21,61353.97,61213.38,61290.64,8.77711
1781067600000,2026-06-10 05:00:00,61290.64,61691.71,61133.0,61152.0,22.68213
1781068500000,2026-06-10 05:15:00,61152.0,61260.0,59339.82,61260.0,9.11728
1781069400000,2026-06-10 05:30:00,61260.0,61357.91,61199.77,61280.59,13.13381
1781070300000,2026-06-10 05:45:00,61280.59,61691.71,61224.57,61350.02,15.71305
1781071200000,2026-06-10 06:00:00,61350.02,61427.5,61296.02,61393.53,8.2985
1781072100000,2026-06-10 06:15:00,61393.52,61476.41,61334.0,61362.0,8.08546
1781073000000,2026-06-10 06:30:00,61362.0,61426.01,61362.0,61426.0,18.13171
1781073900000,2026-06-10 06:45:00,61426.0,61691.71,51732.83,61479.41,11.73514
1781074800000,2026-06-10 07:00:00,61479.41,61585.04,61442.0,61577.68,12.27017
1781075700000,2026-06-10 07:15:00,61577.68,61711.01,61569.53,61647.76,6.60574
1781076600000,2026-06-10 07:30:00,61647.76,61796.12,53594.0,61756.0,9.83083
1781077500000,2026-06-10 07:45:00,61756.0,61772.49,61667.77,61689.98,10.78927
1781078400000,2026-06-10 08:00:00,61689.98,61706.85,53777.78,61620.77,23.41686
1781079300000,2026-06-10 08:15:00,61620.77,61724.0,61500.0,61519.11,6.97612
1781080200000,2026-06-10 08:30:00,61519.11,62451.74,61242.92,61242.93,13.97926
1781081100000,2026-06-10 08:45:00,61243.0,61315.16,57921.46,61250.3,11.98557
1781082000000,2026-06-10 09:00:00,61250.31,61858.66,61100.0,61100.0,21.99201
1781082900000,2026-06-10 09:15:00,61100.0,63288.5,60804.01,61210.46,46.98838
1781083800000,2026-06-10 09:30:00,61210.45,61413.08,61199.37,61286.01,13.00862
1781084700000,2026-06-10 09:45:00,61284.68,61398.14,59441.35,61330.01,13.16022
1781085600000,2026-06-10 10:00:00,61330.01,61347.71,61172.0,61250.02,20.76616
1781086500000,2026-06-10 10:15:00,61250.02,61346.27,61151.4,61332.0,7.59179
1781087400000,2026-06-10 10:30:00,61332.0,61456.0,61268.0,61306.93,11.13311
1781088300000,2026-06-10 10:45:00,61307.46,61410.0,61290.0,61383.12,7.51029
1781089200000,2026-06-10 11:00:00,61383.12,61430.0,60018.04,61151.89,24.4987
1781090100000,2026-06-10 11:15:00,61151.89,62180.19,60917.39,60964.03,15.98261
1781091000000,2026-06-10 11:30:00,60964.03,61053.68,60938.68,61022.01,10.18364
1781091900000,2026-06-10 11:45:00,61022.01,61094.0,58055.81,61034.03,28.04368
1781092800000,2026-06-10 12:00:00,61034.04,61218.0,60961.63,61172.02,11.67675
1781093700000,2026-06-10 12:15:00,61172.02,61186.0,60916.01,61160.49,8.52097
1781094600000,2026-06-10 12:30:00,61160.49,68000.0,61160.48,61666.21,32.87995
1781095500000,2026-06-10 12:45:00,61666.22,61789.21,51263.81,61576.3,34.87529
1781096400000,2026-06-10 13:00:00,61576.3,61606.01,52468.8,61538.15,16.98825
1781097300000,2026-06-10 13:15:00,61538.15,61579.86,61410.44,61548.38,10.28808
1781098200000,2026-06-10 13:30:00,61548.38,68000.0,59863.0,62355.56,29.63655
1781099100000,2026-06-10 13:45:00,62355.57,62446.45,62076.53,62129.99,22.17394
1781100000000,2026-06-10 14:00:00,62129.99,62248.01,62002.55,62002.55,20.53483
1781100900000,2026-06-10 14:15:00,62002.55,62144.0,61880.0,62051.99,21.01006
1781101800000,2026-06-10 14:30:00,62052.0,62246.7,61831.1,61974.0,12.4149
1781102700000,2026-06-10 14:45:00,61974.0,62189.96,61836.04,62189.95,12.36157
1781103600000,2026-06-10 15:00:00,62189.96,62521.25,61866.7,61984.0,17.25395
1781104500000,2026-06-10 15:15:00,61983.99,62557.46,61870.0,62262.0,15.06286
1781105400000,2026-06-10 15:30:00,62262.0,62790.2,61997.24,62405.62,22.9772
1781106300000,2026-06-10 15:45:00,62405.61,63122.23,62168.98,62639.23,36.24191
1781107200000,2026-06-10 16:00:00,62639.24,62640.03,62325.65,62325.65,19.95546
1781108100000,2026-06-10 16:15:00,62325.65,62439.92,62140.0,62280.0,18.11399
1781109000000,2026-06-10 16:30:00,62279.99,62914.75,62178.0,62241.45,16.26501
1781109900000,2026-06-10 16:45:00,62241.44,62241.45,61943.99,62213.11,17.29819
1781110800000,2026-06-10 17:00:00,62213.11,62358.0,52931.16,62087.72,39.40388
1781111700000,2026-06-10 17:15:00,62087.72,62180.87,61896.46,61898.31,11.40263
1781112600000,2026-06-10 17:30:00,61898.31,61906.0,61662.29,61762.0,23.50768
1781113500000,2026-06-10 17:45:00,61762.0,62032.92,61729.22,61963.13,14.23785
1781114400000,2026-06-10 18:00:00,61963.13,63027.45,59574.58,61959.7,26.12423
1781115300000,2026-06-10 18:15:00,61959.71,63084.5,61850.01,61994.72,13.86191
1781116200000,2026-06-10 18:30:00,61994.71,62008.06,61546.7,61752.98,13.70107
1781117100000,2026-06-10 18:45:00,61752.97,61892.0,61638.23,61872.09,20.86718
1781118000000,2026-06-10 19:00:00,61868.66,62225.81,61694.2,61751.0,19.02144
1781118900000,2026-06-10 19:15:00,61751.01,61818.0,61681.51,61800.0,11.09161
1781119800000,2026-06-10 19:30:00,61799.99,62038.99,61799.99,62001.42,16.97543
1781120700000,2026-06-10 19:45:00,62001.41,62034.0,61909.0,61950.4,19.96168
1781121600000,2026-06-10 20:00:00,61950.41,61950.41,61695.08,61816.01,12.3473
1781122500000,2026-06-10 20:15:00,61816.0,61944.0,61752.0,61914.0,15.37067
1781123400000,2026-06-10 20:30:00,61913.99,61922.0,61820.63,61830.0,5.40438
1781124300000,2026-06-10 20:45:00,61830.0,61835.7,61714.0,61803.6,6.13092
1781125200000,2026-06-10 21:00:00,61805.51,61805.51,61511.86,61543.99,8.13798
1781126100000,2026-06-10 21:15:00,61543.98,61684.0,61540.0,61582.01,4.24214
1781127000000,2026-06-10 21:30:00,61582.0,62567.69,61297.63,61668.01,9.34237
1781127900000,2026-06-10 21:45:00,61668.0,61866.39,61212.0,61356.18,13.03362
1781128800000,2026-06-10 22:00:00,61356.18,61356.18,61182.0,61244.03,9.57812
1781129700000,2026-06-10 22:15:00,61244.04,61556.16,59077.08,61254.0,8.93822
1781130600000,2026-06-10 22:30:00,61254.0,61792.77,61254.0,61529.99,3.74888
1781131500000,2026-06-10 22:45:00,61530.0,62669.84,60000.0,61381.46,31.07694
1781132400000,2026-06-10 23:00:00,61381.46,61381.46,61192.52,61212.0,5.41414
1781133300000,2026-06-10 23:15:00,61212.0,61569.46,61166.0,61568.13,13.0651
1781134200000,2026-06-10 23:30:00,61556.01,61604.0,61474.0,61544.01,4.87335
1781135100000,2026-06-10 23:45:00,61544.0,61585.0,61478.0,61521.24,2.16975
1781136000000,2026-06-11 00:00:00,61521.25,64074.81,61521.24,61681.99,12.89481
1781136900000,2026-06-11 00:15:00,61682.0,61974.7,61682.0,61882.0,16.80548
1781137800000,2026-06-11 00:30:00,61882.0,61894.0,61136.79,61784.0,9.21896
1781138700000,2026-06-11 00:45:00,61784.0,61918.0,61784.0,61812.0,5.05151
1781139600000,2026-06-11 01:00:00,61812.0,62100.33,61722.17,62048.01,11.61922
1781140500000,2026-06-11 01:15:00,62048.01,62225.71,62032.01,62175.99,10.70749
1781141400000,2026-06-11 01:30:00,62176.0,62352.01,62098.0,62264.0,8.89477
1781142300000,2026-06-11 01:45:00,62264.0,62775.74,62181.68,62206.01,12.44679
1781143200000,2026-06-11 02:00:00,62206.0,62274.4,62110.0,62179.17,14.06603
1781144100000,2026-06-11 02:15:00,62179.16,62304.0,52143.88,62058.58,12.39939
1781145000000,2026-06-11 02:30:00,62058.59,62087.01,61944.19,62074.17,6.59448
1781145900000,2026-06-11 02:45:00,62074.17,62218.0,62008.07,62148.0,11.0502
1781146800000,2026-06-11 03:00:00,62148.0,62183.38,62012.0,62072.01,7.5813
1781147700000,2026-06-11 03:15:00,62072.0,62126.01,62030.67,62104.89,6.89498
1781148600000,2026-06-11 03:30:00,62109.46,62479.23,59863.0,62371.12,22.2701
1781149500000,2026-06-11 03:45:00,62371.13,62787.31,62363.91,62699.73,14.41342
1781150400000,2026-06-11 04:00:00,62692.01,62776.46,62588.46,62674.26,16.09029
1781151300000,2026-06-11 04:15:00,62674.25,62704.0,61811.62,62625.19,8.4416
1781152200000,2026-06-11 04:30:00,62625.2,63090.49,62548.13,62656.19,10.05809
1781153100000,2026-06-11 04:45:00,62656.2,63077.3,62656.19,62725.34,30.63401
1781154000000,2026-06-11 05:00:00,62730.0,62730.0,62560.98,62626.0,8.54008
1781154900000,2026-06-11 05:15:00,62624.67,62719.47,62580.0,62623.5,7.09665
1781155800000,2026-06-11 05:30:00,62623.5,62699.69,62598.0,62691.99,8.79504
1781156700000,2026-06-11 05:45:00,62691.99,62710.0,62638.0,62674.14,11.24153
1781157600000,2026-06-11 06:00:00,62674.15,63213.05,62504.05,62773.62,17.73729
1781158500000,2026-06-11 06:15:00,62773.62,62996.0,62718.81,62874.92,17.92118
1781159400000,2026-06-11 06:30:00,62874.93,62983.02,62855.12,62927.17,13.21986
1781160300000,2026-06-11 06:45:00,62927.7,62953.0,62756.0,62780.68,13.33205
1781161200000,2026-06-11 07:00:00,62774.0,62784.37,62612.01,62660.01,7.55894
1781162100000,2026-06-11 07:15:00,62660.01,63739.22,62646.0,62787.7,7.59265
1781163000000,2026-06-11 07:30:00,62787.7,62834.05,62615.82,62665.25,7.90061
1781163900000,2026-06-11 07:45:00,62665.24,63025.88,62665.24,62719.39,11.101
1781164800000,2026-06-11 08:00:00,62719.38,62883.33,62719.38,62818.02,6.90195
1781165700000,2026-06-11 08:15:00,62818.02,63249.09,62806.28,62949.59,18.76538
1781166600000,2026-06-11 08:30:00,62949.58,62975.09,62850.0,62858.0,14.92891
1781167500000,2026-06-11 08:45:00,62858.0,63739.22,62857.99,62946.0,17.15505
1781168400000,2026-06-11 09:00:00,62946.0,63272.8,62822.56,62873.11,14.75044
1781169300000,2026-06-11 09:15:00,62873.12,63123.6,62790.0,62817.89,5.47338
1781170200000,2026-06-11 09:30:00,62817.89,63510.5,61694.45,62903.26,12.78912
1781171100000,2026-06-11 09:45:00,62903.26,62985.27,62901.91,62926.01,2.9141
1781172000000,2026-06-11 10:00:00,62926.01,62969.26,62854.13,62922.26,6.29935
1781172900000,2026-06-11 10:15:00,62922.26,62926.91,62806.65,62858.71,7.59492
1781173800000,2026-06-11 10:30:00,62858.71,62942.3,62848.01,62930.23,5.92347
1781174700000,2026-06-11 10:45:00,62930.24,63186.23,62919.7,63157.44,11.64175
1781175600000,2026-06-11 11:00:00,63157.44,63247.27,63058.67,63189.91,12.321
1781176500000,2026-06-11 11:15:00,63189.92,63215.98,63106.0,63162.01,14.53459
1781177400000,2026-06-11 11:30:00,63162.01,63258.59,63084.0,63131.98,10.51877
1781178300000,2026-06-11 11:45:00,63131.98,63214.43,63088.52,63108.0,9.42069
1781179200000,2026-06-11 12:00:00,63108.01,63838.03,62371.86,63105.81,22.08312
1781180100000,2026-06-11 12:15:00,63105.82,63182.02,62669.14,62688.01,28.06748
1781181000000,2026-06-11 12:30:00,62688.0,63803.53,62512.01,62911.99,18.65554
1781181900000,2026-06-11 12:45:00,62911.99,63059.67,62870.69,63010.01,14.82944
1781182800000,2026-06-11 13:00:00,63010.01,63010.01,62862.04,62919.99,9.55474
1781183700000,2026-06-11 13:15:00,62919.99,63041.6,61044.0,62815.45,10.27388
1781184600000,2026-06-11 13:30:00,62815.46,64013.76,62685.79,62948.0,42.12644
1781185500000,2026-06-11 13:45:00,62947.99,63275.27,62947.99,63071.24,49.06
1781186400000,2026-06-11 14:00:00,63071.39,63071.4,60854.4,62824.31,23.00356
1781187300000,2026-06-11 14:15:00,62824.31,63275.27,62732.92,63004.52,13.01181
1781188200000,2026-06-11 14:30:00,63018.32,63058.0,60055.1,62870.0,32.7695
1781189100000,2026-06-11 14:45:00,62870.0,63071.99,62743.55,62743.55,15.469
1781190000000,2026-06-11 15:00:00,62734.02,63275.27,62557.37,62706.89,20.244
1781190900000,2026-06-11 15:15:00,62706.9,62806.52,62630.0,62736.2,13.95751
1781191800000,2026-06-11 15:30:00,62736.2,63275.27,62644.0,62692.46,23.62923
1781192700000,2026-06-11 15:45:00,62692.46,64238.31,62586.0,62745.32,18.67643
1781193600000,2026-06-11 16:00:00,62749.44,62823.01,62675.99,62823.01,14.58805
1781194500000,2026-06-11 16:15:00,62823.01,62835.99,62593.21,62649.05,12.04683
1781195400000,2026-06-11 16:30:00,62639.79,62967.71,62571.99,62656.21,11.23247
1781196300000,2026-06-11 16:45:00,62656.21,62683.61,62588.81,62589.1,4.5105
1781197200000,2026-06-11 17:00:00,62582.48,62607.24,62396.77,62471.44,19.19003
1781198100000,2026-06-11 17:15:00,62471.44,64603.34,62353.3,62795.39,25.57642
1781199000000,2026-06-11 17:30:00,62795.39,63553.67,62795.38,63325.4,23.51506
1781199900000,2026-06-11 17:45:00,63325.41,64828.36,63325.4,63693.11,23.08767
1781200800000,2026-06-11 18:00:00,63636.97,64626.59,63335.54,63476.62,22.03847
1781201700000,2026-06-11 18:15:00,63476.62,63600.97,63366.78,63388.51,17.55386
1781202600000,2026-06-11 18:30:00,63388.51,64678.32,63384.0,63531.99,9.71242
1781203500000,2026-06-11 18:45:00,63532.0,63575.37,63462.0,63462.0,5.84464
1781204400000,2026-06-11 19:00:00,63461.12,63576.0,63403.45,63544.0,10.59055
1781205300000,2026-06-11 19:15:00,63544.0,63691.1,62938.86,63593.64,28.03195
1781206200000,2026-06-11 19:30:00,63593.64,63886.0,63593.64,63685.52,23.26454
1781207100000,2026-06-11 19:45:00,63685.53,63712.97,63609.35,63609.35,8.14356
1781208000000,2026-06-11 20:00:00,63608.91,63652.91,63492.89,63535.04,10.03965
1781208900000,2026-06-11 20:15:00,63535.04,63548.78,63339.55,63364.38,5.09664
1781209800000,2026-06-11 20:30:00,63367.89,63406.95,63288.94,63288.94,8.38455
1781210700000,2026-06-11 20:45:00,63288.94,63406.0,63270.0,63395.5,5.14619
1781211600000,2026-06-11 21:00:00,63393.66,63596.15,63393.65,63562.0,4.87039
1781212500000,2026-06-11 21:15:00,63562.01,63562.01,63446.08,63477.99,2.88425
1781213400000,2026-06-11 21:30:00,63477.99,63542.0,63470.49,63519.0,8.77731
1781214300000,2026-06-11 21:45:00,63519.0,63582.12,62958.53,63520.0,7.61668
1781215200000,2026-06-11 22:00:00,63520.0,63659.39,63519.99,63623.02,8.86949
1781216100000,2026-06-11 22:15:00,63623.01,63669.97,63536.0,63596.0,6.64576
1781217000000,2026-06-11 22:30:00,63592.65,63639.92,63498.65,63502.61,5.45696
1781217900000,2026-06-11 22:45:00,63502.61,63567.98,63462.0,63500.0,5.3398
1781218800000,2026-06-11 23:00:00,63500.01,63500.01,63362.53,63410.0,8.19598
1781219700000,2026-06-11 23:15:00,63410.0,63428.0,63376.0,63379.51,4.24011
1781220600000,2026-06-11 23:30:00,63379.5,63692.0,62766.0,63634.34,22.33812
1781221500000,2026-06-11 23:45:00,63634.35,63655.4,61044.0,63613.84,13.47143
1781222400000,2026-06-12 00:00:00,63621.29,63779.38,63544.52,63734.34,7.89706
1781223300000,2026-06-12 00:15:00,63734.34,63734.34,63524.0,63619.6,5.37038
1781224200000,2026-06-12 00:30:00,63616.01,63723.22,63568.0,63644.0,4.86261
1781225100000,2026-06-12 00:45:00,63644.0,63721.06,63636.16,63643.7,3.0721
1781226000000,2026-06-12 01:00:00,63648.8,63648.8,63469.86,63471.01,9.3263
1781226900000,2026-06-12 01:15:00,63471.01,64605.73,63307.25,63360.0,13.15479
1781227800000,2026-06-12 01:30:00,63360.0,63414.0,63312.0,63382.6,6.82441
1781228700000,2026-06-12 01:45:00,63382.6,63453.6,63382.59,63426.2,5.02465
1781229600000,2026-06-12 02:00:00,63426.21,63726.24,63426.2,63665.2,5.00074
1781230500000,2026-06-12 02:15:00,63665.21,63680.06,63533.51,63555.98,6.56425
1781231400000,2026-06-12 02:30:00,63555.98,63633.71,60542.17,63624.08,6.62337
1781232300000,2026-06-12 02:45:00,63624.08,63636.0,63200.59,63634.65,9.88972
1781233200000,2026-06-12 03:00:00,63624.08,63650.0,63519.14,63530.99,16.04381
1781234100000,2026-06-12 03:15:00,63531.0,63531.0,63364.19,63439.21,6.52444
1781235000000,2026-06-12 03:30:00,63441.34,63517.93,63441.33,63474.57,5.6468
1781235900000,2026-06-12 03:45:00,63474.57,63527.99,63458.01,63524.81,3.31083
1781236800000,2026-06-12 04:00:00,63524.82,63548.74,63430.16,63503.61,7.9042
1781237700000,2026-06-12 04:15:00,63503.61,63803.33,63503.61,63798.68,16.65228
1781238600000,2026-06-12 04:30:00,63797.51,63850.43,63197.32,63721.26,11.28654
1781239500000,2026-06-12 04:45:00,63721.26,63750.19,63694.34,63703.68,5.57523
1781240400000,2026-06-12 05:00:00,63700.0,63700.0,63427.98,63427.98,18.81497
1781241300000,2026-06-12 05:15:00,63428.0,63913.19,63146.23,63486.82,8.23238
1781242200000,2026-06-12 05:30:00,63486.83,63498.34,63352.0,63394.92,5.97867
1781243100000,2026-06-12 05:45:00,63394.92,63410.01,63313.88,63360.37,9.76947
1781244000000,2026-06-12 06:00:00,63358.21,63411.52,63288.0,63291.17,8.90013
1781244900000,2026-06-12 06:15:00,63291.18,63304.35,63116.66,63156.3,6.15968
1781245800000,2026-06-12 06:30:00,63158.0,63158.0,62839.59,62939.99,14.49798
1781246700000,2026-06-12 06:45:00,62940.0,63016.0,62938.89,62981.75,9.49774
1781247600000,2026-06-12 07:00:00,62981.76,63112.99,62981.75,63003.73,9.15792
1781248500000,2026-06-12 07:15:00,63005.63,63072.0,62956.0,63021.76,9.36068
1781249400000,2026-06-12 07:30:00,63030.38,63094.66,62979.99,63066.93,8.93103
1781250300000,2026-06-12 07:45:00,63066.93,63147.7,63008.0,63112.42,11.94756
1781251200000,2026-06-12 08:00:00,63112.42,63339.66,63100.79,63309.33,14.56867
1781252100000,2026-06-12 08:15:00,63309.34,63594.93,63292.71,63520.61,22.26358
1781253000000,2026-06-12 08:30:00,63533.36,63533.37,63382.95,63382.95,37.62565
1781253900000,2026-06-12 08:45:00,63382.96,63486.0,63360.57,63481.17,10.30577
1781254800000,2026-06-12 09:00:00,63470.82,63558.71,63443.99,63554.0,11.55872
1781255700000,2026-06-12 09:15:00,63554.0,63789.03,63549.68,63761.99,15.23783
1781256600000,2026-06-12 09:30:00,63761.99,63920.0,63761.99,63902.36,15.59773
1781257500000,2026-06-12 09:45:00,63902.36,63931.6,63755.87,63755.87,11.40661
1781258400000,2026-06-12 10:00:00,63752.93,63840.58,63368.99,63763.99,12.27077
1781259300000,2026-06-12 10:15:00,63763.99,64058.57,63588.43,63620.0,15.82996
1781260200000,2026-06-12 10:30:00,63619.99,63754.58,63618.81,63680.51,9.40071
1781261100000,2026-06-12 10:45:00,63680.52,63742.2,63666.56,63719.71,13.37871
1781262000000,2026-06-12 11:00:00,63719.72,63884.0,63690.0,63835.21,24.64557
1781262900000,2026-06-12 11:15:00,63835.21,63880.0,63762.07,63834.7,7.18975
1781263800000,2026-06-12 11:30:00,63828.01,63828.01,63694.62,63793.53,8.35403
1781264700000,2026-06-12 11:45:00,63793.53,63866.42,63766.0,63766.0,7.44988
1781265600000,2026-06-12 12:00:00,63766.01,63772.65,63624.07,63630.44,18.47202
1781266500000,2026-06-12 12:15:00,63630.45,63681.99,63463.14,63463.14,10.09593
1781267400000,2026-06-12 12:30:00,63463.15,63880.45,63402.0,63428.0,15.5986
1781268300000,2026-06-12 12:45:00,63428.0,64189.7,63393.99,63465.52,11.01104
1781269200000,2026-06-12 13:00:00,63465.51,63502.0,63380.13,63465.13,12.38391
1781270100000,2026-06-12 13:15:00,63465.14,63519.64,63358.92,63398.44,10.8417
1781271000000,2026-06-12 13:30:00,63398.45,63459.21,60938.65,63152.68,24.80137
1781271900000,2026-06-12 13:45:00,63152.68,63259.84,63112.0,63240.0,15.72344
1781272800000,2026-06-12 14:00:00,63240.0,63530.05,63215.07,63453.99,23.96495
1781273700000,2026-06-12 14:15:00,63454.0,65193.3,63326.01,63631.99,13.38261
1781274600000,2026-06-12 14:30:00,63631.99,63807.79,63504.57,63504.57,9.35431
1781275500000,2026-06-12 14:45:00,63504.58,63986.79,63429.48,63984.02,16.08904
1781276400000,2026-06-12 15:00:00,63984.02,64388.11,62546.15,64369.99,36.89605
1781277300000,2026-06-12 15:15:00,64370.0,64370.01,61508.24,64160.36,21.91225
1781278200000,2026-06-12 15:30:00,64163.58,64568.82,61303.51,63889.85,21.11821
1781279100000,2026-06-12 15:45:00,63889.86,64568.82,61893.26,63560.53,12.84292
1781280000000,2026-06-12 16:00:00,63560.54,63912.12,53275.19,63852.01,19.42073
1781280900000,2026-06-12 16:15:00,63852.01,63992.0,63775.24,63900.0,12.75959
1781281800000,2026-06-12 16:30:00,63900.01,64517.78,63787.97,63845.01,13.58593
1781282700000,2026-06-12 16:45:00,63845.01,63982.37,63836.7,63972.4,14.85592
1781283600000,2026-06-12 17:00:00,63972.4,64073.59,63875.02,63885.94,13.30344
1781284500000,2026-06-12 17:15:00,63885.93,64487.9,63745.99,63818.93,22.13885
1781285400000,2026-06-12 17:30:00,63818.93,64568.82,63764.0,63828.0,15.31859
1781286300000,2026-06-12 17:45:00,63827.99,66146.64,63809.96,63855.99,8.08899
1781287200000,2026-06-12 18:00:00,63856.0,63926.34,63725.22,63834.33,9.41294
1781288100000,2026-06-12 18:15:00,63834.32,63834.33,63686.0,63782.62,7.55345
1781289000000,2026-06-12 18:30:00,63782.62,66370.73,63743.41,63864.43,38.81944
1781289900000,2026-06-12 18:45:00,63864.43,63900.0,53777.78,63694.38,56.37277
1781290800000,2026-06-12 19:00:00,63694.39,63780.0,63671.71,63708.01,18.268
1781291700000,2026-06-12 19:15:00,63708.01,63786.0,63666.79,63732.0,4.43507
1781292600000,2026-06-12 19:30:00,63730.68,63810.0,63638.0,63638.01,15.33669
1781293500000,2026-06-12 19:45:00,63638.0,63671.26,63602.5,63604.01,12.49461
1781294400000,2026-06-12 20:00:00,63604.01,63918.8,63568.17,63613.71,32.65102
1781295300000,2026-06-12 20:15:00,63613.72,63613.73,63510.89,63524.68,2.76731
1781296200000,2026-06-12 20:30:00,63524.68,63555.99,63512.8,63522.0,5.73593
1781297100000,2026-06-12 20:45:00,63521.99,63533.76,63402.73,63453.3,16.1212
1781298000000,2026-06-12 21:00:00,63453.31,63614.0,63440.01,63600.0,5.51094
1781298900000,2026-06-12 21:15:00,63600.0,63624.62,63505.22,63509.99,1.45129
1781299800000,2026-06-12 21:30:00,63510.0,64323.25,63295.92,63532.01,9.56952
1781300700000,2026-06-12 21:45:00,63532.01,63536.01,63450.0,63514.04,8.03632
1781301600000,2026-06-12 22:00:00,63514.05,63561.99,63471.99,63504.31,7.21253
1781302500000,2026-06-12 22:15:00,63504.32,64751.64,63490.0,63608.01,40.43668
1781303400000,2026-06-12 22:30:00,63608.01,63619.73,63472.05,63508.0,11.41122
1781304300000,2026-06-12 22:45:00,63508.0,63536.71,63492.01,63510.0,2.88882
1781305200000,2026-06-12 23:00:00,63510.0,63510.0,63448.0,63463.92,3.3934
1781306100000,2026-06-12 23:15:00,63463.92,63497.61,63426.83,63453.31,3.82402
1781307000000,2026-06-12 23:30:00,63453.31,63565.96,63439.0,63505.0,6.0091
1781307900000,2026-06-12 23:45:00,63505.01,63578.0,63505.0,63562.01,2.4725
1781308800000,2026-06-13 00:00:00,63562.01,63608.58,63542.0,63566.0,13.00056
1781309700000,2026-06-13 00:15:00,63565.99,63594.0,63530.0,63530.0,5.26355
1781310600000,2026-06-13 00:30:00,63530.0,63626.92,63507.39,63588.02,5.68088
1781311500000,2026-06-13 00:45:00,63588.01,63649.41,63558.73,63609.54,5.82653
1781312400000,2026-06-13 01:00:00,63609.54,63668.01,63605.67,63656.0,8.65959
1781313300000,2026-06-13 01:15:00,63656.0,63676.01,63612.0,63652.0,6.59454
1781314200000,2026-06-13 01:30:00,63652.0,63813.05,63640.29,63754.92,22.65225
1781315100000,2026-06-13 01:45:00,63754.92,63896.1,63754.91,63814.08,6.34358
1781316000000,2026-06-13 02:00:00,63814.08,63837.89,63772.26,63794.0,3.67701
1781316900000,2026-06-13 02:15:00,63794.0,63802.0,63707.6,63707.6,4.21457
1781317800000,2026-06-13 02:30:00,63707.61,63724.0,63624.07,63624.07,2.56629
1781318700000,2026-06-13 02:45:00,63624.08,63656.0,63558.0,63656.0,5.20556
1781319600000,2026-06-13 03:00:00,63655.99,63720.88,63647.99,63662.5,5.70667
1781320500000,2026-06-13 03:15:00,63662.51,63685.13,63463.99,63509.05,5.60523
1781321400000,2026-06-13 03:30:00,63509.04,63516.01,63488.0,63504.72,1.42521
1781322300000,2026-06-13 03:45:00,63504.72,63556.0,63500.0,63532.0,2.46966
1781323200000,2026-06-13 04:00:00,63532.01,63560.07,63484.0,63513.72,9.65632
1781324100000,2026-06-13 04:15:00,63513.72,63918.8,63013.58,63542.01,6.39611
1781325000000,2026-06-13 04:30:00,63542.0,63991.4,63302.24,63623.43,10.44136
1781325900000,2026-06-13 04:45:00,63623.43,63652.28,63348.89,63512.0,5.45957
1781326800000,2026-06-13 05:00:00,63512.01,63582.0,63497.29,63574.26,2.92977
1781327700000,2026-06-13 05:15:00,63574.25,63593.69,63546.0,63570.19,3.03923
1781328600000,2026-06-13 05:30:00,63570.18,63586.3,63523.38,63562.21,7.83808
1781329500000,2026-06-13 05:45:00,63562.7,63584.03,63498.12,63584.03,3.2928
1781330400000,2026-06-13 06:00:00,63584.03,63606.0,63554.39,63582.53,3.7824
1781331300000,2026-06-13 06:15:00,63582.54,63680.0,63550.51,63680.0,4.46238
1781332200000,2026-06-13 06:30:00,63680.0,63700.25,63648.0,63680.99,5.51661
1781333100000,2026-06-13 06:45:00,63681.0,63740.0,63680.99,63740.0,2.59965
1781334000000,2026-06-13 07:00:00,63740.0,63747.01,63674.98,63730.0,2.65997
1781334900000,2026-06-13 07:15:00,63728.68,63808.0,63682.54,63779.08,6.33052
1781335800000,2026-06-13 07:30:00,63779.08,63840.36,63754.0,63840.36,13.85783
1781336700000,2026-06-13 07:45:00,63840.35,63879.98,63805.17,63845.99,20.65828
1781337600000,2026-06-13 08:00:00,63846.0,63882.51,63716.27,63803.99,17.93488
1781338500000,2026-06-13 08:15:00,63803.99,63831.22,63766.18,63818.0,18.58174
1781339400000,2026-06-13 08:30:00,63818.0,63987.16,63803.99,63878.02,22.16999
1781340300000,2026-06-13 08:45:00,63878.01,63878.02,63793.87,63806.01,19.65758
1781341200000,2026-06-13 09:00:00,63806.01,63835.99,63783.48,63808.0,22.90834
1781342100000,2026-06-13 09:15:00,63808.0,63867.65,61320.0,63815.99,32.21328
1781343000000,2026-06-13 09:30:00,63815.99,63831.96,63793.99,63805.06,2.73198
1781343900000,2026-06-13 09:45:00,63805.05,63814.28,63744.0,63744.0,2.53704
1781344800000,2026-06-13 10:00:00,63743.13,63782.0,63738.05,63782.0,3.65694
1781345700000,2026-06-13 10:15:00,63782.0,63794.0,63756.0,63768.64,9.18669
1781346600000,2026-06-13 10:30:00,63768.65,63879.03,63768.64,63873.0,2.89256
1781347500000,2026-06-13 10:45:00,63873.0,63906.0,63814.0,63838.0,3.84511
1781348400000,2026-06-13 11:00:00,63838.0,63939.78,63837.99,63926.77,5.36466
1781349300000,2026-06-13 11:15:00,63926.78,63969.49,63924.31,63953.5,6.50646
1781350200000,2026-06-13 11:30:00,63953.5,63987.16,63895.66,63911.79,19.6557
1781351100000,2026-06-13 11:45:00,63911.8,63976.77,63896.85,63972.45,16.2505
1781352000000,2026-06-13 12:00:00,63971.28,63971.28,63922.0,63947.71,7.59362
1781352900000,2026-06-13 12:15:00,63947.7,63987.16,63928.02,63949.85,2.94314
1781353800000,2026-06-13 12:30:00,63949.84,64022.0,63949.84,64002.6,5.63354
1781354700000,2026-06-13 12:45:00,64002.6,64204.86,64002.6,64137.0,12.8592
1781355600000,2026-06-13 13:00:00,64133.13,64174.91,64056.75,64172.22,13.24946
1781356500000,2026-06-13 13:15:00,64172.22,64244.93,64119.87,64230.25,11.51007
1781357400000,2026-06-13 13:30:00,64230.25,64241.99,64169.28,64179.99,9.28778
1781358300000,2026-06-13 13:45:00,64179.99,64188.0,64061.27,64112.66,11.47702
1781359200000,2026-06-13 14:00:00,64108.97,64178.58,64090.09,64170.2,13.91125
1781360100000,2026-06-13 14:15:00,64170.2,64184.72,64106.02,64132.81,9.91337
1781361000000,2026-06-13 14:30:00,64132.8,64390.34,64132.8,64188.0,10.42643
1781361900000,2026-06-13 14:45:00,64188.0,64233.73,64179.96,64220.97,6.72711
1781362800000,2026-06-13 15:00:00,64220.97,64315.8,64194.0,64287.3,7.08508
1781363700000,2026-06-13 15:15:00,64287.31,64317.94,64241.96,64293.07,7.10193
1781364600000,2026-06-13 15:30:00,64293.08,64350.0,64242.01,64242.02,3.73952
1781365500000,2026-06-13 15:45:00,64242.01,64317.0,64193.58,64296.15,4.61356
1781366400000,2026-06-13 16:00:00,64296.15,64296.15,64020.0,64065.95,8.57687
1781367300000,2026-06-13 16:15:00,64065.94,64089.78,63978.79,63985.29,6.34702
1781368200000,2026-06-13 16:30:00,63985.28,64072.0,63979.33,64066.0,5.06201
1781369100000,2026-06-13 16:45:00,64065.99,64151.9,53354.28,64022.83,14.44306
1781370000000,2026-06-13 17:00:00,64029.18,64041.99,63951.59,63965.33,4.18642
1781370900000,2026-06-13 17:15:00,63965.32,64093.03,63944.0,64093.03,3.70007
1781371800000,2026-06-13 17:30:00,64098.0,64120.0,64069.22,64105.99,3.9558
1781372700000,2026-06-13 17:45:00,64105.99,64120.0,63951.21,63971.2,6.47912
1781373600000,2026-06-13 18:00:00,63971.2,64070.84,63971.19,64070.84,3.4896
1781374500000,2026-06-13 18:15:00,64070.84,64205.47,64041.18,64194.76,9.37509
1781375400000,2026-06-13 18:30:00,64194.05,64281.43,64174.39,64256.0,3.68839
1781376300000,2026-06-13 18:45:00,64256.0,64268.0,64067.29,64164.67,3.84101
1781377200000,2026-06-13 19:00:00,64161.47,64210.52,64154.73,64198.0,9.89564
1781378100000,2026-06-13 19:15:00,64197.99,64204.49,64152.0,64184.87,4.68433
1781379000000,2026-06-13 19:30:00,64190.33,64302.0,64158.0,64290.9,14.39439
1781379900000,2026-06-13 19:45:00,64290.9,64333.62,64284.83,64297.05,4.12905
1781380800000,2026-06-13 20:00:00,64296.6,64296.6,64234.0,64260.0,5.45914
1781381700000,2026-06-13 20:15:00,64260.0,64288.0,64241.75,64245.78,2.74781
1781382600000,2026-06-13 20:30:00,64245.78,64264.28,64231.13,64235.22,3.84161
1781383500000,2026-06-13 20:45:00,64235.22,64290.0,64235.22,64278.3,3.61263
1781384400000,2026-06-13 21:00:00,64278.31,64312.0,64226.38,64245.29,3.15441
1781385300000,2026-06-13 21:15:00,64245.3,64272.0,64233.6,64244.53,2.59766
1781386200000,2026-06-13 21:30:00,64244.52,64740.37,54000.0,64549.14,9.07071
1781387100000,2026-06-13 21:45:00,64545.1,64645.99,63863.19,64488.55,15.41278
1781388000000,2026-06-13 22:00:00,64471.08,64471.08,54000.0,64430.65,10.99746
1781388900000,2026-06-13 22:15:00,64430.66,64527.0,64389.01,64522.14,12.70123
1781389800000,2026-06-13 22:30:00,64522.14,64555.27,64490.53,64507.76,8.54797
1781390700000,2026-06-13 22:45:00,64507.77,64522.73,64458.0,64458.01,8.00886
1781391600000,2026-06-13 23:00:00,64458.01,64507.76,64438.99,64450.71,27.5833
1781392500000,2026-06-13 23:15:00,64450.7,64593.6,64439.29,64444.36,17.474
1781393400000,2026-06-13 23:30:00,64444.36,64494.69,64440.51,64464.1,8.97506
1781394300000,2026-06-13 23:45:00,64464.1,64464.1,64383.89,64458.0,3.85966
1781395200000,2026-06-14 00:00:00,64458.0,64465.0,54000.0,64424.1,12.78362
1781396100000,2026-06-14 00:15:00,64424.1,65508.75,64391.99,64459.99,15.47439
1781397000000,2026-06-14 00:30:00,64460.0,64585.1,64459.91,64555.74,52.40891
1781397900000,2026-06-14 00:45:00,64555.74,64579.03,64526.0,64563.05,4.33804
1781398800000,2026-06-14 01:00:00,64565.01,64689.83,64507.25,64640.0,7.43042
1781399700000,2026-06-14 01:15:00,64640.0,64696.45,64626.3,64660.0,4.18002
1781400600000,2026-06-14 01:30:00,64660.01,64660.01,64566.0,64591.22,4.97559
1781401500000,2026-06-14 01:45:00,64591.22,64636.0,64563.0,64563.0,2.42955
1781402400000,2026-06-14 02:00:00,64563.0,64639.77,64562.99,64621.38,2.14814
1781403300000,2026-06-14 02:15:00,64621.37,64646.5,64520.41,64539.99,23.9913
1781404200000,2026-06-14 02:30:00,64540.0,64560.28,64509.99,64509.99,3.48601
1781405100000,2026-06-14 02:45:00,64509.99,64529.29,64476.01,64491.3,1.22769
1781406000000,2026-06-14 03:00:00,64490.01,64520.0,64480.0,64496.02,2.63767
1781406900000,2026-06-14 03:15:00,64496.01,64540.0,64492.76,64530.19,3.28471
1781407800000,2026-06-14 03:30:00,64530.19,65005.92,63978.17,64468.56,2.3043
1781408700000,2026-06-14 03:45:00,64468.56,64573.44,64468.55,64545.3,3.12471
1781409600000,2026-06-14 04:00:00,64545.3,64563.48,61800.0,64498.39,18.0154
1781410500000,2026-06-14 04:15:00,64498.39,64520.0,64470.0,64470.0,15.17037
1781411400000,2026-06-14 04:30:00,64470.01,64474.01,64386.59,64396.31,77.77979
1781412300000,2026-06-14 04:45:00,64396.3,64396.3,64326.01,64379.99,3.65323
1781413200000,2026-06-14 05:00:00,64380.0,64388.79,64332.0,64345.47,5.13377
1781414100000,2026-06-14 05:15:00,64345.48,64373.65,64298.0,64306.32,25.87654
1781415000000,2026-06-14 05:30:00,64306.32,64406.12,64293.41,64364.45,3.87365
1781415900000,2026-06-14 05:45:00,64364.45,64386.18,64348.0,64366.0,2.96421
1781416800000,2026-06-14 06:00:00,64366.0,64474.0,64337.99,64451.05,6.00055
1781417700000,2026-06-14 06:15:00,64451.05,64475.37,64330.0,64365.17,12.03246
1781418600000,2026-06-14 06:30:00,64365.17,64389.94,64239.7,64262.0,9.95188
1781419500000,2026-06-14 06:45:00,64262.0,64292.51,64253.39,64286.1,4.50772
1781420400000,2026-06-14 07:00:00,64286.1,64288.59,64222.39,64240.28,3.21677
1781421300000,2026-06-14 07:15:00,64240.28,64372.0,61541.66,64356.95,5.25041
1781422200000,2026-06-14 07:30:00,64356.96,64356.96,64298.05,64304.02,4.23673
1781423100000,2026-06-14 07:45:00,64304.02,64445.95,64304.02,64422.0,4.46591
1781424000000,2026-06-14 08:00:00,64422.01,64454.75,64392.0,64440.0,3.34865
1781424900000,2026-06-14 08:15:00,64440.0,64513.82,64440.0,64480.8,5.88166
1781425800000,2026-06-14 08:30:00,64480.8,64502.0,64448.1,64468.6,28.65477
1781426700000,2026-06-14 08:45:00,64468.59,64485.44,64446.02,64456.32,3.46774
1781427600000,2026-06-14 09:00:00,64456.33,65068.8,64418.0,64430.11,18.93472
1781428500000,2026-06-14 09:15:00,64430.11,64430.11,64322.24,64353.98,5.31853
1781429400000,2026-06-14 09:30:00,64353.98,64581.75,64347.8,64553.53,7.10627
1781430300000,2026-06-14 09:45:00,64553.54,64948.64,64553.53,64616.0,8.12503
1781431200000,2026-06-14 10:00:00,64616.0,64616.0,64498.88,64527.15,5.11115
1781432100000,2026-06-14 10:15:00,64527.15,65086.92,64517.37,64598.0,7.64415
1781433000000,2026-06-14 10:30:00,64598.0,64664.0,64594.0,64606.0,8.76279
1781433900000,2026-06-14 10:45:00,64606.01,64613.89,64517.9,64517.9,2.74378
1781434800000,2026-06-14 11:00:00,64517.91,64572.13,64462.47,64566.49,30.45416
1781435700000,2026-06-14 11:15:00,64566.48,64592.0,64509.12,64582.77,19.04239
1781436600000,2026-06-14 11:30:00,64582.78,64638.01,64582.78,64612.31,7.20671
1781437500000,2026-06-14 11:45:00,64612.31,64641.9,64546.0,64546.0,12.00659
1781438400000,2026-06-14 12:00:00,64546.01,64560.66,64470.81,64496.04,2.44105
1781439300000,2026-06-14 12:15:00,64494.71,64504.99,64466.0,64467.25,2.7769
1781440200000,2026-06-14 12:30:00,64467.25,64476.01,64330.71,64358.13,4.02078
1781441100000,2026-06-14 12:45:00,64358.13,64380.18,64302.5,64327.54,4.92369
1781442000000,2026-06-14 13:00:00,64327.54,66403.83,64313.97,64360.0,9.90659
1781442900000,2026-06-14 13:15:00,64360.0,64398.14,64281.72,64281.72,5.31203
1781443800000,2026-06-14 13:30:00,64281.72,64380.0,64244.0,64368.01,10.12335
1781444700000,2026-06-14 13:45:00,64368.0,64384.0,64291.09,64304.75,6.65271
1781445600000,2026-06-14 14:00:00,64304.76,64341.43,64264.04,64308.34,8.43942
1781446500000,2026-06-14 14:15:00,64308.34,64315.0,64167.99,64167.99,9.91382
1781447400000,2026-06-14 14:30:00,64167.99,64350.0,63758.63,63937.99,22.35347
1781448300000,2026-06-14 14:45:00,63938.0,63983.56,63436.62,63983.56,8.78338
1781449200000,2026-06-14 15:00:00,63983.56,64135.57,63983.55,64119.99,8.64186
1781450100000,2026-06-14 15:15:00,64119.98,64122.03,64008.0,64055.22,11.50572
1781451000000,2026-06-14 15:30:00,64055.22,64350.0,64003.09,64037.16,12.76193
1781451900000,2026-06-14 15:45:00,64037.15,64350.0,64000.0,64025.07,8.96938
1781452800000,2026-06-14 16:00:00,64025.07,64187.36,64010.0,64110.67,10.31141
1781453700000,2026-06-14 16:15:00,64110.68,64251.55,64089.33,64133.73,5.35454
1781454600000,2026-06-14 16:30:00,64133.72,64190.0,64133.72,64156.73,8.38486
1781455500000,2026-06-14 16:45:00,64156.72,64166.58,63942.0,63948.81,15.17211
1781456400000,2026-06-14 17:00:00,63948.82,64019.38,63921.89,63965.58,10.14804
1781457300000,2026-06-14 17:15:00,63965.58,64350.0,63903.24,63903.24,13.01449
1781458200000,2026-06-14 17:30:00,63903.24,63964.54,63761.01,63843.7,13.88534
1781459100000,2026-06-14 17:45:00,63843.69,63856.0,63694.12,63732.65,11.18313
1781460000000,2026-06-14 18:00:00,63732.65,63786.0,63699.62,63727.19,5.33368
1781460900000,2026-06-14 18:15:00,63727.19,63776.0,63681.55,63727.07,28.55822
1781461800000,2026-06-14 18:30:00,63727.06,63785.96,63727.06,63777.32,3.97386
1781462700000,2026-06-14 18:45:00,63777.32,63813.3,63772.0,63813.3,4.32394
1781463600000,2026-06-14 19:00:00,63813.3,63829.95,63750.0,63790.82,5.42858
1781464500000,2026-06-14 19:15:00,63790.82,63861.85,63787.84,63797.56,5.50549
1781465400000,2026-06-14 19:30:00,63797.56,63832.0,63752.5,63760.95,6.31759
1781466300000,2026-06-14 19:45:00,63760.95,63802.0,63744.46,63802.0,4.89688
1781467200000,2026-06-14 20:00:00,63802.0,63864.0,63794.09,63815.99,4.80685
1781468100000,2026-06-14 20:15:00,63815.99,63955.21,63815.98,63923.99,5.96792
1781469000000,2026-06-14 20:30:00,63923.99,64092.0,63919.36,64044.7,7.77667
1781469900000,2026-06-14 20:45:00,64044.71,64078.01,59909.83,64008.63,17.39269
1781470800000,2026-06-14 21:00:00,64008.64,64104.0,64008.63,64103.53,4.61583
1781471700000,2026-06-14 21:15:00,64103.52,66403.83,64103.52,64671.06,23.48841
1781472600000,2026-06-14 21:30:00,64671.06,65417.96,63462.49,65297.66,17.54463
1781473500000,2026-06-14 21:45:00,65297.66,65600.53,54000.0,65304.01,19.774
1781474400000,2026-06-14 22:00:00,65304.01,65502.9,61334.06,65132.4,56.48173
1781475300000,2026-06-14 22:15:00,65122.64,65240.0,65014.66,65212.53,10.48037
1781476200000,2026-06-14 22:30:00,65212.53,67333.07,65181.59,65469.43,17.61454
1781477100000,2026-06-14 22:45:00,65469.43,65482.01,65347.26,65394.0,9.66785
1781478000000,2026-06-14 23:00:00,65393.99,68000.0,54537.98,65559.51,22.44541
1781478900000,2026-06-14 23:15:00,65559.99,68000.0,64335.95,65690.01,28.85617
1781479800000,2026-06-14 23:30:00,65690.0,65777.57,65537.01,65576.0,9.91947
1781480700000,2026-06-14 23:45:00,65576.0,65797.32,65558.0,65754.0,8.46972
1781481600000,2026-06-15 00:00:00,65754.22,65916.71,65651.44,65881.65,16.79674
1781482500000,2026-06-15 00:15:00,65881.66,66304.7,54000.0,65779.16,16.55384
1781483400000,2026-06-15 00:30:00,65779.17,65779.17,59863.4,65555.48,14.88502
1781484300000,2026-06-15 00:45:00,65555.48,65792.41,65515.31,65610.66,12.20969
1781485200000,2026-06-15 01:00:00,65610.66,65623.05,65356.36,65511.28,10.4009
1781486100000,2026-06-15 01:15:00,65511.28,65529.61,65358.0,65417.45,9.72796
1781487000000,2026-06-15 01:30:00,65417.45,65792.41,64543.4,65718.0,15.0223
1781487900000,2026-06-15 01:45:00,65718.0,65718.01,54537.98,65496.05,13.20908
1781488800000,2026-06-15 02:00:00,65496.05,65658.0,65450.0,65652.01,11.16449
1781489700000,2026-06-15 02:15:00,65652.0,65770.0,65636.0,65639.29,4.80486
1781490600000,2026-06-15 02:30:00,65639.3,65670.0,65582.86,65634.01,4.75769
1781491500000,2026-06-15 02:45:00,65634.01,65792.41,57000.13,65472.0,9.34488
1781492400000,2026-06-15 03:00:00,65472.01,66000.0,65425.46,65715.6,9.27112
1781493300000,2026-06-15 03:15:00,65715.59,66322.08,65676.1,65730.0,5.63439
1781494200000,2026-06-15 03:30:00,65730.0,65913.99,65704.0,65913.98,11.3319
1781495100000,2026-06-15 03:45:00,65913.98,65979.03,65695.81,65900.0,10.79891
1781496000000,2026-06-15 04:00:00,65900.01,65918.54,65712.52,65718.89,6.58926
1781496900000,2026-06-15 04:15:00,65718.9,65772.0,60077.32,65716.76,4.79167
1781497800000,2026-06-15 04:30:00,65716.77,65737.99,65654.89,65695.0,2.95823
1781498700000,2026-06-15 04:45:00,65695.0,65711.69,65633.28,65644.01,5.84446
1781499600000,2026-06-15 05:00:00,65644.01,65688.0,65612.01,65686.0,4.5298
1781500500000,2026-06-15 05:15:00,65686.0,65867.17,65685.99,65830.68,5.35071
1781501400000,2026-06-15 05:30:00,65830.68,65832.8,65704.0,65730.05,2.47657
1781502300000,2026-06-15 05:45:00,65730.01,65858.2,65712.0,65858.01,4.45772
1781503200000,2026-06-15 06:00:00,65858.01,65918.0,54537.98,65890.01,8.73206
1781504100000,2026-06-15 06:15:00,65890.0,65967.27,65865.05,65942.0,2.05869
1781505000000,2026-06-15 06:30:00,65942.01,65948.39,65781.99,65812.01,5.42719
1781505900000,2026-06-15 06:45:00,65812.01,65888.0,65801.34,65822.07,5.72259
1781506800000,2026-06-15 07:00:00,65822.07,65865.67,65690.0,65828.15,6.07835
1781507700000,2026-06-15 07:15:00,65828.15,66000.0,65828.05,65964.6,5.0693
1781508600000,2026-06-15 07:30:00,65964.6,65964.6,65728.67,65751.5,10.43796
1781509500000,2026-06-15 07:45:00,65751.51,65776.0,65635.75,65669.59,5.69142
1781510400000,2026-06-15 08:00:00,65669.6,65753.66,65628.0,65731.99,4.70538
1781511300000,2026-06-15 08:15:00,65732.0,65752.0,65620.0,65675.55,6.745
1781512200000,2026-06-15 08:30:00,65675.56,65780.0,65666.0,65774.67,5.68438
1781513100000,2026-06-15 08:45:00,65768.01,65796.01,65650.32,65687.99,6.81464
1781514000000,2026-06-15 09:00:00,65688.0,66074.38,65662.0,65681.39,5.93879
1781514900000,2026-06-15 09:15:00,65681.4,65779.39,65644.16,65644.16,13.45667
1781515800000,2026-06-15 09:30:00,65644.17,65648.7,65523.99,65571.99,4.85873
1781516700000,2026-06-15 09:45:00,65571.99,65602.19,65522.58,65596.86,3.18528
1781517600000,2026-06-15 10:00:00,65596.86,65754.01,65584.37,65740.0,5.76979
1781518500000,2026-06-15 10:15:00,65740.01,65757.45,65620.0,65620.0,6.48205
1781519400000,2026-06-15 10:30:00,65711.93,65762.0,65620.0,65761.99,5.4257
1781520300000,2026-06-15 10:45:00,65762.0,66322.08,65734.07,65906.0,7.06785
1781521200000,2026-06-15 11:00:00,65906.0,66000.0,54537.98,65942.39,19.22416
1781522100000,2026-06-15 11:15:00,65942.39,66337.6,65930.01,66223.72,21.75075
1781523000000,2026-06-15 11:30:00,66224.0,66298.0,66136.54,66151.93,8.20824
1781523900000,2026-06-15 11:45:00,66151.93,66244.0,66136.61,66239.49,5.92525
1781524800000,2026-06-15 12:00:00,66239.49,66294.43,66111.97,66280.24,9.12293
1781525700000,2026-06-15 12:15:00,66280.24,66337.98,66188.02,66281.83,8.39061
1781526600000,2026-06-15 12:30:00,66281.84,66470.0,66200.64,66469.99,26.04081
1781527500000,2026-06-15 12:45:00,66470.0,66600.0,66438.0,66563.48,18.37498
1781528400000,2026-06-15 13:00:00,66563.49,66688.71,66462.53,66623.26,11.50098
1781529300000,2026-06-15 13:15:00,66618.65,66947.16,66600.0,66834.0,17.93912
1781530200000,2026-06-15 13:30:00,66834.01,66886.0,66477.42,66550.0,14.85861
1781531100000,2026-06-15 13:45:00,66550.0,66647.64,65818.54,66447.05,20.46327
1781532000000,2026-06-15 14:00:00,66447.05,66456.79,66316.27,66430.0,7.98236
1781532900000,2026-06-15 14:15:00,66430.01,66551.99,62618.29,66546.38,20.99802
1781533800000,2026-06-15 14:30:00,66546.39,66554.0,66426.0,66538.67,14.61126
1781534700000,2026-06-15 14:45:00,66536.09,66672.48,66536.08,66602.9,9.80333
1781535600000,2026-06-15 15:00:00,66602.91,68000.0,66580.42,66635.0,12.72015
1781536500000,2026-06-15 15:15:00,66634.99,67259.89,66596.0,66658.0,7.2857
1781537400000,2026-06-15 15:30:00,66658.0,70356.0,66631.99,66906.01,14.00539
1781538300000,2026-06-15 15:45:00,66906.01,69673.77,62871.61,67259.98,23.96457
1781539200000,2026-06-15 16:00:00,67259.99,67287.99,67102.21,67276.0,12.26601
1781540100000,2026-06-15 16:15:00,67275.99,69592.36,67105.99,67175.44,8.18654
1781541000000,2026-06-15 16:30:00,67175.44,67268.0,56462.85,67163.9,30.98507
1781541900000,2026-06-15 16:45:00,67163.9,67212.0,67095.42,67157.01,20.00253
1781542800000,2026-06-15 17:00:00,67157.01,67160.06,66799.99,66872.5,8.56297
1781543700000,2026-06-15 17:15:00,66872.5,67367.87,66783.78,66811.01,9.52231
1781544600000,2026-06-15 17:30:00,66811.01,66910.11,66680.54,66894.95,10.62699
1781545500000,2026-06-15 17:45:00,66884.01,66938.0,66836.66,66846.91,8.41684
1781546400000,2026-06-15 18:00:00,66846.92,66863.99,56000.0,66804.0,12.39169
1781547300000,2026-06-15 18:15:00,66804.0,66882.0,66803.87,66843.18,13.731
1781548200000,2026-06-15 18:30:00,66843.19,66873.88,66746.25,66803.46,16.80835
1781549100000,2026-06-15 18:45:00,66803.46,66920.0,66767.05,66767.05,5.14562
1781550000000,2026-06-15 19:00:00,66767.06,66886.02,66737.7,66850.52,13.44466
1781550900000,2026-06-15 19:15:00,66853.99,66889.85,66410.0,66538.93,22.74115
1781551800000,2026-06-15 19:30:00,66538.94,67017.26,66530.0,66722.0,5.34451
1781552700000,2026-06-15 19:45:00,66722.0,68142.4,66519.99,66585.29,7.03713
1781553600000,2026-06-15 20:00:00,66585.29,66624.02,66506.43,66554.0,5.53598
1781554500000,2026-06-15 20:15:00,66554.0,66600.59,66524.0,66578.0,3.85943
1781555400000,2026-06-15 20:30:00,66578.0,66674.01,66577.99,66598.75,7.49013
1781556300000,2026-06-15 20:45:00,66598.74,66598.74,66497.99,66504.09,3.14185
1781557200000,2026-06-15 21:00:00,66504.09,66532.0,66436.01,66494.0,3.54142
1781558100000,2026-06-15 21:15:00,66494.0,66561.15,66399.4,66410.0,3.01503
1781559000000,2026-06-15 21:30:00,66410.0,66474.0,66343.05,66441.19,9.76387
1781559900000,2026-06-15 21:45:00,66442.0,66447.99,54464.18,66368.15,17.03691
1781560800000,2026-06-15 22:00:00,66368.16,66473.98,54896.4,66364.01,16.24423
1781561700000,2026-06-15 22:15:00,66364.01,66960.14,66102.91,66166.89,14.17969
1781562600000,2026-06-15 22:30:00,66164.01,67000.0,66097.99,66279.94,7.57154
1781563500000,2026-06-15 22:45:00,66279.95,66322.01,57401.76,66208.01,18.64166
1781564400000,2026-06-15 23:00:00,66208.01,66281.95,66185.13,66272.0,5.37386
1781565300000,2026-06-15 23:15:00,66270.67,67125.65,66150.24,66226.07,9.64359
1781566200000,2026-06-15 23:30:00,66226.07,66269.52,66124.6,66269.52,2.89238
1781567100000,2026-06-15 23:45:00,66269.52,66360.0,66246.13,66328.74,6.34595
1781568000000,2026-06-16 00:00:00,66328.74,66405.16,66278.74,66391.97,6.45391
1781568900000,2026-06-16 00:15:00,66391.96,66418.73,66242.0,66248.0,8.75944
1781569800000,2026-06-16 00:30:00,66247.99,66462.46,66244.0,66413.05,8.13781
1781570700000,2026-06-16 00:45:00,66413.05,66435.99,66243.21,66248.94,12.50648
1781571600000,2026-06-16 01:00:00,66248.94,66361.34,55786.34,66280.01,9.46192
1781572500000,2026-06-16 01:15:00,66280.01,66382.3,66262.0,66376.66,5.62608
1781573400000,2026-06-16 01:30:00,66376.66,66415.53,66354.7,66360.0,6.67576
1781574300000,2026-06-16 01:45:00,66359.99,66418.01,66065.84,66346.52,8.23401
1781575200000,2026-06-16 02:00:00,66346.52,66346.52,66346.51,66346.51,9.90551
1781576100000,2026-06-16 02:15:00,66346.51,66721.13,55782.48,65794.01,12.32198
1781577000000,2026-06-16 02:30:00,65794.0,65912.0,65769.58,65878.0,5.17568
1781577900000,2026-06-16 02:45:00,65878.0,65887.82,65688.0,65740.0,4.33578
1781578800000,2026-06-16 03:00:00,65740.0,65844.0,65694.17,65810.01,7.29449
1781579700000,2026-06-16 03:15:00,65810.01,66004.0,65652.93,65980.45,10.49254
1781580600000,2026-06-16 03:30:00,65980.46,66125.0,65980.45,66125.0,14.62937
1781581500000,2026-06-16 03:45:00,66124.99,66161.03,66100.0,66161.03,4.06716
1781582400000,2026-06-16 04:00:00,66165.22,66282.64,66138.0,66150.77,10.17367
1781583300000,2026-06-16 04:15:00,66150.78,66162.0,65984.01,65984.02,8.36015
1781584200000,2026-06-16 04:30:00,65984.02,66228.7,65818.59,65888.55,10.35947
1781585100000,2026-06-16 04:45:00,65888.54,65894.0,65816.63,65873.4,9.27974
1781586000000,2026-06-16 05:00:00,65873.4,66068.0,65865.79,66033.17,6.10633
1781586900000,2026-06-16 05:15:00,66026.01,66106.0,65973.81,66078.0,7.46348
1781587800000,2026-06-16 05:30:00,66078.0,68446.58,62808.28,66084.52,12.78831
1781588700000,2026-06-16 05:45:00,66089.38,66142.57,66052.59,66071.44,5.61692
1781589600000,2026-06-16 06:00:00,66071.44,66190.0,66071.43,66188.52,9.23876
1781590500000,2026-06-16 06:15:00,66188.92,66343.75,54867.97,66343.75,13.50153
1781591400000,2026-06-16 06:30:00,66343.75,66559.36,63959.56,66408.68,16.33184
1781592300000,2026-06-16 06:45:00,66398.52,66536.0,66394.0,66446.0,3.15423
1781593200000,2026-06-16 07:00:00,66446.01,66839.61,66361.99,66361.99,23.27401
1781594100000,2026-06-16 07:15:00,66361.99,66477.89,63112.8,66338.01,22.09298
1781595000000,2026-06-16 07:30:00,66338.01,66426.0,66319.33,66320.14,8.67905
1781595900000,2026-06-16 07:45:00,66320.14,66383.24,66308.73,66371.18,4.76634
1781596800000,2026-06-16 08:00:00,66371.18,66495.63,66345.06,66476.67,8.63874
1781597700000,2026-06-16 08:15:00,66476.66,66571.3,66407.54,66550.01,6.3133
1781598600000,2026-06-16 08:30:00,66550.01,66650.74,66516.0,66595.95,4.8961
1781599500000,2026-06-16 08:45:00,66595.96,66975.67,66581.99,66892.0,10.96254
1781600400000,2026-06-16 09:00:00,66892.01,66899.61,66728.0,66742.23,8.96596
1781601300000,2026-06-16 09:15:00,66742.23,66763.36,66569.21,66618.0,7.56744
1781602200000,2026-06-16 09:30:00,66618.0,66729.79,66593.99,66697.51,11.50301
1781603100000,2026-06-16 09:45:00,66697.51,66724.02,55383.66,66510.0,18.98353
1781604000000,2026-06-16 10:00:00,66510.01,66593.34,66504.14,66540.01,7.81665
1781604900000,2026-06-16 10:15:00,66540.02,67137.82,66540.01,66678.0,10.62784
1781605800000,2026-06-16 10:30:00,66677.99,66678.0,66578.0,66618.0,8.18013
1781606700000,2026-06-16 10:45:00,66618.0,66622.0,66486.38,66518.7,36.65245
1781607600000,2026-06-16 11:00:00,66518.7,66639.81,66458.02,66512.0,15.69028
1781608500000,2026-06-16 11:15:00,66512.0,66582.0,66403.24,66477.06,24.07265
1781609400000,2026-06-16 11:30:00,66477.06,66478.6,66368.36,66403.18,2.72389
1781610300000,2026-06-16 11:45:00,66403.18,66478.67,66380.0,66477.67,13.12125
1781611200000,2026-06-16 12:00:00,66477.68,67561.24,66338.0,66532.02,9.53997
1781612100000,2026-06-16 12:15:00,66532.02,66673.55,66532.01,66581.99,16.34371
1781613000000,2026-06-16 12:30:00,66582.0,67561.24,56852.28,66487.3,47.57199
1781613900000,2026-06-16 12:45:00,66487.31,71000.0,66368.0,66429.83,15.29007
1781614800000,2026-06-16 13:00:00,66429.84,66463.13,66023.01,66192.0,12.48005
1781615700000,2026-06-16 13:15:00,66192.01,66268.0,66035.98,66035.98,10.10556
1781616600000,2026-06-16 13:30:00,66035.99,66164.0,65941.83,66120.0,16.48726
1781617500000,2026-06-16 13:45:00,66120.0,71000.0,66019.99,66059.51,13.28614
1781618400000,2026-06-16 14:00:00,66059.51,66935.69,55734.59,66016.0,26.61439
1781619300000,2026-06-16 14:15:00,66016.0,66935.69,65549.99,65572.01,18.91445
1781620200000,2026-06-16 14:30:00,65572.0,66053.45,62776.61,65674.01,21.01161
1781621100000,2026-06-16 14:45:00,65674.01,65762.82,65621.05,65653.2,13.49476
1781622000000,2026-06-16 15:00:00,65653.2,66984.44,65625.33,65866.84,18.95058
1781622900000,2026-06-16 15:15:00,65866.83,65908.0,54616.89,65816.01,15.23174
1781623800000,2026-06-16 15:30:00,65816.0,66029.42,65816.0,65848.0,11.01391
1781624700000,2026-06-16 15:45:00,65847.99,65986.0,65714.0,65873.57,14.37377
1781625600000,2026-06-16 16:00:00,65873.57,65937.4,65797.99,65800.0,6.72316
1781626500000,2026-06-16 16:15:00,65800.01,65821.39,65726.15,65785.99,4.18844
1781627400000,2026-06-16 16:30:00,65786.0,66038.0,63185.28,65812.01,17.12275
1781628300000,2026-06-16 16:45:00,65812.01,65816.0,65706.0,65759.79,2.72765
1781629200000,2026-06-16 17:00:00,65758.07,65844.01,65740.01,65796.0,5.83655
1781630100000,2026-06-16 17:15:00,65796.01,65840.53,65710.34,65747.17,5.93635
1781631000000,2026-06-16 17:30:00,65747.17,65844.62,65713.96,65750.92,5.70798
1781631900000,2026-06-16 17:45:00,65750.93,66002.0,65740.0,65978.79,11.00381
1781632800000,2026-06-16 18:00:00,65978.79,66230.17,65959.99,66154.47,4.73383
1781633700000,2026-06-16 18:15:00,66154.47,66154.47,65874.92,65906.51,8.01793
1781634600000,2026-06-16 18:30:00,65909.75,65966.8,65803.99,65858.0,10.72544
1781635500000,2026-06-16 18:45:00,65858.0,65924.32,65830.01,65836.03,2.73789
1781636400000,2026-06-16 19:00:00,65836.04,65836.05,65654.9,65670.0,7.34865
1781637300000,2026-06-16 19:15:00,65670.0,65722.0,65573.99,65708.33,5.3861
1781638200000,2026-06-16 19:30:00,65708.33,65762.0,61147.9,65643.17,5.94438
1781639100000,2026-06-16 19:45:00,65643.17,65710.0,65570.0,65667.9,6.71624
1781640000000,2026-06-16 20:00:00,65667.9,65760.0,65592.0,65760.0,5.63883
1781640900000,2026-06-16 20:15:00,65759.99,65842.0,65694.0,65721.38,4.9512
1781641800000,2026-06-16 20:30:00,65721.38,65844.0,65720.34,65843.99,9.98951
1781642700000,2026-06-16 20:45:00,65844.0,65865.91,65830.0,65851.77,16.19042
1781643600000,2026-06-16 21:00:00,65851.77,66984.44,65838.22,65918.0,40.82345
1781644500000,2026-06-16 21:15:00,65918.0,65918.0,65727.48,65728.01,3.96976
1781645400000,2026-06-16 21:30:00,65728.01,65753.96,65654.9,65732.0,7.97749
1781646300000,2026-06-16 21:45:00,65732.0,65784.0,65718.0,65776.98,2.11973
1781647200000,2026-06-16 22:00:00,65776.98,65880.0,65719.95,65842.0,2.49702
1781648100000,2026-06-16 22:15:00,65842.01,65874.01,65722.04,65776.93,3.86578
1781649000000,2026-06-16 22:30:00,65776.93,65778.0,65704.86,65720.62,2.89154
1781649900000,2026-06-16 22:45:00,65720.62,65792.0,65680.0,65780.0,2.37628
1781650800000,2026-06-16 23:00:00,65780.01,65834.17,65731.0,65762.93,5.80788
1781651700000,2026-06-16 23:15:00,65762.93,65765.54,65644.0,65732.0,3.89274
1781652600000,2026-06-16 23:30:00,65732.0,65778.0,65714.0,65717.99,2.59266
1781653500000,2026-06-16 23:45:00,65717.99,65718.0,65631.72,65675.01,4.72625
1781654400000,2026-06-17 00:00:00,65675.02,65806.57,65675.01,65766.01,3.43989
1781655300000,2026-06-17 00:15:00,65766.0,65792.57,65533.07,65725.95,4.19107
1781656200000,2026-06-17 00:30:00,65725.95,65840.0,65695.99,65834.01,4.42653
1781657100000,2026-06-17 00:45:00,65834.01,65848.0,65699.99,65700.0,3.72331
1781658000000,2026-06-17 01:00:00,65700.0,65823.86,65688.43,65772.0,5.26237
1781658900000,2026-06-17 01:15:00,65772.01,65790.01,55263.16,65582.01,38.76489
1781659800000,2026-06-17 01:30:00,65582.01,65807.77,65547.99,65759.76,3.4857
1781660700000,2026-06-17 01:45:00,65759.77,65952.62,65759.76,65941.58,6.53102
1781661600000,2026-06-17 02:00:00,65941.58,65941.58,65844.26,65906.01,8.28963
1781662500000,2026-06-17 02:15:00,65906.01,66131.36,65882.41,66087.98,7.54144
1781663400000,2026-06-17 02:30:00,66087.99,66098.81,65084.86,65865.92,9.82474
1781664300000,2026-06-17 02:45:00,65865.93,65911.55,65834.0,65903.99,2.87671
1781665200000,2026-06-17 03:00:00,65904.0,65904.0,65819.61,65820.99,6.52226
1781666100000,2026-06-17 03:15:00,65820.01,65820.01,65711.53,65780.01,3.47414
1781667000000,2026-06-17 03:30:00,65780.0,65872.01,65780.0,65792.01,3.42025
1781667900000,2026-06-17 03:45:00,65792.0,65853.8,65770.0,65846.0,3.83414
1781668800000,2026-06-17 04:00:00,65846.01,65896.44,65824.0,65839.34,4.50636
1781669700000,2026-06-17 04:15:00,65839.33,65906.95,65791.99,65906.95,4.67208
1781670600000,2026-06-17 04:30:00,65906.96,65964.99,65864.01,65928.0,2.24324
1781671500000,2026-06-17 04:45:00,65927.99,66038.49,65892.0,65892.0,15.57404
1781672400000,2026-06-17 05:00:00,65892.01,65978.0,65794.59,65797.88,5.70515
1781673300000,2026-06-17 05:15:00,65797.89,65861.66,65754.46,65856.0,2.48782
1781674200000,2026-06-17 05:30:00,65856.01,65926.01,65821.99,65919.03,2.71704
1781675100000,2026-06-17 05:45:00,65917.7,65934.02,65774.01,65836.31,3.25581
1781676000000,2026-06-17 06:00:00,65836.31,65864.0,65793.99,65862.01,3.95988
1781676900000,2026-06-17 06:15:00,65862.01,65892.91,65654.9,65656.87,3.96028
1781677800000,2026-06-17 06:30:00,65650.01,65733.83,65582.63,65639.24,3.66545
1781678700000,2026-06-17 06:45:00,65639.25,65679.84,65605.79,65626.0,3.91402
1781679600000,2026-06-17 07:00:00,65626.0,65700.0,61794.99,65688.0,8.13951
1781680500000,2026-06-17 07:15:00,65687.99,65702.35,65488.22,65555.8,6.71203
1781681400000,2026-06-17 07:30:00,65555.8,65580.48,65485.98,65544.01,3.89864
1781682300000,2026-06-17 07:45:00,65544.0,65580.01,65257.95,65540.76,7.59312
1781683200000,2026-06-17 08:00:00,65540.77,65574.0,65340.49,65340.49,8.2171
1781684100000,2026-06-17 08:15:00,65340.49,65387.55,65245.99,65330.01,6.70606
1781685000000,2026-06-17 08:30:00,65330.01,65330.01,64920.0,64920.01,7.4949
1781685900000,2026-06-17 08:45:00,64920.0,65008.35,64872.65,64926.01,7.02196
1781686800000,2026-06-17 09:00:00,64926.02,65025.87,64920.32,64975.98,13.60272
1781687700000,2026-06-17 09:15:00,64975.99,65076.76,64932.0,65044.0,3.714
1781688600000,2026-06-17 09:30:00,65044.0,65050.23,64928.01,64947.75,3.91086
1781689500000,2026-06-17 09:45:00,64947.75,65000.0,64844.0,64909.44,5.09105
1781690400000,2026-06-17 10:00:00,64909.44,64970.0,64829.99,64879.98,4.06695
1781691300000,2026-06-17 10:15:00,64879.98,64968.0,64861.65,64936.21,8.75088
1781692200000,2026-06-17 10:30:00,64936.0,64974.0,64880.0,64924.0,3.98282
1781693100000,2026-06-17 10:45:00,64924.01,64944.0,64768.0,64791.82,4.46741
1781694000000,2026-06-17 11:00:00,64796.0,64831.99,64594.19,64610.01,8.13522
1781694900000,2026-06-17 11:15:00,64610.0,64745.59,64569.99,64704.91,5.19281
1781695800000,2026-06-17 11:30:00,64704.91,64800.0,64670.0,64788.02,6.74854
1781696700000,2026-06-17 11:45:00,64788.01,64862.0,64788.01,64810.0,3.56172
1781697600000,2026-06-17 12:00:00,64810.01,64874.0,64767.99,64845.94,5.5222
1781698500000,2026-06-17 12:15:00,64845.95,64850.18,64652.0,64685.99,4.16523
1781699400000,2026-06-17 12:30:00,64686.0,64916.0,64590.54,64915.99,6.85064
1781700300000,2026-06-17 12:45:00,64916.0,65057.81,64915.99,65042.54,12.05734
1781701200000,2026-06-17 13:00:00,65045.73,65098.0,64983.27,65084.0,7.62991
1781702100000,2026-06-17 13:15:00,65084.0,65084.0,64874.5,64908.0,3.0227
1781703000000,2026-06-17 13:30:00,64908.0,65314.01,64850.0,65264.0,18.66362
1781703900000,2026-06-17 13:45:00,65264.0,65360.01,65236.54,65292.01,11.97379
1781704800000,2026-06-17 14:00:00,65292.01,65347.45,65145.99,65339.68,16.26999
1781705700000,2026-06-17 14:15:00,65339.68,65458.02,65142.0,65252.0,10.31605
1781706600000,2026-06-17 14:30:00,65252.0,65446.23,65049.49,65115.5,9.20988
1781707500000,2026-06-17 14:45:00,65115.5,65278.01,64806.24,65100.01,17.17124
1781708400000,2026-06-17 15:00:00,65100.01,65446.23,64991.99,65241.38,21.91101
1781709300000,2026-06-17 15:15:00,65241.38,65420.0,65198.0,65318.53,9.81895
1781710200000,2026-06-17 15:30:00,65327.77,65514.0,65271.99,65483.8,13.35755
1781711100000,2026-06-17 15:45:00,65483.79,65824.01,65483.49,65752.0,8.3173
1781712000000,2026-06-17 16:00:00,65752.0,65864.01,54616.89,65845.99,51.22668
1781712900000,2026-06-17 16:15:00,65846.0,66437.64,65834.0,66320.01,15.11151
1781713800000,2026-06-17 16:30:00,66318.68,66318.68,65934.0,65977.99,13.25743
1781714700000,2026-06-17 16:45:00,65977.99,66015.14,65139.39,65857.32,22.45591
1781715600000,2026-06-17 17:00:00,65866.01,66083.2,65815.01,65876.16,12.02084
1781716500000,2026-06-17 17:15:00,65876.16,66010.0,65840.17,65974.0,6.34491
1781717400000,2026-06-17 17:30:00,65973.99,65988.01,65846.29,65857.41,5.81154
1781718300000,2026-06-17 17:45:00,65857.4,66151.07,65824.0,66081.33,12.77454
1781719200000,2026-06-17 18:00:00,66081.34,66081.34,64531.97,65300.42,22.63649
1781720100000,2026-06-17 18:15:00,65300.42,65536.34,65300.41,65378.67,10.32981
1781721000000,2026-06-17 18:30:00,65404.13,66238.48,65292.89,66025.08,13.91768
1781721900000,2026-06-17 18:45:00,66025.09,66238.48,64728.61,65538.68,23.53457
1781722800000,2026-06-17 19:00:00,65521.68,65638.01,64649.44,65380.01,10.3115
1781723700000,2026-06-17 19:15:00,65380.01,65380.01,55994.61,64429.3,22.16219
1781724600000,2026-06-17 19:30:00,64429.3,64647.73,64157.18,64178.25,12.25661
1781725500000,2026-06-17 19:45:00,64178.25,64306.0,64095.27,64303.99,12.70298
1781726400000,2026-06-17 20:00:00,64306.0,64446.02,64204.72,64234.01,5.88693
1781727300000,2026-06-17 20:15:00,64234.0,64457.96,64209.82,64361.11,4.55826
1781728200000,2026-06-17 20:30:00,64361.1,64485.53,64236.0,64236.0,6.4326
1781729100000,2026-06-17 20:45:00,64236.01,64436.78,64197.75,64424.52,9.99086
1781730000000,2026-06-17 21:00:00,64432.0,64446.0,64262.0,64333.14,5.75433
1781730900000,2026-06-17 21:15:00,64333.14,64376.28,64266.0,64266.01,5.20155
1781731800000,2026-06-17 21:30:00,64266.0,64415.86,59863.4,64214.0,6.27904
1781732700000,2026-06-17 21:45:00,64214.0,64275.91,64151.99,64257.76,1.57322
1781733600000,2026-06-17 22:00:00,64257.77,64257.77,63937.5,64101.07,9.56747
1781734500000,2026-06-17 22:15:00,64101.08,64371.06,64077.99,64352.52,5.29944
1781735400000,2026-06-17 22:30:00,64364.42,64434.84,64244.0,64264.16,6.35513
1781736300000,2026-06-17 22:45:00,64264.17,64411.35,64261.99,64300.02,5.61459
1781737200000,2026-06-17 23:00:00,64300.01,64404.0,64249.99,64301.28,3.66406
1781738100000,2026-06-17 23:15:00,64301.28,64528.73,64301.27,64496.0,9.39486
1781739000000,2026-06-17 23:30:00,64496.0,64520.89,64416.77,64443.68,6.36356
1781739900000,2026-06-17 23:45:00,64443.69,64512.0,64400.0,64509.4,2.37782
1781740800000,2026-06-18 00:00:00,64509.41,65203.72,53064.01,64634.92,35.58969
1781741700000,2026-06-18 00:15:00,64634.91,64691.07,64549.99,64591.96,17.91902
1781742600000,2026-06-18 00:30:00,64591.95,64666.0,64591.95,64665.99,15.61258
1781743500000,2026-06-18 00:45:00,64665.99,65008.59,54223.58,64468.67,10.40832
1781744400000,2026-06-18 01:00:00,64468.01,64806.0,64468.0,64728.99,9.54061
1781745300000,2026-06-18 01:15:00,64728.99,64738.0,64632.63,64657.14,6.82697
1781746200000,2026-06-18 01:30:00,64658.77,64744.76,64608.09,64618.39,7.66782
1781747100000,2026-06-18 01:45:00,64618.39,64618.39,64481.99,64546.55,4.32156
1781748000000,2026-06-18 02:00:00,64548.75,64672.0,62966.61,64569.37,17.96918
1781748900000,2026-06-18 02:15:00,64569.38,64747.19,64488.0,64702.2,12.58973
1781749800000,2026-06-18 02:30:00,64702.2,64764.88,64685.99,64759.99,4.01377
1781750700000,2026-06-18 02:45:00,64759.99,64760.0,64457.24,64705.8,5.45592
1781751600000,2026-06-18 03:00:00,64689.5,64689.5,62364.96,64525.42,5.732
1781752500000,2026-06-18 03:15:00,64525.43,64528.0,64317.45,64318.99,1.89466
1781753400000,2026-06-18 03:30:00,64325.27,64397.71,64270.0,64270.0,7.18801
1781754300000,2026-06-18 03:45:00,64270.01,64407.48,64270.0,64282.0,3.1784
1781755200000,2026-06-18 04:00:00,64282.0,64339.61,63838.0,63939.92,16.17729
1781756100000,2026-06-18 04:15:00,63939.93,65275.89,62000.0,63954.0,24.0744
1781757000000,2026-06-18 04:30:00,63951.98,65887.04,63881.39,63884.01,12.71748
1781757900000,2026-06-18 04:45:00,63884.01,63970.41,63832.84,63948.01,7.82681
1781758800000,2026-06-18 05:00:00,63948.02,63959.2,63709.02,63923.26,12.22838
1781759700000,2026-06-18 05:15:00,63923.25,64303.24,63605.36,63941.29,22.19026
1781760600000,2026-06-18 05:30:00,63941.28,65190.1,63868.5,63928.24,12.56306
1781761500000,2026-06-18 05:45:00,63928.25,63992.01,63882.53,63992.01,5.11496
1781762400000,2026-06-18 06:00:00,63992.01,64062.75,63894.0,63952.52,5.34242
1781763300000,2026-06-18 06:15:00,63957.01,63991.52,63850.01,63991.51,4.34512
1781764200000,2026-06-18 06:30:00,63991.51,64099.99,63970.39,64096.23,4.24553
1781765100000,2026-06-18 06:45:00,64096.03,64127.34,64069.21,64116.0,2.59182
1781766000000,2026-06-18 07:00:00,64115.99,64116.0,53135.36,64032.92,7.00338
1781766900000,2026-06-18 07:15:00,64032.93,64310.0,64032.92,64307.17,7.1451
1781767800000,2026-06-18 07:30:00,64305.84,64488.88,64260.71,64437.86,3.92866
1781768700000,2026-06-18 07:45:00,64438.08,64510.45,64428.46,64510.44,12.43445
1781769600000,2026-06-18 08:00:00,64510.45,64624.52,64390.01,64536.0,14.18838
1781770500000,2026-06-18 08:15:00,64535.99,64605.51,64524.0,64586.78,4.58988
1781771400000,2026-06-18 08:30:00,64585.46,64588.0,64523.37,64523.37,8.339
1781772300000,2026-06-18 08:45:00,64523.38,64528.0,64378.25,64381.78,5.35665
1781773200000,2026-06-18 09:00:00,64381.78,64399.93,64314.24,64390.3,4.70239
1781774100000,2026-06-18 09:15:00,64390.31,64478.0,64245.98,64250.01,7.69341
1781775000000,2026-06-18 09:30:00,64248.68,64307.98,64219.67,64282.67,3.95908
1781775900000,2026-06-18 09:45:00,64282.66,64316.01,64196.24,64199.53,4.8699
1781776800000,2026-06-18 10:00:00,64199.53,64199.53,63992.38,64000.01,18.8946
1781777700000,2026-06-18 10:15:00,64000.01,64045.99,63913.95,63965.48,16.36364
1781778600000,2026-06-18 10:30:00,63965.47,64072.6,63956.84,64000.81,15.97077
1781779500000,2026-06-18 10:45:00,64000.82,64314.85,64000.81,64092.01,6.39614
1781780400000,2026-06-18 11:00:00,64092.01,64196.0,64005.12,64030.51,6.50272
1781781300000,2026-06-18 11:15:00,64032.01,64064.01,63912.01,64056.0,7.3681
1781782200000,2026-06-18 11:30:00,64056.0,64078.0,62618.29,63970.0,13.61892
1781783100000,2026-06-18 11:45:00,63969.99,64030.0,62437.72,63974.41,9.54452
1781784000000,2026-06-18 12:00:00,63974.41,64043.43,63922.0,64007.98,10.97335
1781784900000,2026-06-18 12:15:00,64008.51,64186.36,63992.0,64186.36,9.22022
1781785800000,2026-06-18 12:30:00,64186.36,64352.26,64134.0,64262.15,4.17313
1781786700000,2026-06-18 12:45:00,64257.99,64402.01,64257.99,64380.24,5.36622
1781787600000,2026-06-18 13:00:00,64380.24,64445.19,63415.48,64392.23,7.28238
1781788500000,2026-06-18 13:15:00,64392.24,64432.0,64333.17,64364.42,14.47907
1781789400000,2026-06-18 13:30:00,64363.09,64374.01,63879.16,63924.67,16.98859
1781790300000,2026-06-18 13:45:00,63894.0,64136.0,63809.99,63948.84,15.08016
1781791200000,2026-06-18 14:00:00,63948.84,64068.81,63741.99,63750.52,13.53448
1781792100000,2026-06-18 14:15:00,63772.0,64176.0,63726.55,63839.99,14.78019
1781793000000,2026-06-18 14:30:00,63840.0,64062.0,62356.04,63872.0,15.90252
1781793900000,2026-06-18 14:45:00,63872.01,63988.0,61893.76,63846.01,15.63436
1781794800000,2026-06-18 15:00:00,63846.01,63846.01,63568.0,63568.01,12.02174
1781795700000,2026-06-18 15:15:00,63568.0,63750.0,62491.39,63231.99,17.71532
1781796600000,2026-06-18 15:30:00,63231.99,63372.0,62702.51,62806.0,23.68083
1781797500000,2026-06-18 15:45:00,62806.52,62852.0,62335.99,62365.61,26.13265
1781798400000,2026-06-18 16:00:00,62365.61,63767.67,62353.99,62646.01,26.25591
1781799300000,2026-06-18 16:15:00,62646.0,62767.04,61601.26,62589.29,17.29828
1781800200000,2026-06-18 16:30:00,62589.81,62769.86,62518.0,62717.47,9.35938
1781801100000,2026-06-18 16:45:00,62717.48,62814.0,62638.15,62680.0,14.06068
1781802000000,2026-06-18 17:00:00,62680.01,62706.1,62420.01,62509.53,10.1995
1781802900000,2026-06-18 17:15:00,62509.53,62623.2,62283.99,62599.98,14.44574
1781803800000,2026-06-18 17:30:00,62599.99,62742.0,62520.07,62664.39,16.90795
1781804700000,2026-06-18 17:45:00,62664.39,62726.44,62526.0,62609.69,13.60469
1781805600000,2026-06-18 18:00:00,62609.7,64455.21,62597.03,62720.01,17.7774
1781806500000,2026-06-18 18:15:00,62720.0,62956.0,62622.0,62847.63,14.076
1781807400000,2026-06-18 18:30:00,62847.63,62847.63,62684.0,62776.67,11.93731
1781808300000,2026-06-18 18:45:00,62772.01,62883.6,51263.81,62708.93,18.85311
1781809200000,2026-06-18 19:00:00,62708.93,62735.59,62638.01,62680.68,15.55587
1781810100000,2026-06-18 19:15:00,62671.99,62804.0,62657.99,62770.08,6.32913
1781811000000,2026-06-18 19:30:00,62770.6,62974.01,51990.87,62974.01,14.84989
1781811900000,2026-06-18 19:45:00,62974.01,63000.01,62906.0,62955.89,7.47046
1781812800000,2026-06-18 20:00:00,62955.9,65190.1,62955.89,63181.98,7.86457
1781813700000,2026-06-18 20:15:00,63181.99,63258.25,63099.58,63120.0,7.93253
1781814600000,2026-06-18 20:30:00,63118.68,63173.65,63096.91,63133.91,7.83178
1781815500000,2026-06-18 20:45:00,63133.91,63134.43,63056.63,63086.01,5.73565
1781816400000,2026-06-18 21:00:00,63086.01,65237.4,62918.01,62926.2,13.87992
1781817300000,2026-06-18 21:15:00,62920.0,63042.0,62873.65,62962.67,17.84045
1781818200000,2026-06-18 21:30:00,62958.01,62990.72,62881.44,62910.45,4.94854
1781819100000,2026-06-18 21:45:00,62910.43,62999.53,62893.0,62971.33,4.30028
1781820000000,2026-06-18 22:00:00,62971.33,62982.0,52381.5,62921.36,7.11143
1781820900000,2026-06-18 22:15:00,62921.36,62925.56,60021.72,62828.0,6.80772
1781821800000,2026-06-18 22:30:00,62828.0,62846.01,62742.0,62808.09,6.85781
1781822700000,2026-06-18 22:45:00,62812.28,62896.66,62791.99,62885.84,1.93536
1781823600000,2026-06-18 23:00:00,62885.85,62927.99,62761.34,62761.35,4.90041
1781824500000,2026-06-18 23:15:00,62761.34,62878.46,62761.34,62878.46,1.38237
1781825400000,2026-06-18 23:30:00,62878.46,62940.65,62878.46,62914.42,1.31474
1781826300000,2026-06-18 23:45:00,62914.43,62960.95,62861.99,62959.63,2.87796
1781827200000,2026-06-19 00:00:00,62958.65,63394.5,60520.78,62858.84,7.79127
1781828100000,2026-06-19 00:15:00,62859.36,65237.4,60908.35,62930.0,9.48882
1781829000000,2026-06-19 00:30:00,62930.01,63049.18,62930.01,63049.18,1.75944
1781829900000,2026-06-19 00:45:00,63049.17,63086.0,62976.42,62992.01,3.34915
1781830800000,2026-06-19 01:00:00,62992.01,63086.17,62912.0,62928.0,7.24049
1781831700000,2026-06-19 01:15:00,62928.0,63471.64,62920.0,62925.99,10.08362
1781832600000,2026-06-19 01:30:00,62926.0,62950.01,62852.01,62916.0,2.59488
1781833500000,2026-06-19 01:45:00,62916.59,63032.06,61920.29,63021.85,8.01398
1781834400000,2026-06-19 02:00:00,63021.86,63110.28,61716.45,63017.96,5.25424
1781835300000,2026-06-19 02:15:00,63017.95,64952.17,62957.04,62960.83,13.86282
1781836200000,2026-06-19 02:30:00,62960.83,63022.9,62922.0,62944.7,4.69546
1781837100000,2026-06-19 02:45:00,62944.7,63018.9,62893.71,63006.01,10.62523
1781838000000,2026-06-19 03:00:00,63006.01,63026.01,52705.29,62734.87,8.14182
1781838900000,2026-06-19 03:15:00,62734.86,62912.67,62150.84,62834.51,25.7731
1781839800000,2026-06-19 03:30:00,62837.99,62838.0,58803.95,62696.54,17.76101
1781840700000,2026-06-19 03:45:00,62692.05,62812.0,62651.99,62772.35,5.66584
1781841600000,2026-06-19 04:00:00,62772.35,62912.67,62624.0,62869.01,4.59986
1781842500000,2026-06-19 04:15:00,62866.27,62916.66,62720.0,62730.87,5.51417
1781843400000,2026-06-19 04:30:00,62728.68,62728.68,62542.0,62600.53,6.49231
1781844300000,2026-06-19 04:45:00,62605.99,62675.99,62414.01,62452.0,12.28854
1781845200000,2026-06-19 05:00:00,62452.0,62669.61,62452.0,62669.23,8.60877
1781846100000,2026-06-19 05:15:00,62670.0,62670.0,62582.0,62599.59,7.77084
1781847000000,2026-06-19 05:30:00,62616.0,62670.89,62577.99,62650.43,6.57789
1781847900000,2026-06-19 05:45:00,62650.43,62744.0,62650.43,62734.86,4.64228
1781848800000,2026-06-19 06:00:00,62739.21,62843.89,62728.0,62843.89,5.30612
1781849700000,2026-06-19 06:15:00,62844.0,62850.59,62762.36,62839.38,9.22831
1781850600000,2026-06-19 06:30:00,62839.38,62880.0,62734.34,62823.99,4.5887
1781851500000,2026-06-19 06:45:00,62824.0,62914.73,61113.7,62906.73,7.8437
1781852400000,2026-06-19 07:00:00,62906.74,62917.32,62780.01,62780.01,3.40287
1781853300000,2026-06-19 07:15:00,62780.01,62829.58,62728.0,62736.02,5.58578
1781854200000,2026-06-19 07:30:00,62736.01,62818.03,62504.27,62508.75,8.44337
1781855100000,2026-06-19 07:45:00,62508.75,62678.01,62508.74,62627.99,8.38047
1781856000000,2026-06-19 08:00:00,62628.0,62671.57,62562.72,62658.0,9.13184
1781856900000,2026-06-19 08:15:00,62671.99,62716.0,62612.87,62662.0,6.30845
1781857800000,2026-06-19 08:30:00,62661.99,62782.0,62586.0,62663.4,8.42607
1781858700000,2026-06-19 08:45:00,62663.4,62668.67,62578.53,62584.0,8.66793
1781859600000,2026-06-19 09:00:00,62584.01,62641.99,62337.62,62427.0,9.61291
1781860500000,2026-06-19 09:15:00,62436.01,62476.91,62316.44,62385.24,8.38439
1781861400000,2026-06-19 09:30:00,62385.25,62498.0,62383.68,62427.0,10.87389
1781862300000,2026-06-19 09:45:00,62422.01,62427.76,62353.44,62396.37,7.13585
1781863200000,2026-06-19 10:00:00,62396.38,62559.0,62392.0,62559.0,11.82818
1781864100000,2026-06-19 10:15:00,62559.0,62559.01,62431.99,62506.03,7.74619
1781865000000,2026-06-19 10:30:00,62504.71,62504.71,62415.8,62417.99,4.74041
1781865900000,2026-06-19 10:45:00,62418.0,62587.26,62059.51,62533.24,27.67133
1781866800000,2026-06-19 11:00:00,62533.25,62565.71,62460.0,62502.0,20.70072
1781867700000,2026-06-19 11:15:00,62502.0,62674.01,62464.0,62648.0,11.28719
1781868600000,2026-06-19 11:30:00,62648.0,62678.04,62592.0,62659.99,8.94329
1781869500000,2026-06-19 11:45:00,62663.99,62797.66,62604.01,62625.99,12.10782
1781870400000,2026-06-19 12:00:00,62626.0,62687.98,62605.49,62631.61,4.83897
1781871300000,2026-06-19 12:15:00,62631.6,62631.61,62493.07,62562.01,3.77601
1781872200000,2026-06-19 12:30:00,62562.0,62587.27,62400.0,62524.37,7.99125
1781873100000,2026-06-19 12:45:00,62523.63,62861.52,62353.01,62829.99,14.36652
1781874000000,2026-06-19 13:00:00,62830.0,62975.6,62768.0,62797.82,11.24645
1781874900000,2026-06-19 13:15:00,62794.01,62801.9,62679.99,62788.0,11.61888
1781875800000,2026-06-19 13:30:00,62788.52,63293.14,62767.99,63093.49,11.34538
1781876700000,2026-06-19 13:45:00,63093.48,63333.51,63091.99,63211.39,11.85621
1781877600000,2026-06-19 14:00:00,63211.4,63258.0,63047.41,63074.52,12.09407
1781878500000,2026-06-19 14:15:00,63090.0,63288.6,63016.0,63277.13,14.4675
1781879400000,2026-06-19 14:30:00,63277.19,63403.01,63176.91,63320.11,8.02443
1781880300000,2026-06-19 14:45:00,63311.45,63350.0,63200.0,63208.72,10.6108
1781881200000,2026-06-19 15:00:00,63208.73,63253.56,63118.0,63175.49,7.47945
1781882100000,2026-06-19 15:15:00,63175.49,63202.5,63025.06,63054.81,12.13265
1781883000000,2026-06-19 15:30:00,63054.8,63283.86,63054.8,63252.16,10.32473
1781883900000,2026-06-19 15:45:00,63252.16,63280.0,63197.38,63209.06,10.497
1781884800000,2026-06-19 16:00:00,63209.06,63387.8,63094.0,63387.8,12.38812
1781885700000,2026-06-19 16:15:00,63387.33,63387.33,63264.01,63319.0,14.7649
1781886600000,2026-06-19 16:30:00,63319.0,63374.16,63244.01,63244.01,15.64304
1781887500000,2026-06-19 16:45:00,63244.01,63244.01,62935.09,62955.74,16.30294
1781888400000,2026-06-19 17:00:00,62955.74,63020.0,62905.99,62999.99,16.7087
1781889300000,2026-06-19 17:15:00,63000.0,63118.0,62870.15,62910.0,12.55603
1781890200000,2026-06-19 17:30:00,62910.01,63108.32,62910.0,63100.0,17.21272
1781891100000,2026-06-19 17:45:00,63100.0,63557.55,63043.99,63214.0,21.0348
1781892000000,2026-06-19 18:00:00,63214.01,63214.01,52670.03,63158.0,27.58656
1781892900000,2026-06-19 18:15:00,63158.0,63219.06,63112.29,63116.01,12.74057
1781893800000,2026-06-19 18:30:00,63114.68,63179.72,62991.37,63040.52,17.88246
1781894700000,2026-06-19 18:45:00,63051.99,63122.36,63016.0,63110.0,15.48123
1781895600000,2026-06-19 19:00:00,63110.01,63244.47,53055.65,63052.69,14.573
1781896500000,2026-06-19 19:15:00,63052.7,63056.59,62942.0,62999.99,5.49815
1781897400000,2026-06-19 19:30:00,62999.98,63023.91,62960.43,63005.58,12.57615
1781898300000,2026-06-19 19:45:00,63004.29,63133.45,62991.99,63014.89,10.06115
1781899200000,2026-06-19 20:00:00,63014.9,63079.99,63013.25,63071.76,4.37417
1781900100000,2026-06-19 20:15:00,63072.0,63072.0,62958.6,63070.52,3.17439
1781901000000,2026-06-19 20:30:00,63076.73,63098.01,63027.24,63085.3,4.28227
1781901900000,2026-06-19 20:45:00,63089.8,63264.01,63089.8,63254.01,7.38635
1781902800000,2026-06-19 21:00:00,63254.01,63272.82,52991.99,63265.99,13.53289
1781903700000,2026-06-19 21:15:00,63266.0,63266.0,63156.77,63156.78,6.53163
1781904600000,2026-06-19 21:30:00,63156.78,63430.66,63093.27,63093.27,4.89471
1781905500000,2026-06-19 21:45:00,63087.54,63132.0,60096.4,63075.98,20.87463
1781906400000,2026-06-19 22:00:00,63075.99,63109.93,63048.01,63096.52,6.44928
1781907300000,2026-06-19 22:15:00,63097.99,63300.0,63097.99,63270.01,3.77371
1781908200000,2026-06-19 22:30:00,63270.01,63338.0,63232.71,63324.0,7.03694
1781909100000,2026-06-19 22:45:00,63323.96,63369.48,63302.0,63310.0,5.32375
1781910000000,2026-06-19 23:00:00,63310.01,63339.94,63276.41,63276.42,2.67422
1781910900000,2026-06-19 23:15:00,63276.42,63510.76,63247.47,63322.64,13.08038
1781911800000,2026-06-19 23:30:00,63322.64,63360.48,63302.22,63323.02,4.5231
1781912700000,2026-06-19 23:45:00,63323.01,63648.41,63300.0,63549.54,11.62892
1781913600000,2026-06-20 00:00:00,63549.55,63604.14,63470.0,63522.52,28.01082
1781914500000,2026-06-20 00:15:00,63523.99,63634.01,63347.49,63618.0,13.14385
1781915400000,2026-06-20 00:30:00,63618.0,63774.0,63536.12,63607.29,11.13512
1781916300000,2026-06-20 00:45:00,63607.31,63608.0,63517.03,63530.0,8.04105
1781917200000,2026-06-20 01:00:00,63530.0,63540.0,63429.65,63447.12,3.09416
1781918100000,2026-06-20 01:15:00,63450.0,63517.99,63404.0,63517.99,5.42381
1781919000000,2026-06-20 01:30:00,63518.0,63616.23,63511.19,63563.99,9.24609
1781919900000,2026-06-20 01:45:00,63564.0,63592.35,63549.74,63577.68,10.00904
1781920800000,2026-06-20 02:00:00,63577.69,63577.69,63091.63,63470.17,4.44166
1781921700000,2026-06-20 02:15:00,63475.99,63475.99,61415.0,63399.35,4.94473
1781922600000,2026-06-20 02:30:00,63399.34,63492.01,63365.36,63404.0,4.51209
1781923500000,2026-06-20 02:45:00,63404.0,63432.77,63341.49,63341.49,3.61949
1781924400000,2026-06-20 03:00:00,63341.5,63380.01,63327.99,63347.97,2.85951
1781925300000,2026-06-20 03:15:00,63347.97,63452.67,63347.96,63443.93,2.09205
1781926200000,2026-06-20 03:30:00,63443.94,63508.38,63418.0,63493.12,4.48882
1781927100000,2026-06-20 03:45:00,63491.13,63502.01,63434.88,63476.09,2.15824
1781928000000,2026-06-20 04:00:00,63476.09,63476.09,63402.0,63418.67,2.57168
1781928900000,2026-06-20 04:15:00,63412.53,63569.43,63412.53,63568.82,4.35366
1781929800000,2026-06-20 04:30:00,63568.81,63613.58,63516.8,63605.78,3.99371
1781930700000,2026-06-20 04:45:00,63606.0,63606.0,63542.01,63578.87,3.22818
1781931600000,2026-06-20 05:00:00,63578.87,63858.95,63543.46,63815.99,8.93673
1781932500000,2026-06-20 05:15:00,63814.67,63830.79,63633.11,63633.12,15.13888
1781933400000,2026-06-20 05:30:00,63633.64,63718.66,63633.64,63637.22,2.76974
1781934300000,2026-06-20 05:45:00,63637.23,63698.01,63586.7,63678.08,6.78801
1781935200000,2026-06-20 06:00:00,63678.08,63704.88,63644.0,63667.98,4.89637
1781936100000,2026-06-20 06:15:00,63667.99,63755.61,63640.36,63699.99,3.33401
1781937000000,2026-06-20 06:30:00,63700.0,63752.44,63694.0,63752.43,2.97192
1781937900000,2026-06-20 06:45:00,63752.44,63761.99,63726.15,63745.91,2.59545
1781938800000,2026-06-20 07:00:00,63745.91,63745.91,63594.37,63659.73,6.96747
1781939700000,2026-06-20 07:15:00,63661.85,63786.0,63661.85,63762.0,3.42235
1781940600000,2026-06-20 07:30:00,63762.0,63800.0,63716.01,63752.68,13.05797
1781941500000,2026-06-20 07:45:00,63752.68,63760.0,63657.43,63657.43,9.86737
1781942400000,2026-06-20 08:00:00,63650.25,64405.27,63527.99,63542.53,9.22938
1781943300000,2026-06-20 08:15:00,63545.99,63574.18,63474.59,63484.46,3.84195
1781944200000,2026-06-20 08:30:00,63487.77,63491.83,63432.01,63448.53,4.15065
1781945100000,2026-06-20 08:45:00,63449.39,63456.0,63396.53,63417.98,4.86287
1781946000000,2026-06-20 09:00:00,63417.98,63530.34,63417.98,63520.01,6.28123
1781946900000,2026-06-20 09:15:00,63520.0,63579.86,63514.13,63565.36,4.10309
1781947800000,2026-06-20 09:30:00,63565.35,64878.67,63559.0,63700.02,7.01826
1781948700000,2026-06-20 09:45:00,63700.02,63780.0,63640.01,63738.0,6.85424
1781949600000,2026-06-20 10:00:00,63738.01,63776.01,63690.0,63692.0,6.61581
1781950500000,2026-06-20 10:15:00,63692.01,63721.89,63646.01,63678.64,4.12812
1781951400000,2026-06-20 10:30:00,63678.64,63681.85,63592.44,63598.0,2.58481
1781952300000,2026-06-20 10:45:00,63598.0,63678.0,63597.99,63672.6,8.67359
1781953200000,2026-06-20 11:00:00,63672.6,63713.06,63620.74,63667.35,4.95844
1781954100000,2026-06-20 11:15:00,63667.36,63732.81,63666.05,63700.8,47.75015
1781955000000,2026-06-20 11:30:00,63700.8,63964.23,63687.26,63732.01,17.66539
1781955900000,2026-06-20 11:45:00,63732.0,63795.57,63687.99,63688.01,4.86483
1781956800000,2026-06-20 12:00:00,63688.01,63783.78,63680.83,63750.53,7.7886
1781957700000,2026-06-20 12:15:00,63753.9,63762.0,63702.66,63734.53,3.79336
1781958600000,2026-06-20 12:30:00,63736.15,63748.01,61147.9,63625.9,5.37533
1781959500000,2026-06-20 12:45:00,63625.91,63655.39,63545.99,63655.1,4.09384
1781960400000,2026-06-20 13:00:00,63655.1,63655.1,63590.91,63590.91,4.10603
1781961300000,2026-06-20 13:15:00,63586.01,63621.67,63287.99,63337.98,12.23696
1781962200000,2026-06-20 13:30:00,63337.99,63464.35,63337.98,63446.14,9.31383
1781963100000,2026-06-20 13:45:00,63449.99,63491.67,63380.0,63428.61,4.40622
1781964000000,2026-06-20 14:00:00,63428.62,63428.62,63190.56,63204.01,11.60236
1781964900000,2026-06-20 14:15:00,63204.01,63365.97,63204.01,63365.97,10.99348
1781965800000,2026-06-20 14:30:00,63369.99,63474.18,63348.61,63474.17,9.99372
1781966700000,2026-06-20 14:45:00,63474.7,64328.08,53777.78,63960.99,39.99428
1781967600000,2026-06-20 15:00:00,63961.0,64046.0,63843.73,64001.99,10.77618
1781968500000,2026-06-20 15:15:00,64001.99,64366.79,63200.0,64185.97,21.5017
1781969400000,2026-06-20 15:30:00,64185.99,64200.0,64081.65,64118.48,12.1158
1781970300000,2026-06-20 15:45:00,64116.9,64200.0,64078.22,64119.57,11.70119
1781971200000,2026-06-20 16:00:00,64119.57,64154.42,63818.48,63986.73,11.31356
1781972100000,2026-06-20 16:15:00,63986.73,64100.0,63986.73,64001.77,17.58888
1781973000000,2026-06-20 16:30:00,64001.77,64054.96,63902.57,63998.91,4.46514
1781973900000,2026-06-20 16:45:00,63998.91,64044.01,63961.86,64021.31,7.34987
1781974800000,2026-06-20 17:00:00,64021.31,64021.32,63894.56,63956.0,9.81098
1781975700000,2026-06-20 17:15:00,63955.99,63956.0,63872.47,63926.16,11.38093
1781976600000,2026-06-20 17:30:00,63926.16,64028.8,63752.48,63863.7,7.24504
1781977500000,2026-06-20 17:45:00,63863.7,63875.84,63814.01,63848.0,2.74665
1781978400000,2026-06-20 18:00:00,63848.01,63928.0,63804.0,63828.68,5.765
1781979300000,2026-06-20 18:15:00,63828.0,63882.77,63828.0,63864.52,2.47941
1781980200000,2026-06-20 18:30:00,63866.0,63888.2,63790.86,63812.0,3.292
1781981100000,2026-06-20 18:45:00,63812.0,63836.98,63788.01,63804.0,4.49434
1781982000000,2026-06-20 19:00:00,63804.0,63924.0,63798.0,63897.99,23.31215
1781982900000,2026-06-20 19:15:00,63898.52,63932.86,63858.15,63865.99,7.37395
1781983800000,2026-06-20 19:30:00,63866.0,63967.99,63844.0,63939.2,5.23406
1781984700000,2026-06-20 19:45:00,63939.73,63952.0,63921.2,63935.99,2.11348
1781985600000,2026-06-20 20:00:00,63936.0,63978.89,63924.18,63974.06,4.93783
1781986500000,2026-06-20 20:15:00,63972.74,63976.0,63905.15,63905.68,9.71527
1781987400000,2026-06-20 20:30:00,63908.0,63918.0,63853.31,63874.9,3.54287
1781988300000,2026-06-20 20:45:00,63874.89,63934.0,63874.89,63912.49,3.86015
1781989200000,2026-06-20 21:00:00,63912.49,64042.0,53135.36,63990.5,14.97189
1781990100000,2026-06-20 21:15:00,63989.17,63989.17,63924.09,63932.89,3.39591
1781991000000,2026-06-20 21:30:00,63932.89,64037.09,63918.29,64032.01,11.47433
1781991900000,2026-06-20 21:45:00,64030.68,64085.35,63997.99,64008.61,10.43144
1781992800000,2026-06-20 22:00:00,64012.4,64158.79,63978.12,64130.01,9.72313
1781993700000,2026-06-20 22:15:00,64128.68,64314.84,64070.89,64296.01,12.583
1781994600000,2026-06-20 22:30:00,64296.01,64312.01,64264.0,64310.0,20.11589
1781995500000,2026-06-20 22:45:00,64310.0,64319.54,64188.0,64298.19,10.8363
1781996400000,2026-06-20 23:00:00,64298.19,64298.19,63347.49,64266.5,11.72369
1781997300000,2026-06-20 23:15:00,64266.5,64316.1,64260.58,64273.68,1.84582
1781998200000,2026-06-20 23:30:00,64273.68,64330.89,64256.22,64330.89,2.28047
1781999100000,2026-06-20 23:45:00,64330.88,64336.91,64280.0,64321.98,7.73214
1782000000000,2026-06-21 00:00:00,64321.99,64321.99,64242.16,64268.1,4.67266
1782000900000,2026-06-21 00:15:00,64268.1,64688.62,64237.31,64272.42,2.79982
1782001800000,2026-06-21 00:30:00,64272.42,64314.0,64248.0,64286.0,4.31536
1782002700000,2026-06-21 00:45:00,64286.0,64318.0,64251.92,64294.0,5.05169
1782003600000,2026-06-21 01:00:00,64294.0,64317.32,64250.31,64250.31,3.15662
1782004500000,2026-06-21 01:15:00,64250.32,64253.96,64237.99,64237.99,0.09745
1782005400000,2026-06-21 01:30:00,64237.99,64290.01,64209.85,64253.48,2.30415
1782006300000,2026-06-21 01:45:00,64253.49,64323.68,64250.0,64264.0,4.28931
1782007200000,2026-06-21 02:00:00,64264.01,64264.01,64226.7,64263.37,3.16826
1782008100000,2026-06-21 02:15:00,64263.38,64263.38,64222.83,64230.43,1.32762
1782009000000,2026-06-21 02:30:00,64230.44,64265.19,64223.02,64232.66,1.60348
1782009900000,2026-06-21 02:45:00,64237.78,64275.12,64237.77,64241.25,0.96925
1782010800000,2026-06-21 03:00:00,64241.26,64297.75,64234.0,64292.1,1.68833
1782011700000,2026-06-21 03:15:00,64297.51,64514.35,64284.98,64357.34,8.74666
1782012600000,2026-06-21 03:30:00,64357.33,64462.0,64306.0,64462.0,3.69712
1782013500000,2026-06-21 03:45:00,64452.01,64457.38,64409.85,64419.7,5.59119
1782014400000,2026-06-21 04:00:00,64428.0,64432.0,64382.93,64404.45,4.50632
1782015300000,2026-06-21 04:15:00,64406.22,64595.0,64406.22,64538.37,6.38549
1782016200000,2026-06-21 04:30:00,64530.0,64570.0,64491.14,64507.14,2.40808
1782017100000,2026-06-21 04:45:00,64505.81,64505.81,64269.47,64276.11,6.31697
1782018000000,2026-06-21 05:00:00,64276.12,64305.56,64243.01,64243.01,2.87681
1782018900000,2026-06-21 05:15:00,64238.01,64302.0,64225.64,64302.0,2.72283
1782019800000,2026-06-21 05:30:00,64301.99,64365.43,64293.0,64309.32,2.38322
1782020700000,2026-06-21 05:45:00,64306.38,64306.39,64238.1,64256.55,2.54198
1782021600000,2026-06-21 06:00:00,64256.56,64259.54,64200.35,64216.01,3.72655
1782022500000,2026-06-21 06:15:00,64216.0,64287.49,64214.0,64287.48,1.71135
1782023400000,2026-06-21 06:30:00,64292.01,64323.99,64263.54,64316.7,2.36857
1782024300000,2026-06-21 06:45:00,64314.0,64319.01,64294.0,64294.0,0.34645
1782025200000,2026-06-21 07:00:00,64294.01,64303.47,64252.47,64258.01,2.00587
1782026100000,2026-06-21 07:15:00,64258.0,64274.01,64176.59,64177.12,3.02216
1782027000000,2026-06-21 07:30:00,64179.45,64237.88,64173.08,64220.0,4.146
1782027900000,2026-06-21 07:45:00,64220.53,64259.67,64179.22,64200.0,1.85381
1782028800000,2026-06-21 08:00:00,64200.0,64228.0,64119.51,64129.72,5.53712
1782029700000,2026-06-21 08:15:00,64128.01,64128.01,64053.18,64053.19,7.68698
1782030600000,2026-06-21 08:30:00,64053.18,64067.62,63900.17,63977.8,8.20634
1782031500000,2026-06-21 08:45:00,63978.32,64050.11,63923.0,64009.99,7.15806
1782032400000,2026-06-21 09:00:00,64010.0,64023.13,63961.68,63976.0,14.4601
1782033300000,2026-06-21 09:15:00,63976.0,64195.02,63961.28,64050.0,9.80908
1782034200000,2026-06-21 09:30:00,64050.01,64246.0,64050.0,64130.0,10.31146
1782035100000,2026-06-21 09:45:00,64130.0,64230.0,64120.0,64208.0,6.63944
1782036000000,2026-06-21 10:00:00,64208.0,64286.19,64204.0,64282.0,5.25379
1782036900000,2026-06-21 10:15:00,64280.68,64382.0,64251.99,64312.0,7.98893
1782037800000,2026-06-21 10:30:00,64312.0,64383.99,64304.0,64343.67,6.19002
1782038700000,2026-06-21 10:45:00,64349.99,64745.51,64333.99,64361.97,5.28817
1782039600000,2026-06-21 11:00:00,64361.98,64479.74,64348.04,64429.49,5.69066
1782040500000,2026-06-21 11:15:00,64428.16,64428.16,64161.85,64396.97,6.00156
1782041400000,2026-06-21 11:30:00,64397.55,64397.55,64239.97,64287.99,5.60061
1782042300000,2026-06-21 11:45:00,64287.99,64293.65,64121.99,64161.54,7.06178
1782043200000,2026-06-21 12:00:00,64161.55,64494.48,64070.99,64077.99,6.47711
1782044100000,2026-06-21 12:15:00,64077.99,66042.79,63994.01,64006.01,10.69722
1782045000000,2026-06-21 12:30:00,64006.0,64085.99,63958.08,64066.0,8.46589
1782045900000,2026-06-21 12:45:00,64065.99,64217.99,64054.36,64200.0,4.4212
1782046800000,2026-06-21 13:00:00,64200.01,64200.01,64115.81,64130.0,3.80924
1782047700000,2026-06-21 13:15:00,64128.68,64180.0,64121.98,64163.99,1.27859
1782048600000,2026-06-21 13:30:00,64164.0,64167.73,64020.01,64049.99,4.74673
1782049500000,2026-06-21 13:45:00,64049.99,64146.0,64045.02,64145.99,4.71459
1782050400000,2026-06-21 14:00:00,64146.0,64154.0,64066.0,64076.0,10.32176
1782051300000,2026-06-21 14:15:00,64075.99,64090.0,64021.11,64033.99,16.12927
1782052200000,2026-06-21 14:30:00,64034.0,64083.85,64004.0,64053.24,3.71539
1782053100000,2026-06-21 14:45:00,64053.25,64212.85,64011.47,64144.67,6.15143
1782054000000,2026-06-21 15:00:00,64144.67,64300.0,64120.0,64206.82,10.91912
1782054900000,2026-06-21 15:15:00,64206.81,64272.0,64190.0,64260.97,6.12759
1782055800000,2026-06-21 15:30:00,64260.97,64323.3,64194.01,64301.87,6.39306
1782056700000,2026-06-21 15:45:00,64301.87,64314.49,64224.0,64224.0,8.5363
1782057600000,2026-06-21 16:00:00,64224.01,64248.01,62706.29,64135.35,11.94768
1782058500000,2026-06-21 16:15:00,64135.35,64240.01,64122.51,64176.43,12.15278
1782059400000,2026-06-21 16:30:00,64176.42,64186.6,64049.0,64112.01,7.87767
1782060300000,2026-06-21 16:45:00,64112.01,64208.0,64112.0,64145.31,14.27018
1782061200000,2026-06-21 17:00:00,64145.32,64221.44,64118.87,64210.17,7.04193
1782062100000,2026-06-21 17:15:00,64210.17,64210.17,64104.6,64104.6,7.63883
1782063000000,2026-06-21 17:30:00,64104.59,64129.47,64080.0,64128.55,2.17733
1782063900000,2026-06-21 17:45:00,64128.55,64192.95,64128.55,64151.47,2.61334
1782064800000,2026-06-21 18:00:00,64151.47,64157.89,63967.18,64010.0,5.66422
1782065700000,2026-06-21 18:15:00,64010.0,64060.0,64002.01,64042.0,7.91097
1782066600000,2026-06-21 18:30:00,64042.0,64238.0,64038.37,64187.5,13.0363
1782067500000,2026-06-21 18:45:00,64187.5,64212.0,64142.18,64190.01,7.44738
1782068400000,2026-06-21 19:00:00,64190.01,64298.84,64168.73,64229.0,6.79987
1782069300000,2026-06-21 19:15:00,64229.01,64240.0,64199.11,64219.39,3.51503
1782070200000,2026-06-21 19:30:00,64219.38,64240.0,64178.05,64205.67,2.86327
1782071100000,2026-06-21 19:45:00,64205.67,64231.44,64182.59,64207.13,2.70366
1782072000000,2026-06-21 20:00:00,64207.13,64267.66,62935.74,64166.0,9.50777
1782072900000,2026-06-21 20:15:00,64165.99,64166.01,64066.66,64109.66,3.82129
1782073800000,2026-06-21 20:30:00,64109.65,64126.0,63962.65,63975.5,5.62735
1782074700000,2026-06-21 20:45:00,63975.49,64075.41,63712.0,63833.24,14.16741
1782075600000,2026-06-21 21:00:00,63833.24,64139.58,63548.74,63630.43,9.34008
1782076500000,2026-06-21 21:15:00,63630.43,63868.87,63520.0,63710.45,13.57195
1782077400000,2026-06-21 21:30:00,63710.44,63965.89,63708.01,63887.15,11.91512
1782078300000,2026-06-21 21:45:00,63887.16,63929.73,63844.01,63858.01,12.38346
1782079200000,2026-06-21 22:00:00,63858.01,64229.6,53260.17,63632.71,17.00174
1782080100000,2026-06-21 22:15:00,63632.7,63776.0,63632.7,63710.99,19.17868
1782081000000,2026-06-21 22:30:00,63710.98,63710.99,63586.0,63674.0,13.54057
1782081900000,2026-06-21 22:45:00,63674.01,63854.39,63674.0,63801.6,28.82105
1782082800000,2026-06-21 23:00:00,63801.6,63801.6,63618.1,63706.35,12.23814
1782083700000,2026-06-21 23:15:00,63706.35,63794.38,63632.25,63632.78,17.83503
1782084600000,2026-06-21 23:30:00,63642.0,63659.52,63305.32,63305.32,26.32758
1782085500000,2026-06-21 23:45:00,63305.32,63387.39,63286.31,63304.01,10.47267
1782086400000,2026-06-22 00:00:00,63304.01,63658.71,62934.94,63513.99,23.09742
1782087300000,2026-06-22 00:15:00,63513.99,63757.22,63500.0,63720.0,43.19812
1782088200000,2026-06-22 00:30:00,63720.0,64140.03,63711.99,63923.41,16.17682
1782089100000,2026-06-22 00:45:00,63923.4,64002.39,61309.07,63902.68,10.93158
1782090000000,2026-06-22 01:00:00,63896.01,64040.74,63868.0,63881.99,9.75841
1782090900000,2026-06-22 01:15:00,63882.0,65825.89,63882.0,64620.1,36.76681
1782091800000,2026-06-22 01:30:00,64620.62,64706.0,64379.66,64520.54,12.90946
1782092700000,2026-06-22 01:45:00,64520.55,64696.0,64486.0,64607.27,7.80249
1782093600000,2026-06-22 02:00:00,64607.27,64646.01,64518.0,64574.0,11.07796
1782094500000,2026-06-22 02:15:00,64574.0,64641.26,64512.0,64548.68,6.09851
1782095400000,2026-06-22 02:30:00,64544.0,64580.01,64469.51,64497.48,10.0684
1782096300000,2026-06-22 02:45:00,64497.48,64497.48,64259.3,64266.68,6.04969
1782097200000,2026-06-22 03:00:00,64258.0,64258.0,63946.27,64052.01,11.22673
1782098100000,2026-06-22 03:15:00,64052.0,64436.04,64052.0,64276.2,8.34536
1782099000000,2026-06-22 03:30:00,64282.0,64411.33,64166.67,64170.01,6.9637
1782099900000,2026-06-22 03:45:00,64170.0,64208.0,63919.96,63978.68,6.2203
1782100800000,2026-06-22 04:00:00,63974.01,64014.61,63899.21,63970.01,6.57991
1782101700000,2026-06-22 04:15:00,63970.0,64016.0,63902.0,63972.67,12.54477
1782102600000,2026-06-22 04:30:00,63968.88,64058.0,63161.99,63958.55,9.38912
1782103500000,2026-06-22 04:45:00,63958.55,64116.44,63958.54,64105.87,19.68609
1782104400000,2026-06-22 05:00:00,64100.02,64298.0,64089.69,64297.99,6.28351
1782105300000,2026-06-22 05:15:00,64298.0,64298.01,64217.99,64235.25,5.37538
1782106200000,2026-06-22 05:30:00,64235.25,64322.01,64180.0,64263.89,6.8886
1782107100000,2026-06-22 05:45:00,64263.9,64263.9,64190.0,64240.04,2.68095
1782108000000,2026-06-22 06:00:00,64247.75,64318.77,64150.0,64224.83,11.48558
1782108900000,2026-06-22 06:15:00,64224.83,64231.21,64091.93,64123.99,12.44044
1782109800000,2026-06-22 06:30:00,64123.99,64145.18,64004.12,64018.16,23.55039
1782110700000,2026-06-22 06:45:00,64018.16,64045.82,63949.2,63989.96,6.82656
1782111600000,2026-06-22 07:00:00,63989.96,64369.01,63968.23,64212.68,12.41417
1782112500000,2026-06-22 07:15:00,64212.01,64296.0,64209.71,64263.29,13.72036
1782113400000,2026-06-22 07:30:00,64262.57,64366.01,64246.13,64255.81,13.68352
1782114300000,2026-06-22 07:45:00,64255.82,64270.0,64169.99,64211.2,5.64144
1782115200000,2026-06-22 08:00:00,64211.2,64308.0,64110.0,64308.0,8.28595
1782116100000,2026-06-22 08:15:00,64307.99,64344.64,63161.99,64188.26,6.59404
1782117000000,2026-06-22 08:30:00,64188.26,64266.0,64044.0,64266.0,9.80568
1782117900000,2026-06-22 08:45:00,64266.0,64334.78,64106.01,64165.99,5.86571
1782118800000,2026-06-22 09:00:00,64166.0,64256.2,64148.0,64186.0,8.52464
1782119700000,2026-06-22 09:15:00,64186.0,64200.0,64094.0,64117.99,3.25218
1782120600000,2026-06-22 09:30:00,64116.81,64180.76,64054.53,64127.89,7.21752
1782121500000,2026-06-22 09:45:00,64127.89,64145.17,64094.3,64130.53,3.76038
1782122400000,2026-06-22 10:00:00,64146.0,64270.22,64130.0,64214.01,7.24635
1782123300000,2026-06-22 10:15:00,64214.01,64239.03,64142.4,64174.68,3.77905
1782124200000,2026-06-22 10:30:00,64174.2,64196.55,64068.3,64068.83,3.36627
1782125100000,2026-06-22 10:45:00,64072.65,64173.63,64072.64,64139.21,3.52709
1782126000000,2026-06-22 11:00:00,64139.21,64503.7,64097.08,64310.03,8.9513
1782126900000,2026-06-22 11:15:00,64310.03,64449.07,64234.37,64359.15,7.33014
1782127800000,2026-06-22 11:30:00,64359.15,64743.43,64359.14,64617.74,11.88527
1782128700000,2026-06-22 11:45:00,64620.0,64768.46,64568.0,64654.53,16.57204
1782129600000,2026-06-22 12:00:00,64657.22,64787.98,64607.0,64761.2,16.51309
1782130500000,2026-06-22 12:15:00,64761.2,64980.69,64695.04,64939.98,7.07698
1782131400000,2026-06-22 12:30:00,64939.98,65168.01,53777.78,65066.0,57.0571
1782132300000,2026-06-22 12:45:00,65066.0,65202.0,64990.01,65158.91,14.79136
1782133200000,2026-06-22 13:00:00,65149.58,65194.06,65039.49,65146.0,18.72415
1782134100000,2026-06-22 13:15:00,65146.01,65155.78,64955.62,64986.25,8.43127
1782135000000,2026-06-22 13:30:00,64994.0,65446.23,64993.99,65412.32,22.93773
1782135900000,2026-06-22 13:45:00,65412.32,65574.9,65238.53,65574.9,12.40797
1782136800000,2026-06-22 14:00:00,65574.9,65673.96,64090.02,65287.3,18.75099
1782137700000,2026-06-22 14:15:00,65287.31,65301.98,64975.31,64975.31,13.64911
1782138600000,2026-06-22 14:30:00,64970.59,65070.47,64869.92,64925.99,13.12698
1782139500000,2026-06-22 14:45:00,64926.0,65154.61,64857.99,64980.38,11.26322
1782140400000,2026-06-22 15:00:00,64980.39,65122.69,64925.99,65089.92,12.47667
1782141300000,2026-06-22 15:15:00,65089.93,65100.76,64956.01,65022.0,16.02839
1782142200000,2026-06-22 15:30:00,65045.99,65119.39,65016.7,65070.0,11.686
1782143100000,2026-06-22 15:45:00,65069.99,65070.74,64765.22,64836.94,19.20572
1782144000000,2026-06-22 16:00:00,64836.95,65030.12,64663.4,64730.01,13.11899
1782144900000,2026-06-22 16:15:00,64730.0,64789.0,64664.94,64688.71,5.93348
1782145800000,2026-06-22 16:30:00,64688.7,64688.71,64548.33,64575.99,5.7341
1782146700000,2026-06-22 16:45:00,64575.99,64780.66,64519.0,64719.77,8.05296
1782147600000,2026-06-22 17:00:00,64719.77,64763.99,64629.74,64669.65,8.28895
1782148500000,2026-06-22 17:15:00,64669.65,64696.3,64529.52,64529.53,10.48557
1782149400000,2026-06-22 17:30:00,64529.52,65462.42,64393.99,64410.48,15.71994
1782150300000,2026-06-22 17:45:00,64410.48,64648.0,64410.45,64602.01,11.93092
1782151200000,2026-06-22 18:00:00,64602.01,64807.4,64602.0,64673.83,18.16916
1782152100000,2026-06-22 18:15:00,64673.82,64720.77,64569.88,64594.99,11.7119
1782153000000,2026-06-22 18:30:00,64595.99,64617.44,64498.2,64498.2,6.87057
1782153900000,2026-06-22 18:45:00,64498.2,64520.0,64319.2,64325.67,11.49696
1782154800000,2026-06-22 19:00:00,64330.54,64421.66,64314.0,64421.65,8.81492
1782155700000,2026-06-22 19:15:00,64421.66,64430.98,64296.83,64347.77,8.02484
1782156600000,2026-06-22 19:30:00,64347.77,64450.0,64346.06,64400.92,7.3664
1782157500000,2026-06-22 19:45:00,64400.92,64499.1,64276.0,64499.09,6.38982
1782158400000,2026-06-22 20:00:00,64499.1,64658.17,64479.99,64524.01,9.44111
1782159300000,2026-06-22 20:15:00,64524.01,64540.01,64356.95,64401.87,3.73112
1782160200000,2026-06-22 20:30:00,64410.44,64501.91,64410.44,64492.8,6.6741
1782161100000,2026-06-22 20:45:00,64492.79,64492.8,64400.0,64433.79,6.86055
1782162000000,2026-06-22 21:00:00,64433.8,64477.09,64398.16,64398.16,10.26619
1782162900000,2026-06-22 21:15:00,64398.17,64398.17,53777.77,64296.98,15.69017
1782163800000,2026-06-22 21:30:00,64296.97,64318.0,64149.81,64182.86,6.21129
1782164700000,2026-06-22 21:45:00,64182.85,64316.0,64177.98,64315.99,3.19896
1782165600000,2026-06-22 22:00:00,64316.0,64396.45,64270.09,64314.54,5.5813
1782166500000,2026-06-22 22:15:00,64314.53,64314.53,63927.73,64032.14,6.39343
1782167400000,2026-06-22 22:30:00,64032.14,64124.84,63815.48,63815.49,10.49504
1782168300000,2026-06-22 22:45:00,63815.48,63997.83,63815.48,63971.12,4.91261
1782169200000,2026-06-22 23:00:00,63971.12,64016.0,63927.63,63958.0,9.5517
1782170100000,2026-06-22 23:15:00,63958.0,64807.4,63815.48,64042.38,11.42743
1782171000000,2026-06-22 23:30:00,64042.38,64042.38,63956.0,63985.99,8.46301
1782171900000,2026-06-22 23:45:00,63985.99,64043.73,63955.03,64020.0,2.81693
1782172800000,2026-06-23 00:00:00,64020.0,64029.99,63896.28,63917.75,10.18598
1782173700000,2026-06-23 00:15:00,63917.75,65854.9,63831.99,63868.0,8.39254
1782174600000,2026-06-23 00:30:00,63868.0,64119.85,63857.08,64119.85,5.89666
1782175500000,2026-06-23 00:45:00,64119.85,64154.71,64052.6,64151.09,2.98401
1782176400000,2026-06-23 01:00:00,64151.09,64256.0,64151.08,64217.13,9.86063
1782177300000,2026-06-23 01:15:00,64217.12,64350.24,64150.57,64187.99,7.70892
1782178200000,2026-06-23 01:30:00,64188.0,64239.08,63026.79,64050.21,10.66087
1782179100000,2026-06-23 01:45:00,64050.21,64178.0,63902.0,64161.46,8.93878
1782180000000,2026-06-23 02:00:00,64161.47,64180.95,64042.01,64113.21,8.57807
1782180900000,2026-06-23 02:15:00,64118.5,64225.35,64118.5,64180.0,4.21973
1782181800000,2026-06-23 02:30:00,64180.0,64242.0,64170.04,64232.01,3.37755
1782182700000,2026-06-23 02:45:00,64232.02,64496.58,64164.89,64207.63,6.69004
1782183600000,2026-06-23 03:00:00,64207.63,64296.9,63971.99,64018.0,5.10642
1782184500000,2026-06-23 03:15:00,64018.0,64093.27,64017.97,64093.27,2.30529
1782185400000,2026-06-23 03:30:00,64093.26,64095.55,63026.79,63997.99,7.28914
1782186300000,2026-06-23 03:45:00,63997.99,64079.98,63996.0,64063.99,3.61808
1782187200000,2026-06-23 04:00:00,64064.0,64095.55,64014.68,64048.18,4.55771
1782188100000,2026-06-23 04:15:00,64048.17,64052.0,63909.73,63974.79,7.00447
1782189000000,2026-06-23 04:30:00,63974.79,63974.96,54408.49,63816.02,8.23603
1782189900000,2026-06-23 04:45:00,63816.01,63859.99,63643.69,63669.4,13.19608
1782190800000,2026-06-23 05:00:00,63669.4,63724.14,63617.9,63617.9,8.86464
1782191700000,2026-06-23 05:15:00,63617.9,63676.92,63400.0,63464.68,7.94515
1782192600000,2026-06-23 05:30:00,63471.99,63524.36,63385.0,63459.85,10.454
1782193500000,2026-06-23 05:45:00,63452.0,63453.91,62886.93,63382.0,7.11516
1782194400000,2026-06-23 06:00:00,63382.0,63392.01,63125.99,63197.99,11.69714
1782195300000,2026-06-23 06:15:00,63197.99,63250.0,55220.47,62772.0,15.78727
1782196200000,2026-06-23 06:30:00,62772.0,62991.46,62706.87,62942.53,10.94339
1782197100000,2026-06-23 06:45:00,62949.99,63032.57,62915.0,62938.59,7.26243
1782198000000,2026-06-23 07:00:00,62938.6,63056.0,62893.46,63017.16,9.65664
1782198900000,2026-06-23 07:15:00,63017.16,63087.83,62984.0,63008.46,5.76771
1782199800000,2026-06-23 07:30:00,63008.47,63022.36,62884.83,62888.75,8.68921
1782200700000,2026-06-23 07:45:00,62888.74,62995.23,62872.0,62872.0,8.90263
1782201600000,2026-06-23 08:00:00,62872.01,62937.59,62651.99,62652.0,11.11281
1782202500000,2026-06-23 08:15:00,62651.99,62672.71,60235.26,62056.44,18.1479
1782203400000,2026-06-23 08:30:00,62056.44,62494.03,62056.43,62405.16,15.97786
1782204300000,2026-06-23 08:45:00,62405.16,62467.51,62325.16,62372.67,9.15835
1782205200000,2026-06-23 09:00:00,62372.0,62470.69,62363.01,62436.99,6.22308
1782206100000,2026-06-23 09:15:00,62436.99,62521.56,62436.98,62520.01,4.58255
1782207000000,2026-06-23 09:30:00,62520.01,62520.01,62356.56,62372.01,7.24608
1782207900000,2026-06-23 09:45:00,62372.01,62559.12,60000.0,62383.99,8.84684
1782208800000,2026-06-23 10:00:00,62384.0,62578.62,62383.99,62460.98,8.53946
1782209700000,2026-06-23 10:15:00,62460.98,62460.98,62350.45,62375.38,7.65859
1782210600000,2026-06-23 10:30:00,62375.38,62383.99,62250.0,62270.63,5.19484
1782211500000,2026-06-23 10:45:00,62270.64,62353.05,62253.99,62332.6,7.05757
1782212400000,2026-06-23 11:00:00,62332.61,62452.01,62330.9,62394.79,5.6253
1782213300000,2026-06-23 11:15:00,62394.79,62587.21,62394.78,62552.11,8.95412
1782214200000,2026-06-23 11:30:00,62552.11,63406.81,61763.32,62580.66,8.11876
1782215100000,2026-06-23 11:45:00,62574.0,62603.98,62433.99,62507.06,5.65281
1782216000000,2026-06-23 12:00:00,62507.06,62558.0,62406.0,62431.99,12.96621
1782216900000,2026-06-23 12:15:00,62432.0,62452.01,62352.5,62396.23,7.47938
1782217800000,2026-06-23 12:30:00,62396.75,62478.81,62300.0,62335.04,6.36754
1782218700000,2026-06-23 12:45:00,62335.04,62335.04,62222.0,62264.11,9.71317
1782219600000,2026-06-23 13:00:00,62264.16,62280.01,62076.41,62184.0,13.36861
1782220500000,2026-06-23 13:15:00,62184.0,62184.0,62033.99,62063.61,8.31372
1782221400000,2026-06-23 13:30:00,62063.61,62448.88,61460.93,62400.01,18.10652
1782222300000,2026-06-23 13:45:00,62400.0,62625.52,61460.93,62451.99,14.94713
1782223200000,2026-06-23 14:00:00,62452.0,62716.0,61460.93,62716.0,11.08857
1782224100000,2026-06-23 14:15:00,62716.0,63406.81,62461.0,62571.99,18.86095
1782225000000,2026-06-23 14:30:00,62571.99,63591.9,62461.0,62504.37,11.98632
1782225900000,2026-06-23 14:45:00,62506.01,62600.0,62466.94,62469.71,10.20243
1782226800000,2026-06-23 15:00:00,62469.5,62502.0,62325.99,62381.99,11.00193
1782227700000,2026-06-23 15:15:00,62384.0,62384.0,62198.0,62294.56,8.3194
1782228600000,2026-06-23 15:30:00,62294.56,62494.0,62294.0,62309.11,5.4933
1782229500000,2026-06-23 15:45:00,62309.12,62480.0,62218.0,62479.99,5.06951
1782230400000,2026-06-23 16:00:00,62480.0,62829.71,52929.93,62792.01,64.28452
1782231300000,2026-06-23 16:15:00,62792.01,62792.01,61446.67,62586.01,8.72164
1782232200000,2026-06-23 16:30:00,62586.0,62655.0,62576.33,62622.01,7.70172
1782233100000,2026-06-23 16:45:00,62622.01,62630.0,62496.0,62578.7,4.87846
1782234000000,2026-06-23 17:00:00,62578.71,62578.71,62432.0,62435.96,9.49151
1782234900000,2026-06-23 17:15:00,62435.97,62666.12,62435.96,62634.45,9.07061
1782235800000,2026-06-23 17:30:00,62634.45,62687.63,62510.0,62527.71,6.20868
1782236700000,2026-06-23 17:45:00,62527.71,62554.0,62334.05,62358.03,11.42902
1782237600000,2026-06-23 18:00:00,62358.03,62445.21,62274.44,62372.01,8.70709
1782238500000,2026-06-23 18:15:00,62372.0,62624.05,62323.19,62372.28,9.93853
1782239400000,2026-06-23 18:30:00,62368.03,62368.03,61706.3,62148.24,38.1425
1782240300000,2026-06-23 18:45:00,62148.25,62259.53,62107.12,62232.45,23.24563
1782241200000,2026-06-23 19:00:00,62232.46,62487.8,62230.0,62371.55,16.91466
1782242100000,2026-06-23 19:15:00,62371.56,62823.14,62267.99,62431.99,38.63077
1782243000000,2026-06-23 19:30:00,62431.99,62472.31,59037.11,62308.64,148.13031
1782243900000,2026-06-23 19:45:00,62308.64,62420.0,62271.47,62414.0,13.45063
1782244800000,2026-06-23 20:00:00,62414.01,62512.0,62405.99,62438.01,5.72699
1782245700000,2026-06-23 20:15:00,62438.0,62504.98,62414.0,62500.01,8.73671
1782246600000,2026-06-23 20:30:00,62500.01,62500.01,62474.0,62489.99,8.27701
1782247500000,2026-06-23 20:45:00,62490.0,62559.49,62393.99,62470.7,7.99535
1782248400000,2026-06-23 21:00:00,62470.71,62588.23,62470.7,62513.45,5.24732
1782249300000,2026-06-23 21:15:00,62513.46,62578.38,62480.72,62564.43,3.64672
1782250200000,2026-06-23 21:30:00,62564.43,62626.01,62560.81,62626.01,1.82953
1782251100000,2026-06-23 21:45:00,62626.01,62823.14,62582.0,62599.77,6.34255
1782252000000,2026-06-23 22:00:00,62599.78,62764.22,62596.77,62757.34,8.52759
1782252900000,2026-06-23 22:15:00,62752.01,62776.97,61398.28,62610.52,10.91887
1782253800000,2026-06-23 22:30:00,62617.5,62628.73,62541.38,62552.0,1.6001
1782254700000,2026-06-23 22:45:00,62552.0,62619.99,62526.0,62589.99,3.84881
1782255600000,2026-06-23 23:00:00,62590.0,62599.23,62513.14,62522.0,5.80708
1782256500000,2026-06-23 23:15:00,62522.01,62687.99,62522.0,62667.48,5.95057
1782257400000,2026-06-23 23:30:00,62667.47,62679.71,62601.5,62613.77,4.65263
1782258300000,2026-06-23 23:45:00,62620.35,62770.0,62620.34,62734.56,8.20599
1782259200000,2026-06-24 00:00:00,62734.57,62962.78,62733.3,62891.83,26.07505
1782260100000,2026-06-24 00:15:00,62891.84,62922.0,62820.0,62849.99,7.18101
1782261000000,2026-06-24 00:30:00,62849.99,63018.0,62805.82,62958.7,10.83722
1782261900000,2026-06-24 00:45:00,62958.7,63020.52,62904.71,63007.02,11.1778
1782262800000,2026-06-24 01:00:00,63007.03,63024.41,60613.36,62982.68,11.98555
1782263700000,2026-06-24 01:15:00,62982.01,62982.01,62788.76,62902.85,7.73611
1782264600000,2026-06-24 01:30:00,62902.84,63119.45,62138.31,62944.0,14.99102
1782265500000,2026-06-24 01:45:00,62943.99,63023.99,62138.31,62925.88,12.28341
1782266400000,2026-06-24 02:00:00,62925.89,63000.0,61833.38,62877.67,9.14043
1782267300000,2026-06-24 02:15:00,62877.67,62877.68,62692.0,62763.59,3.99512
1782268200000,2026-06-24 02:30:00,62764.11,62794.99,61891.5,62726.18,9.57942
1782269100000,2026-06-24 02:45:00,62726.65,62768.0,62611.99,62634.01,8.7737
1782270000000,2026-06-24 03:00:00,62634.01,62680.0,62577.0,62588.55,9.01636
1782270900000,2026-06-24 03:15:00,62588.55,62669.86,62463.0,62669.86,11.17597
1782271800000,2026-06-24 03:30:00,62669.86,62828.97,62669.86,62797.87,5.64851
1782272700000,2026-06-24 03:45:00,62797.87,62822.52,62738.0,62739.75,6.62356
1782273600000,2026-06-24 04:00:00,62739.75,62753.9,62636.0,62662.66,8.18559
1782274500000,2026-06-24 04:15:00,62662.66,62698.0,62526.34,62588.28,18.29522
1782275400000,2026-06-24 04:30:00,62588.8,62733.38,62206.64,62655.3,10.87001
1782276300000,2026-06-24 04:45:00,62655.14,62793.71,61891.5,62775.13,8.70201
1782277200000,2026-06-24 05:00:00,62775.14,62845.2,62709.27,62788.14,7.10566
1782278100000,2026-06-24 05:15:00,62788.15,62884.53,62784.93,62882.52,4.91106
1782279000000,2026-06-24 05:30:00,62883.66,63072.0,62861.71,62930.01,10.35156
1782279900000,2026-06-24 05:45:00,62930.01,62958.43,62862.0,62884.52,14.68081
1782280800000,2026-06-24 06:00:00,62890.0,62896.0,62768.72,62838.0,19.56083
1782281700000,2026-06-24 06:15:00,62837.99,62909.98,62786.61,62838.0,4.61108
1782282600000,2026-06-24 06:30:00,62838.0,62875.99,62789.32,62789.32,7.75705
1782283500000,2026-06-24 06:45:00,62789.32,62794.11,62730.0,62777.63,4.69458
1782284400000,2026-06-24 07:00:00,62777.64,62841.99,62696.03,62816.27,9.52715
1782285300000,2026-06-24 07:15:00,62815.01,62815.01,62682.46,62682.46,9.78128
1782286200000,2026-06-24 07:30:00,62682.46,62729.48,62632.51,62694.07,15.93696
1782287100000,2026-06-24 07:45:00,62697.98,62732.13,62610.1,62651.95,9.47082
1782288000000,2026-06-24 08:00:00,62651.96,62695.78,62615.81,62657.99,8.02667
1782288900000,2026-06-24 08:15:00,62658.0,62713.74,62648.0,62693.99,10.81252
1782289800000,2026-06-24 08:30:00,62694.0,62894.68,62681.34,62795.99,8.95514
1782290700000,2026-06-24 08:45:00,62796.0,62805.02,62748.0,62805.02,3.10216
1782291600000,2026-06-24 09:00:00,62805.03,62805.03,62696.0,62774.1,13.97019
1782292500000,2026-06-24 09:15:00,62774.11,62774.11,62678.37,62678.38,9.82593
1782293400000,2026-06-24 09:30:00,62678.37,62698.0,62640.0,62662.01,6.40196
1782294300000,2026-06-24 09:45:00,62662.01,62712.45,62638.75,62706.0,5.03263
1782295200000,2026-06-24 10:00:00,62706.0,62706.0,61891.5,62616.67,10.18487
1782296100000,2026-06-24 10:15:00,62612.61,62634.0,62505.99,62541.11,6.49036
1782297000000,2026-06-24 10:30:00,62541.1,64536.37,62520.0,62604.0,10.66435
1782297900000,2026-06-24 10:45:00,62604.01,62808.14,62437.99,62455.74,14.40674
1782298800000,2026-06-24 11:00:00,62455.75,62472.54,62343.56,62382.67,8.69376
1782299700000,2026-06-24 11:15:00,62382.01,62420.49,62326.21,62390.74,18.48685
1782300600000,2026-06-24 11:30:00,62390.74,62793.82,62388.91,62731.99,12.05992
1782301500000,2026-06-24 11:45:00,62744.86,63305.26,62720.0,62919.99,18.62657
1782302400000,2026-06-24 12:00:00,62920.0,63085.44,62811.34,62845.78,31.85521
1782303300000,2026-06-24 12:15:00,62843.45,62893.32,60000.0,62826.02,17.41647
1782304200000,2026-06-24 12:30:00,62826.01,62902.0,61831.41,62854.68,23.83414
1782305100000,2026-06-24 12:45:00,62850.01,62857.99,61831.41,62612.97,14.17036
1782306000000,2026-06-24 13:00:00,62612.97,62628.75,58000.0,62032.02,22.87733
1782306900000,2026-06-24 13:15:00,62032.54,62206.01,61718.0,61893.99,25.44462
1782307800000,2026-06-24 13:30:00,61893.99,62144.0,61454.63,61454.63,20.31721
1782308700000,2026-06-24 13:45:00,61454.63,62285.0,61263.63,61322.02,22.19262
1782309600000,2026-06-24 14:00:00,61322.02,61450.04,58225.5,61202.01,29.98083
1782310500000,2026-06-24 14:15:00,61202.01,61291.4,60919.99,61215.72,26.7327
1782311400000,2026-06-24 14:30:00,61215.73,61747.51,61070.35,61169.64,26.69358
1782312300000,2026-06-24 14:45:00,61169.64,61254.0,60980.01,61114.01,15.03423
1782313200000,2026-06-24 15:00:00,61114.01,61267.05,60851.54,60904.16,18.43052
1782314100000,2026-06-24 15:15:00,60902.83,61205.47,50888.89,60883.36,18.30179
1782315000000,2026-06-24 15:30:00,60883.37,60883.37,51664.71,60551.59,26.1259
1782315900000,2026-06-24 15:45:00,60551.58,60576.58,59754.04,60284.64,28.91992
1782316800000,2026-06-24 16:00:00,60284.64,60554.0,60222.0,60518.01,22.44384
1782317700000,2026-06-24 16:15:00,60518.01,60654.64,60440.82,60560.01,19.2889
1782318600000,2026-06-24 16:30:00,60560.01,63152.07,51433.2,60253.99,20.61497
1782319500000,2026-06-24 16:45:00,60254.0,60897.38,59477.47,59863.77,30.22679
1782320400000,2026-06-24 17:00:00,59863.78,60042.01,59758.56,59830.01,20.15993
1782321300000,2026-06-24 17:15:00,59818.01,60516.66,59352.3,59692.1,25.33876
1782322200000,2026-06-24 17:30:00,59692.1,59717.98,58804.48,59305.85,21.59035
1782323100000,2026-06-24 17:45:00,59305.86,59495.36,59115.97,59404.0,14.24543
1782324000000,2026-06-24 18:00:00,59404.0,59626.26,59320.0,59585.28,19.95918
1782324900000,2026-06-24 18:15:00,59585.81,59928.0,59223.5,59705.0,18.08187
1782325800000,2026-06-24 18:30:00,59705.0,59752.18,59499.11,59542.0,15.36682
1782326700000,2026-06-24 18:45:00,59542.0,59651.8,59426.0,59585.28,17.24906
1782327600000,2026-06-24 19:00:00,59585.29,59717.25,58804.48,59664.01,19.09839
1782328500000,2026-06-24 19:15:00,59670.01,59832.67,59604.48,59826.0,14.63711
1782329400000,2026-06-24 19:30:00,59826.0,59911.16,59743.53,59781.51,18.3154
1782330300000,2026-06-24 19:45:00,59809.99,59975.64,59748.43,59975.63,17.58085
1782331200000,2026-06-24 20:00:00,59975.64,61058.8,58466.78,60655.77,31.24421
1782332100000,2026-06-24 20:15:00,60655.76,61213.48,58466.78,60773.99,26.06774
1782333000000,2026-06-24 20:30:00,60774.0,61567.53,60686.5,60902.98,17.40602
1782333900000,2026-06-24 20:45:00,60900.0,61200.46,60872.0,60962.04,10.06639
1782334800000,2026-06-24 21:00:00,60962.05,61271.6,60672.72,60728.0,24.5876
1782335700000,2026-06-24 21:15:00,60728.01,60892.0,59000.0,60853.99,18.52441
1782336600000,2026-06-24 21:30:00,60853.99,61108.0,59874.22,61094.67,13.48443
1782337500000,2026-06-24 21:45:00,61088.01,61421.49,51433.2,61117.39,13.09125
1782338400000,2026-06-24 22:00:00,61117.39,61659.53,60999.99,61000.0,17.84973
1782339300000,2026-06-24 22:15:00,60999.99,61011.65,60852.76,60886.01,13.16572
1782340200000,2026-06-24 22:30:00,60886.01,60948.0,60151.97,60921.81,7.37582
1782341100000,2026-06-24 22:45:00,60923.99,60924.0,60828.21,60873.99,2.25136
1782342000000,2026-06-24 23:00:00,60874.0,60945.64,60839.99,60876.53,10.76377
1782342900000,2026-06-24 23:15:00,60881.86,61032.0,60842.78,60987.99,6.39134
1782343800000,2026-06-24 23:30:00,60988.0,61064.0,60960.26,61020.52,5.44795
1782344700000,2026-06-24 23:45:00,61028.71,61108.01,60085.05,61074.01,7.8487
1782345600000,2026-06-25 00:00:00,61074.02,61154.01,61034.03,61087.99,7.43113
1782346500000,2026-06-25 00:15:00,61088.52,61433.81,60920.94,60920.95,7.53155
1782347400000,2026-06-25 00:30:00,60920.94,60981.43,60848.0,60848.01,4.89029
1782348300000,2026-06-25 00:45:00,60846.68,60908.0,60745.03,60767.99,17.30569
1782349200000,2026-06-25 01:00:00,60768.0,61444.22,60041.65,60768.01,11.88119
1782350100000,2026-06-25 01:15:00,60768.53,61046.87,60006.53,60862.0,13.97904
1782351000000,2026-06-25 01:30:00,60862.0,60892.0,60810.97,60826.82,5.31428
1782351900000,2026-06-25 01:45:00,60826.83,65513.36,60806.61,60929.6,12.23035
1782352800000,2026-06-25 02:00:00,60929.61,60962.02,59791.16,60781.19,6.3238
1782353700000,2026-06-25 02:15:00,60781.2,60943.55,60750.72,60936.01,4.79539
1782354600000,2026-06-25 02:30:00,60936.01,60936.01,57985.79,60760.16,9.92956
1782355500000,2026-06-25 02:45:00,60760.15,60824.49,60704.28,60799.09,10.62439
1782356400000,2026-06-25 03:00:00,60799.1,61845.07,50100.0,60757.96,12.86475
1782357300000,2026-06-25 03:15:00,60758.49,60838.0,59863.4,60823.92,13.31387
1782358200000,2026-06-25 03:30:00,60823.93,60845.45,58844.37,60771.68,11.60562
1782359100000,2026-06-25 03:45:00,60770.35,60906.58,60747.37,60883.66,7.37154
1782360000000,2026-06-25 04:00:00,60883.66,60904.8,56847.95,60820.0,11.07462
1782360900000,2026-06-25 04:15:00,60820.0,60920.0,60792.0,60901.01,5.87972
1782361800000,2026-06-25 04:30:00,60901.21,62135.26,60810.0,60966.7,7.70855
1782362700000,2026-06-25 04:45:00,60967.23,61394.0,60967.23,61363.3,9.52022
1782363600000,2026-06-25 05:00:00,61362.01,61715.98,61283.87,61645.22,16.40478
1782364500000,2026-06-25 05:15:00,61645.22,61776.92,61492.0,61611.37,10.12802
1782365400000,2026-06-25 05:30:00,61611.37,61654.02,61534.09,61542.94,9.02798
1782366300000,2026-06-25 05:45:00,61542.94,61674.55,61522.0,61600.01,10.91072
1782367200000,2026-06-25 06:00:00,61600.01,61771.22,61542.13,61750.02,15.99304
1782368100000,2026-06-25 06:15:00,61750.01,61800.33,59205.86,61678.17,16.4427
1782369000000,2026-06-25 06:30:00,61678.17,64812.6,57757.96,61755.99,22.40054
1782369900000,2026-06-25 06:45:00,61756.52,61844.82,61720.0,61732.85,11.18745
1782370800000,2026-06-25 07:00:00,61732.85,61817.3,61672.31,61768.09,11.14915
1782371700000,2026-06-25 07:15:00,61768.09,61892.13,61761.57,61807.89,16.66081
1782372600000,2026-06-25 07:30:00,61807.88,61962.4,61807.88,61928.43,8.19667
1782373500000,2026-06-25 07:45:00,61927.11,61932.0,61818.25,61911.03,25.41165
1782374400000,2026-06-25 08:00:00,61911.04,61916.5,61760.0,61799.51,8.54011
1782375300000,2026-06-25 08:15:00,61799.51,61799.51,61406.59,61779.61,5.51705
1782376200000,2026-06-25 08:30:00,61779.61,61779.62,61714.0,61759.99,6.55344
1782377100000,2026-06-25 08:45:00,61760.0,61800.0,61689.56,61698.0,8.86141
1782378000000,2026-06-25 09:00:00,61697.99,61790.0,61680.92,61763.18,6.97863
1782378900000,2026-06-25 09:15:00,61763.18,61766.34,61633.99,61696.01,10.17338
1782379800000,2026-06-25 09:30:00,61696.0,61772.86,61696.0,61753.02,8.44989
1782380700000,2026-06-25 09:45:00,61753.02,61862.18,60958.32,61749.96,7.62338
1782381600000,2026-06-25 10:00:00,61740.01,61848.46,61658.0,61692.38,6.01725
1782382500000,2026-06-25 10:15:00,61692.39,61748.01,61572.24,61580.0,6.40773
1782383400000,2026-06-25 10:30:00,61579.99,61588.67,61407.84,61407.84,7.54778
1782384300000,2026-06-25 10:45:00,61407.85,61407.85,61269.94,61269.94,11.38566
1782385200000,2026-06-25 11:00:00,61269.95,61340.82,60958.32,61340.82,13.17867
1782386100000,2026-06-25 11:15:00,61340.81,61406.15,58556.77,61242.0,15.72923
1782387000000,2026-06-25 11:30:00,61242.0,61382.55,61242.0,61312.81,10.80936
1782387900000,2026-06-25 11:45:00,61313.33,61318.0,61161.22,61282.01,10.93932
1782388800000,2026-06-25 12:00:00,61282.01,61362.0,61167.52,61213.99,13.32321
1782389700000,2026-06-25 12:15:00,61214.0,61269.27,61080.0,61103.58,10.13475
1782390600000,2026-06-25 12:30:00,61098.29,61594.02,61098.28,61381.23,19.80215
1782391500000,2026-06-25 12:45:00,61381.23,61521.55,61159.99,61244.16,10.8791
1782392400000,2026-06-25 13:00:00,61246.01,61342.01,61174.15,61332.02,14.9178
1782393300000,2026-06-25 13:15:00,61330.69,61346.71,61196.48,61246.0,10.01619
1782394200000,2026-06-25 13:30:00,61245.99,61307.24,60096.47,60096.48,26.56721
1782395100000,2026-06-25 13:45:00,60096.47,60242.53,50000.0,58251.31,32.78596
1782396000000,2026-06-25 14:00:00,58251.32,66000.0,58251.31,59274.39,24.11919
1782396900000,2026-06-25 14:15:00,59274.38,62408.6,58857.15,59338.75,19.74955
1782397800000,2026-06-25 14:30:00,59336.79,60941.76,59198.77,59520.22,22.43175
1782398700000,2026-06-25 14:45:00,59520.22,63276.44,56029.1,59471.34,20.83591
1782399600000,2026-06-25 15:00:00,59471.34,59471.34,58000.0,59072.0,20.34796
1782400500000,2026-06-25 15:15:00,59072.01,60376.73,58880.0,59246.3,14.14234
1782401400000,2026-06-25 15:30:00,59246.29,59466.01,59084.29,59174.01,11.76385
1782402300000,2026-06-25 15:45:00,59174.01,59620.68,55220.47,59554.0,19.20858
1782403200000,2026-06-25 16:00:00,59554.0,60058.01,58522.97,59762.01,17.93331
1782404100000,2026-06-25 16:15:00,59762.01,59829.89,50734.39,59742.98,10.47928
1782405000000,2026-06-25 16:30:00,59742.99,59755.99,51449.42,59268.0,12.11872
1782405900000,2026-06-25 16:45:00,59268.0,59384.0,59200.0,59310.52,10.26841
1782406800000,2026-06-25 17:00:00,59318.0,59463.84,59144.0,59386.48,12.0132
1782407700000,2026-06-25 17:15:00,59385.76,59586.68,59349.98,59566.01,10.51042
1782408600000,2026-06-25 17:30:00,59566.01,59722.0,59168.0,59551.98,7.55331
1782409500000,2026-06-25 17:45:00,59551.97,59679.0,59460.75,59679.0,6.58029
1782410400000,2026-06-25 18:00:00,59679.01,59784.0,59417.11,59426.98,15.64464
1782411300000,2026-06-25 18:15:00,59426.98,59724.0,59398.01,59718.02,8.95309
1782412200000,2026-06-25 18:30:00,59718.02,59778.39,59150.44,59429.02,11.05865
1782413100000,2026-06-25 18:45:00,59423.88,59742.55,59364.0,59495.99,8.63263
1782414000000,2026-06-25 19:00:00,59496.0,59515.99,59314.7,59345.02,10.28478
1782414900000,2026-06-25 19:15:00,59345.02,59354.01,59226.87,59340.39,18.58844
1782415800000,2026-06-25 19:30:00,59340.39,59434.05,59301.99,59301.99,6.20808
1782416700000,2026-06-25 19:45:00,59302.0,59356.06,59193.18,59291.99,3.44237
1782417600000,2026-06-25 20:00:00,59292.0,63561.71,59291.99,59564.0,13.85109
1782418500000,2026-06-25 20:15:00,59564.0,59726.08,59563.99,59633.26,6.19853
1782419400000,2026-06-25 20:30:00,59633.27,59660.0,59422.59,59522.01,6.26865
1782420300000,2026-06-25 20:45:00,59522.01,59522.01,59153.58,59461.23,5.73664
1782421200000,2026-06-25 21:00:00,59461.24,59617.04,59452.53,59617.04,5.41385
1782422100000,2026-06-25 21:15:00,59617.04,59709.99,59557.6,59709.99,2.60463
1782423000000,2026-06-25 21:30:00,59710.0,60685.9,58280.48,59940.71,10.89271
1782423900000,2026-06-25 21:45:00,59940.71,60235.99,59900.0,60211.99,6.67082
1782424800000,2026-06-25 22:00:00,60212.0,60212.0,59887.05,59906.0,9.26982
1782425700000,2026-06-25 22:15:00,59906.01,60010.29,59794.0,59794.0,6.85665
1782426600000,2026-06-25 22:30:00,59794.0,59874.02,59758.0,59791.99,5.45114
1782427500000,2026-06-25 22:45:00,59792.52,59921.71,59747.57,59842.53,2.91565
1782428400000,2026-06-25 23:00:00,59851.28,60406.33,59796.02,59945.99,17.96392
1782429300000,2026-06-25 23:15:00,59946.52,60169.5,59930.0,60106.68,4.42827
1782430200000,2026-06-25 23:30:00,60098.7,60180.01,59965.99,59966.52,4.49524
1782431100000,2026-06-25 23:45:00,59988.0,59988.0,59726.79,59788.31,4.15796
1782432000000,2026-06-26 00:00:00,59784.16,59901.53,59784.15,59886.67,5.56245
1782432900000,2026-06-26 00:15:00,59866.01,59869.99,59722.5,59771.98,11.42562
1782433800000,2026-06-26 00:30:00,59771.98,59871.99,59724.13,59797.01,8.29275
1782434700000,2026-06-26 00:45:00,59797.01,59817.99,59642.79,59674.11,11.21373
1782435600000,2026-06-26 01:00:00,59674.11,63596.27,59127.37,59583.02,16.98839
1782436500000,2026-06-26 01:15:00,59590.0,59664.0,59304.39,59304.39,9.06515
1782437400000,2026-06-26 01:30:00,59304.4,59362.01,58393.5,59322.0,11.77333
1782438300000,2026-06-26 01:45:00,59322.0,59431.81,57504.34,59431.49,14.97177
1782439200000,2026-06-26 02:00:00,59431.5,59446.48,58636.1,58671.1,9.36803
1782440100000,2026-06-26 02:15:00,58671.09,60164.51,58375.1,58862.43,17.9966
1782441000000,2026-06-26 02:30:00,58882.01,58995.74,55889.5,58804.0,15.00519
1782441900000,2026-06-26 02:45:00,58804.53,58847.43,58441.94,58554.0,17.14468
1782442800000,2026-06-26 03:00:00,58554.0,59048.99,58375.98,58906.0,21.97454
1782443700000,2026-06-26 03:15:00,58906.0,59150.28,49042.33,59092.52,50.06618
1782444600000,2026-06-26 03:30:00,59100.36,59500.0,59022.46,59500.0,11.16796
1782445500000,2026-06-26 03:45:00,59500.0,60123.1,59500.0,60043.51,15.41322
1782446400000,2026-06-26 04:00:00,60043.52,60086.0,59856.0,59906.07,14.27849
1782447300000,2026-06-26 04:15:00,59906.07,60208.03,58838.0,59994.0,17.53234
1782448200000,2026-06-26 04:30:00,59994.01,60018.22,59896.01,59979.5,8.44596
1782449100000,2026-06-26 04:45:00,59979.5,59979.5,59841.01,59920.46,3.48365
1782450000000,2026-06-26 05:00:00,59920.47,59967.99,59844.0,59967.99,5.55886
1782450900000,2026-06-26 05:15:00,59968.0,60028.85,59736.0,59965.51,10.99073
1782451800000,2026-06-26 05:30:00,59958.01,60036.0,59875.57,59878.13,16.23669
1782452700000,2026-06-26 05:45:00,59878.14,59968.68,59790.01,59954.03,6.49756
1782453600000,2026-06-26 06:00:00,59953.31,59953.31,59715.04,59715.05,10.43844
1782454500000,2026-06-26 06:15:00,59715.05,60062.9,58576.32,60047.99,14.46886
1782455400000,2026-06-26 06:30:00,60047.99,60407.99,59956.3,60407.99,10.06555
1782456300000,2026-06-26 06:45:00,60407.99,60431.36,60246.0,60310.57,7.3367
1782457200000,2026-06-26 07:00:00,60324.0,60514.01,60283.08,60510.0,8.83239
1782458100000,2026-06-26 07:15:00,60509.99,60684.14,60470.0,60598.67,14.08285
1782459000000,2026-06-26 07:30:00,60590.8,60750.06,58173.82,60637.85,15.51099
1782459900000,2026-06-26 07:45:00,60637.85,60637.85,60505.46,60537.94,5.69951
1782460800000,2026-06-26 08:00:00,60537.94,60574.0,60246.91,60258.57,12.91233
1782461700000,2026-06-26 08:15:00,60254.13,60366.84,60191.05,60314.5,9.02217
1782462600000,2026-06-26 08:30:00,60314.5,60943.04,60155.53,60207.17,8.43674
1782463500000,2026-06-26 08:45:00,60207.17,60278.17,60152.48,60243.78,3.95866
1782464400000,2026-06-26 09:00:00,60244.0,61117.46,60085.0,60175.68,21.38182
1782465300000,2026-06-26 09:15:00,60175.68,60175.99,60088.0,60133.99,4.789
1782466200000,2026-06-26 09:30:00,60133.99,60134.0,59957.28,59987.08,7.60506
1782467100000,2026-06-26 09:45:00,60000.19,60045.19,59589.99,59731.93,16.73849
1782468000000,2026-06-26 10:00:00,59738.68,59813.45,59661.75,59752.01,18.73004
1782468900000,2026-06-26 10:15:00,59752.0,59854.0,59722.04,59722.57,7.67442
1782469800000,2026-06-26 10:30:00,59723.69,59808.0,59464.0,59558.0,9.57465
1782470700000,2026-06-26 10:45:00,59558.0,59562.0,59252.0,59300.52,13.8301
1782471600000,2026-06-26 11:00:00,59313.26,59564.94,59270.62,59476.01,9.14955
1782472500000,2026-06-26 11:15:00,59476.0,59494.0,59368.85,59419.01,15.52456
1782473400000,2026-06-26 11:30:00,59419.01,60001.35,59393.28,59456.67,19.94576
1782474300000,2026-06-26 11:45:00,59456.66,59632.7,59298.06,59413.24,9.40132
1782475200000,2026-06-26 12:00:00,59413.25,60647.75,59372.85,59452.41,12.21516
1782476100000,2026-06-26 12:15:00,59452.41,59726.0,59452.41,59725.99,10.4185
1782477000000,2026-06-26 12:30:00,59725.99,60490.29,58998.0,59155.2,24.59342
1782477900000,2026-06-26 12:45:00,59155.19,61955.54,58855.52,59181.46,53.91392
1782478800000,2026-06-26 13:00:00,59181.47,60188.16,58958.0,59094.0,25.58738
1782479700000,2026-06-26 13:15:00,59093.99,59150.26,58671.87,58898.53,28.26747
1782480600000,2026-06-26 13:30:00,58906.01,59486.0,49944.68,59483.16,79.05696
1782481500000,2026-06-26 13:45:00,59483.16,60559.96,59134.85,60180.14,22.23796
1782482400000,2026-06-26 14:00:00,60175.43,60252.04,59262.58,59982.53,40.31884
1782483300000,2026-06-26 14:15:00,59985.99,61910.98,59821.24,60059.33,31.74188
1782484200000,2026-06-26 14:30:00,60059.33,62297.01,52251.62,59592.67,22.04896
1782485100000,2026-06-26 14:45:00,59592.66,59890.83,59406.0,59590.73,14.32736
1782486000000,2026-06-26 15:00:00,59590.73,60188.59,55211.4,59840.1,21.2355
1782486900000,2026-06-26 15:15:00,59840.1,60337.38,59790.02,60172.46,26.36755
1782487800000,2026-06-26 15:30:00,60183.99,60493.95,51560.63,60424.12,26.03176
1782488700000,2026-06-26 15:45:00,60424.12,60438.0,56551.25,60331.51,22.97215
1782489600000,2026-06-26 16:00:00,60331.52,60532.0,57800.0,60167.99,26.7423
1782490500000,2026-06-26 16:15:00,60169.99,60781.85,59988.0,60042.17,20.11622
1782491400000,2026-06-26 16:30:00,60040.19,60344.02,58284.92,60066.13,19.1122
1782492300000,2026-06-26 16:45:00,60066.13,60677.67,54630.97,60050.0,16.71805
1782493200000,2026-06-26 17:00:00,60050.01,60287.9,60015.26,60215.99,12.62385
1782494100000,2026-06-26 17:15:00,60215.99,60238.0,60050.0,60178.0,17.64814
1782495000000,2026-06-26 17:30:00,60178.0,60216.0,59200.0,60083.42,13.40201
1782495900000,2026-06-26 17:45:00,60083.42,60101.14,59610.96,60023.97,10.01081
1782496800000,2026-06-26 18:00:00,60023.97,60155.61,60021.17,60098.68,10.51067
1782497700000,2026-06-26 18:15:00,60087.12,60110.0,59830.0,59830.01,12.01426
1782498600000,2026-06-26 18:30:00,59830.0,59859.26,59778.13,59836.26,48.61539
1782499500000,2026-06-26 18:45:00,59836.26,60418.0,51024.0,59675.0,18.02746
1782500400000,2026-06-26 19:00:00,59668.01,60072.02,59626.0,60020.0,11.16481
1782501300000,2026-06-26 19:15:00,60020.01,60020.01,59884.01,59924.0,7.99276
1782502200000,2026-06-26 19:30:00,59924.53,60080.82,59884.53,59910.68,10.77254
1782503100000,2026-06-26 19:45:00,59900.01,60266.64,59842.0,59842.0,15.32355
1782504000000,2026-06-26 20:00:00,59842.0,66106.0,59693.99,59733.99,12.7463
1782504900000,2026-06-26 20:15:00,59732.67,59808.67,59710.63,59772.02,9.60591
1782505800000,2026-06-26 20:30:00,59772.54,59784.01,59592.0,59659.64,10.76436
1782506700000,2026-06-26 20:45:00,59658.31,59796.0,59644.0,59709.99,7.41143
1782507600000,2026-06-26 21:00:00,59709.99,59760.01,51024.0,59752.72,10.30247
1782508500000,2026-06-26 21:15:00,59753.24,59882.2,59690.0,59870.01,3.65504
1782509400000,2026-06-26 21:30:00,59870.01,60050.0,59864.0,60007.78,5.98324
1782510300000,2026-06-26 21:45:00,60007.78,60038.0,59929.05,59945.19,3.23947
1782511200000,2026-06-26 22:00:00,59945.2,59946.0,59761.99,59915.35,12.55351
1782512100000,2026-06-26 22:15:00,59915.35,59975.0,59896.01,59896.01,3.9375
1782513000000,2026-06-26 22:30:00,59894.68,59980.36,59871.18,59970.0,6.37885
1782513900000,2026-06-26 22:45:00,59970.0,60076.42,59926.97,60048.33,7.9288
1782514800000,2026-06-26 23:00:00,60048.34,60117.64,60014.84,60072.0,3.65104
1782515700000,2026-06-26 23:15:00,60071.99,60091.45,59979.97,59979.97,5.24631
1782516600000,2026-06-26 23:30:00,59978.64,60084.93,59950.0,60070.01,3.98186
1782517500000,2026-06-26 23:45:00,60070.01,60116.0,60060.0,60094.08,3.74889
1782518400000,2026-06-27 00:00:00,60094.08,60176.49,60037.17,60114.01,7.13655
1782519300000,2026-06-27 00:15:00,60114.01,60114.53,59807.78,60043.71,5.66083
1782520200000,2026-06-27 00:30:00,60044.23,60050.64,59888.0,59969.67,7.29203
1782521100000,2026-06-27 00:45:00,59972.06,60065.31,59953.07,60063.66,2.66247
1782522000000,2026-06-27 01:00:00,60063.66,60068.0,59962.01,59975.39,3.74736
1782522900000,2026-06-27 01:15:00,59975.52,60010.0,59952.0,59991.01,1.59906
1782523800000,2026-06-27 01:30:00,59991.54,59997.23,59807.78,59984.18,5.93555
1782524700000,2026-06-27 01:45:00,59984.19,59996.1,59937.51,59960.68,2.73334
1782525600000,2026-06-27 02:00:00,59948.13,60118.59,59921.68,60117.58,4.10547
1782526500000,2026-06-27 02:15:00,60111.93,60372.01,60089.99,60299.65,16.7957
1782527400000,2026-06-27 02:30:00,60299.65,60322.58,60200.0,60295.03,9.62287
1782528300000,2026-06-27 02:45:00,60295.04,60350.67,60268.43,60316.0,5.3054
1782529200000,2026-06-27 03:00:00,60316.0,60407.51,60159.91,60170.0,4.75611
1782530100000,2026-06-27 03:15:00,60169.99,60338.01,60169.99,60310.0,3.73534
1782531000000,2026-06-27 03:30:00,60310.01,60368.74,60286.0,60317.51,3.75086
1782531900000,2026-06-27 03:45:00,60314.0,60354.0,60258.56,60300.52,3.18854
1782532800000,2026-06-27 04:00:00,60302.0,60440.72,60302.0,60406.13,6.65373
1782533700000,2026-06-27 04:15:00,60406.12,60479.59,60380.02,60400.0,9.40029
1782534600000,2026-06-27 04:30:00,60398.68,60444.0,60355.8,60374.01,3.70079
1782535500000,2026-06-27 04:45:00,60372.69,60373.99,60217.27,60235.99,8.37634
1782536400000,2026-06-27 05:00:00,60236.0,60310.52,60208.0,60309.99,8.18769
1782537300000,2026-06-27 05:15:00,60309.99,60310.0,60166.0,60166.0,5.44521
1782538200000,2026-06-27 05:30:00,60166.0,60230.0,60136.0,60213.6,4.10816
1782539100000,2026-06-27 05:45:00,60213.6,60268.0,60213.6,60258.03,1.79339
1782540000000,2026-06-27 06:00:00,60258.04,60258.04,60120.0,60147.98,5.9907
1782540900000,2026-06-27 06:15:00,60147.98,60230.16,60121.08,60230.0,3.75824
1782541800000,2026-06-27 06:30:00,60228.67,61620.86,60202.99,60408.0,7.72646
1782542700000,2026-06-27 06:45:00,60408.0,60492.41,60351.43,60370.62,6.61573
1782543600000,2026-06-27 07:00:00,60370.63,60391.44,60300.0,60321.98,3.65644
1782544500000,2026-06-27 07:15:00,60321.99,60444.82,60316.08,60430.0,3.43522
1782545400000,2026-06-27 07:30:00,60429.99,60464.93,60388.0,60454.46,1.83033
1782546300000,2026-06-27 07:45:00,60454.46,60574.0,60454.46,60548.06,12.28332
1782547200000,2026-06-27 08:00:00,60548.07,60548.07,60454.0,60476.54,13.50698
1782548100000,2026-06-27 08:15:00,60476.53,60727.47,60446.75,60446.76,2.18591
1782549000000,2026-06-27 08:30:00,60446.75,60459.78,60371.62,60373.21,2.46323
1782549900000,2026-06-27 08:45:00,60373.21,60519.99,60373.2,60462.58,4.85658
1782550800000,2026-06-27 09:00:00,60462.58,60492.0,60356.0,60367.17,3.339
1782551700000,2026-06-27 09:15:00,60367.18,60370.0,60185.56,60364.19,3.52129
1782552600000,2026-06-27 09:30:00,60368.25,60443.39,60368.24,60410.96,1.87009
1782553500000,2026-06-27 09:45:00,60410.96,60434.0,60388.99,60434.0,2.06115
1782554400000,2026-06-27 10:00:00,60434.0,60468.0,60402.51,60467.99,2.48315
1782555300000,2026-06-27 10:15:00,60468.0,60487.31,60445.33,60457.68,0.49885
1782556200000,2026-06-27 10:30:00,60457.69,60457.69,60409.52,60422.49,4.11729
1782557100000,2026-06-27 10:45:00,60422.48,60428.53,60380.0,60419.35,16.72589
1782558000000,2026-06-27 11:00:00,60419.35,60447.8,60373.67,60401.59,4.05005
1782558900000,2026-06-27 11:15:00,60401.59,60401.59,60237.74,60263.26,31.65532
1782559800000,2026-06-27 11:30:00,60263.27,60296.0,60202.98,60265.06,27.55554
1782560700000,2026-06-27 11:45:00,60265.05,60412.0,60265.05,60363.65,4.16145
1782561600000,2026-06-27 12:00:00,60363.66,60363.66,60257.79,60291.87,13.32682
1782562500000,2026-06-27 12:15:00,60291.86,60348.0,60291.86,60338.91,6.28404
1782563400000,2026-06-27 12:30:00,60345.98,60380.0,60315.56,60333.12,6.69196
1782564300000,2026-06-27 12:45:00,60341.24,60429.78,60310.0,60424.0,4.563
1782565200000,2026-06-27 13:00:00,60424.0,60457.99,60394.0,60415.72,6.23023
1782566100000,2026-06-27 13:15:00,60415.72,60560.88,60399.49,60468.76,4.56435
1782567000000,2026-06-27 13:30:00,60468.76,60652.0,60452.0,60597.6,24.38372
1782567900000,2026-06-27 13:45:00,60597.59,60813.82,60552.34,60600.76,24.64565
1782568800000,2026-06-27 14:00:00,60600.77,60710.49,60510.01,60674.91,11.65772
1782569700000,2026-06-27 14:15:00,60673.91,60673.91,60600.53,60601.0,6.63232
1782570600000,2026-06-27 14:30:00,60601.0,60646.0,60543.18,60643.74,6.32062
1782571500000,2026-06-27 14:45:00,60643.74,60671.99,60605.76,60611.5,3.90256
1782572400000,2026-06-27 15:00:00,60611.5,61120.67,50885.56,60877.8,15.96572
1782573300000,2026-06-27 15:15:00,60883.99,60884.0,60720.01,60816.08,4.86332
1782574200000,2026-06-27 15:30:00,60816.08,60920.41,60774.47,60794.01,7.95258
1782575100000,2026-06-27 15:45:00,60794.01,60836.68,60749.99,60826.11,4.55278
1782576000000,2026-06-27 16:00:00,60826.11,60840.18,60738.9,60760.0,11.56897
1782576900000,2026-06-27 16:15:00,60759.99,60759.99,60701.48,60720.84,4.28641
1782577800000,2026-06-27 16:30:00,60716.63,60785.89,60673.64,60782.8,4.9813
1782578700000,2026-06-27 16:45:00,60784.51,60823.07,60762.89,60802.57,2.17836
1782579600000,2026-06-27 17:00:00,60802.57,60815.8,52000.0,60568.52,11.57412
1782580500000,2026-06-27 17:15:00,60568.52,61120.67,50885.56,60565.92,11.02255
1782581400000,2026-06-27 17:30:00,60575.27,60646.0,60518.0,60605.05,4.30535
1782582300000,2026-06-27 17:45:00,60605.04,60612.22,60524.89,60524.89,11.64199
1782583200000,2026-06-27 18:00:00,60524.89,60833.2,60000.0,60522.68,13.17499
1782584100000,2026-06-27 18:15:00,60522.14,60558.67,60464.0,60515.99,2.0211
1782585000000,2026-06-27 18:30:00,60516.0,60565.78,60500.09,60549.01,2.36071
1782585900000,2026-06-27 18:45:00,60549.01,60566.21,60520.0,60544.05,1.77661
1782586800000,2026-06-27 19:00:00,60555.55,60605.41,60555.54,60596.87,2.68488
1782587700000,2026-06-27 19:15:00,60596.86,60599.34,58669.98,60325.79,10.4013
1782588600000,2026-06-27 19:30:00,60325.79,60325.8,60101.13,60204.67,7.56518
1782589500000,2026-06-27 19:45:00,60202.58,60243.57,60149.93,60175.95,6.00617
1782590400000,2026-06-27 20:00:00,60175.95,60294.0,60175.94,60271.37,4.3083
1782591300000,2026-06-27 20:15:00,60273.08,60306.0,60256.0,60266.26,1.56007
1782592200000,2026-06-27 20:30:00,60277.89,60281.68,60255.81,60255.82,0.75639
1782593100000,2026-06-27 20:45:00,60255.81,60300.0,60255.81,60276.91,1.34868
1782594000000,2026-06-27 21:00:00,60276.9,60400.0,60276.9,60380.53,4.48479
1782594900000,2026-06-27 21:15:00,60385.58,60451.01,60367.99,60451.01,8.53437
1782595800000,2026-06-27 21:30:00,60451.01,60479.99,60228.81,60228.82,12.20013
1782596700000,2026-06-27 21:45:00,60228.81,60618.15,59521.31,60200.91,10.05956
1782597600000,2026-06-27 22:00:00,60205.99,60205.99,60070.0,60134.97,4.42433
1782598500000,2026-06-27 22:15:00,60130.13,60262.6,59876.2,60136.01,14.05411
1782599400000,2026-06-27 22:30:00,60136.01,60246.0,60128.0,60177.96,6.32859
1782600300000,2026-06-27 22:45:00,60177.95,60239.23,60160.57,60228.95,1.80953
1782601200000,2026-06-27 23:00:00,60228.96,60312.36,60038.16,60038.16,10.08169
1782602100000,2026-06-27 23:15:00,60038.17,60098.0,59952.0,59980.0,6.83664
1782603000000,2026-06-27 23:30:00,59980.0,60749.86,59971.5,60061.13,5.14454
1782603900000,2026-06-27 23:45:00,60061.13,60087.6,60010.0,60029.0,2.51196
1782604800000,2026-06-28 00:00:00,60029.01,60141.99,60018.0,60137.29,6.99733
1782605700000,2026-06-28 00:15:00,60137.3,60188.0,60137.29,60163.79,1.49059
1782606600000,2026-06-28 00:30:00,60164.03,60176.86,60095.74,60176.86,5.61419
1782607500000,2026-06-28 00:45:00,60176.86,60189.65,60141.9,60189.64,3.03761
1782608400000,2026-06-28 01:00:00,60189.65,60189.65,59986.0,60068.22,8.92299
1782609300000,2026-06-28 01:15:00,60072.0,61120.67,60066.01,60196.22,6.70075
1782610200000,2026-06-28 01:30:00,60196.72,60260.45,60188.21,60249.94,6.06029
1782611100000,2026-06-28 01:45:00,60258.88,60264.33,60206.0,60208.14,4.38618
1782612000000,2026-06-28 02:00:00,60212.04,60285.62,60212.04,60285.62,1.35914
1782612900000,2026-06-28 02:15:00,60285.63,60339.17,60066.0,60111.49,9.45059
1782613800000,2026-06-28 02:30:00,60111.49,60152.13,60104.01,60134.9,1.71972
1782614700000,2026-06-28 02:45:00,60136.14,60183.55,60114.0,60158.8,2.40045
1782615600000,2026-06-28 03:00:00,60158.81,60266.0,60156.87,60264.42,3.18345
1782616500000,2026-06-28 03:15:00,60263.85,60273.05,60210.0,60262.57,3.82471
1782617400000,2026-06-28 03:30:00,60262.57,60275.0,60187.08,60187.61,4.88394
1782618300000,2026-06-28 03:45:00,60197.28,60216.4,60121.17,60197.31,7.78654
1782619200000,2026-06-28 04:00:00,60197.31,60229.99,60150.0,60215.64,2.13178
1782620100000,2026-06-28 04:15:00,60215.64,60231.83,60199.17,60199.18,0.97303
1782621000000,2026-06-28 04:30:00,60199.17,60199.18,60102.95,60174.0,7.82703
1782621900000,2026-06-28 04:45:00,60178.38,60193.99,60121.7,60128.65,0.52145
1782622800000,2026-06-28 05:00:00,60128.65,60140.0,59973.84,60013.21,3.71422
1782623700000,2026-06-28 05:15:00,60012.78,60021.64,59796.16,59853.13,13.0544
1782624600000,2026-06-28 05:30:00,59849.55,59952.96,59796.0,59918.63,4.06683
1782625500000,2026-06-28 05:45:00,59918.64,60015.22,59918.63,59989.18,2.46893
1782626400000,2026-06-28 06:00:00,59989.18,60024.25,59842.0,59842.01,8.8974
1782627300000,2026-06-28 06:15:00,59842.01,59951.43,59758.36,59925.28,10.06928
1782628200000,2026-06-28 06:30:00,59925.28,59988.0,59925.27,59974.74,1.90022
1782629100000,2026-06-28 06:45:00,59966.87,60030.0,59958.48,60006.27,1.76963
1782630000000,2026-06-28 07:00:00,60006.27,60660.9,60000.0,60140.95,8.52131
1782630900000,2026-06-28 07:15:00,60140.95,60143.65,60106.0,60108.42,0.26037
1782631800000,2026-06-28 07:30:00,60108.43,60234.0,60106.77,60222.86,6.33817
1782632700000,2026-06-28 07:45:00,60222.86,60259.67,60194.0,60194.0,5.29148
1782633600000,2026-06-28 08:00:00,60196.82,60248.0,60140.14,60177.99,5.96443
1782634500000,2026-06-28 08:15:00,60178.22,60230.0,60160.27,60224.61,2.60666
1782635400000,2026-06-28 08:30:00,60224.61,61000.0,60224.6,60451.66,30.25394
1782636300000,2026-06-28 08:45:00,60449.41,60482.0,60371.29,60374.25,15.01043
1782637200000,2026-06-28 09:00:00,60373.33,60446.88,60307.35,60369.75,6.11368
1782638100000,2026-06-28 09:15:00,60374.01,60389.99,60319.11,60323.36,3.9649
1782639000000,2026-06-28 09:30:00,60323.35,60400.28,60310.26,60376.53,4.68411
1782639900000,2026-06-28 09:45:00,60378.88,60379.02,60253.44,60264.87,6.62145
1782640800000,2026-06-28 10:00:00,60264.88,60591.05,60183.35,60268.46,5.76642
1782641700000,2026-06-28 10:15:00,60268.45,60286.0,57262.04,60113.01,7.67308
1782642600000,2026-06-28 10:30:00,60113.01,60136.25,60078.67,60127.21,3.70664
1782643500000,2026-06-28 10:45:00,60127.2,60176.0,60127.2,60166.72,4.7254
1782644400000,2026-06-28 11:00:00,60166.72,60258.51,60123.96,60125.72,7.59104
1782645300000,2026-06-28 11:15:00,60125.41,60389.45,60123.9,60316.39,9.74121
1782646200000,2026-06-28 11:30:00,60316.39,60324.98,60260.28,60292.27,5.29127
1782647100000,2026-06-28 11:45:00,60302.96,60367.94,60251.5,60329.99,4.38783
1782648000000,2026-06-28 12:00:00,60339.29,60383.99,50868.69,60298.55,9.61361
1782648900000,2026-06-28 12:15:00,60298.55,60338.0,60200.0,60338.0,17.40025
1782649800000,2026-06-28 12:30:00,60338.0,60435.43,60205.17,60241.02,7.47699
1782650700000,2026-06-28 12:45:00,60241.01,60305.97,60241.01,60292.24,10.34862
1782651600000,2026-06-28 13:00:00,60292.59,60677.6,53679.87,60124.39,30.80985
1782652500000,2026-06-28 13:15:00,60124.4,60169.99,60080.0,60128.0,3.21474
1782653400000,2026-06-28 13:30:00,60129.99,60183.84,58245.49,60130.67,9.58249
1782654300000,2026-06-28 13:45:00,60124.41,60128.69,60063.65,60075.01,2.6501
1782655200000,2026-06-28 14:00:00,60075.01,60173.79,60036.67,60173.79,5.69097
1782656100000,2026-06-28 14:15:00,60175.68,60247.11,60104.01,60162.49,8.15904
1782657000000,2026-06-28 14:30:00,60162.48,60194.56,60087.64,60102.48,6.27391
1782657900000,2026-06-28 14:45:00,60109.69,60158.49,60026.19,60034.53,3.15151
1782658800000,2026-06-28 15:00:00,60039.66,60092.0,53675.8,60050.0,15.56683
1782659700000,2026-06-28 15:15:00,60050.0,60129.99,60010.1,60041.38,4.546
1782660600000,2026-06-28 15:30:00,60038.75,60155.99,59910.48,59976.67,6.9542
1782661500000,2026-06-28 15:45:00,59975.52,59992.35,59827.3,59889.51,3.6686
1782662400000,2026-06-28 16:00:00,59889.51,59943.9,58050.0,59837.58,12.74045
1782663300000,2026-06-28 16:15:00,59837.58,59901.17,59688.0,59750.0,10.79518
1782664200000,2026-06-28 16:30:00,59750.0,59793.0,59622.59,59622.59,8.64006
1782665100000,2026-06-28 16:45:00,59622.58,59739.14,59597.49,59691.49,8.21288
1782666000000,2026-06-28 17:00:00,59690.63,59845.01,59674.43,59747.25,11.40896
1782666900000,2026-06-28 17:15:00,59747.25,59747.26,59600.0,59600.01,7.88623
1782667800000,2026-06-28 17:30:00,59600.01,59661.81,59412.0,59536.82,12.81627
1782668700000,2026-06-28 17:45:00,59536.82,59631.97,59523.77,59588.0,7.01733
1782669600000,2026-06-28 18:00:00,59588.01,59698.0,59580.0,59647.4,7.87351
1782670500000,2026-06-28 18:15:00,59647.4,59674.0,59603.04,59620.59,6.09362
1782671400000,2026-06-28 18:30:00,59620.59,59671.68,59582.84,59606.25,4.42715
1782672300000,2026-06-28 18:45:00,59606.26,59625.56,59502.0,59619.95,14.45632
1782673200000,2026-06-28 19:00:00,59619.96,59619.96,59468.0,59501.87,7.86023
1782674100000,2026-06-28 19:15:00,59504.06,59542.0,59444.87,59542.0,9.2429
1782675000000,2026-06-28 19:30:00,59542.0,59664.74,59427.92,59442.83,11.98805
1782675900000,2026-06-28 19:45:00,59442.84,59494.0,59281.94,59485.63,12.63908
1782676800000,2026-06-28 20:00:00,59485.64,59678.0,59484.11,59663.35,4.58206
1782677700000,2026-06-28 20:15:00,59663.35,59749.59,59663.34,59690.01,3.44862
1782678600000,2026-06-28 20:30:00,59690.01,59720.08,50000.0,59670.0,12.36535
1782679500000,2026-06-28 20:45:00,59670.0,59721.33,59653.16,59659.99,1.4089
1782680400000,2026-06-28 21:00:00,59660.0,59701.6,59646.0,59680.96,2.96922
1782681300000,2026-06-28 21:15:00,59691.99,59740.23,59660.53,59716.68,3.05531
1782682200000,2026-06-28 21:30:00,59713.41,59781.63,59660.01,59660.01,4.73473
1782683100000,2026-06-28 21:45:00,59660.0,59678.66,58971.47,59423.99,13.03983
1782684000000,2026-06-28 22:00:00,59424.0,60163.54,56663.7,59640.0,19.85357
1782684900000,2026-06-28 22:15:00,59630.0,59758.76,50885.56,59365.95,31.24934
1782685800000,2026-06-28 22:30:00,59365.95,59436.0,59091.0,59109.3,10.79068
1782686700000,2026-06-28 22:45:00,59109.3,59207.0,58952.45,59083.51,12.65098
1782687600000,2026-06-28 23:00:00,59083.51,59370.0,59017.81,59298.02,10.9966
1782688500000,2026-06-28 23:15:00,59297.02,59572.0,59257.93,59533.51,9.98051
1782689400000,2026-06-28 23:30:00,59546.61,59836.67,59535.62,59726.53,11.72189
1782690300000,2026-06-28 23:45:00,59730.0,59788.01,59577.0,59577.0,9.78753
1782691200000,2026-06-29 00:00:00,59577.01,59694.0,58867.07,59584.22,14.14607
1782692100000,2026-06-29 00:15:00,59584.21,59584.22,59220.0,59232.0,8.75645
1782693000000,2026-06-29 00:30:00,59232.01,60157.34,59033.99,59345.99,17.01946
1782693900000,2026-06-29 00:45:00,59346.0,59699.99,59242.0,59688.68,11.54247
1782694800000,2026-06-29 01:00:00,59686.0,59686.0,58496.69,59480.99,14.96316
1782695700000,2026-06-29 01:15:00,59484.67,60082.76,59238.0,59307.08,14.12952
1782696600000,2026-06-29 01:30:00,59300.1,59570.0,59240.0,59548.0,10.41326
1782697500000,2026-06-29 01:45:00,59548.01,59560.0,59434.0,59440.95,11.50539
1782698400000,2026-06-29 02:00:00,59440.95,59512.56,50000.0,58999.83,19.25641
1782699300000,2026-06-29 02:15:00,58999.83,60034.23,58999.83,59538.85,21.8474
1782700200000,2026-06-29 02:30:00,59538.85,59969.63,58750.0,59763.82,29.2198
1782701100000,2026-06-29 02:45:00,59763.82,59802.01,59709.76,59757.99,6.63358
1782702000000,2026-06-29 03:00:00,59758.0,60380.44,59757.99,59992.01,21.38033
1782702900000,2026-06-29 03:15:00,59992.0,60189.01,56990.54,60182.67,10.08737
1782703800000,2026-06-29 03:30:00,60172.68,60593.93,59881.76,59923.7,12.30985
1782704700000,2026-06-29 03:45:00,59923.69,60054.0,59883.87,60052.0,7.52221
1782705600000,2026-06-29 04:00:00,60052.01,60052.01,59900.0,59925.9,6.17944
1782706500000,2026-06-29 04:15:00,59926.43,59992.01,59850.01,59958.01,3.61401
1782707400000,2026-06-29 04:30:00,59958.01,59958.01,59746.0,59812.0,6.69593
1782708300000,2026-06-29 04:45:00,59812.0,59906.0,59344.11,59830.0,6.08373
1782709200000,2026-06-29 05:00:00,59830.01,59861.57,59415.89,59545.45,9.90985
1782710100000,2026-06-29 05:15:00,59545.45,59714.8,59541.99,59683.59,8.79265
1782711000000,2026-06-29 05:30:00,59683.59,59916.0,59655.99,59915.59,9.17803
1782711900000,2026-06-29 05:45:00,59915.59,60094.66,59244.2,60094.66,9.43913
1782712800000,2026-06-29 06:00:00,60094.67,60210.01,59840.84,60144.0,11.34531
1782713700000,2026-06-29 06:15:00,60144.0,60323.8,60128.52,60160.31,16.02712
1782714600000,2026-06-29 06:30:00,60160.31,60202.06,60068.84,60080.55,9.91781
1782715500000,2026-06-29 06:45:00,60080.55,60158.33,60056.0,60075.8,7.02073
1782716400000,2026-06-29 07:00:00,60075.5,60075.5,59780.51,60072.0,7.9788
1782717300000,2026-06-29 07:15:00,60072.0,60162.01,60026.62,60124.0,10.15788
1782718200000,2026-06-29 07:30:00,60124.0,60138.0,60049.99,60050.01,7.0897
1782719100000,2026-06-29 07:45:00,60050.0,60132.9,60028.01,60028.01,5.59972
1782720000000,2026-06-29 08:00:00,60028.01,60084.17,59904.0,59947.58,18.82844
1782720900000,2026-06-29 08:15:00,59948.1,60051.19,59819.99,59832.99,11.84194
1782721800000,2026-06-29 08:30:00,59837.0,59911.99,59005.89,59870.0,12.6437
1782722700000,2026-06-29 08:45:00,59869.99,59939.99,59840.0,59854.38,2.70367
1782723600000,2026-06-29 09:00:00,59854.39,59945.23,59814.0,59945.22,8.86218
1782724500000,2026-06-29 09:15:00,59945.23,60081.5,59793.07,59924.53,16.06047
1782725400000,2026-06-29 09:30:00,59926.4,60000.0,59889.98,59943.99,6.33964
1782726300000,2026-06-29 09:45:00,59944.0,60068.0,59930.01,60056.06,8.92804
1782727200000,2026-06-29 10:00:00,60057.0,60289.55,60056.99,60226.55,15.06656
1782728100000,2026-06-29 10:15:00,60226.56,60311.88,60100.0,60214.52,8.92686
1782729000000,2026-06-29 10:30:00,60215.79,60215.79,60098.0,60130.62,6.39458
1782729900000,2026-06-29 10:45:00,60130.62,60204.24,60071.07,60085.32,8.02842
1782730800000,2026-06-29 11:00:00,60088.0,60088.0,59600.0,59956.68,20.04228
1782731700000,2026-06-29 11:15:00,59954.69,60000.0,59880.0,59989.6,12.53252
1782732600000,2026-06-29 11:30:00,59990.6,60149.84,59817.81,59864.0,15.5318
1782733500000,2026-06-29 11:45:00,59862.99,60095.84,59799.99,59928.01,8.44895
1782734400000,2026-06-29 12:00:00,59928.01,60740.02,59679.99,60718.07,46.3642
1782735300000,2026-06-29 12:15:00,60718.07,60762.38,60425.99,60440.01,26.14528
1782736200000,2026-06-29 12:30:00,60440.0,60864.78,59857.99,59959.99,29.47975
1782737100000,2026-06-29 12:45:00,59960.0,60879.59,59804.37,59945.88,18.62693
1782738000000,2026-06-29 13:00:00,59945.89,61190.41,59945.88,60212.01,27.69212
1782738900000,2026-06-29 13:15:00,60212.01,60294.0,59442.59,60003.49,20.93751
1782739800000,2026-06-29 13:30:00,60005.96,60206.77,56215.6,59509.99,57.47561
1782740700000,2026-06-29 13:45:00,59510.0,61244.16,51377.19,59560.61,35.35407
1782741600000,2026-06-29 14:00:00,59560.61,59560.61,53655.49,59116.0,34.58597
1782742500000,2026-06-29 14:15:00,59114.68,61244.17,51653.65,59489.65,50.92424
1782743400000,2026-06-29 14:30:00,59489.65,59983.02,59318.47,59318.47,57.84891
1782744300000,2026-06-29 14:45:00,59318.47,66106.0,59284.18,59452.0,47.87712
1782745200000,2026-06-29 15:00:00,59452.0,62418.16,55593.79,59262.0,16.96863
1782746100000,2026-06-29 15:15:00,59262.0,59480.96,59160.32,59480.96,14.7008
1782747000000,2026-06-29 15:30:00,59480.96,59861.97,59480.95,59822.01,26.29575
1782747900000,2026-06-29 15:45:00,59822.0,59952.0,59786.39,59833.1,9.32503
1782748800000,2026-06-29 16:00:00,59831.99,59928.53,59710.0,59728.52,12.24083
1782749700000,2026-06-29 16:15:00,59732.01,60033.31,59667.99,59702.99,35.07653
1782750600000,2026-06-29 16:30:00,59704.18,59949.98,59643.04,59885.4,77.94429
1782751500000,2026-06-29 16:45:00,59885.4,60033.31,59830.0,59895.99,13.18107
1782752400000,2026-06-29 17:00:00,59896.0,60500.0,59893.72,60475.32,24.49456
1782753300000,2026-06-29 17:15:00,60475.33,60633.87,60399.47,60546.57,15.14989
1782754200000,2026-06-29 17:30:00,60546.97,61174.63,58926.3,60632.17,17.50731
1782755100000,2026-06-29 17:45:00,60632.17,60864.5,60409.99,60410.0,16.23935
1782756000000,2026-06-29 18:00:00,60410.0,60520.0,59100.0,60513.22,27.38747
1782756900000,2026-06-29 18:15:00,60513.23,60520.0,60193.51,60276.67,8.44417
1782757800000,2026-06-29 18:30:00,60275.43,60334.0,60220.04,60265.0,12.22397
1782758700000,2026-06-29 18:45:00,60265.01,60294.99,60199.98,60294.99,3.12384
1782759600000,2026-06-29 19:00:00,60295.0,60295.0,60156.0,60213.97,6.93518
1782760500000,2026-06-29 19:15:00,60213.98,60477.99,60190.0,60468.68,7.45123
1782761400000,2026-06-29 19:30:00,60466.01,60466.01,60116.83,60466.0,10.34095
1782762300000,2026-06-29 19:45:00,60466.01,60546.48,60423.19,60430.0,7.43063
1782763200000,2026-06-29 20:00:00,60430.0,60545.46,60429.99,60440.0,11.70735
1782764100000,2026-06-29 20:15:00,60439.52,60480.0,60364.0,60396.52,7.55417
1782765000000,2026-06-29 20:30:00,60396.51,60470.0,60396.51,60416.69,4.4401
1782765900000,2026-06-29 20:45:00,60416.69,61022.72,60295.32,60296.01,6.13569
1782766800000,2026-06-29 21:00:00,60296.01,60415.0,60264.16,60414.0,7.56428
1782767700000,2026-06-29 21:15:00,60413.99,60413.99,60306.0,60350.0,2.68267
1782768600000,2026-06-29 21:30:00,60350.0,60773.18,60350.0,60460.55,6.22474
1782769500000,2026-06-29 21:45:00,60462.02,60575.5,60462.02,60478.53,4.87159
1782770400000,2026-06-29 22:00:00,60479.72,60493.99,60367.2,60441.0,4.79044
1782771300000,2026-06-29 22:15:00,60442.0,61174.63,60432.17,60446.4,5.68102
1782772200000,2026-06-29 22:30:00,60445.01,60458.0,60350.0,60388.78,1.99636
1782773100000,2026-06-29 22:45:00,60385.25,60426.64,60342.59,60352.3,4.95143
1782774000000,2026-06-29 23:00:00,60352.31,60379.22,60331.99,60345.99,1.45942
1782774900000,2026-06-29 23:15:00,60346.0,60361.47,60216.0,60234.01,9.36498
1782775800000,2026-06-29 23:30:00,60234.01,60295.23,60219.71,60258.91,4.406
1782776700000,2026-06-29 23:45:00,60258.7,60290.0,60220.01,60264.99,3.46286
1782777600000,2026-06-30 00:00:00,60272.21,60272.21,60151.04,60189.91,12.34706
1782778500000,2026-06-30 00:15:00,60189.9,60230.0,59000.0,59955.19,16.38075
1782779400000,2026-06-30 00:30:00,59939.61,60179.39,59706.1,59782.0,29.10211
1782780300000,2026-06-30 00:45:00,59782.01,59896.01,59756.3,59838.08,7.48494
1782781200000,2026-06-30 01:00:00,59838.01,59863.99,59783.32,59823.99,10.63164
1782782100000,2026-06-30 01:15:00,59823.99,60043.14,59821.99,60037.99,12.68698
1782783000000,2026-06-30 01:30:00,60038.0,60048.98,59800.0,59836.92,11.00754
1782783900000,2026-06-30 01:45:00,59839.0,59941.94,59832.0,59940.62,7.66092
1782784800000,2026-06-30 02:00:00,59939.95,59940.0,59774.0,59797.52,4.57678
1782785700000,2026-06-30 02:15:00,59797.53,59991.99,59755.01,59974.42,6.72525
1782786600000,2026-06-30 02:30:00,59975.99,60026.99,59922.53,60013.88,2.09163
1782787500000,2026-06-30 02:45:00,60017.36,60041.46,59948.24,59948.24,4.59682
1782788400000,2026-06-30 03:00:00,59948.24,59980.0,59860.84,59896.01,7.42819
1782789300000,2026-06-30 03:15:00,59896.0,60031.75,59825.87,59858.01,5.24284
1782790200000,2026-06-30 03:30:00,59858.01,60271.08,59740.52,59740.53,28.31884
1782791100000,2026-06-30 03:45:00,59740.52,59740.53,59600.0,59634.01,3.59174
1782792000000,2026-06-30 04:00:00,59627.48,59627.48,59434.53,59563.46,12.12763
1782792900000,2026-06-30 04:15:00,59563.45,59571.51,59444.0,59550.61,9.69216
1782793800000,2026-06-30 04:30:00,59550.61,59694.6,59055.86,59586.0,25.47526
1782794700000,2026-06-30 04:45:00,59586.0,59605.03,59447.55,59492.0,10.34402
1782795600000,2026-06-30 05:00:00,59492.01,59526.52,59384.9,59434.14,14.64298
1782796500000,2026-06-30 05:15:00,59433.96,59493.84,59375.52,59386.01,6.68501
1782797400000,2026-06-30 05:30:00,59386.0,60372.81,59371.72,59720.08,41.84118
1782798300000,2026-06-30 05:45:00,59562.85,60728.74,56000.0,59652.14,10.67012
1782799200000,2026-06-30 06:00:00,59652.14,59652.14,59323.07,59566.15,10.04418
1782800100000,2026-06-30 06:15:00,59566.15,59700.0,59519.37,59700.0,8.64808
1782801000000,2026-06-30 06:30:00,59700.0,59711.63,59549.43,59565.28,10.16991
1782801900000,2026-06-30 06:45:00,59565.27,59600.45,59547.28,59591.0,3.35326
1782802800000,2026-06-30 07:00:00,59592.0,59629.95,59448.01,59483.72,5.20434
1782803700000,2026-06-30 07:15:00,59483.71,59555.01,59450.84,59472.87,9.5023
1782804600000,2026-06-30 07:30:00,59472.87,60251.75,59472.86,59512.01,26.4689
1782805500000,2026-06-30 07:45:00,59512.01,59551.99,59471.68,59524.19,13.42144
1782806400000,2026-06-30 08:00:00,59524.01,59551.03,59436.27,59436.27,12.43397
1782807300000,2026-06-30 08:15:00,59436.01,59500.0,59378.66,59410.07,17.10311
1782808200000,2026-06-30 08:30:00,59418.0,59441.94,58699.96,59274.71,17.5894
1782809100000,2026-06-30 08:45:00,59274.71,59346.0,59196.02,59314.08,11.56315
1782810000000,2026-06-30 09:00:00,59311.95,59400.09,59280.0,59343.73,8.21892
1782810900000,2026-06-30 09:15:00,59343.74,59366.0,59266.09,59298.06,5.13143
1782811800000,2026-06-30 09:30:00,59296.01,59382.01,59260.0,59360.28,7.97971
1782812700000,2026-06-30 09:45:00,59360.27,59415.93,59360.27,59374.95,2.8753
1782813600000,2026-06-30 10:00:00,59374.96,59410.0,59313.47,59356.89,7.25247
1782814500000,2026-06-30 10:15:00,59371.01,59420.0,58699.96,59371.98,3.88923
1782815400000,2026-06-30 10:30:00,59371.99,59371.99,59287.3,59335.86,2.16398
1782816300000,2026-06-30 10:45:00,59334.01,59400.61,59302.0,59339.11,3.12846
1782817200000,2026-06-30 11:00:00,59334.01,59405.73,59324.05,59388.33,5.24797
1782818100000,2026-06-30 11:15:00,59388.25,59396.0,59211.99,59223.35,10.36134
1782819000000,2026-06-30 11:30:00,59223.31,59678.77,59123.01,59256.01,9.17942
1782819900000,2026-06-30 11:45:00,59252.41,59321.02,58699.96,59192.71,5.19405
1782820800000,2026-06-30 12:00:00,59192.71,59192.71,59013.99,59022.7,10.71621
1782821700000,2026-06-30 12:15:00,59022.7,59071.52,58779.27,58865.69,23.6605
1782822600000,2026-06-30 12:30:00,58865.93,58879.22,58797.32,58842.28,13.52543
1782823500000,2026-06-30 12:45:00,58841.34,58853.55,58414.77,58414.77,19.85003
1782824400000,2026-06-30 13:00:00,58412.0,59631.92,58339.73,58440.0,22.59875
1782825300000,2026-06-30 13:15:00,58439.99,58599.65,58439.99,58517.99,9.14049
1782826200000,2026-06-30 13:30:00,58517.99,58800.0,58248.89,58557.53,61.81847
1782827100000,2026-06-30 13:45:00,58580.0,58793.82,58478.3,58737.99,36.78111
1782828000000,2026-06-30 14:00:00,58737.18,59345.59,58471.29,58982.01,27.28076
1782828900000,2026-06-30 14:15:00,58982.0,59145.19,58894.08,59035.57,25.54219
1782829800000,2026-06-30 14:30:00,59039.99,59257.24,58630.3,58922.51,40.94055
1782830700000,2026-06-30 14:45:00,58922.5,59926.3,58433.0,58510.66,30.38205
1782831600000,2026-06-30 15:00:00,58510.66,59400.0,48200.0,58430.01,19.15294
1782832500000,2026-06-30 15:15:00,58430.01,58464.25,58223.38,58392.82,15.56908
1782833400000,2026-06-30 15:30:00,58384.55,58486.01,58187.78,58466.0,13.06936
1782834300000,2026-06-30 15:45:00,58466.0,58796.0,58354.0,58370.0,18.63423
1782835200000,2026-06-30 16:00:00,58370.0,58645.85,58370.0,58400.01,21.89387
1782836100000,2026-06-30 16:15:00,58400.0,58454.63,58284.0,58296.52,12.40016
1782837000000,2026-06-30 16:30:00,58305.0,58831.01,58266.34,58317.63,19.0472
1782837900000,2026-06-30 16:45:00,58321.78,58572.0,58321.78,58492.0,12.29652
1782838800000,2026-06-30 17:00:00,58492.52,58606.91,58387.72,58397.25,17.63248
1782839700000,2026-06-30 17:15:00,58397.25,58480.0,58366.0,58382.7,25.28747
1782840600000,2026-06-30 17:30:00,58387.9,58458.0,58344.17,58383.34,25.33632
1782841500000,2026-06-30 17:45:00,58383.34,58423.99,58207.39,58412.59,15.65847
1782842400000,2026-06-30 18:00:00,58418.0,58485.07,57649.18,58472.0,48.66193
1782843300000,2026-06-30 18:15:00,58472.0,58654.67,58394.96,58536.0,20.86908
1782844200000,2026-06-30 18:30:00,58536.0,58552.67,58392.92,58455.99,13.93661
1782845100000,2026-06-30 18:45:00,58456.0,58686.54,58455.99,58680.86,16.15873
1782846000000,2026-06-30 19:00:00,58680.87,58712.56,58590.0,58644.52,20.12557
1782846900000,2026-06-30 19:15:00,58655.68,58669.74,58575.23,58665.63,8.55456
1782847800000,2026-06-30 19:30:00,58669.43,58807.32,58669.43,58748.84,12.14776
1782848700000,2026-06-30 19:45:00,58748.85,58824.01,58714.0,58823.99,9.52688
1782849600000,2026-06-30 20:00:00,58823.99,58907.48,58748.26,58864.07,7.74268
1782850500000,2026-06-30 20:15:00,58863.91,58864.73,58699.99,58739.9,10.4485
1782851400000,2026-06-30 20:30:00,58739.99,58740.0,58650.0,58671.08,6.38876
1782852300000,2026-06-30 20:45:00,58671.07,58778.01,58659.99,58735.88,6.48972
1782853200000,2026-06-30 21:00:00,58732.01,59035.34,58556.01,58605.99,7.24005
1782854100000,2026-06-30 21:15:00,58606.0,58637.0,58444.86,58596.68,5.39088
1782855000000,2026-06-30 21:30:00,58596.0,58662.0,58586.01,58598.68,5.23737
1782855900000,2026-06-30 21:45:00,58592.0,58654.0,58444.86,58635.66,3.6755
1782856800000,2026-06-30 22:00:00,58639.32,58742.11,58444.86,58739.63,8.68289
1782857700000,2026-06-30 22:15:00,58739.64,58782.59,58650.0,58650.15,3.82192
1782858600000,2026-06-30 22:30:00,58650.15,58654.92,58513.51,58596.0,11.3401
1782859500000,2026-06-30 22:45:00,58596.0,58630.0,58543.13,58608.0,5.35259
1782860400000,2026-06-30 23:00:00,58608.0,58640.01,58564.0,58609.81,5.15698
1782861300000,2026-06-30 23:15:00,58610.0,58659.97,58584.01,58620.68,6.06794
1782862200000,2026-06-30 23:30:00,58616.0,58638.47,58571.45,58594.0,9.38789
1782863100000,2026-06-30 23:45:00,58594.0,58664.0,58590.0,58624.71,7.28087
1782864000000,2026-07-01 00:00:00,58624.71,59605.64,58607.99,58662.74,23.54059
1782864900000,2026-07-01 00:15:00,58662.75,58670.01,58316.0,58396.76,18.23443
1782865800000,2026-07-01 00:30:00,58394.0,58516.01,58394.0,58484.0,8.56978
1782866700000,2026-07-01 00:45:00,58484.0,58614.01,58472.0,58568.2,7.25814
1782867600000,2026-07-01 01:00:00,58568.2,59605.64,57844.95,58157.99,20.36745
1782868500000,2026-07-01 01:15:00,58158.0,58397.67,58053.19,58359.29,17.93814
1782869400000,2026-07-01 01:30:00,58359.28,59605.64,58352.91,58902.01,51.04475
1782870300000,2026-07-01 01:45:00,58902.01,59605.64,58721.99,58778.98,10.94251
1782871200000,2026-07-01 02:00:00,58778.98,58844.01,58666.92,58798.01,15.31619
1782872100000,2026-07-01 02:15:00,58798.01,59000.0,58786.65,58948.23,15.61816
1782873000000,2026-07-01 02:30:00,58948.75,59133.99,58936.0,59131.98,24.63764
1782873900000,2026-07-01 02:45:00,59132.0,59433.75,59021.32,59082.76,10.26082
1782874800000,2026-07-01 03:00:00,59082.76,59116.0,58996.01,58999.23,8.34649
1782875700000,2026-07-01 03:15:00,58999.23,59003.23,58885.79,58906.53,7.64434
1782876600000,2026-07-01 03:30:00,58914.85,59605.64,58850.0,58944.68,19.03483
1782877500000,2026-07-01 03:45:00,58944.38,59605.64,58936.0,59197.13,12.22091
1782878400000,2026-07-01 04:00:00,59197.13,59606.94,59066.0,59113.32,9.01958
1782879300000,2026-07-01 04:15:00,59113.31,59269.99,59102.16,59269.99,4.90228
1782880200000,2026-07-01 04:30:00,59270.52,60049.46,59200.0,59357.99,7.97337
1782881100000,2026-07-01 04:45:00,59357.99,59418.81,59308.0,59380.54,95.14189
1782882000000,2026-07-01 05:00:00,59380.54,59380.54,59340.01,59366.09,8.04935
1782882900000,2026-07-01 05:15:00,59366.09,60275.52,59164.17,59174.0,8.44752
1782883800000,2026-07-01 05:30:00,59174.0,60334.21,59128.91,59188.0,13.54549
1782884700000,2026-07-01 05:45:00,59188.0,60772.21,59132.67,59148.52,22.12189
1782885600000,2026-07-01 06:00:00,59156.0,59156.0,58911.11,58952.11,5.64493
1782886500000,2026-07-01 06:15:00,58952.12,59311.08,57834.83,58785.46,16.08624
1782887400000,2026-07-01 06:30:00,58791.15,60044.32,58538.87,58700.0,20.76342
1782888300000,2026-07-01 06:45:00,58700.0,58764.05,58000.0,58741.03,7.69742
1782889200000,2026-07-01 07:00:00,58741.03,60044.32,58602.24,58682.57,13.35942
1782890100000,2026-07-01 07:15:00,58682.56,58823.9,58638.01,58755.38,5.33322
1782891000000,2026-07-01 07:30:00,58747.74,61200.25,58648.15,58689.7,16.18105
1782891900000,2026-07-01 07:45:00,58689.7,58804.67,58679.98,58762.73,3.82157
1782892800000,2026-07-01 08:00:00,58765.14,58805.03,58664.01,58708.15,8.4437
1782893700000,2026-07-01 08:15:00,58708.15,58714.01,58600.01,58620.01,6.60031
1782894600000,2026-07-01 08:30:00,58620.01,58740.45,58507.99,58740.45,19.91295
1782895500000,2026-07-01 08:45:00,58739.13,58984.0,58692.92,58974.91,7.62065
1782896400000,2026-07-01 09:00:00,58974.92,59064.86,58916.0,58955.99,9.72719
1782897300000,2026-07-01 09:15:00,58956.0,59005.05,58877.14,58880.0,5.21282
1782898200000,2026-07-01 09:30:00,58880.52,58942.11,58846.59,58881.99,3.03877
1782899100000,2026-07-01 09:45:00,58882.0,58968.94,58865.25,58952.0,5.05966
1782900000000,2026-07-01 10:00:00,58952.0,58952.0,58757.42,58757.42,5.50562
1782900900000,2026-07-01 10:15:00,58757.43,59756.39,58673.99,58737.14,9.04516
1782901800000,2026-07-01 10:30:00,58737.13,58756.0,58631.02,58631.43,2.39607
1782902700000,2026-07-01 10:45:00,58631.43,61278.61,58624.0,58659.98,60.15017
1782903600000,2026-07-01 11:00:00,58659.98,64286.98,49912.0,58706.0,97.92803
1782904500000,2026-07-01 11:15:00,58706.01,73000.0,58678.58,58703.0,40.15051
1782905400000,2026-07-01 11:30:00,58693.0,58734.67,58628.01,58672.0,9.6138
1782906300000,2026-07-01 11:45:00,58672.37,62828.7,58555.99,58622.04,15.12715
1782907200000,2026-07-01 12:00:00,58622.04,67770.15,49779.21,58445.39,149.21261
1782908100000,2026-07-01 12:15:00,58445.39,58583.84,58445.39,58562.0,20.05746
1782909000000,2026-07-01 12:30:00,58562.01,67000.0,49970.0,58390.8,202.78642
1782909900000,2026-07-01 12:45:00,58390.79,58541.4,58334.02,58541.4,14.26374
1782910800000,2026-07-01 13:00:00,58541.4,58748.01,58538.0,58677.99,10.65395
1782911700000,2026-07-01 13:15:00,58677.99,59615.01,58668.0,58768.0,9.89887
1782912600000,2026-07-01 13:30:00,58768.53,61946.53,49970.0,59027.99,27.77872
1782913500000,2026-07-01 13:45:00,59028.0,63123.99,58957.05,59547.87,29.23569
1782914400000,2026-07-01 14:00:00,59547.87,69158.09,56125.17,59975.0,28.10666
1782915300000,2026-07-01 14:15:00,59974.99,60085.1,59787.28,59787.28,27.71685
1782916200000,2026-07-01 14:30:00,59787.28,59803.72,58581.28,59597.07,23.19874
1782917100000,2026-07-01 14:45:00,59597.08,59758.33,49939.88,59525.98,155.72832
1782918000000,2026-07-01 15:00:00,59525.99,59970.0,59525.99,59914.92,23.53374
1782918900000,2026-07-01 15:15:00,59914.93,60578.09,51024.0,60304.01,50.34046
1782919800000,2026-07-01 15:30:00,60304.0,69158.09,51674.0,60230.01,140.73456
1782920700000,2026-07-01 15:45:00,60230.02,60245.93,51000.0,60144.0,32.03902
1782921600000,2026-07-01 16:00:00,60144.01,60225.01,60081.1,60132.0,8.82872
1782922500000,2026-07-01 16:15:00,60132.0,60230.01,59952.54,60159.99,11.00062
1782923400000,2026-07-01 16:30:00,60159.99,60164.01,60024.89,60073.99,10.06727
1782924300000,2026-07-01 16:45:00,60073.99,60083.41,59868.83,59906.01,8.11702
1782925200000,2026-07-01 17:00:00,59906.02,59937.13,57535.41,59903.99,16.76177
1782926100000,2026-07-01 17:15:00,59903.99,69796.48,59903.99,60142.0,17.21176
1782927000000,2026-07-01 17:30:00,60142.0,60239.84,55758.96,60156.84,14.48851
1782927900000,2026-07-01 17:45:00,60156.85,60227.91,60152.0,60190.59,3.54078
1782928800000,2026-07-01 18:00:00,60190.6,60204.0,60016.4,60068.0,7.85466
1782929700000,2026-07-01 18:15:00,60068.0,60188.0,60048.0,60132.0,6.74529
1782930600000,2026-07-01 18:30:00,60132.01,60242.78,60091.99,60211.99,4.80081
1782931500000,2026-07-01 18:45:00,60212.0,60294.11,60111.99,60172.46,4.08102
1782932400000,2026-07-01 19:00:00,60172.47,60288.01,60169.99,60279.99,4.47838
1782933300000,2026-07-01 19:15:00,60280.01,60336.01,60116.43,60153.72,6.205
1782934200000,2026-07-01 19:30:00,60154.25,60263.6,60153.54,60212.67,4.02425
1782935100000,2026-07-01 19:45:00,60208.59,60208.59,60000.0,60017.52,6.36487
1782936000000,2026-07-01 20:00:00,60017.53,60052.04,59910.01,59997.81,8.83116
1782936900000,2026-07-01 20:15:00,59997.82,60025.64,59885.0,59974.0,5.03369
1782937800000,2026-07-01 20:30:00,59973.99,60060.0,59960.0,60042.52,4.606
1782938700000,2026-07-01 20:45:00,60043.45,60190.01,53900.0,60126.0,5.6651
1782939600000,2026-07-01 21:00:00,60126.01,60494.01,60124.89,60447.21,12.05207
1782940500000,2026-07-01 21:15:00,60447.21,60578.91,60332.0,60530.0,17.24103
1782941400000,2026-07-01 21:30:00,60530.01,60821.59,60527.99,60814.02,22.39827
1782942300000,2026-07-01 21:45:00,60814.01,60824.6,60784.0,60817.99,5.21011
1782943200000,2026-07-01 22:00:00,60818.0,60825.01,60803.22,60817.5,3.4284
1782944100000,2026-07-01 22:15:00,60817.5,61459.0,60625.49,60626.01,15.57409
1782945000000,2026-07-01 22:30:00,60625.49,60627.99,58796.91,60490.4,11.63527
1782945900000,2026-07-01 22:45:00,60490.41,60506.0,60359.99,60484.0,7.25509
1782946800000,2026-07-01 23:00:00,60484.01,60484.01,60239.36,60246.16,10.11922
1782947700000,2026-07-01 23:15:00,60246.17,60334.0,60200.0,60208.14,7.23549
1782948600000,2026-07-01 23:30:00,60208.15,60258.67,60058.0,60162.68,11.58973
1782949500000,2026-07-01 23:45:00,60158.74,60531.34,59984.86,60026.17,6.93871
1782950400000,2026-07-02 00:00:00,60026.18,60026.18,59905.91,59943.0,8.79985
1782951300000,2026-07-02 00:15:00,59943.0,60005.9,59744.58,59787.1,16.9829
1782952200000,2026-07-02 00:30:00,59780.55,59780.56,59588.0,59624.64,4.36333
1782953100000,2026-07-02 00:45:00,59624.65,59833.91,59624.64,59730.68,5.79273
1782954000000,2026-07-02 01:00:00,59726.62,59931.33,59724.0,59927.96,9.39521
1782954900000,2026-07-02 01:15:00,59927.97,60017.75,59846.0,60007.99,17.38647
1782955800000,2026-07-02 01:30:00,60007.99,60354.21,60007.99,60200.52,9.41686
1782956700000,2026-07-02 01:45:00,60201.99,60956.97,60087.78,60174.09,7.98539
1782957600000,2026-07-02 02:00:00,60174.1,60186.01,60021.46,60138.0,5.63114
1782958500000,2026-07-02 02:15:00,60143.99,60256.0,60143.99,60205.55,5.85022
1782959400000,2026-07-02 02:30:00,60205.56,60665.4,60185.99,60407.66,6.59085
1782960300000,2026-07-02 02:45:00,60407.01,60491.07,60342.89,60440.0,8.29708
1782961200000,2026-07-02 03:00:00,60440.01,60480.0,59401.41,60478.88,33.49778
1782962100000,2026-07-02 03:15:00,60478.88,60886.94,60059.14,60553.99,19.08863
1782963000000,2026-07-02 03:30:00,60553.99,60812.46,59401.41,60812.45,17.27635
1782963900000,2026-07-02 03:45:00,60812.45,61108.0,60021.72,61052.0,12.65548
1782964800000,2026-07-02 04:00:00,61052.01,61058.0,59800.0,60939.12,13.46808
1782965700000,2026-07-02 04:15:00,60939.12,60976.92,60898.32,60922.27,9.5451
1782966600000,2026-07-02 04:30:00,60920.43,61261.58,59990.06,60756.12,17.09195
1782967500000,2026-07-02 04:45:00,60756.12,60879.99,59895.06,60786.01,11.18385
1782968400000,2026-07-02 05:00:00,60786.01,60854.55,60665.99,60854.55,9.53709
1782969300000,2026-07-02 05:15:00,60854.55,60854.55,60736.64,60738.39,6.83991
1782970200000,2026-07-02 05:30:00,60738.38,60877.8,60601.64,60603.17,9.17127
1782971100000,2026-07-02 05:45:00,60603.17,60641.58,60492.96,60502.0,8.67431
1782972000000,2026-07-02 06:00:00,60502.0,60520.0,60411.51,60411.52,5.57039
1782972900000,2026-07-02 06:15:00,60411.52,60560.5,60406.14,60475.28,6.80494
1782973800000,2026-07-02 06:30:00,60475.81,60652.98,60475.81,60534.41,13.94304
1782974700000,2026-07-02 06:45:00,60534.4,60538.0,60260.0,60276.0,8.67944
1782975600000,2026-07-02 07:00:00,60276.01,60292.01,60205.0,60242.01,6.65886
1782976500000,2026-07-02 07:15:00,60242.0,61000.0,60166.0,60166.0,10.23338
1782977400000,2026-07-02 07:30:00,60166.0,60205.53,60117.7,60136.45,9.76816
1782978300000,2026-07-02 07:45:00,60136.46,60210.01,60110.11,60140.8,10.04463
1782979200000,2026-07-02 08:00:00,60140.81,60345.71,60134.0,60307.99,13.43992
1782980100000,2026-07-02 08:15:00,60308.0,60389.54,60161.39,60161.39,11.69756
1782981000000,2026-07-02 08:30:00,60161.39,60500.0,60161.39,60443.8,6.98724
1782981900000,2026-07-02 08:45:00,60443.81,60539.99,60414.0,60512.0,2.96459
1782982800000,2026-07-02 09:00:00,60512.0,60537.5,60376.13,60470.0,12.53696
1782983700000,2026-07-02 09:15:00,60470.0,60618.88,60434.0,60604.46,17.05795
1782984600000,2026-07-02 09:30:00,60604.45,61159.09,60604.45,61092.01,42.28041
1782985500000,2026-07-02 09:45:00,61092.01,61393.04,60793.53,61196.0,49.98617
1782986400000,2026-07-02 10:00:00,61196.0,61236.97,61058.0,61236.96,9.86914
1782987300000,2026-07-02 10:15:00,61236.97,61294.01,61106.0,61230.0,9.79233
1782988200000,2026-07-02 10:30:00,61230.0,61960.68,61206.0,61206.01,17.9741
1782989100000,2026-07-02 10:45:00,61206.0,61329.99,61153.99,61260.68,5.71671
1782990000000,2026-07-02 11:00:00,61260.01,61960.68,61222.0,61284.22,10.24341
1782990900000,2026-07-02 11:15:00,61284.22,61402.48,61268.01,61287.52,7.99901
1782991800000,2026-07-02 11:30:00,61293.77,61343.41,51698.27,61302.91,12.84356
1782992700000,2026-07-02 11:45:00,61302.91,61382.73,61145.93,61382.72,7.42661
1782993600000,2026-07-02 12:00:00,61382.73,61382.73,61294.99,61349.99,7.35058
1782994500000,2026-07-02 12:15:00,61349.99,61417.59,61161.03,61344.0,8.05348
1782995400000,2026-07-02 12:30:00,61344.01,61562.0,61204.0,61370.52,22.72047
1782996300000,2026-07-02 12:45:00,61375.55,63105.56,61369.99,61540.01,27.48549
1782997200000,2026-07-02 13:00:00,61540.01,61721.98,61506.01,61686.06,8.05328
1782998100000,2026-07-02 13:15:00,61686.06,61962.95,61656.0,61680.0,16.5945
1782999000000,2026-07-02 13:30:00,61679.99,62026.0,61540.0,61946.01,27.46482
1782999900000,2026-07-02 13:45:00,61946.53,62028.27,61815.1,61931.09,14.34193
1783000800000,2026-07-02 14:00:00,61931.09,62185.0,61864.44,62089.72,15.91562
1783001700000,2026-07-02 14:15:00,62089.72,62394.98,52068.98,61704.65,50.45538
1783002600000,2026-07-02 14:30:00,61704.64,71056.0,52633.37,61437.93,135.71837
1783003500000,2026-07-02 14:45:00,61430.67,62060.73,61430.67,61686.49,12.88265
1783004400000,2026-07-02 15:00:00,61686.5,62318.69,61433.42,61576.0,8.0845
1783005300000,2026-07-02 15:15:00,61575.99,61882.12,60552.54,61717.95,10.52458
1783006200000,2026-07-02 15:30:00,61717.94,61892.44,60524.65,61708.01,21.58288
1783007100000,2026-07-02 15:45:00,61708.0,61745.5,61533.68,61615.86,5.00055
1783008000000,2026-07-02 16:00:00,61615.87,62323.18,61525.94,61698.01,25.1488
1783008900000,2026-07-02 16:15:00,61698.0,61698.01,61170.0,61186.0,13.82778
1783009800000,2026-07-02 16:30:00,61186.0,61439.96,61185.99,61430.54,5.99568
1783010700000,2026-07-02 16:45:00,61440.0,63516.5,61440.0,61682.01,14.59141
1783011600000,2026-07-02 17:00:00,61682.01,62576.33,61631.99,61781.85,20.67183
1783012500000,2026-07-02 17:15:00,61781.85,63710.51,61750.0,61868.0,20.4429
1783013400000,2026-07-02 17:30:00,61868.0,61868.0,61648.0,61777.0,7.22641
1783014300000,2026-07-02 17:45:00,61777.0,61804.0,60948.69,61667.39,15.32634
1783015200000,2026-07-02 18:00:00,61667.4,62236.16,61208.54,61830.0,56.60317
1783016100000,2026-07-02 18:15:00,61830.01,61868.17,61755.44,61868.17,5.3066
1783017000000,2026-07-02 18:30:00,61868.17,61868.17,61770.42,61776.01,4.14455
1783017900000,2026-07-02 18:45:00,61776.02,61871.69,61208.54,61760.0,35.13181
1783018800000,2026-07-02 19:00:00,61760.0,70574.46,61612.29,61663.99,33.91322
1783019700000,2026-07-02 19:15:00,61664.0,61664.0,61522.0,61614.57,4.27485
1783020600000,2026-07-02 19:30:00,61614.57,61643.13,61531.08,61585.01,5.09657
1783021500000,2026-07-02 19:45:00,61585.01,61957.25,61435.99,61436.0,8.14602
1783022400000,2026-07-02 20:00:00,61436.0,61532.01,60945.76,61441.08,15.27612
1783023300000,2026-07-02 20:15:00,61441.08,61513.21,61402.0,61402.0,3.12678
1783024200000,2026-07-02 20:30:00,61402.0,61421.83,61342.0,61365.98,6.27727
1783025100000,2026-07-02 20:45:00,61365.98,61596.0,61365.98,61584.12,4.49564
1783026000000,2026-07-02 21:00:00,61584.12,61649.11,61522.24,61522.63,3.68186
1783026900000,2026-07-02 21:15:00,61522.62,61546.0,61522.62,61540.41,1.71789
1783027800000,2026-07-02 21:30:00,61540.41,61556.0,61519.51,61524.99,3.51813
1783028700000,2026-07-02 21:45:00,61525.0,61606.62,61516.38,61592.26,4.10831
1783029600000,2026-07-02 22:00:00,61592.27,61596.62,61291.63,61529.51,26.92506
1783030500000,2026-07-02 22:15:00,61529.66,61561.36,61522.34,61522.35,3.27702
1783031400000,2026-07-02 22:30:00,61522.34,61545.85,61514.83,61527.31,1.37119
1783032300000,2026-07-02 22:45:00,61527.3,61554.97,61410.0,61492.43,6.96364
1783033200000,2026-07-02 23:00:00,61492.44,61492.44,61351.89,61351.9,3.79715
1783034100000,2026-07-02 23:15:00,61351.9,61536.0,60078.25,61512.55,7.81892
1783035000000,2026-07-02 23:30:00,61512.54,61595.05,61448.48,61482.83,5.73887
1783035900000,2026-07-02 23:45:00,61482.82,61600.0,61482.82,61560.0,1.52838
1783036800000,2026-07-03 00:00:00,61560.01,61564.91,61392.0,61440.44,7.40668
1783037700000,2026-07-03 00:15:00,61439.11,61452.59,59801.39,61308.3,8.73105
1783038600000,2026-07-03 00:30:00,61308.31,61366.0,60942.6,61337.99,5.3028
1783039500000,2026-07-03 00:45:00,61337.99,61408.01,61302.95,61315.59,3.19621
1783040400000,2026-07-03 01:00:00,61315.6,61670.01,61286.0,61646.34,7.47202
1783041300000,2026-07-03 01:15:00,61646.35,61776.14,61512.0,61574.01,22.39055
1783042200000,2026-07-03 01:30:00,61574.01,61723.93,61526.0,61666.17,6.27006
1783043100000,2026-07-03 01:45:00,61666.18,61670.0,61588.0,61588.0,5.07379
1783044000000,2026-07-03 02:00:00,61588.01,61664.62,61516.82,61523.61,7.76361
1783044900000,2026-07-03 02:15:00,61523.62,61585.14,61403.66,61409.99,5.47837
1783045800000,2026-07-03 02:30:00,61409.99,61456.18,59717.47,61363.84,17.45374
1783046700000,2026-07-03 02:45:00,61363.84,61452.0,61310.69,61440.02,5.94629
1783047600000,2026-07-03 03:00:00,61440.02,61456.0,61324.0,61329.98,11.22953
1783048500000,2026-07-03 03:15:00,61329.97,61575.15,61329.97,61540.01,9.56301
1783049400000,2026-07-03 03:30:00,61540.02,61540.83,61487.74,61487.74,8.6144
1783050300000,2026-07-03 03:45:00,61487.75,61487.75,61373.32,61429.26,32.34402
1783051200000,2026-07-03 04:00:00,61429.27,61473.83,60484.83,61429.99,2.05071
1783052100000,2026-07-03 04:15:00,61430.0,61435.03,61345.99,61435.03,6.38408
1783053000000,2026-07-03 04:30:00,61435.03,61523.18,61410.74,61514.0,5.54192
1783053900000,2026-07-03 04:45:00,61514.0,61514.01,61380.0,61450.0,6.17604
1783054800000,2026-07-03 05:00:00,61450.01,61558.79,61430.0,61535.99,7.2174
1783055700000,2026-07-03 05:15:00,61535.99,61682.3,61519.79,61625.0,8.92883
1783056600000,2026-07-03 05:30:00,61625.0,61780.32,61623.99,61698.58,13.26773
1783057500000,2026-07-03 05:45:00,61698.59,61742.01,61648.43,61700.5,7.62722
1783058400000,2026-07-03 06:00:00,61700.5,61840.69,61693.96,61724.99,5.88719
1783059300000,2026-07-03 06:15:00,61724.99,61801.7,61698.0,61719.92,2.88154
1783060200000,2026-07-03 06:30:00,61719.92,61779.76,61618.61,61637.11,7.37914
1783061100000,2026-07-03 06:45:00,61637.12,61980.49,61637.11,61710.0,6.53064
1783062000000,2026-07-03 07:00:00,61710.01,61773.69,61663.66,61701.6,4.59843
1783062900000,2026-07-03 07:15:00,61701.61,61757.5,61701.6,61749.65,1.90721
1783063800000,2026-07-03 07:30:00,61749.65,61823.37,61745.29,61822.71,7.20202
1783064700000,2026-07-03 07:45:00,61822.71,61854.0,61750.46,61750.46,7.12101
1783065600000,2026-07-03 08:00:00,61750.47,61829.92,61741.29,61748.0,5.71841
1783066500000,2026-07-03 08:15:00,61748.01,61823.98,61724.6,61778.53,3.08411
1783067400000,2026-07-03 08:30:00,61779.56,61896.99,61594.57,61867.98,9.4985
1783068300000,2026-07-03 08:45:00,61868.5,61872.01,61567.8,61576.98,16.04979
1783069200000,2026-07-03 09:00:00,61584.0,61802.19,61536.01,61700.0,16.4116
1783070100000,2026-07-03 09:15:00,61700.01,61733.03,61644.0,61685.12,3.64642
1783071000000,2026-07-03 09:30:00,61685.12,61692.05,61560.0,61657.94,4.57895
1783071900000,2026-07-03 09:45:00,61657.93,61774.0,61657.93,61723.99,6.50699
1783072800000,2026-07-03 10:00:00,61724.0,61764.0,61674.0,61722.0,6.13775
1783073700000,2026-07-03 10:15:00,61722.0,61766.0,61671.99,61752.9,3.91093
1783074600000,2026-07-03 10:30:00,61752.9,62269.42,61728.01,61977.52,10.1489
1783075500000,2026-07-03 10:45:00,61977.52,62024.0,61885.73,61916.45,8.06508
1783076400000,2026-07-03 11:00:00,61916.46,63902.06,61875.61,62009.87,16.76278
1783077300000,2026-07-03 11:15:00,62010.39,62636.8,61949.99,61998.68,5.20647
1783078200000,2026-07-03 11:30:00,61984.05,62021.28,61888.0,61888.01,3.96369
1783079100000,2026-07-03 11:45:00,61888.0,62107.97,61888.0,62048.56,3.39641
1783080000000,2026-07-03 12:00:00,62030.01,62165.04,62022.0,62144.69,8.90944
1783080900000,2026-07-03 12:15:00,62145.22,62150.16,61168.28,61937.8,10.84864
1783081800000,2026-07-03 12:30:00,61937.79,61972.0,61875.94,61929.11,11.40166
1783082700000,2026-07-03 12:45:00,61929.11,61992.0,61929.1,61984.0,3.99957
1783083600000,2026-07-03 13:00:00,61984.0,62074.0,61944.0,62061.0,6.54345
1783084500000,2026-07-03 13:15:00,62062.72,62123.64,62014.38,62099.75,7.96982
1783085400000,2026-07-03 13:30:00,62099.76,62186.01,62021.28,62141.53,3.18626
1783086300000,2026-07-03 13:45:00,62142.05,62237.73,59717.47,62116.01,5.0883
1783087200000,2026-07-03 14:00:00,62116.01,62116.01,61724.11,61727.16,6.69106
1783088100000,2026-07-03 14:15:00,61727.17,61918.52,61727.16,61918.52,8.0387
1783089000000,2026-07-03 14:30:00,61929.99,62056.74,61859.02,62056.73,4.05692
1783089900000,2026-07-03 14:45:00,62056.74,62258.01,62055.15,62169.68,7.67427
1783090800000,2026-07-03 15:00:00,62169.69,65303.7,52633.37,62192.15,102.70815
1783091700000,2026-07-03 15:15:00,62192.15,63218.61,59117.94,62010.52,45.54657
1783092600000,2026-07-03 15:30:00,62011.99,62097.99,61820.0,61884.56,5.58122
1783093500000,2026-07-03 15:45:00,61884.56,61967.06,61826.12,61924.46,7.26505
1783094400000,2026-07-03 16:00:00,61922.72,62492.77,61913.32,61926.98,68.04408
1783095300000,2026-07-03 16:15:00,61926.99,62105.56,61926.99,62077.91,5.80805
1783096200000,2026-07-03 16:30:00,62074.8,62100.0,61986.0,62066.78,5.41732
1783097100000,2026-07-03 16:45:00,62066.79,62124.31,62020.0,62104.01,4.15873
1783098000000,2026-07-03 17:00:00,62104.01,62279.99,62083.99,62210.01,19.93994
1783098900000,2026-07-03 17:15:00,62210.01,62853.55,61168.28,62189.99,36.19796
1783099800000,2026-07-03 17:30:00,62189.98,71811.74,61771.22,62232.94,119.41673
1783100700000,2026-07-03 17:45:00,62231.61,63732.94,61501.19,62193.78,103.59713
1783101600000,2026-07-03 18:00:00,62192.22,63835.06,61501.19,62158.17,52.44944
1783102500000,2026-07-03 18:15:00,62158.7,62200.0,62138.0,62175.99,4.06216
1783103400000,2026-07-03 18:30:00,62175.99,62238.0,62175.99,62219.54,3.58714
1783104300000,2026-07-03 18:45:00,62219.55,62290.87,62198.0,62204.0,61.37247
1783105200000,2026-07-03 19:00:00,62204.01,62253.26,62152.23,62192.01,21.18997
1783106100000,2026-07-03 19:15:00,62192.01,62281.0,62183.59,62224.0,5.45524
1783107000000,2026-07-03 19:30:00,62224.01,62300.0,62166.12,62240.0,7.40622
1783107900000,2026-07-03 19:45:00,62240.0,62258.14,62196.42,62223.99,3.31778
1783108800000,2026-07-03 20:00:00,62224.0,62480.26,62187.58,62442.0,6.81727
1783109700000,2026-07-03 20:15:00,62442.0,62665.75,60763.91,62622.0,80.93733
1783110600000,2026-07-03 20:30:00,62622.0,64185.55,58620.01,62715.04,111.17691
1783111500000,2026-07-03 20:45:00,62715.04,64320.0,61397.96,62776.91,104.56575
1783112400000,2026-07-03 21:00:00,62778.01,62914.01,61478.33,62756.82,58.01757
1783113300000,2026-07-03 21:15:00,62756.81,62794.0,62618.47,62631.53,4.51497
1783114200000,2026-07-03 21:30:00,62631.53,62631.53,62423.21,62592.01,6.58938
1783115100000,2026-07-03 21:45:00,62616.24,62822.06,62615.99,62740.0,5.59195
1783116000000,2026-07-03 22:00:00,62740.01,62748.01,62595.06,62619.99,3.65037
1783116900000,2026-07-03 22:15:00,62620.52,62712.02,62620.52,62636.01,1.69195
1783117800000,2026-07-03 22:30:00,62636.0,62636.01,62545.78,62607.98,4.89849
1783118700000,2026-07-03 22:45:00,62607.99,62664.42,62578.02,62578.02,3.13187
1783119600000,2026-07-03 23:00:00,62578.02,62600.0,62537.18,62567.27,1.33198
1783120500000,2026-07-03 23:15:00,62567.27,62670.04,62560.46,62612.51,3.8229
1783121400000,2026-07-03 23:30:00,62616.07,62700.0,62616.07,62684.08,3.77954
1783122300000,2026-07-03 23:45:00,62684.08,62684.08,62553.97,62616.01,2.3349
1783123200000,2026-07-04 00:00:00,62616.01,62928.01,62583.25,62857.99,23.52502
1783124100000,2026-07-04 00:15:00,62857.99,62858.0,62748.19,62765.14,17.1255
1783125000000,2026-07-04 00:30:00,62765.14,62806.0,62686.93,62710.01,2.0066
1783125900000,2026-07-04 00:45:00,62710.53,62808.45,62710.53,62758.09,9.62676
1783126800000,2026-07-04 01:00:00,62758.09,62758.09,51698.26,62512.02,63.09208
1783127700000,2026-07-04 01:15:00,62512.02,62592.18,62417.99,62486.0,7.52235
1783128600000,2026-07-04 01:30:00,62486.0,62540.0,62432.28,62443.99,4.23953
1783129500000,2026-07-04 01:45:00,62444.0,62506.0,62423.99,62471.49,2.967
1783130400000,2026-07-04 02:00:00,62471.5,62560.0,62471.49,62534.0,2.50445
1783131300000,2026-07-04 02:15:00,62534.01,62534.01,62454.52,62485.02,2.36865
1783132200000,2026-07-04 02:30:00,62485.01,62500.0,62432.0,62494.0,7.51984
1783133100000,2026-07-04 02:45:00,62494.0,63188.86,62478.0,62538.95,54.17068
1783134000000,2026-07-04 03:00:00,62538.96,62575.6,62484.01,62510.92,3.99026
1783134900000,2026-07-04 03:15:00,62510.92,62595.88,62408.36,62556.77,3.93973
1783135800000,2026-07-04 03:30:00,62556.77,62732.01,62520.0,62706.37,6.83662
1783136700000,2026-07-04 03:45:00,62714.48,62714.48,62626.0,62642.65,3.04582
1783137600000,2026-07-04 04:00:00,62640.01,62704.0,62602.23,62655.7,2.6623
1783138500000,2026-07-04 04:15:00,62655.69,63939.9,62595.98,62666.7,8.46492
1783139400000,2026-07-04 04:30:00,62666.69,62749.97,62664.0,62678.27,3.06542
1783140300000,2026-07-04 04:45:00,62678.8,62740.0,62641.94,62703.31,3.45256
1783141200000,2026-07-04 05:00:00,62703.32,62703.32,62580.62,62583.95,2.87597
1783142100000,2026-07-04 05:15:00,62583.95,62583.95,62476.0,62510.53,5.19555
1783143000000,2026-07-04 05:30:00,62516.0,62574.97,62509.52,62568.0,1.11629
1783143900000,2026-07-04 05:45:00,62568.0,62595.97,62441.29,62471.52,7.43789
1783144800000,2026-07-04 06:00:00,62471.53,62559.43,62454.45,62454.46,4.21004
1783145700000,2026-07-04 06:15:00,62454.45,62454.45,62338.4,62416.01,6.54068
1783146600000,2026-07-04 06:30:00,62416.01,62516.0,62416.0,62460.0,3.7221
1783147500000,2026-07-04 06:45:00,62460.0,62530.4,62460.0,62500.0,2.43038
1783148400000,2026-07-04 07:00:00,62500.01,62558.0,62470.0,62543.81,3.54835
1783149300000,2026-07-04 07:15:00,62544.01,62622.01,62529.98,62544.07,3.96337
1783150200000,2026-07-04 07:30:00,62544.06,62562.18,61851.72,62517.99,11.52324
1783151100000,2026-07-04 07:45:00,62516.67,62594.36,62499.07,62584.68,2.40535
1783152000000,2026-07-04 08:00:00,62578.92,62578.92,62516.46,62539.35,1.95789
1783152900000,2026-07-04 08:15:00,62539.35,62580.0,62520.0,62550.5,1.58082
1783153800000,2026-07-04 08:30:00,62550.5,62643.74,62548.0,62591.81,5.74983
1783154700000,2026-07-04 08:45:00,62591.82,62658.48,62553.77,62553.78,2.82885
1783155600000,2026-07-04 09:00:00,62553.77,62577.74,62463.99,62517.08,7.63835
1783156500000,2026-07-04 09:15:00,62517.08,62517.08,62458.0,62476.24,1.42145
1783157400000,2026-07-04 09:30:00,62476.25,62486.0,62417.92,62445.82,3.74764
1783158300000,2026-07-04 09:45:00,62445.83,62508.25,62445.83,62494.61,3.3311
1783159200000,2026-07-04 10:00:00,62494.01,62494.01,62445.38,62470.0,2.66358
1783160100000,2026-07-04 10:15:00,62470.01,62523.53,62457.38,62499.9,2.49522
1783161000000,2026-07-04 10:30:00,62499.91,62499.91,62468.21,62484.0,5.11255
1783161900000,2026-07-04 10:45:00,62484.0,62545.01,62476.48,62522.68,1.96307
1783162800000,2026-07-04 11:00:00,62513.0,62522.0,62472.03,62506.01,1.34011
1783163700000,2026-07-04 11:15:00,62506.01,62549.25,62465.99,62481.93,3.07327
1783164600000,2026-07-04 11:30:00,62481.93,62806.82,62479.99,62495.95,22.27577
1783165500000,2026-07-04 11:45:00,62495.96,62531.77,62480.02,62482.01,32.33637
1783166400000,2026-07-04 12:00:00,62482.01,62570.56,62482.0,62569.01,11.82798
1783167300000,2026-07-04 12:15:00,62569.02,62614.46,62548.0,62604.68,7.81076
1783168200000,2026-07-04 12:30:00,62590.01,62648.0,62586.0,62614.97,2.38022
1783169100000,2026-07-04 12:45:00,62614.98,62688.0,62588.0,62664.01,20.79612
1783170000000,2026-07-04 13:00:00,62664.01,62664.01,62595.1,62602.9,3.13487
1783170900000,2026-07-04 13:15:00,62602.9,62732.01,62602.9,62643.99,4.23884
1783171800000,2026-07-04 13:30:00,62654.0,62654.0,62558.01,62601.01,2.40143
1783172700000,2026-07-04 13:45:00,62601.02,62601.02,62542.0,62588.85,22.58163
1783173600000,2026-07-04 14:00:00,62588.85,62726.86,62585.53,62658.53,10.65481
1783174500000,2026-07-04 14:15:00,62661.53,62728.01,62642.58,62677.53,3.33395
1783175400000,2026-07-04 14:30:00,62677.54,62692.0,62627.09,62690.0,11.17843
1783176300000,2026-07-04 14:45:00,62690.0,62713.67,62656.0,62694.0,3.93891
1783177200000,2026-07-04 15:00:00,62693.99,64343.29,51024.0,62821.14,59.09499
1783178100000,2026-07-04 15:15:00,62821.14,64343.29,62762.27,62905.14,43.17936
1783179000000,2026-07-04 15:30:00,62905.57,71843.57,62256.48,62919.99,86.37303
1783179900000,2026-07-04 15:45:00,62920.0,63456.58,59474.07,62943.29,91.66068
1783180800000,2026-07-04 16:00:00,62943.29,64060.53,53135.36,62784.99,100.18927
1783181700000,2026-07-04 16:15:00,62788.01,62880.45,60496.7,62879.11,79.11271
1783182600000,2026-07-04 16:30:00,62870.01,63255.28,62870.0,62918.0,78.52781
1783183500000,2026-07-04 16:45:00,62918.0,63593.12,62290.45,62928.36,52.65204
1783184400000,2026-07-04 17:00:00,62927.3,62944.0,62803.0,62851.68,5.08757
1783185300000,2026-07-04 17:15:00,62857.44,62981.97,62857.44,62979.36,5.70086
1783186200000,2026-07-04 17:30:00,62979.36,63192.93,62979.36,63168.35,7.71254
1783187100000,2026-07-04 17:45:00,63168.34,63435.11,58714.11,63280.44,94.86089
1783188000000,2026-07-04 18:00:00,63280.45,64121.49,62256.48,63331.38,70.084
1783188900000,2026-07-04 18:15:00,63331.38,63346.0,62256.48,63186.56,71.51774
1783189800000,2026-07-04 18:30:00,63186.56,63393.83,63104.0,63127.57,69.15716
1783190700000,2026-07-04 18:45:00,63127.57,63241.12,60908.35,63172.78,91.85405
1783191600000,2026-07-04 19:00:00,63172.79,63241.63,62437.75,63166.01,80.01059
1783192500000,2026-07-04 19:15:00,63170.0,64429.18,60865.27,63368.52,66.59738
1783193400000,2026-07-04 19:30:00,63370.0,64433.28,59515.2,63365.5,69.46111
1783194300000,2026-07-04 19:45:00,63365.5,63647.68,61147.9,63295.95,60.56224
1783195200000,2026-07-04 20:00:00,63294.72,63382.15,63289.31,63344.58,15.39275
1783196100000,2026-07-04 20:15:00,63344.57,63344.58,63157.67,63172.0,8.54093
1783197000000,2026-07-04 20:30:00,63171.99,63303.0,63165.79,63287.99,9.22391
1783197900000,2026-07-04 20:45:00,63288.0,63333.64,63228.84,63233.78,4.32868
1783198800000,2026-07-04 21:00:00,63233.79,63456.59,63202.0,63357.99,8.14127
1783199700000,2026-07-04 21:15:00,63358.01,63446.0,63350.36,63433.32,2.88385
1783200600000,2026-07-04 21:30:00,63439.87,63448.0,63290.96,63290.96,2.42548
1783201500000,2026-07-04 21:45:00,63290.96,63633.34,63270.21,63297.83,5.61786
1783202400000,2026-07-04 22:00:00,63297.84,63310.0,63217.13,63240.61,1.19466
1783203300000,2026-07-04 22:15:00,63240.61,63303.87,63005.0,63221.81,2.14172
1783204200000,2026-07-04 22:30:00,63221.81,63242.01,63180.0,63206.48,2.53821
1783205100000,2026-07-04 22:45:00,63206.01,63224.01,63160.0,63184.99,1.40297
1783206000000,2026-07-04 23:00:00,63185.0,63228.0,62998.0,62998.0,6.1502
1783206900000,2026-07-04 23:15:00,62998.01,63098.0,62934.0,63097.99,5.44173
1783207800000,2026-07-04 23:30:00,63098.0,63208.37,63097.99,63204.53,3.02059
1783208700000,2026-07-04 23:45:00,63209.94,63234.21,63144.0,63144.01,4.83834
1783209600000,2026-07-05 00:00:00,63144.01,63144.01,63026.33,63060.44,6.81123
1783210500000,2026-07-05 00:15:00,63060.44,63060.44,62991.0,63046.83,3.16854
1783211400000,2026-07-05 00:30:00,63053.21,63335.25,63000.0,63095.04,3.68322
1783212300000,2026-07-05 00:45:00,63095.05,63105.97,62918.79,62984.52,5.34954
1783213200000,2026-07-05 01:00:00,62991.3,63042.96,60623.37,62994.01,17.24307
1783214100000,2026-07-05 01:15:00,62994.0,62994.0,59946.58,62940.01,7.13346
1783215000000,2026-07-05 01:30:00,62940.04,62940.05,62745.2,62870.0,15.96483
1783215900000,2026-07-05 01:45:00,62870.01,63034.43,62840.21,62899.99,5.47288
1783216800000,2026-07-05 02:00:00,62900.0,62920.19,62738.37,62747.3,4.63069
1783217700000,2026-07-05 02:15:00,62747.31,62778.0,62654.74,62751.99,8.40008
1783218600000,2026-07-05 02:30:00,62752.0,62776.44,62730.0,62775.84,8.51478
1783219500000,2026-07-05 02:45:00,62775.84,63131.43,57000.0,62691.99,37.41249
1783220400000,2026-07-05 03:00:00,62692.0,62779.99,62692.0,62779.99,1.46671
1783221300000,2026-07-05 03:15:00,62779.98,62779.98,62658.0,62667.0,2.50065
1783222200000,2026-07-05 03:30:00,62667.0,62769.75,62667.0,62736.01,3.86152
1783223100000,2026-07-05 03:45:00,62736.0,62796.37,62732.0,62769.04,3.44817
1783224000000,2026-07-05 04:00:00,62769.04,62819.66,61763.32,62794.01,16.55551
1783224900000,2026-07-05 04:15:00,62794.0,62872.01,62792.0,62862.49,5.37784
1783225800000,2026-07-05 04:30:00,62862.49,62952.93,62862.49,62944.91,4.82715
1783226700000,2026-07-05 04:45:00,62944.91,62944.91,62818.21,62837.02,3.47821
1783227600000,2026-07-05 05:00:00,62837.02,62837.02,62732.84,62750.57,5.34462
1783228500000,2026-07-05 05:15:00,62750.56,62784.0,62746.0,62759.26,4.33788
1783229400000,2026-07-05 05:30:00,62759.27,62810.0,62659.65,62670.0,8.84249
1783230300000,2026-07-05 05:45:00,62670.0,62764.08,62670.0,62748.41,5.50585
1783231200000,2026-07-05 06:00:00,62750.73,62750.73,62669.99,62715.0,7.09799
1783232100000,2026-07-05 06:15:00,62715.0,62800.0,62714.99,62791.89,4.54186
1783233000000,2026-07-05 06:30:00,62791.9,62819.91,54223.58,62753.64,20.84475
1783233900000,2026-07-05 06:45:00,62753.64,62795.61,62741.5,62781.84,2.65224
1783234800000,2026-07-05 07:00:00,62781.84,62798.0,62758.01,62758.02,2.63767
1783235700000,2026-07-05 07:15:00,62758.02,62812.01,62720.0,62749.99,4.14313
1783236600000,2026-07-05 07:30:00,62750.0,62940.01,62750.0,62924.38,14.10902
1783237500000,2026-07-05 07:45:00,62924.38,63060.0,62898.58,63026.45,5.17568
1783238400000,2026-07-05 08:00:00,63026.45,63100.0,62948.9,63021.4,5.16123
1783239300000,2026-07-05 08:15:00,63015.2,63044.0,62919.99,62934.08,11.66993
1783240200000,2026-07-05 08:30:00,62934.61,62990.0,62913.71,62944.01,7.31282
1783241100000,2026-07-05 08:45:00,62944.0,62974.59,62900.0,62949.97,3.01586
1783242000000,2026-07-05 09:00:00,62949.98,62949.98,62871.51,62871.52,3.63457
1783242900000,2026-07-05 09:15:00,62871.51,62874.38,62733.96,62735.01,5.64675
1783243800000,2026-07-05 09:30:00,62735.0,62780.61,62483.47,62527.99,13.78065
1783244700000,2026-07-05 09:45:00,62528.0,62628.79,59653.01,62622.16,11.84655
1783245600000,2026-07-05 10:00:00,62622.17,62726.01,62541.06,62693.01,5.73683
1783246500000,2026-07-05 10:15:00,62693.02,62726.97,62638.53,62694.01,2.00541
1783247400000,2026-07-05 10:30:00,62694.02,62730.01,62670.02,62682.04,3.06913
1783248300000,2026-07-05 10:45:00,62682.04,62756.25,62682.03,62756.11,1.83224
1783249200000,2026-07-05 11:00:00,62756.12,62797.09,62681.0,62702.0,3.65292
1783250100000,2026-07-05 11:15:00,62710.0,62710.0,62612.38,62646.83,2.68362
1783251000000,2026-07-05 11:30:00,62646.82,62719.99,62616.0,62692.97,2.99941
1783251900000,2026-07-05 11:45:00,62692.97,62726.0,62656.0,62672.58,1.72796
1783252800000,2026-07-05 12:00:00,62672.58,62672.58,62569.37,62613.24,8.45542
1783253700000,2026-07-05 12:15:00,62613.23,62750.0,62613.23,62742.0,5.01946
1783254600000,2026-07-05 12:30:00,62742.0,62780.16,62682.53,62710.29,8.07119
1783255500000,2026-07-05 12:45:00,62710.1,62740.01,62710.0,62736.97,4.53357
1783256400000,2026-07-05 13:00:00,62736.98,62802.01,62700.0,62740.01,4.76489
1783257300000,2026-07-05 13:15:00,62740.01,62767.18,62653.32,62695.68,6.84538
1783258200000,2026-07-05 13:30:00,62695.69,62753.54,62677.78,62753.54,14.23064
1783259100000,2026-07-05 13:45:00,62753.54,62819.66,62753.54,62791.99,6.66521
1783260000000,2026-07-05 14:00:00,62792.0,62818.37,52068.98,62732.83,15.66744
1783260900000,2026-07-05 14:15:00,62732.83,62736.01,62678.49,62712.01,3.36573
1783261800000,2026-07-05 14:30:00,62712.01,62780.86,62657.14,62742.24,8.22214
1783262700000,2026-07-05 14:45:00,62742.25,62812.25,62715.99,62812.24,9.03417
1783263600000,2026-07-05 15:00:00,62812.25,63385.84,53135.36,62807.88,19.18262
1783264500000,2026-07-05 15:15:00,62807.88,62813.39,60865.27,62778.78,16.12712
1783265400000,2026-07-05 15:30:00,62778.78,62902.36,62696.0,62704.0,62.9634
1783266300000,2026-07-05 15:45:00,62704.0,63419.13,62269.97,62740.0,61.17011
1783267200000,2026-07-05 16:00:00,62740.01,62766.0,62700.0,62711.99,64.9563
1783268100000,2026-07-05 16:15:00,62712.0,62725.27,60169.67,62622.0,63.63401
1783269000000,2026-07-05 16:30:00,62622.53,62662.73,59474.07,62629.96,64.22577
1783269900000,2026-07-05 16:45:00,62629.97,62656.0,62597.62,62656.0,57.34538
1783270800000,2026-07-05 17:00:00,62656.0,62738.0,62640.24,62714.3,8.48992
1783271700000,2026-07-05 17:15:00,62714.3,62912.41,62686.0,62686.01,4.26931
1783272600000,2026-07-05 17:30:00,62686.01,62710.0,62608.0,62608.0,4.81742
1783273500000,2026-07-05 17:45:00,62608.0,62668.0,62597.97,62630.65,3.78476
1783274400000,2026-07-05 18:00:00,62630.91,62687.99,62616.0,62654.01,6.8258
1783275300000,2026-07-05 18:15:00,62654.53,62722.94,62654.53,62694.01,2.92234
1783276200000,2026-07-05 18:30:00,62692.68,62761.75,62681.93,62758.15,6.24376
1783277100000,2026-07-05 18:45:00,62758.16,62876.49,62738.0,62827.47,5.05007
1783278000000,2026-07-05 19:00:00,62827.47,63010.89,62782.0,62840.02,16.42136
1783278900000,2026-07-05 19:15:00,62840.02,62880.01,61560.88,62773.97,33.00513
1783279800000,2026-07-05 19:30:00,62773.97,62832.0,62770.0,62790.0,1.74177
1783280700000,2026-07-05 19:45:00,62790.0,62830.0,62762.46,62779.08,5.78365
1783281600000,2026-07-05 20:00:00,62779.08,62836.0,62768.87,62816.64,4.59231
1783282500000,2026-07-05 20:15:00,62816.64,62816.64,62700.0,62719.99,4.12359
1783283400000,2026-07-05 20:30:00,62720.0,62742.0,62700.0,62742.0,2.19694
1783284300000,2026-07-05 20:45:00,62742.0,62759.47,62736.15,62740.0,4.24792
1783285200000,2026-07-05 21:00:00,62740.01,62754.0,62609.47,62738.28,13.5619
1783286100000,2026-07-05 21:15:00,62738.28,63010.89,61839.83,62930.27,20.504
1783287000000,2026-07-05 21:30:00,62930.27,63042.87,62894.0,63024.0,9.35734
1783287900000,2026-07-05 21:45:00,63024.0,63220.0,62948.0,63119.06,5.47548
1783288800000,2026-07-05 22:00:00,63119.06,63217.39,63016.0,63204.53,11.53296
1783289700000,2026-07-05 22:15:00,63212.0,63734.01,63207.24,63698.0,25.05128
1783290600000,2026-07-05 22:30:00,63698.0,63920.1,63542.19,63559.2,19.2453
1783291500000,2026-07-05 22:45:00,63559.2,63744.0,63559.18,63732.01,11.65703
1783292400000,2026-07-05 23:00:00,63732.01,64032.55,63504.56,63989.54,41.34135
1783293300000,2026-07-05 23:15:00,63989.53,64326.33,63688.0,63688.01,15.35023
1783294200000,2026-07-05 23:30:00,63686.68,63728.01,63626.0,63703.49,9.25681
1783295100000,2026-07-05 23:45:00,63703.48,63703.48,63577.36,63636.0,5.53218
1783296000000,2026-07-06 00:00:00,63636.0,64326.33,63031.81,63568.93,19.17054
1783296900000,2026-07-06 00:15:00,63568.93,63689.95,62437.49,63433.0,11.38852
1783297800000,2026-07-06 00:30:00,63433.0,63650.0,63350.01,63604.01,9.92355
1783298700000,2026-07-06 00:45:00,63604.01,63762.01,63604.0,63759.3,9.09708
1783299600000,2026-07-06 01:00:00,63759.3,63850.8,63701.99,63795.2,9.77772
1783300500000,2026-07-06 01:15:00,63795.19,63844.0,61869.52,63737.29,10.99522
1783301400000,2026-07-06 01:30:00,63737.29,64058.45,63698.23,63724.37,10.11358
1783302300000,2026-07-06 01:45:00,63724.37,63724.38,63581.76,63588.01,22.34074
1783303200000,2026-07-06 02:00:00,63588.01,64066.45,63418.0,63448.0,28.14237
1783304100000,2026-07-06 02:15:00,63447.99,63660.0,63446.0,63522.01,8.07373
1783305000000,2026-07-06 02:30:00,63522.01,63628.01,63388.32,63388.33,15.35038
1783305900000,2026-07-06 02:45:00,63388.33,64066.45,63373.13,63484.96,19.41748
1783306800000,2026-07-06 03:00:00,63484.96,63495.14,63400.01,63414.65,4.9284
1783307700000,2026-07-06 03:15:00,63414.64,63427.24,63210.04,63223.14,14.92807
1783308600000,2026-07-06 03:30:00,63223.13,63384.68,63143.1,63207.08,5.59861
1783309500000,2026-07-06 03:45:00,63207.08,63294.0,63135.11,63294.0,7.21524
1783310400000,2026-07-06 04:00:00,63293.99,63384.0,63241.99,63345.01,6.6667
1783311300000,2026-07-06 04:15:00,63345.0,63361.13,63187.98,63236.0,5.79662
1783312200000,2026-07-06 04:30:00,63235.99,65925.62,63204.92,63316.01,12.58363
1783313100000,2026-07-06 04:45:00,63316.01,63349.25,63255.32,63267.11,2.84485
1783314000000,2026-07-06 05:00:00,63267.11,63267.11,63166.0,63208.78,4.49108
1783314900000,2026-07-06 05:15:00,63208.78,63237.23,63005.1,63032.03,12.58292
1783315800000,2026-07-06 05:30:00,63032.03,63155.62,62973.99,63108.45,15.42325
1783316700000,2026-07-06 05:45:00,63108.45,63164.0,63084.0,63113.99,4.3504
1783317600000,2026-07-06 06:00:00,63114.0,63146.0,63045.59,63121.26,7.32501
1783318500000,2026-07-06 06:15:00,63121.27,63142.01,62748.6,63033.99,17.3311
1783319400000,2026-07-06 06:30:00,63034.0,63065.07,52068.98,63059.54,15.78481
1783320300000,2026-07-06 06:45:00,63059.55,63085.72,62980.0,62992.5,6.98749
1783321200000,2026-07-06 07:00:00,62992.51,62992.51,62892.0,62954.47,9.17954
1783322100000,2026-07-06 07:15:00,62954.46,63135.11,62680.26,62972.0,22.34888
1783323000000,2026-07-06 07:30:00,62972.0,63115.9,62920.7,63103.42,6.70631
1783323900000,2026-07-06 07:45:00,63103.42,63112.03,63068.0,63089.41,7.58632
1783324800000,2026-07-06 08:00:00,63089.42,64530.36,62437.49,63059.99,27.61906
1783325700000,2026-07-06 08:15:00,63060.0,63092.0,62997.99,63070.0,3.19431
1783326600000,2026-07-06 08:30:00,63070.0,63070.0,53000.0,62911.15,23.52657
1783327500000,2026-07-06 08:45:00,62911.16,62944.92,62885.3,62904.01,10.03596
1783328400000,2026-07-06 09:00:00,62904.01,62914.0,62844.93,62866.01,37.33987
1783329300000,2026-07-06 09:15:00,62866.0,63135.11,60344.61,62745.22,36.9354
1783330200000,2026-07-06 09:30:00,62745.22,62764.0,62630.85,62688.01,16.35957
1783331100000,2026-07-06 09:45:00,62688.01,62697.2,62637.52,62664.76,18.65326
1783332000000,2026-07-06 10:00:00,62664.77,62850.0,62664.76,62840.01,29.61813
1783332900000,2026-07-06 10:15:00,62840.01,63135.11,62836.8,62882.01,21.32774
1783333800000,2026-07-06 10:30:00,62882.01,63030.0,62871.45,62926.79,12.63141
1783334700000,2026-07-06 10:45:00,62926.78,62926.79,62806.89,62820.67,16.2656
1783335600000,2026-07-06 11:00:00,62820.92,62885.06,62800.0,62807.69,14.50212
1783336500000,2026-07-06 11:15:00,62807.69,62919.11,62713.96,62881.98,17.62011
1783337400000,2026-07-06 11:30:00,62881.98,62986.01,62872.2,62968.0,6.69451
1783338300000,2026-07-06 11:45:00,62968.0,63000.0,61510.0,62567.27,22.98938
1783339200000,2026-07-06 12:00:00,62567.27,63120.88,61867.47,62009.11,37.43245
1783340100000,2026-07-06 12:15:00,62007.79,62107.99,61906.9,62080.01,13.01867
1783341000000,2026-07-06 12:30:00,62080.01,62171.91,61785.99,61803.77,10.90424
1783341900000,2026-07-06 12:45:00,61803.77,62500.0,61468.03,61756.01,40.48882
1783342800000,2026-07-06 13:00:00,61756.01,62103.07,61593.99,61646.77,11.35215
1783343700000,2026-07-06 13:15:00,61646.79,61689.22,61431.53,61455.96,16.31064
1783344600000,2026-07-06 13:30:00,61455.97,61628.31,61332.41,61628.3,36.74962
1783345500000,2026-07-06 13:45:00,61628.83,62033.38,59646.99,61781.04,31.7282
1783346400000,2026-07-06 14:00:00,61781.05,62500.0,52500.0,61929.99,133.04863
1783347300000,2026-07-06 14:15:00,61929.99,62500.0,52500.0,62089.99,51.44298
1783348200000,2026-07-06 14:30:00,62090.0,62281.36,61969.99,62054.02,18.20204
1783349100000,2026-07-06 14:45:00,62054.02,62058.0,61892.0,62048.0,9.63657
1783350000000,2026-07-06 15:00:00,62048.0,63135.11,62047.99,62483.66,25.61406
1783350900000,2026-07-06 15:15:00,62484.01,62544.28,62325.33,62461.99,20.02954
1783351800000,2026-07-06 15:30:00,62462.0,62939.2,61739.86,62869.97,50.95037
1783352700000,2026-07-06 15:45:00,62870.49,63543.11,61042.24,63524.0,63.40176
1783353600000,2026-07-06 16:00:00,63524.01,63859.85,62437.49,63832.36,75.62955
1783354500000,2026-07-06 16:15:00,63832.36,63832.36,62016.64,63494.0,76.57656
1783355400000,2026-07-06 16:30:00,63494.01,64293.75,62437.49,63736.01,68.82171
1783356300000,2026-07-06 16:45:00,63736.53,63765.25,63464.22,63730.85,44.88391
1783357200000,2026-07-06 17:00:00,63730.86,63926.01,63674.0,63864.54,18.5853
1783358100000,2026-07-06 17:15:00,63852.23,64486.33,63824.32,63884.93,44.50215
1783359000000,2026-07-06 17:30:00,63884.93,64579.91,63464.22,63712.01,58.03741
1783359900000,2026-07-06 17:45:00,63712.0,63754.09,63464.22,63587.38,56.72142
1783360800000,2026-07-06 18:00:00,63587.38,65227.99,63560.0,63695.88,23.08236
1783361700000,2026-07-06 18:15:00,63695.88,63880.02,63629.4,63755.98,6.96723
1783362600000,2026-07-06 18:30:00,63755.98,63842.0,63701.78,63804.54,6.24343
1783363500000,2026-07-06 18:45:00,63804.54,63818.0,63690.78,63691.3,4.8937
1783364400000,2026-07-06 19:00:00,63700.0,63763.2,63657.66,63750.0,13.80166
1783365300000,2026-07-06 19:15:00,63748.01,64530.36,63744.7,63841.44,9.36746
1783366200000,2026-07-06 19:30:00,63840.73,63848.01,63764.0,63842.01,3.94251
1783367100000,2026-07-06 19:45:00,63842.01,63871.94,63464.22,63718.01,38.64951
1783368000000,2026-07-06 20:00:00,63718.01,65925.62,63594.0,63602.06,57.35262
1783368900000,2026-07-06 20:15:00,63602.06,64025.47,63488.73,63752.51,65.29878
1783369800000,2026-07-06 20:30:00,63752.51,64031.63,63752.5,63832.0,49.24668
1783370700000,2026-07-06 20:45:00,63832.0,63890.01,63783.78,63828.0,6.97905
1783371600000,2026-07-06 21:00:00,63828.0,64658.73,63810.0,64344.0,11.18048
1783372500000,2026-07-06 21:15:00,64344.0,65227.99,64208.54,64224.99,14.55779
1783373400000,2026-07-06 21:30:00,64224.99,64312.0,64157.81,64223.4,8.97963
1783374300000,2026-07-06 21:45:00,64223.4,64505.99,64170.3,64462.52,26.6846
1783375200000,2026-07-06 22:00:00,64468.01,64496.02,64299.14,64365.97,18.00224
1783376100000,2026-07-06 22:15:00,64366.0,64455.99,64198.68,64220.0,26.09458
1783377000000,2026-07-06 22:30:00,64220.0,64228.76,64174.99,64198.52,16.51614
1783377900000,2026-07-06 22:45:00,64205.97,64294.41,64172.0,64243.99,7.40668
1783378800000,2026-07-06 23:00:00,64244.0,64334.01,64091.75,64269.52,17.35823
1783379700000,2026-07-06 23:15:00,64269.52,64269.53,64095.0,64116.0,11.81442
1783380600000,2026-07-06 23:30:00,64116.0,64178.0,64067.01,64068.0,6.80178
1783381500000,2026-07-06 23:45:00,64068.0,64124.0,64030.52,64035.88,2.56728
1783382400000,2026-07-07 00:00:00,64035.89,64099.0,64018.63,64024.99,4.63102
1783383300000,2026-07-07 00:15:00,64024.99,64298.01,64023.99,64254.95,8.76596
1783384200000,2026-07-07 00:30:00,64254.94,65227.99,64027.64,64081.99,17.5329
1783385100000,2026-07-07 00:45:00,64081.99,64270.0,63464.22,64204.0,17.61937
1783386000000,2026-07-07 01:00:00,64204.0,64204.0,63890.01,64047.99,20.79193
1783386900000,2026-07-07 01:15:00,64048.0,64076.72,63918.39,63931.83,64.22479
1783387800000,2026-07-07 01:30:00,63931.83,68654.46,62032.98,63945.99,99.64787
1783388700000,2026-07-07 01:45:00,63946.0,64012.0,63824.0,63835.99,11.50327
1783389600000,2026-07-07 02:00:00,63836.0,63896.01,63790.91,63832.65,33.5703
1783390500000,2026-07-07 02:15:00,63828.0,63868.01,63570.0,63570.01,16.40088
1783391400000,2026-07-07 02:30:00,63570.0,63619.91,63456.0,63596.82,23.84705
1783392300000,2026-07-07 02:45:00,63596.82,63619.11,61739.86,63316.52,25.78564
1783393200000,2026-07-07 03:00:00,63320.0,63467.38,63280.54,63330.85,18.43143
1783394100000,2026-07-07 03:15:00,63330.85,63832.74,63237.43,63276.01,41.72018
1783395000000,2026-07-07 03:30:00,63276.01,63349.53,63179.99,63200.52,20.65216
1783395900000,2026-07-07 03:45:00,63208.84,63208.84,63154.0,63191.0,11.18912
1783396800000,2026-07-07 04:00:00,63191.01,63255.35,63152.15,63206.71,20.51597
1783397700000,2026-07-07 04:15:00,63198.02,63278.47,63122.51,63265.16,22.67525
1783398600000,2026-07-07 04:30:00,63265.16,64530.36,62558.55,63160.68,66.12329
1783399500000,2026-07-07 04:45:00,63154.19,63170.3,63064.0,63100.0,14.01648
1783400400000,2026-07-07 05:00:00,63100.01,63118.0,62822.67,62822.67,23.04077
1783401300000,2026-07-07 05:15:00,62820.0,63000.0,62819.62,62939.48,23.19771
1783402200000,2026-07-07 05:30:00,62939.47,63188.03,62939.47,63167.53,24.09082
1783403100000,2026-07-07 05:45:00,63168.03,63392.14,63049.41,63128.01,25.55092
1783404000000,2026-07-07 06:00:00,63128.0,63219.87,62815.06,63037.26,21.27401
1783404900000,2026-07-07 06:15:00,63037.26,63173.22,63036.99,63173.22,16.11206
1783405800000,2026-07-07 06:30:00,63173.21,63386.1,63137.69,63257.42,18.81078
1783406700000,2026-07-07 06:45:00,63257.43,63396.0,63242.0,63348.03,21.6232
1783407600000,2026-07-07 07:00:00,63345.28,63436.01,61444.44,63396.0,21.68793
1783408500000,2026-07-07 07:15:00,63396.01,63398.93,63240.2,63260.59,18.8467
1783409400000,2026-07-07 07:30:00,63260.59,63278.0,63096.0,63154.6,16.1628
1783410300000,2026-07-07 07:45:00,63154.6,63190.32,63078.4,63078.41,18.23301
1783411200000,2026-07-07 08:00:00,63078.41,63178.01,63038.01,63130.0,10.29698
1783412100000,2026-07-07 08:15:00,63130.0,63165.0,63060.96,63075.99,5.45894
1783413000000,2026-07-07 08:30:00,63075.99,63115.4,63019.99,63066.02,7.36122
1783413900000,2026-07-07 08:45:00,63066.02,63144.0,63029.2,63104.01,18.70919
1783414800000,2026-07-07 09:00:00,63104.01,63250.69,63063.28,63250.69,10.31879
1783415700000,2026-07-07 09:15:00,63250.69,63250.69,63168.3,63168.3,4.45416
1783416600000,2026-07-07 09:30:00,63168.3,63814.7,63154.0,63294.22,7.05445
1783417500000,2026-07-07 09:45:00,63294.22,63339.99,63236.4,63253.99,7.83947
1783418400000,2026-07-07 10:00:00,63254.0,63442.0,63253.99,63364.01,6.55958
1783419300000,2026-07-07 10:15:00,63364.01,63454.45,63319.99,63319.99,3.36972
1783420200000,2026-07-07 10:30:00,63319.99,63320.0,63233.43,63284.0,8.80581
1783421100000,2026-07-07 10:45:00,63282.67,63284.0,63238.79,63280.0,3.99011
1783422000000,2026-07-07 11:00:00,63280.07,63392.35,63129.99,63156.72,10.48076
1783422900000,2026-07-07 11:15:00,63156.72,63224.0,63131.99,63178.77,6.76174
1783423800000,2026-07-07 11:30:00,63178.78,64572.96,63132.69,63239.99,57.43953
1783424700000,2026-07-07 11:45:00,63465.6,63836.41,63262.35,63407.92,60.14526
1783425600000,2026-07-07 12:00:00,63407.93,64530.36,62421.42,63802.0,69.16307
1783426500000,2026-07-07 12:15:00,63802.0,63814.0,63644.83,63701.54,57.03277
1783427400000,2026-07-07 12:30:00,63701.54,63707.22,62759.25,63612.0,63.66376
1783428300000,2026-07-07 12:45:00,63613.2,63725.7,62759.25,63475.99,52.97473
1783429200000,2026-07-07 13:00:00,63476.0,63831.39,62437.49,63344.05,52.62417
1783430100000,2026-07-07 13:15:00,63342.73,63352.01,62910.14,63104.49,56.2039
1783431000000,2026-07-07 13:30:00,63104.5,63901.92,63000.0,63141.99,59.04634
1783431900000,2026-07-07 13:45:00,63141.99,63901.92,62908.72,62908.72,58.44334
1783432800000,2026-07-07 14:00:00,63056.01,63350.43,52492.94,63005.23,59.64044
1783433700000,2026-07-07 14:15:00,63005.23,63911.89,62437.49,63122.01,55.88752
1783434600000,2026-07-07 14:30:00,63122.01,63239.0,61042.24,62937.99,57.24238
1783435500000,2026-07-07 14:45:00,62937.99,64592.58,62437.49,63581.14,65.44575
1783436400000,2026-07-07 15:00:00,63581.15,63606.01,63135.11,63527.85,25.34082
1783437300000,2026-07-07 15:15:00,63527.85,64187.0,63503.25,63745.99,16.66661
1783438200000,2026-07-07 15:30:00,63746.0,64187.0,63126.79,63840.0,58.74958
1783439100000,2026-07-07 15:45:00,63839.99,64539.44,63832.74,63929.99,57.04292
1783440000000,2026-07-07 16:00:00,63929.99,64032.01,63819.99,63826.01,57.44013
1783440900000,2026-07-07 16:15:00,63826.01,64663.47,63810.0,64008.01,53.23946
1783441800000,2026-07-07 16:30:00,64008.01,64530.36,63946.0,64030.84,47.47791
1783442700000,2026-07-07 16:45:00,64030.83,64678.87,62745.28,63992.27,63.35549
1783443600000,2026-07-07 17:00:00,63992.26,64131.65,62437.49,64011.79,69.772
1783444500000,2026-07-07 17:15:00,64011.79,64941.96,63900.0,64153.49,58.22189
1783445400000,2026-07-07 17:30:00,64153.48,65370.84,63768.89,64214.55,42.88357
1783446300000,2026-07-07 17:45:00,64670.18,65370.84,64124.27,64182.59,58.15762
1783447200000,2026-07-07 18:00:00,64182.6,64182.6,63873.4,64026.13,41.1707
1783448100000,2026-07-07 18:15:00,64026.13,68235.85,63832.74,63992.04,42.36593
1783449000000,2026-07-07 18:30:00,63992.03,64516.11,63963.33,64068.06,39.66631
1783449900000,2026-07-07 18:45:00,64068.06,64500.0,62295.33,63675.62,52.53183
1783450800000,2026-07-07 19:00:00,63675.62,64561.55,63007.88,63543.75,44.13405
1783451700000,2026-07-07 19:15:00,63543.75,63705.22,63380.98,63610.01,35.61061
1783452600000,2026-07-07 19:30:00,63610.01,63810.0,63120.68,63798.01,13.05176
1783453500000,2026-07-07 19:45:00,63798.01,65073.68,63780.0,63792.0,12.99289
1783454400000,2026-07-07 20:00:00,63792.0,63901.75,63694.01,63778.0,8.77799
1783455300000,2026-07-07 20:15:00,63778.0,63814.64,63708.0,63730.0,2.49114
1783456200000,2026-07-07 20:30:00,63730.0,63742.0,63648.91,63668.25,6.13437
1783457100000,2026-07-07 20:45:00,63668.78,63698.24,63617.99,63698.0,3.95704
1783458000000,2026-07-07 21:00:00,63698.0,63845.78,63697.99,63794.01,12.52003
1783458900000,2026-07-07 21:15:00,63794.01,63794.01,63409.62,63516.5,16.76001
1783459800000,2026-07-07 21:30:00,63516.5,63520.0,63348.0,63400.01,6.84254
1783460700000,2026-07-07 21:45:00,63400.01,63685.12,62295.33,63423.94,8.98694
1783461600000,2026-07-07 22:00:00,63423.94,64010.27,63226.3,63446.01,9.575
1783462500000,2026-07-07 22:15:00,63446.53,63510.77,63389.64,63447.99,4.83947
1783463400000,2026-07-07 22:30:00,63447.99,63829.47,63430.0,63616.48,13.20425
1783464300000,2026-07-07 22:45:00,63616.48,63616.48,63495.05,63551.02,5.76043
1783465200000,2026-07-07 23:00:00,63551.03,63666.87,63530.0,63637.99,6.19257
1783466100000,2026-07-07 23:15:00,63637.99,63708.0,63611.45,63650.0,4.28076
1783467000000,2026-07-07 23:30:00,63650.01,63658.82,61042.24,63473.51,4.46074
1783467900000,2026-07-07 23:45:00,63473.51,63473.51,63324.0,63331.88,3.78638
1783468800000,2026-07-08 00:00:00,63331.89,63520.82,63306.0,63506.38,10.75052
1783469700000,2026-07-08 00:15:00,63506.37,63832.74,63414.15,63582.42,8.05497
1783470600000,2026-07-08 00:30:00,63582.42,64010.27,63562.0,63711.99,14.97058
1783471500000,2026-07-08 00:45:00,63711.99,64010.27,63359.97,63609.34,22.26462
1783472400000,2026-07-08 01:00:00,63609.35,63649.35,63485.54,63638.34,6.07507
1783473300000,2026-07-08 01:15:00,63634.97,63634.98,63438.26,63438.26,5.02303
1783474200000,2026-07-08 01:30:00,63438.0,63444.37,62935.99,63166.08,9.74271
1783475100000,2026-07-08 01:45:00,63164.75,63216.0,62972.0,63039.71,4.96991
1783476000000,2026-07-08 02:00:00,63039.72,64054.06,62825.91,62909.99,15.68723
1783476900000,2026-07-08 02:15:00,62910.0,62978.1,62818.0,62898.0,4.29659
1783477800000,2026-07-08 02:30:00,62898.0,62970.59,62548.5,62970.59,12.20135
1783478700000,2026-07-08 02:45:00,62971.11,63052.01,62908.16,62979.98,6.98753
1783479600000,2026-07-08 03:00:00,62979.99,63094.0,62979.98,63071.14,9.63954
1783480500000,2026-07-08 03:15:00,63071.14,63071.15,62976.9,63053.99,7.96511
1783481400000,2026-07-08 03:30:00,63053.99,63053.99,62922.0,62955.87,7.3954
1783482300000,2026-07-08 03:45:00,62955.87,62955.87,62707.27,62754.68,10.08645
1783483200000,2026-07-08 04:00:00,62754.01,62856.0,62734.0,62799.27,5.86052
1783484100000,2026-07-08 04:15:00,62799.27,62894.0,62799.27,62870.0,4.16714
1783485000000,2026-07-08 04:30:00,62870.0,62901.49,62716.01,62741.06,5.09189
1783485900000,2026-07-08 04:45:00,62741.06,62808.53,62682.17,62802.01,4.72853
1783486800000,2026-07-08 05:00:00,62802.01,62876.95,62756.09,62804.84,5.84723
1783487700000,2026-07-08 05:15:00,62803.52,63216.06,62725.99,62771.99,5.557
1783488600000,2026-07-08 05:30:00,62772.0,62778.0,62619.77,62619.77,4.77659
1783489500000,2026-07-08 05:45:00,62619.78,62688.0,62558.0,62632.75,3.60888
1783490400000,2026-07-08 06:00:00,62632.76,62633.6,62562.0,62617.88,3.74954
1783491300000,2026-07-08 06:15:00,62617.88,62700.0,62516.37,62622.01,6.32878
1783492200000,2026-07-08 06:30:00,62622.01,62633.15,62437.49,62543.09,6.95819
1783493100000,2026-07-08 06:45:00,62543.1,62732.0,62543.09,62650.52,4.46535
1783494000000,2026-07-08 07:00:00,62657.82,62747.79,62550.0,62747.79,4.23612
1783494900000,2026-07-08 07:15:00,62747.79,62825.48,62676.82,62812.06,5.29821
1783495800000,2026-07-08 07:30:00,62812.06,62882.05,62766.0,62822.15,7.33517
1783496700000,2026-07-08 07:45:00,62822.15,62894.89,62803.3,62887.99,3.56513
1783497600000,2026-07-08 08:00:00,62890.08,62935.07,62792.0,62814.55,6.46356
1783498500000,2026-07-08 08:15:00,62814.55,62848.0,62084.0,62084.01,18.14006
1783499400000,2026-07-08 08:30:00,62084.01,62138.01,61897.54,62059.92,15.80152
1783500300000,2026-07-08 08:45:00,62059.93,62320.01,62002.0,62009.43,12.45263
1783501200000,2026-07-08 09:00:00,62009.44,62104.16,61897.86,61897.86,17.66016
1783502100000,2026-07-08 09:15:00,61902.0,62113.52,61746.0,61938.0,14.23263
1783503000000,2026-07-08 09:30:00,61938.0,62212.57,61937.99,62131.77,9.51678
1783503900000,2026-07-08 09:45:00,62131.78,62144.51,62053.62,62053.62,7.45919
1783504800000,2026-07-08 10:00:00,62053.62,62068.0,61906.85,62004.63,7.9182
1783505700000,2026-07-08 10:15:00,62004.62,62110.0,61982.7,62110.0,7.40976
1783506600000,2026-07-08 10:30:00,62110.0,62171.42,62065.6,62131.31,6.0
1783507500000,2026-07-08 10:45:00,62131.31,62182.84,62101.0,62175.0,9.34059
1783508400000,2026-07-08 11:00:00,62175.01,62540.86,62073.99,62116.0,15.99201
1783509300000,2026-07-08 11:15:00,62116.01,62166.02,62061.98,62121.37,7.36585
1783510200000,2026-07-08 11:30:00,62121.38,62378.76,62086.64,62357.01,8.37892
1783511100000,2026-07-08 11:45:00,62357.01,62357.01,62244.0,62300.0,6.79862
1783512000000,2026-07-08 12:00:00,62300.0,62419.41,62216.23,62329.07,13.26528
1783512900000,2026-07-08 12:15:00,62327.76,62372.0,62229.99,62283.0,4.22486
1783513800000,2026-07-08 12:30:00,62285.39,62298.0,62095.8,62095.8,6.08909
1783514700000,2026-07-08 12:45:00,62095.79,62147.41,61958.36,61958.36,5.54405
1783515600000,2026-07-08 13:00:00,61958.36,62000.0,61854.0,61932.6,14.2171
1783516500000,2026-07-08 13:15:00,61935.72,61935.73,61758.45,61798.53,10.52657
1783517400000,2026-07-08 13:30:00,61823.07,62974.37,61823.06,61983.77,25.57157
1783518300000,2026-07-08 13:45:00,61983.77,61983.78,60221.39,61939.95,17.70686
1783519200000,2026-07-08 14:00:00,61939.95,62293.14,58959.0,62051.99,38.48259
1783520100000,2026-07-08 14:15:00,62051.99,63035.44,60208.93,62005.77,48.06348
1783521000000,2026-07-08 14:30:00,62005.77,62072.82,61597.88,61908.99,41.00191
1783521900000,2026-07-08 14:45:00,61908.99,62021.99,61377.6,61889.83,43.66935
1783522800000,2026-07-08 15:00:00,61889.83,61911.35,61377.6,61593.61,37.1251
1783523700000,2026-07-08 15:15:00,61593.61,61756.01,61559.45,61644.01,36.48351
1783524600000,2026-07-08 15:30:00,61644.01,62286.12,61604.42,61622.12,38.50862
1783525500000,2026-07-08 15:45:00,61622.13,61730.0,61571.43,61710.01,17.45468
1783526400000,2026-07-08 16:00:00,61710.01,62040.9,61467.82,61833.3,48.96074
1783527300000,2026-07-08 16:15:00,61833.31,61978.0,61794.0,61920.0,44.29807
1783528200000,2026-07-08 16:30:00,61920.01,62088.65,61590.9,62074.0,40.97311
1783529100000,2026-07-08 16:45:00,62074.0,62151.23,62012.58,62113.02,33.0589
1783530000000,2026-07-08 17:00:00,62113.03,62142.0,62032.0,62069.48,25.71723
1783530900000,2026-07-08 17:15:00,62069.48,62642.17,61410.79,62308.66,17.67961
1783531800000,2026-07-08 17:30:00,62308.67,62388.88,62206.37,62262.01,28.52353
1783532700000,2026-07-08 17:45:00,62262.0,62266.61,62056.53,62098.01,39.97564
1783533600000,2026-07-08 18:00:00,62098.01,62297.37,62098.0,62290.4,46.71622
1783534500000,2026-07-08 18:15:00,62290.39,62642.17,62192.72,62192.72,44.79204
1783535400000,2026-07-08 18:30:00,62192.72,62642.17,62006.59,62095.99,35.59486
1783536300000,2026-07-08 18:45:00,62096.0,62955.97,62086.46,62185.32,41.26684
1783537200000,2026-07-08 19:00:00,62185.33,62269.9,62092.97,62092.97,38.77785
1783538100000,2026-07-08 19:15:00,62091.65,62240.0,62075.8,62233.57,38.56234
1783539000000,2026-07-08 19:30:00,62233.57,62282.0,62210.0,62281.99,36.55226
1783539900000,2026-07-08 19:45:00,62281.99,62283.59,62121.57,62277.99,38.21446
1783540800000,2026-07-08 20:00:00,62277.99,62620.41,62198.0,62257.57,33.72883
1783541700000,2026-07-08 20:15:00,62257.56,62268.43,62056.42,62268.43,50.77358
1783542600000,2026-07-08 20:30:00,62268.43,63322.95,62110.33,62196.18,38.38837
1783543500000,2026-07-08 20:45:00,62196.17,62238.0,62082.8,62099.62,28.53519
1783544400000,2026-07-08 21:00:00,62099.62,62143.83,61966.67,62016.51,41.4412
1783545300000,2026-07-08 21:15:00,62016.51,62099.99,61988.0,62099.99,8.8508
1783546200000,2026-07-08 21:30:00,62103.45,62212.57,62059.79,62067.21,16.85378
1783547100000,2026-07-08 21:45:00,62067.21,62246.74,62067.21,62187.16,22.14936
1783548000000,2026-07-08 22:00:00,62187.17,62332.83,62185.96,62208.98,12.75472
1783548900000,2026-07-08 22:15:00,62208.98,62300.0,62188.1,62300.0,6.05822
1783549800000,2026-07-08 22:30:00,62300.0,62333.42,62256.92,62325.06,4.91667
1783550700000,2026-07-08 22:45:00,62325.06,63322.95,62258.55,62330.4,4.04839
1783551600000,2026-07-08 23:00:00,62330.4,62344.0,62185.69,62324.59,18.9156
1783552500000,2026-07-08 23:15:00,62324.59,62324.6,62210.53,62260.0,3.97134
1783553400000,2026-07-08 23:30:00,62260.0,62266.0,62181.74,62266.0,4.19515
1783554300000,2026-07-08 23:45:00,62266.0,62320.0,62239.99,62291.12,4.93189
1783555200000,2026-07-09 00:00:00,62291.13,62309.88,62200.01,62215.81,13.20605
1783556100000,2026-07-09 00:15:00,62218.01,62424.43,62124.01,62188.84,3.98418
1783557000000,2026-07-09 00:30:00,62189.99,62259.25,60908.35,62190.3,9.13072
1783557900000,2026-07-09 00:45:00,62190.29,62237.6,60148.38,62114.88,9.99152
1783558800000,2026-07-09 01:00:00,62114.88,63368.21,56464.0,62398.48,15.9363
1783559700000,2026-07-09 01:15:00,62398.49,62955.97,55000.0,62402.0,12.9307
1783560600000,2026-07-09 01:30:00,62400.68,62400.68,62071.99,62103.45,10.02274
1783561500000,2026-07-09 01:45:00,62103.44,62112.0,61863.99,61918.0,30.53422
1783562400000,2026-07-09 02:00:00,61918.0,62084.0,61833.99,62083.99,5.40072
1783563300000,2026-07-09 02:15:00,62084.0,62112.54,61971.99,62000.46,6.76641
1783564200000,2026-07-09 02:30:00,62000.98,62661.58,61814.0,61846.33,11.9496
1783565100000,2026-07-09 02:45:00,61846.33,61846.33,61430.1,61792.81,18.77026
1783566000000,2026-07-09 03:00:00,61792.81,61860.0,61744.0,61858.67,4.78374
1783566900000,2026-07-09 03:15:00,61856.23,61941.19,61740.0,61896.75,18.26425
1783567800000,2026-07-09 03:30:00,61896.75,62060.0,61882.0,61958.0,12.62671
1783568700000,2026-07-09 03:45:00,61958.0,62688.73,51815.5,61971.39,11.56034
1783569600000,2026-07-09 04:00:00,61971.39,62088.0,61966.02,62034.0,5.86517
1783570500000,2026-07-09 04:15:00,62033.99,62674.82,62012.49,62090.78,6.1742
1783571400000,2026-07-09 04:30:00,62090.78,62300.0,62090.77,62300.0,8.2046
1783572300000,2026-07-09 04:45:00,62299.99,62449.84,62282.0,62449.83,10.08708
1783573200000,2026-07-09 05:00:00,62449.83,62661.27,62378.11,62490.0,14.90649
1783574100000,2026-07-09 05:15:00,62490.0,62529.88,62280.0,62300.16,15.38733
1783575000000,2026-07-09 05:30:00,62300.17,62396.0,62236.0,62369.33,9.38071
1783575900000,2026-07-09 05:45:00,62374.0,63472.12,62354.34,62588.0,9.99954
1783576800000,2026-07-09 06:00:00,62588.0,62730.01,62490.0,62528.0,9.68453
1783577700000,2026-07-09 06:15:00,62528.0,64496.05,62499.34,62808.0,13.41167
1783578600000,2026-07-09 06:30:00,62808.52,62854.0,62759.43,62853.99,8.35463
1783579500000,2026-07-09 06:45:00,62854.0,62920.0,62822.0,62920.0,8.46548
1783580400000,2026-07-09 07:00:00,62920.0,63138.01,62771.91,62936.67,23.02222
1783581300000,2026-07-09 07:15:00,62932.01,63082.0,62846.84,62929.33,7.02967
1783582200000,2026-07-09 07:30:00,62928.0,63040.98,62057.99,63040.98,12.83189
1783583100000,2026-07-09 07:45:00,63040.98,63202.0,62963.26,62993.25,15.40956
1783584000000,2026-07-09 08:00:00,62993.26,63010.0,53135.36,62953.98,7.80613
1783584900000,2026-07-09 08:15:00,62953.99,63051.87,62930.0,63051.87,5.88291
1783585800000,2026-07-09 08:30:00,63051.87,63100.01,62267.92,63040.01,19.86864
1783586700000,2026-07-09 08:45:00,63040.0,63043.72,62644.13,62911.56,102.07927
1783587600000,2026-07-09 09:00:00,62911.56,62938.0,62822.01,62873.7,3.80775
1783588500000,2026-07-09 09:15:00,62873.71,62941.7,62844.01,62918.0,4.46911
1783589400000,2026-07-09 09:30:00,62918.53,62998.72,62792.0,62804.01,6.75033
1783590300000,2026-07-09 09:45:00,62804.0,62963.89,62798.0,62956.56,1.79719
1783591200000,2026-07-09 10:00:00,62956.56,63047.05,62912.35,63009.99,4.76917
1783592100000,2026-07-09 10:15:00,63010.0,63259.5,62876.0,62883.48,38.96473
1783593000000,2026-07-09 10:30:00,62883.48,62950.91,62857.7,62909.99,4.49416
1783593900000,2026-07-09 10:45:00,62909.99,62910.0,62694.53,62791.76,10.56929
1783594800000,2026-07-09 11:00:00,62791.76,62818.01,62756.0,62804.01,7.01474
1783595700000,2026-07-09 11:15:00,62804.0,62804.01,62677.82,62705.51,3.2859
1783596600000,2026-07-09 11:30:00,62704.18,62730.0,62614.66,62667.99,5.24277
1783597500000,2026-07-09 11:45:00,62664.88,62810.69,62618.33,62786.23,5.36956
1783598400000,2026-07-09 12:00:00,62786.24,62869.43,62675.99,62798.77,15.58328
1783599300000,2026-07-09 12:15:00,62798.77,62908.21,62687.11,62814.9,16.71302
1783600200000,2026-07-09 12:30:00,62814.91,63007.49,62584.67,62620.0,13.71687
1783601100000,2026-07-09 12:45:00,62619.99,63210.5,62472.64,62614.01,14.8727
1783602000000,2026-07-09 13:00:00,62614.24,62910.28,62614.01,62876.0,10.24824
1783602900000,2026-07-09 13:15:00,62876.0,63021.56,62694.0,62721.65,14.42899
1783603800000,2026-07-09 13:30:00,62721.67,63215.98,62267.92,62934.0,30.57336
1783604700000,2026-07-09 13:45:00,62934.0,63291.88,62820.0,63043.87,24.17937
1783605600000,2026-07-09 14:00:00,63043.88,72019.83,53448.01,62936.15,99.61002
1783606500000,2026-07-09 14:15:00,62936.14,72495.19,53448.01,62867.99,76.31623
1783607400000,2026-07-09 14:30:00,62870.0,63710.36,62267.92,62927.46,61.4044
1783608300000,2026-07-09 14:45:00,62927.46,63329.8,61579.88,63026.24,70.95687
1783609200000,2026-07-09 15:00:00,63026.24,64230.94,62935.07,63097.53,36.01797
1783610100000,2026-07-09 15:15:00,63097.52,63231.2,62959.05,62997.37,24.45441
1783611000000,2026-07-09 15:30:00,62997.9,63085.05,62906.0,62973.23,6.58902
1783611900000,2026-07-09 15:45:00,62973.22,63045.98,62827.72,62874.0,5.81796
1783612800000,2026-07-09 16:00:00,62874.01,62994.0,62838.0,62865.8,4.98613
1783613700000,2026-07-09 16:15:00,62865.8,62882.13,62565.58,62711.43,13.44656
1783614600000,2026-07-09 16:30:00,62711.42,62852.41,62684.0,62726.53,5.85436
1783615500000,2026-07-09 16:45:00,62726.54,62739.66,62615.4,62704.3,4.58604
1783616400000,2026-07-09 17:00:00,62704.3,62789.93,62669.02,62700.46,5.88224
1783617300000,2026-07-09 17:15:00,62700.46,62926.87,62700.46,62826.0,7.00998
1783618200000,2026-07-09 17:30:00,62826.0,63073.24,62754.93,63027.99,11.18301
1783619100000,2026-07-09 17:45:00,63028.0,63568.43,63025.05,63142.79,48.03569
1783620000000,2026-07-09 18:00:00,63142.79,63458.01,63080.0,63402.74,20.92721
1783620900000,2026-07-09 18:15:00,63402.74,63420.0,63189.32,63373.03,12.03556
1783621800000,2026-07-09 18:30:00,63373.55,63420.06,63271.87,63318.73,24.98633
1783622700000,2026-07-09 18:45:00,63318.73,63363.16,63196.01,63219.02,15.67916
1783623600000,2026-07-09 19:00:00,63219.03,63276.81,63194.0,63207.38,10.68558
1783624500000,2026-07-09 19:15:00,63207.37,63273.53,63155.15,63267.19,16.55121
1783625400000,2026-07-09 19:30:00,63265.86,63392.13,63223.92,63373.0,23.9578
1783626300000,2026-07-09 19:45:00,63373.0,63373.0,63232.0,63236.54,30.80378
1783627200000,2026-07-09 20:00:00,63236.54,63280.12,63177.36,63206.8,27.84008
1783628100000,2026-07-09 20:15:00,63206.8,63334.19,63194.0,63288.51,21.39311
1783629000000,2026-07-09 20:30:00,63287.18,63330.85,63248.76,63317.27,8.85343
1783629900000,2026-07-09 20:45:00,63317.26,63320.92,63248.0,63306.01,6.79163
1783630800000,2026-07-09 21:00:00,63306.01,63397.94,63300.0,63325.22,15.238
1783631700000,2026-07-09 21:15:00,63325.21,63344.54,63246.08,63246.08,2.54977
1783632600000,2026-07-09 21:30:00,63246.09,63273.64,63226.58,63226.58,4.0588
1783633500000,2026-07-09 21:45:00,63226.58,63288.86,63226.58,63274.6,2.66819
1783634400000,2026-07-09 22:00:00,63274.6,63341.58,63247.99,63253.49,5.65255
1783635300000,2026-07-09 22:15:00,63253.49,63413.49,63253.49,63344.0,6.72975
1783636200000,2026-07-09 22:30:00,63344.0,63413.49,63266.91,63360.6,3.91187
1783637100000,2026-07-09 22:45:00,63360.6,63388.0,63218.77,63218.77,5.03984
1783638000000,2026-07-09 23:00:00,63218.78,63252.0,63183.36,63183.37,1.02936
1783638900000,2026-07-09 23:15:00,63183.37,63489.43,63060.91,63325.41,22.4361
1783639800000,2026-07-09 23:30:00,63327.25,74619.09,63269.99,63298.26,19.74008
1783640700000,2026-07-09 23:45:00,63296.42,65021.83,63232.59,63232.6,6.45796
1783641600000,2026-07-10 00:00:00,63232.6,63252.01,63143.32,63223.01,5.39246
1783642500000,2026-07-10 00:15:00,63223.01,63250.0,63074.18,63074.18,8.71354
1783643400000,2026-07-10 00:30:00,63072.02,63168.0,62953.99,63052.1,12.01338
1783644300000,2026-07-10 00:45:00,63050.78,63102.52,62998.76,63102.52,4.4647
1783645200000,2026-07-10 01:00:00,63102.52,63122.0,62970.62,63074.0,4.04545
1783646100000,2026-07-10 01:15:00,63074.01,63391.99,63074.0,63388.0,14.51184
1783647000000,2026-07-10 01:30:00,63388.0,63453.73,63338.76,63394.24,11.25871
1783647900000,2026-07-10 01:45:00,63394.01,63938.49,63392.32,63726.76,27.66229
1783648800000,2026-07-10 02:00:00,63726.76,64259.34,63697.94,63871.05,13.91058
1783649700000,2026-07-10 02:15:00,63871.04,63932.01,63810.0,63833.99,11.77632
1783650600000,2026-07-10 02:30:00,63833.99,63913.26,63779.9,63875.58,13.01273
1783651500000,2026-07-10 02:45:00,63875.58,64336.66,63846.53,63971.94,14.45973
1783652400000,2026-07-10 03:00:00,63971.95,63986.79,63846.26,63928.37,8.5437
1783653300000,2026-07-10 03:15:00,63928.36,63928.37,63846.0,63850.3,12.1535
1783654200000,2026-07-10 03:30:00,63850.3,63933.83,63828.09,63933.82,5.54011
1783655100000,2026-07-10 03:45:00,63933.83,64041.48,63910.01,63931.46,7.15604
1783656000000,2026-07-10 04:00:00,63931.47,64021.97,63931.46,63974.0,6.75684
1783656900000,2026-07-10 04:15:00,63974.0,64045.79,63892.49,63895.14,5.17634
1783657800000,2026-07-10 04:30:00,63895.15,64136.0,63861.71,64100.0,15.30601
1783658700000,2026-07-10 04:45:00,64100.01,64171.55,64037.7,64037.7,11.92833
1783659600000,2026-07-10 05:00:00,64037.71,64047.89,63956.33,63986.24,11.75377
1783660500000,2026-07-10 05:15:00,63986.23,64016.11,63944.05,63973.99,4.29196
1783661400000,2026-07-10 05:30:00,63973.99,64195.99,63962.02,64179.38,10.06384
1783662300000,2026-07-10 05:45:00,64179.38,64179.38,64084.21,64116.0,8.19818
1783663200000,2026-07-10 06:00:00,64116.0,64162.0,64033.29,64033.29,8.85682
1783664100000,2026-07-10 06:15:00,64033.29,64042.0,63866.0,63906.01,5.58392
1783665000000,2026-07-10 06:30:00,63906.01,63947.5,63881.15,63881.16,2.40235
1783665900000,2026-07-10 06:45:00,63881.16,63926.51,63844.4,63850.69,3.05618
1783666800000,2026-07-10 07:00:00,63850.7,63916.0,63808.01,63916.0,4.56224
1783667700000,2026-07-10 07:15:00,63915.99,64006.62,63875.4,63965.99,7.54434
1783668600000,2026-07-10 07:30:00,63965.99,63965.99,63905.63,63948.29,9.9249
1783669500000,2026-07-10 07:45:00,63948.29,63999.0,63920.19,63992.43,4.85881
1783670400000,2026-07-10 08:00:00,63992.44,64028.94,63971.46,64020.0,3.7075
1783671300000,2026-07-10 08:15:00,64020.01,64364.43,63773.53,64329.99,33.53669
1783672200000,2026-07-10 08:30:00,64329.99,64360.69,60008.26,64200.0,44.93506
1783673100000,2026-07-10 08:45:00,64200.0,64276.97,64143.93,64248.0,27.32026
1783674000000,2026-07-10 09:00:00,64248.01,64256.72,64135.8,64215.88,27.17513
1783674900000,2026-07-10 09:15:00,64216.74,64410.99,64214.67,64410.99,22.07292
1783675800000,2026-07-10 09:30:00,64411.0,64472.07,64368.0,64466.11,17.9586
1783676700000,2026-07-10 09:45:00,64466.11,64475.18,64385.08,64385.09,15.48507
1783677600000,2026-07-10 10:00:00,64385.09,72984.05,64275.28,64293.99,17.62867
1783678500000,2026-07-10 10:15:00,64293.99,64438.76,64293.14,64438.75,28.10255
1783679400000,2026-07-10 10:30:00,64438.75,64494.84,64375.11,64475.99,4.81407
1783680300000,2026-07-10 10:45:00,64475.99,64483.34,64407.99,64407.99,6.20986
1783681200000,2026-07-10 11:00:00,64408.0,64473.22,64396.97,64449.54,11.59798
1783682100000,2026-07-10 11:15:00,64449.54,64467.99,63792.93,64431.99,5.9316
1783683000000,2026-07-10 11:30:00,64432.0,64777.29,62087.37,64395.61,13.29375
1783683900000,2026-07-10 11:45:00,64395.61,64467.98,64387.99,64417.41,13.07087
1783684800000,2026-07-10 12:00:00,64417.41,64596.01,60513.8,64542.48,13.83515
1783685700000,2026-07-10 12:15:00,64542.48,65213.88,64377.74,64500.84,15.9429
1783686600000,2026-07-10 12:30:00,64500.83,64525.29,64356.01,64356.01,13.07902
1783687500000,2026-07-10 12:45:00,64356.01,64390.09,64271.52,64295.14,4.77432
1783688400000,2026-07-10 13:00:00,64295.14,64464.6,64244.9,64244.9,5.95807
1783689300000,2026-07-10 13:15:00,64244.91,64274.06,64160.78,64160.78,11.2059
1783690200000,2026-07-10 13:30:00,64160.77,64430.13,62511.94,64377.28,15.5675
1783691100000,2026-07-10 13:45:00,64377.28,67333.07,64377.27,64499.99,18.66372
1783692000000,2026-07-10 14:00:00,64499.99,64516.0,64208.0,64208.01,10.99506
1783692900000,2026-07-10 14:15:00,64208.0,64295.31,63993.99,64152.01,15.99351
1783693800000,2026-07-10 14:30:00,64152.01,65270.41,63873.99,64099.56,17.97902
1783694700000,2026-07-10 14:45:00,64099.56,64120.0,63904.33,63912.7,7.74911
1783695600000,2026-07-10 15:00:00,63912.7,64069.09,63912.7,63990.14,18.82424
1783696500000,2026-07-10 15:15:00,63990.13,64200.01,63990.13,64134.0,17.0933
1783697400000,2026-07-10 15:30:00,64134.0,64163.13,63944.01,63955.84,13.68436
1783698300000,2026-07-10 15:45:00,63955.84,64031.6,63941.99,64007.83,9.65144
1783699200000,2026-07-10 16:00:00,64007.83,64080.01,63957.7,64060.99,8.60899
1783700100000,2026-07-10 16:15:00,64061.0,64153.9,63993.97,64001.56,5.89329
1783701000000,2026-07-10 16:30:00,64000.48,64030.0,63839.45,63937.92,13.3212
1783701900000,2026-07-10 16:45:00,63937.91,64208.15,63933.25,64149.53,20.27783
1783702800000,2026-07-10 17:00:00,64149.54,64149.54,63960.23,63970.0,14.12476
1783703700000,2026-07-10 17:15:00,63970.0,64011.47,63893.02,63984.24,7.30428
1783704600000,2026-07-10 17:30:00,63984.24,63984.24,63858.01,63882.0,5.21575
1783705500000,2026-07-10 17:45:00,63881.99,64308.1,63821.88,63823.99,5.1406
1783706400000,2026-07-10 18:00:00,63824.0,63998.53,63823.99,63890.18,6.5106
1783707300000,2026-07-10 18:15:00,63890.19,63949.36,63848.24,63924.58,6.29031
1783708200000,2026-07-10 18:30:00,63924.57,63937.99,63869.97,63876.8,5.81427
1783709100000,2026-07-10 18:45:00,63876.8,63884.0,63747.69,63806.0,16.37422
1783710000000,2026-07-10 19:00:00,63806.0,63900.0,63784.0,63882.05,4.71958
1783710900000,2026-07-10 19:15:00,63882.05,63918.0,63780.0,63868.01,9.92001
1783711800000,2026-07-10 19:30:00,63868.02,64046.0,63861.08,63986.0,7.87775
1783712700000,2026-07-10 19:45:00,63986.01,64017.35,63899.58,63914.0,10.784
1783713600000,2026-07-10 20:00:00,63914.0,63920.0,63819.73,63819.73,9.92085
1783714500000,2026-07-10 20:15:00,63819.73,64312.43,60718.36,63739.98,22.59091
1783715400000,2026-07-10 20:30:00,63739.98,63892.5,63730.0,63883.85,3.27384
1783716300000,2026-07-10 20:45:00,63883.85,63883.85,63840.89,63841.26,0.94148
1783717200000,2026-07-10 21:00:00,63841.26,63978.01,63835.05,63947.99,3.06725
1783718100000,2026-07-10 21:15:00,63947.99,64013.36,63936.0,64010.15,1.97275
1783719000000,2026-07-10 21:30:00,64010.15,64093.63,63991.66,64039.89,2.46332
1783719900000,2026-07-10 21:45:00,64039.89,64040.0,63992.01,64011.99,3.12844
1783720800000,2026-07-10 22:00:00,64012.0,64054.75,63984.0,64047.89,3.29656
1783721700000,2026-07-10 22:15:00,64047.89,64667.59,64018.0,64132.08,5.03028
1783722600000,2026-07-10 22:30:00,64132.08,64150.42,64123.44,64124.02,0.73303
1783723500000,2026-07-10 22:45:00,64124.01,64133.33,64119.39,64122.33,1.40663
1783724400000,2026-07-10 23:00:00,64122.33,64122.33,64029.69,64048.99,4.73074
1783725300000,2026-07-10 23:15:00,64049.0,64596.33,64028.52,64190.0,12.52406
1783726200000,2026-07-10 23:30:00,64190.0,64203.09,64165.0,64165.01,1.81039
1783727100000,2026-07-10 23:45:00,64165.01,64212.18,64118.91,64156.81,2.99655
1783728000000,2026-07-11 00:00:00,64156.82,64162.73,64059.27,64068.76,4.93703
1783728900000,2026-07-11 00:15:00,64068.77,64130.76,64028.43,64109.54,2.10229
1783729800000,2026-07-11 00:30:00,64109.55,64141.99,64050.0,64141.99,2.84608
1783730700000,2026-07-11 00:45:00,64142.0,64142.0,64090.0,64139.6,4.40387
1783731600000,2026-07-11 01:00:00,64139.61,64162.0,64100.0,64137.99,4.4489
1783732500000,2026-07-11 01:15:00,64138.0,64297.67,64128.76,64236.33,9.58858
1783733400000,2026-07-11 01:30:00,64236.34,64264.6,64008.55,64066.36,6.85141
1783734300000,2026-07-11 01:45:00,64066.35,64101.99,64004.01,64012.96,2.3585
1783735200000,2026-07-11 02:00:00,64012.96,64058.0,63989.33,64000.53,3.1747
1783736100000,2026-07-11 02:15:00,64003.87,64070.15,64003.87,64032.55,2.09695
1783737000000,2026-07-11 02:30:00,64032.55,64145.81,64032.54,64145.57,1.58317
1783737900000,2026-07-11 02:45:00,64145.57,64166.0,64136.22,64158.03,3.91762
1783738800000,2026-07-11 03:00:00,64158.04,64188.0,64122.29,64186.0,3.34225
1783739700000,2026-07-11 03:15:00,64188.0,64194.15,64085.99,64116.43,9.9231
1783740600000,2026-07-11 03:30:00,64116.44,64184.24,64116.43,64158.58,3.12444
1783741500000,2026-07-11 03:45:00,64159.11,64190.0,63880.78,64151.67,3.57457
1783742400000,2026-07-11 04:00:00,64151.68,64151.68,64090.64,64119.35,4.2243
1783743300000,2026-07-11 04:15:00,64119.35,64169.99,64080.26,64140.45,4.58916
1783744200000,2026-07-11 04:30:00,64140.45,64213.55,64136.2,64154.43,1.94417
1783745100000,2026-07-11 04:45:00,64154.43,64170.0,64120.0,64135.45,10.93827
1783746000000,2026-07-11 05:00:00,64135.45,64198.12,64121.07,64164.04,6.29964
1783746900000,2026-07-11 05:15:00,64164.03,64195.48,64140.0,64187.27,2.7591
1783747800000,2026-07-11 05:30:00,64187.28,64221.99,64158.0,64200.0,1.65417
1783748700000,2026-07-11 05:45:00,64200.0,64200.01,64140.4,64176.01,2.84466
1783749600000,2026-07-11 06:00:00,64176.01,64210.0,64124.0,64175.0,3.41112
1783750500000,2026-07-11 06:15:00,64174.99,64286.02,64174.99,64228.71,4.52783
1783751400000,2026-07-11 06:30:00,64229.24,64265.74,64218.25,64218.26,2.49609
1783752300000,2026-07-11 06:45:00,64218.26,64235.46,64200.27,64219.89,10.2722
1783753200000,2026-07-11 07:00:00,64219.9,64227.58,64176.01,64218.01,3.34454
1783754100000,2026-07-11 07:15:00,64218.01,64256.55,64194.0,64215.3,5.24474
1783755000000,2026-07-11 07:30:00,64215.29,64232.0,64177.83,64177.83,6.86814
1783755900000,2026-07-11 07:45:00,64177.83,64177.84,64152.0,64162.19,3.2508
1783756800000,2026-07-11 08:00:00,64162.19,64250.0,64153.87,64230.76,4.87392
1783757700000,2026-07-11 08:15:00,64230.76,64273.19,64229.21,64250.56,2.72954
1783758600000,2026-07-11 08:30:00,64250.57,64300.0,64242.8,64286.87,2.84548
1783759500000,2026-07-11 08:45:00,64286.87,64286.87,64235.62,64263.28,2.67345
1783760400000,2026-07-11 09:00:00,64263.28,64275.81,64217.78,64217.78,5.45991
1783761300000,2026-07-11 09:15:00,64217.79,64270.21,64217.78,64265.18,3.59122
1783762200000,2026-07-11 09:30:00,64265.18,64300.0,64189.18,64189.19,5.95948
1783763100000,2026-07-11 09:45:00,64189.19,64189.19,64159.7,64167.35,7.79027
1783764000000,2026-07-11 10:00:00,64167.35,64206.0,64157.96,64206.0,10.03882
1783764900000,2026-07-11 10:15:00,64204.0,64204.02,64152.65,64158.65,13.27985
1783765800000,2026-07-11 10:30:00,64158.65,64186.0,64129.99,64130.0,17.16863
1783766700000,2026-07-11 10:45:00,64130.0,64188.5,64129.99,64180.93,3.89761
1783767600000,2026-07-11 11:00:00,64180.94,64215.32,64178.0,64209.99,5.14816
1783768500000,2026-07-11 11:15:00,64209.99,64212.0,64167.99,64175.85,6.64894
1783769400000,2026-07-11 11:30:00,64175.84,64213.57,64173.25,64185.14,3.4081
1783770300000,2026-07-11 11:45:00,64185.0,64198.0,64179.96,64198.0,5.83431
1783771200000,2026-07-11 12:00:00,64198.0,64225.99,64160.0,64214.25,16.83584
1783772100000,2026-07-11 12:15:00,64214.25,64228.0,64172.62,64181.72,5.466
1783773000000,2026-07-11 12:30:00,64181.71,64181.71,64133.61,64142.0,5.22782
1783773900000,2026-07-11 12:45:00,64142.0,64198.0,64141.99,64195.49,5.46626
1783774800000,2026-07-11 13:00:00,64195.49,64199.0,64169.99,64186.44,5.54444
1783775700000,2026-07-11 13:15:00,64186.44,64213.78,64169.99,64206.07,6.67639
1783776600000,2026-07-11 13:30:00,64207.96,64258.03,64190.7,64238.55,4.59608
1783777500000,2026-07-11 13:45:00,64239.93,64265.66,64234.0,64235.67,4.22223
1783778400000,2026-07-11 14:00:00,64235.67,64276.21,64235.66,64264.01,2.37965
1783779300000,2026-07-11 14:15:00,64264.01,64450.0,64264.0,64380.91,5.92871
1783780200000,2026-07-11 14:30:00,64380.9,64502.25,64364.9,64419.78,6.36505
1783781100000,2026-07-11 14:45:00,64419.79,64419.79,64350.0,64354.01,4.86013
1783782000000,2026-07-11 15:00:00,64354.01,64474.54,64347.91,64472.46,4.1102
1783782900000,2026-07-11 15:15:00,64471.13,64474.59,64410.14,64429.83,3.1293
1783783800000,2026-07-11 15:30:00,64429.82,64450.0,64089.98,64089.99,16.1933
1783784700000,2026-07-11 15:45:00,64089.99,64238.42,64011.79,64164.49,5.98292
1783785600000,2026-07-11 16:00:00,64175.75,64205.94,64087.06,64184.43,7.17639
1783786500000,2026-07-11 16:15:00,64186.68,64230.96,64150.65,64220.01,6.0994
1783787400000,2026-07-11 16:30:00,64220.01,64309.22,64119.99,64145.99,14.84867
1783788300000,2026-07-11 16:45:00,64146.0,64183.45,64106.0,64180.01,8.4004
1783789200000,2026-07-11 17:00:00,64180.01,64224.0,64164.08,64217.79,9.01957
1783790100000,2026-07-11 17:15:00,64217.78,64300.0,64192.01,64300.0,9.88949
1783791000000,2026-07-11 17:30:00,64299.99,64392.01,64299.99,64366.0,24.66116
1783791900000,2026-07-11 17:45:00,64365.99,64382.38,64315.53,64321.5,14.70578
1783792800000,2026-07-11 18:00:00,64321.5,64340.0,64290.39,64304.99,4.29963
1783793700000,2026-07-11 18:15:00,64305.0,64386.33,64304.99,64340.47,3.98227
1783794600000,2026-07-11 18:30:00,64341.3,64360.01,64330.0,64353.29,5.7251
1783795500000,2026-07-11 18:45:00,64353.3,64353.3,64294.0,64328.0,23.66628
1783796400000,2026-07-11 19:00:00,64328.0,64328.0,64298.97,64323.18,20.37313
1783797300000,2026-07-11 19:15:00,64323.19,64338.0,64233.69,64233.7,25.99277
1783798200000,2026-07-11 19:30:00,64233.69,64285.9,64233.23,64270.63,23.05548
1783799100000,2026-07-11 19:45:00,64270.64,64290.0,64260.95,64286.0,20.55279
1783800000000,2026-07-11 20:00:00,64286.0,64350.0,64285.99,64324.7,3.4623
1783800900000,2026-07-11 20:15:00,64324.7,64357.67,64324.7,64349.99,2.0168
1783801800000,2026-07-11 20:30:00,64355.35,64684.25,64346.0,64406.89,8.14363
1783802700000,2026-07-11 20:45:00,64415.05,64520.49,64382.44,64382.44,4.51073
1783803600000,2026-07-11 21:00:00,64382.45,64427.56,64354.58,64354.58,4.20507
1783804500000,2026-07-11 21:15:00,64354.45,64396.0,64353.13,64367.21,3.98247
1783805400000,2026-07-11 21:30:00,64367.21,64372.95,64342.0,64350.0,1.76223
1783806300000,2026-07-11 21:45:00,64350.01,64818.15,64338.09,64356.0,4.16959
1783807200000,2026-07-11 22:00:00,64356.0,64424.0,64330.0,64376.0,6.65891
1783808100000,2026-07-11 22:15:00,64374.68,64443.94,64251.63,64255.75,21.77626
1783809000000,2026-07-11 22:30:00,64255.75,64302.0,64189.99,64218.22,6.57978
1783809900000,2026-07-11 22:45:00,64218.21,64222.0,64150.0,64203.09,5.2502
1783810800000,2026-07-11 23:00:00,64203.09,64246.0,64085.38,64140.53,6.60843
1783811700000,2026-07-11 23:15:00,64139.1,64170.68,63852.41,63916.54,18.76934
1783812600000,2026-07-11 23:30:00,63932.8,64004.07,63820.0,63954.0,13.57143
1783813500000,2026-07-11 23:45:00,63954.53,64018.85,63820.0,63820.0,5.14901
1783814400000,2026-07-12 00:00:00,63820.01,63906.71,63788.0,63836.0,13.28403
1783815300000,2026-07-12 00:15:00,63836.01,63970.38,63770.01,63829.87,11.59854
1783816200000,2026-07-12 00:30:00,63829.86,63891.98,63713.16,63804.95,7.36571
1783817100000,2026-07-12 00:45:00,63804.96,63944.24,63775.59,63822.08,15.55528
1783818000000,2026-07-12 01:00:00,63822.09,63968.01,63815.2,63938.75,8.30134
1783818900000,2026-07-12 01:15:00,63938.76,64000.0,63911.84,63947.95,9.44543
1783819800000,2026-07-12 01:30:00,63947.95,64172.66,63937.93,64156.0,9.98799
1783820700000,2026-07-12 01:45:00,64156.01,64165.03,64096.0,64133.61,5.24979
1783821600000,2026-07-12 02:00:00,64133.61,64133.62,64029.52,64053.2,5.21981
1783822500000,2026-07-12 02:15:00,64053.2,64131.96,64042.56,64106.35,8.39129
1783823400000,2026-07-12 02:30:00,64110.77,64113.61,64071.7,64074.92,4.84067
1783824300000,2026-07-12 02:45:00,64075.45,64121.87,64065.67,64067.21,3.97599
1783825200000,2026-07-12 03:00:00,64067.21,64124.0,64035.68,64123.98,3.90614
1783826100000,2026-07-12 03:15:00,64123.99,64146.1,64089.21,64135.76,2.12286
1783827000000,2026-07-12 03:30:00,64135.77,64216.0,64135.77,64174.28,6.44234
1783827900000,2026-07-12 03:45:00,64174.29,64223.74,64155.25,64223.73,1.88046
1783828800000,2026-07-12 04:00:00,64223.74,64245.87,64170.49,64175.92,10.3976
1783829700000,2026-07-12 04:15:00,64175.91,64215.63,64071.0,64079.99,6.38659
1783830600000,2026-07-12 04:30:00,64079.99,64079.99,63943.68,64025.18,13.9345
1783831500000,2026-07-12 04:45:00,64025.18,64025.18,63963.26,63999.94,2.4368
1783832400000,2026-07-12 05:00:00,63999.94,64024.48,63986.22,63991.23,7.52631
1783833300000,2026-07-12 05:15:00,63991.23,63991.23,63911.28,63912.34,8.51199
1783834200000,2026-07-12 05:30:00,63912.33,63981.21,63900.01,63965.98,7.23671
1783835100000,2026-07-12 05:45:00,63965.99,63998.76,63959.93,63959.93,10.15148
1783836000000,2026-07-12 06:00:00,63959.94,63962.85,63736.87,63757.79,12.27481
1783836900000,2026-07-12 06:15:00,63757.78,63801.77,63648.12,63673.58,11.12231
1783837800000,2026-07-12 06:30:00,63673.57,63792.09,63648.14,63773.84,6.91489
1783838700000,2026-07-12 06:45:00,63773.84,63818.1,63726.71,63762.46,6.51736
1783839600000,2026-07-12 07:00:00,63762.47,63806.02,63740.13,63806.01,5.56436
1783840500000,2026-07-12 07:15:00,63806.02,63882.27,63806.01,63856.53,6.18019
1783841400000,2026-07-12 07:30:00,63861.74,63891.62,63850.55,63860.6,2.10246
1783842300000,2026-07-12 07:45:00,63860.61,63902.78,63846.84,63878.26,6.33705
1783843200000,2026-07-12 08:00:00,63882.18,64072.96,63882.17,64057.49,8.43781
1783844100000,2026-07-12 08:15:00,64052.01,64090.09,64000.0,64000.01,3.5366
1783845000000,2026-07-12 08:30:00,64000.0,64015.39,64000.0,64015.39,4.89184
1783845900000,2026-07-12 08:45:00,64015.39,64015.39,63944.01,63977.03,7.45274
1783846800000,2026-07-12 09:00:00,63977.04,63991.57,63893.65,63899.77,6.60052
1783847700000,2026-07-12 09:15:00,63899.76,63985.02,63768.0,63831.16,6.46612
1783848600000,2026-07-12 09:30:00,63831.16,64044.28,63831.16,64009.96,22.24991
1783849500000,2026-07-12 09:45:00,64009.96,64014.56,63960.16,63960.17,22.80675
1783850400000,2026-07-12 10:00:00,63960.17,63960.17,63896.99,63925.0,24.53016
1783851300000,2026-07-12 10:15:00,63925.0,63939.39,63885.0,63885.01,22.3554
1783852200000,2026-07-12 10:30:00,63885.0,63914.0,63848.98,63867.53,21.72091
1783853100000,2026-07-12 10:45:00,63867.53,63893.87,63843.4,63873.34,23.66081
1783854000000,2026-07-12 11:00:00,63873.34,63915.0,63826.47,63848.01,25.70708
1783854900000,2026-07-12 11:15:00,63848.0,63906.0,63848.0,63906.0,30.5695
1783855800000,2026-07-12 11:30:00,63906.0,64030.0,63905.99,63996.5,22.36237
1783856700000,2026-07-12 11:45:00,63996.5,64028.31,63996.49,64018.01,21.16399
1783857600000,2026-07-12 12:00:00,64018.01,64133.74,63971.47,64096.4,44.93215
1783858500000,2026-07-12 12:15:00,64096.4,64122.0,64024.46,64054.14,26.3084
1783859400000,2026-07-12 12:30:00,64054.14,64057.81,64000.0,64025.23,25.68192
1783860300000,2026-07-12 12:45:00,64025.22,64050.0,63986.14,64026.01,25.83778
1783861200000,2026-07-12 13:00:00,64026.01,64050.0,64004.0,64033.55,27.37246
1783862100000,2026-07-12 13:15:00,64033.55,64083.64,64009.7,64043.5,30.06641
1783863000000,2026-07-12 13:30:00,64043.49,64082.0,64034.0,64040.01,27.54936
1783863900000,2026-07-12 13:45:00,64040.01,64042.84,63987.4,64023.14,24.23849
1783864800000,2026-07-12 14:00:00,64023.14,64035.0,63967.02,63975.0,25.70967
1783865700000,2026-07-12 14:15:00,63975.0,64028.47,63959.45,63997.93,23.99646
1783866600000,2026-07-12 14:30:00,63997.93,64075.6,63997.92,64071.91,11.42209
1783867500000,2026-07-12 14:45:00,64071.91,64226.0,64070.0,64208.93,9.21786
1783868400000,2026-07-12 15:00:00,64203.09,64260.0,64149.97,64193.58,13.72289
1783869300000,2026-07-12 15:15:00,64193.58,64241.51,64136.0,64226.58,9.01046
1783870200000,2026-07-12 15:30:00,64226.59,64248.0,64123.06,64152.91,14.45462
1783871100000,2026-07-12 15:45:00,64152.9,64213.77,64137.6,64176.0,24.68264
1783872000000,2026-07-12 16:00:00,64176.0,64204.25,64042.0,64054.67,29.16993
1783872900000,2026-07-12 16:15:00,64054.67,64209.79,64054.66,64175.18,26.25266
1783873800000,2026-07-12 16:30:00,64175.17,64180.0,64108.0,64119.52,24.0373
1783874700000,2026-07-12 16:45:00,64119.52,64177.71,64110.51,64177.71,14.35848
1783875600000,2026-07-12 17:00:00,64177.71,64177.71,64136.43,64140.81,21.05782
1783876500000,2026-07-12 17:15:00,64140.8,64164.7,64132.0,64134.0,20.15273
1783877400000,2026-07-12 17:30:00,64134.0,64177.25,64115.63,64162.13,3.61499
1783878300000,2026-07-12 17:45:00,64162.12,64164.35,64032.22,64077.99,10.41675
1783879200000,2026-07-12 18:00:00,64078.0,64201.21,64030.0,64038.88,12.01446
1783880100000,2026-07-12 18:15:00,64038.89,64084.69,64021.91,64080.0,24.15408
1783881000000,2026-07-12 18:30:00,64080.0,64133.09,64066.0,64130.0,22.01543
1783881900000,2026-07-12 18:45:00,64130.0,64150.0,64121.11,64147.99,20.62326
1783882800000,2026-07-12 19:00:00,64148.0,64231.93,64147.99,64184.0,23.27524
1783883700000,2026-07-12 19:15:00,64184.01,64213.18,64178.03,64206.29,16.59112
1783884600000,2026-07-12 19:30:00,64206.3,64206.3,64147.3,64158.75,5.43431
1783885500000,2026-07-12 19:45:00,64158.75,64256.0,64158.75,64228.59,4.4097
1783886400000,2026-07-12 20:00:00,64228.6,64252.0,64182.25,64191.73,7.95786
1783887300000,2026-07-12 20:15:00,64191.74,64209.13,64178.03,64203.27,5.1256
1783888200000,2026-07-12 20:30:00,64203.27,64219.53,64178.03,64213.91,3.74961
1783889100000,2026-07-12 20:45:00,64213.92,64230.0,64192.0,64198.89,4.29516
1783890000000,2026-07-12 21:00:00,64198.9,64232.0,64198.82,64208.06,6.88471
1783890900000,2026-07-12 21:15:00,64208.06,64208.06,64086.0,64105.99,9.05793
1783891800000,2026-07-12 21:30:00,64105.99,64106.0,64073.59,64073.59,5.41661
1783892700000,2026-07-12 21:45:00,64073.6,64159.48,63896.17,63920.4,30.45158
1783893600000,2026-07-12 22:00:00,63920.4,63920.4,63695.99,63798.0,18.9393
1783894500000,2026-07-12 22:15:00,63798.0,63854.34,63670.0,63824.0,14.02883
1783895400000,2026-07-12 22:30:00,63823.99,63863.82,63766.61,63792.43,13.16702
1783896300000,2026-07-12 22:45:00,63792.43,63918.36,63704.39,63891.67,13.30795
1783897200000,2026-07-12 23:00:00,63886.87,63911.42,63741.73,63826.0,14.4373
1783898100000,2026-07-12 23:15:00,63825.99,63849.42,63787.24,63826.99,6.54961
1783899000000,2026-07-12 23:30:00,63826.98,63861.19,63752.0,63811.64,11.30071
1783899900000,2026-07-12 23:45:00,63811.63,63824.31,63726.62,63779.99,7.65347
1783900800000,2026-07-13 00:00:00,63780.0,65405.63,63725.37,64288.0,23.12978
1783901700000,2026-07-13 00:15:00,64288.0,64387.85,64174.39,64181.65,11.84726
1783902600000,2026-07-13 00:30:00,64181.65,64190.0,63407.21,63786.0,28.47723
1783903500000,2026-07-13 00:45:00,63786.0,64189.74,63785.99,64072.01,17.67861
1783904400000,2026-07-13 01:00:00,64072.01,64072.01,63674.0,63856.01,12.4999
1783905300000,2026-07-13 01:15:00,63856.01,64123.52,63688.0,63714.53,10.29417
1783906200000,2026-07-13 01:30:00,63720.0,63852.86,63542.41,63678.01,15.68569
1783907100000,2026-07-13 01:45:00,63678.0,63749.96,63408.17,63412.0,20.9703
1783908000000,2026-07-13 02:00:00,63412.01,63613.6,63250.01,63414.69,18.10944
1783908900000,2026-07-13 02:15:00,63414.69,63619.69,63376.73,63468.25,14.30889
1783909800000,2026-07-13 02:30:00,63468.25,63496.05,63406.35,63470.74,5.95968
1783910700000,2026-07-13 02:45:00,63470.73,63470.74,63344.0,63376.0,14.12016
1783911600000,2026-07-13 03:00:00,63376.0,63379.2,62897.91,63013.23,16.80484
1783912500000,2026-07-13 03:15:00,63013.23,63241.53,62837.74,63072.0,10.51604
1783913400000,2026-07-13 03:30:00,63072.01,63229.99,62742.33,62810.0,11.41926
1783914300000,2026-07-13 03:45:00,62810.01,62868.0,61846.61,62806.41,6.68553
1783915200000,2026-07-13 04:00:00,62806.41,63014.85,62700.0,62810.7,15.52569
1783916100000,2026-07-13 04:15:00,62810.7,62906.08,62810.69,62874.97,3.81311
1783917000000,2026-07-13 04:30:00,62874.97,62874.97,62652.0,62718.0,6.41104
1783917900000,2026-07-13 04:45:00,62717.99,62775.95,62662.0,62662.53,5.10939
1783918800000,2026-07-13 05:00:00,62672.0,62902.01,62559.74,62806.44,15.86482
1783919700000,2026-07-13 05:15:00,62806.44,62834.0,62619.16,62635.99,9.05402
1783920600000,2026-07-13 05:30:00,62636.0,62811.4,62585.18,62804.1,5.95097
1783921500000,2026-07-13 05:45:00,62804.1,62820.0,62765.27,62799.0,7.85956
1783922400000,2026-07-13 06:00:00,62799.01,62864.16,62734.06,62734.07,8.42971
1783923300000,2026-07-13 06:15:00,62734.07,62844.13,62717.99,62843.91,6.98165
1783924200000,2026-07-13 06:30:00,62843.92,62870.0,62775.59,62840.79,6.29193
1783925100000,2026-07-13 06:45:00,62840.79,62859.57,62790.83,62791.36,5.11797
1783926000000,2026-07-13 07:00:00,62797.55,62870.41,62756.03,62870.4,6.50476
1783926900000,2026-07-13 07:15:00,62870.41,63001.13,62790.54,62964.68,7.39121
1783927800000,2026-07-13 07:30:00,62964.53,63064.07,62921.13,62979.82,8.71814
1783928700000,2026-07-13 07:45:00,62979.81,63070.01,62971.25,62985.83,6.74947
1783929600000,2026-07-13 08:00:00,62985.53,63060.01,62951.36,63038.64,6.90686
1783930500000,2026-07-13 08:15:00,63038.64,63100.01,62984.0,63100.0,5.81095
1783931400000,2026-07-13 08:30:00,63100.0,63127.87,63004.06,63127.87,4.29004
1783932300000,2026-07-13 08:45:00,63127.86,63290.02,63122.21,63202.42,6.96952
1783933200000,2026-07-13 09:00:00,63206.98,63206.98,63138.75,63149.3,4.25731
1783934100000,2026-07-13 09:15:00,63149.3,63155.27,63098.6,63131.0,3.72927
1783935000000,2026-07-13 09:30:00,63131.01,63131.01,63090.67,63109.32,2.59234
1783935900000,2026-07-13 09:45:00,63109.33,63121.77,63087.24,63100.02,2.97268
1783936800000,2026-07-13 10:00:00,63100.02,63105.47,63081.32,63085.82,1.88208
1783937700000,2026-07-13 10:15:00,63085.82,63144.06,63074.89,63100.0,5.06194
1783938600000,2026-07-13 10:30:00,63100.01,63121.38,62927.95,62927.95,9.51242
1783939500000,2026-07-13 10:45:00,62927.95,62972.2,62862.28,62862.81,6.29716
1783940400000,2026-07-13 11:00:00,62867.9,63135.55,62867.89,63083.51,9.22961
1783941300000,2026-07-13 11:15:00,63083.52,63100.68,62999.73,63033.77,3.08099
1783942200000,2026-07-13 11:30:00,63028.32,63028.32,62956.52,62962.08,9.01914
1783943100000,2026-07-13 11:45:00,62962.07,62964.0,62896.84,62902.0,3.12911
1783944000000,2026-07-13 12:00:00,62902.0,62960.75,55477.64,62842.37,12.42062
1783944900000,2026-07-13 12:15:00,62842.37,62885.99,62727.99,62735.99,16.56362
1783945800000,2026-07-13 12:30:00,62736.52,62783.93,62576.47,62614.01,3.05545
1783946700000,2026-07-13 12:45:00,62614.0,62662.0,62586.0,62623.53,2.03344
1783947600000,2026-07-13 13:00:00,62625.15,62652.78,62520.0,62520.01,4.11749
1783948500000,2026-07-13 13:15:00,62520.01,62576.26,62389.99,62531.02,10.1423
1783949400000,2026-07-13 13:30:00,62531.02,62752.01,62268.74,62325.67,19.9223
1783950300000,2026-07-13 13:45:00,62325.67,62374.31,62166.66,62322.74,20.2917
1783951200000,2026-07-13 14:00:00,62318.01,62417.49,62259.76,62416.0,11.15158
1783952100000,2026-07-13 14:15:00,62416.0,62627.99,62205.99,62550.52,27.53919
1783953000000,2026-07-13 14:30:00,62556.0,62669.55,62471.99,62604.01,16.89464
1783953900000,2026-07-13 14:45:00,62604.0,62792.0,62584.0,62791.86,32.17519
1783954800000,2026-07-13 15:00:00,62791.86,62854.32,62689.99,62806.68,14.94041
1783955700000,2026-07-13 15:15:00,62806.69,62976.01,62787.2,62824.61,8.06356
1783956600000,2026-07-13 15:30:00,62814.0,62840.0,62571.42,62634.0,28.54888
1783957500000,2026-07-13 15:45:00,62634.0,62668.33,62573.24,62614.67,30.27373
1783958400000,2026-07-13 16:00:00,62618.01,62618.01,62525.28,62530.0,6.40299
1783959300000,2026-07-13 16:15:00,62530.0,62534.1,62275.77,62340.53,15.51405
1783960200000,2026-07-13 16:30:00,62341.05,62384.0,62212.0,62368.88,7.13069
1783961100000,2026-07-13 16:45:00,62368.88,62418.84,62251.43,62269.99,11.50064
1783962000000,2026-07-13 17:00:00,62276.01,62366.01,62252.7,62304.86,11.25457
1783962900000,2026-07-13 17:15:00,62304.86,62310.0,62176.46,62176.99,10.93869
1783963800000,2026-07-13 17:30:00,62181.99,62215.31,62022.01,62102.01,23.13101
1783964700000,2026-07-13 17:45:00,62102.0,62172.85,61900.0,61900.01,24.41672
1783965600000,2026-07-13 18:00:00,61900.01,62055.55,61893.99,61927.99,24.93928
1783966500000,2026-07-13 18:15:00,61927.99,62022.39,61824.97,61934.52,36.02676
1783967400000,2026-07-13 18:30:00,61948.0,62000.0,61904.02,61998.0,28.25233
1783968300000,2026-07-13 18:45:00,61998.0,62100.0,61980.0,62024.68,28.98864
1783969200000,2026-07-13 19:00:00,62020.01,62087.17,61990.0,62073.03,24.8309
1783970100000,2026-07-13 19:15:00,62073.03,62110.0,62000.98,62013.99,27.73037
1783971000000,2026-07-13 19:30:00,62013.99,62173.91,62013.99,62173.91,38.23191
1783971900000,2026-07-13 19:45:00,62173.91,62291.38,62134.0,62291.38,5.2146
1783972800000,2026-07-13 20:00:00,62291.38,62308.01,62206.0,62221.99,13.86773
1783973700000,2026-07-13 20:15:00,62221.98,62476.9,62084.0,62218.01,23.87551
1783974600000,2026-07-13 20:30:00,62218.0,62264.0,62188.7,62188.7,5.33365
1783975500000,2026-07-13 20:45:00,62188.7,62226.83,62069.99,62211.0,6.9167
1783976400000,2026-07-13 21:00:00,62211.0,62216.35,62050.0,62092.0,33.70945
1783977300000,2026-07-13 21:15:00,62092.52,62313.01,61938.13,62025.99,9.69642
1783978200000,2026-07-13 21:30:00,62025.99,62126.35,61916.29,61948.48,8.59665
1783979100000,2026-07-13 21:45:00,61948.47,62116.23,61923.87,62064.0,8.68248
1783980000000,2026-07-13 22:00:00,62064.01,62228.75,62064.01,62177.6,8.16028
1783980900000,2026-07-13 22:15:00,62177.59,62224.0,62142.38,62152.09,4.95464
1783981800000,2026-07-13 22:30:00,62152.09,62180.01,62026.0,62061.54,3.70209
1783982700000,2026-07-13 22:45:00,62061.54,62064.13,61911.31,61920.87,7.82168
1783983600000,2026-07-13 23:00:00,61920.87,62263.95,61886.87,62064.0,7.75505
1783984500000,2026-07-13 23:15:00,62064.0,62240.0,62058.0,62161.66,7.79082
1783985400000,2026-07-13 23:30:00,62161.66,62203.54,62101.61,62101.61,10.86471
1783986300000,2026-07-13 23:45:00,62101.62,62407.3,62101.61,62334.51,7.59704
1783987200000,2026-07-14 00:00:00,62334.52,62469.15,62272.2,62436.62,22.89998
1783988100000,2026-07-14 00:15:00,62436.61,62436.62,62319.12,62378.99,13.37889
1783989000000,2026-07-14 00:30:00,62378.99,62428.0,62296.0,62309.34,9.39808
1783989900000,2026-07-14 00:45:00,62309.34,62658.42,62309.34,62552.34,13.9024
1783990800000,2026-07-14 01:00:00,62552.34,62560.01,62460.6,62486.53,17.03444
1783991700000,2026-07-14 01:15:00,62486.53,62637.16,62486.53,62525.74,24.74404
1783992600000,2026-07-14 01:30:00,62525.74,62565.24,62468.78,62494.12,8.50106
1783993500000,2026-07-14 01:45:00,62494.12,62555.48,62477.0,62540.42,5.45035
1783994400000,2026-07-14 02:00:00,62540.42,62616.0,62491.24,62504.0,7.10232
1783995300000,2026-07-14 02:15:00,62504.0,62522.0,62330.04,62381.09,9.04068
1783996200000,2026-07-14 02:30:00,62381.09,62595.6,62381.08,62595.6,6.91643
1783997100000,2026-07-14 02:45:00,62595.6,62665.32,62530.34,62544.0,3.84091
1783998000000,2026-07-14 03:00:00,62544.01,62604.0,62374.93,62386.32,6.38148
1783998900000,2026-07-14 03:15:00,62387.99,62460.04,62314.52,62460.04,8.55041
1783999800000,2026-07-14 03:30:00,62460.56,62548.71,62438.47,62484.44,6.61066
1784000700000,2026-07-14 03:45:00,62484.44,62572.89,62469.12,62572.88,1.95617
1784001600000,2026-07-14 04:00:00,62572.89,62657.75,62539.71,62570.72,4.97626
1784002500000,2026-07-14 04:15:00,62570.72,62656.0,62548.46,62645.03,2.5846
1784003400000,2026-07-14 04:30:00,62645.03,62768.95,62645.03,62710.0,3.75803
1784004300000,2026-07-14 04:45:00,62710.01,62762.63,62697.36,62745.23,4.5505
1784005200000,2026-07-14 05:00:00,62745.24,62852.17,62706.0,62830.45,6.9475
1784006100000,2026-07-14 05:15:00,62830.45,62872.0,62760.75,62842.01,7.44637
1784007000000,2026-07-14 05:30:00,62842.0,62866.0,62716.8,62753.97,5.11379
1784007900000,2026-07-14 05:45:00,62753.96,62753.97,62699.99,62702.25,11.15185
1784008800000,2026-07-14 06:00:00,62702.25,62730.0,62647.99,62647.99,5.92276
1784009700000,2026-07-14 06:15:00,62647.99,62708.11,62647.99,62688.82,7.38975
1784010600000,2026-07-14 06:30:00,62688.81,62772.48,62633.0,62690.0,10.70009
1784011500000,2026-07-14 06:45:00,62690.0,62692.0,62571.61,62628.07,6.9167
1784012400000,2026-07-14 07:00:00,62628.07,62652.0,62560.0,62587.47,12.64258
1784013300000,2026-07-14 07:15:00,62587.48,62652.0,62572.0,62636.72,7.50513
1784014200000,2026-07-14 07:30:00,62636.71,62648.67,62564.18,62570.09,9.24863
1784015100000,2026-07-14 07:45:00,62576.0,62590.02,62516.93,62560.92,7.79856
1784016000000,2026-07-14 08:00:00,62560.93,62583.6,62519.86,62542.0,11.12589
1784016900000,2026-07-14 08:15:00,62541.99,62672.2,62541.99,62670.5,8.33037
1784017800000,2026-07-14 08:30:00,62669.17,62797.33,62632.82,62780.97,15.45784
1784018700000,2026-07-14 08:45:00,62780.96,62790.1,62686.32,62704.0,1.7094
1784019600000,2026-07-14 09:00:00,62704.0,62742.0,62668.32,62699.28,6.21536
1784020500000,2026-07-14 09:15:00,62699.28,62730.69,62652.64,62680.77,3.27424
1784021400000,2026-07-14 09:30:00,62679.44,62679.44,62541.99,62570.0,7.77333
1784022300000,2026-07-14 09:45:00,62570.0,62649.15,62534.29,62629.55,3.72441
1784023200000,2026-07-14 10:00:00,62629.56,62732.01,62625.06,62716.23,2.34073
1784024100000,2026-07-14 10:15:00,62718.0,62734.33,62668.32,62668.33,1.95542
1784025000000,2026-07-14 10:30:00,62668.32,62855.14,62609.47,62800.88,4.37683
1784025900000,2026-07-14 10:45:00,62800.88,62901.25,62793.72,62811.99,4.95667
1784026800000,2026-07-14 11:00:00,62812.0,62812.0,62715.05,62792.1,7.24542
1784027700000,2026-07-14 11:15:00,62792.1,62876.63,62762.45,62865.75,7.14481
1784028600000,2026-07-14 11:30:00,62865.75,62913.59,62823.29,62862.0,6.86674
1784029500000,2026-07-14 11:45:00,62862.01,62883.79,62840.0,62844.99,4.70089
1784030400000,2026-07-14 12:00:00,62844.99,62866.0,62780.86,62852.75,9.84936
1784031300000,2026-07-14 12:15:00,62852.76,63082.78,62818.26,62949.99,14.05957
1784032200000,2026-07-14 12:30:00,62949.98,63664.91,62949.98,63541.99,36.44597
1784033100000,2026-07-14 12:45:00,63542.0,63948.03,63541.99,63937.3,21.36035
1784034000000,2026-07-14 13:00:00,63937.3,63961.95,63760.09,63792.75,14.01027
1784034900000,2026-07-14 13:15:00,63792.75,64148.37,63792.75,63952.01,18.02073
1784035800000,2026-07-14 13:30:00,63952.01,64216.83,63722.14,63755.99,26.22434
1784036700000,2026-07-14 13:45:00,63756.0,63901.4,63700.22,63840.01,20.87936
1784037600000,2026-07-14 14:00:00,63840.01,63876.0,63609.05,63871.99,37.57836
1784038500000,2026-07-14 14:15:00,63871.98,63955.66,63778.0,63894.0,19.36295
1784039400000,2026-07-14 14:30:00,63893.97,64083.14,63863.99,64009.91,22.24461
1784040300000,2026-07-14 14:45:00,64009.91,64302.13,63948.39,64302.13,36.82215
1784041200000,2026-07-14 15:00:00,64302.13,64402.08,63976.24,64207.11,28.18636
1784042100000,2026-07-14 15:15:00,64207.11,64527.2,63976.24,64516.23,48.04137
1784043000000,2026-07-14 15:30:00,64516.23,64943.99,64502.4,64781.77,64.69706
1784043900000,2026-07-14 15:45:00,64781.77,64844.01,64589.99,64744.17,48.49436
1784044800000,2026-07-14 16:00:00,64744.18,65387.25,64651.97,64746.01,51.45
1784045700000,2026-07-14 16:15:00,64746.01,64884.03,64676.0,64851.92,29.01529
1784046600000,2026-07-14 16:30:00,64851.93,64889.0,64783.23,64783.24,9.94811
1784047500000,2026-07-14 16:45:00,64783.23,64850.07,64718.02,64735.74,29.10801
1784048400000,2026-07-14 17:00:00,64735.75,64735.75,64424.78,64601.24,20.97748
1784049300000,2026-07-14 17:15:00,64601.24,64739.88,64395.88,64538.48,24.53003
1784050200000,2026-07-14 17:30:00,64538.48,64538.48,64434.0,64505.0,11.33829
1784051100000,2026-07-14 17:45:00,64505.0,64742.32,64495.99,64621.43,22.72518
1784052000000,2026-07-14 18:00:00,64621.44,64626.0,64489.66,64489.66,12.16277
1784052900000,2026-07-14 18:15:00,64489.66,64547.57,64483.84,64524.0,5.27852
1784053800000,2026-07-14 18:30:00,64524.01,64635.99,64481.99,64575.99,6.67187
1784054700000,2026-07-14 18:45:00,64575.99,64648.88,64547.99,64571.98,6.35093
1784055600000,2026-07-14 19:00:00,64571.99,64640.0,64559.22,64622.0,23.85394
1784056500000,2026-07-14 19:15:00,64622.01,64723.54,64570.0,64570.01,26.28062
1784057400000,2026-07-14 19:30:00,64570.01,64570.01,64487.38,64535.91,26.88302
1784058300000,2026-07-14 19:45:00,64535.91,64685.98,64535.9,64568.29,25.57441
1784059200000,2026-07-14 20:00:00,64568.3,64586.0,64460.02,64460.02,19.68823
1784060100000,2026-07-14 20:15:00,64460.01,64508.0,64445.44,64447.18,20.61403
1784061000000,2026-07-14 20:30:00,64448.01,64450.0,64446.81,64450.0,24.82196
1784061900000,2026-07-14 20:45:00,64449.99,64522.0,64449.99,64480.0,40.56673
1784062800000,2026-07-14 21:00:00,64480.0,64615.02,64405.69,64610.0,27.86545
1784063700000,2026-07-14 21:15:00,64610.01,64678.04,64610.01,64662.01,7.41978
1784064600000,2026-07-14 21:30:00,64662.0,64874.0,64662.0,64735.99,12.63383
1784065500000,2026-07-14 21:45:00,64735.99,64746.01,62320.37,64674.73,7.7933
1784066400000,2026-07-14 22:00:00,64674.73,64675.81,64524.35,64536.0,5.59818
1784067300000,2026-07-14 22:15:00,64536.0,65061.55,64535.99,64936.0,15.6872
1784068200000,2026-07-14 22:30:00,64936.0,65028.0,64916.01,64919.89,5.95795
1784069100000,2026-07-14 22:45:00,64917.21,64972.69,64834.77,64868.69,6.41327
1784070000000,2026-07-14 23:00:00,64868.69,65040.0,64791.34,65020.0,11.77101
1784070900000,2026-07-14 23:15:00,65020.0,65020.01,64890.0,64913.99,2.84871
1784071800000,2026-07-14 23:30:00,64913.99,65008.66,64905.09,65003.99,5.19126
1784072700000,2026-07-14 23:45:00,65003.99,65027.54,64988.75,65021.29,2.83653
1784073600000,2026-07-15 00:00:00,65021.29,65062.24,64916.72,64922.01,12.43386
1784074500000,2026-07-15 00:15:00,64922.01,64935.99,64838.22,64895.99,3.85253
1784075400000,2026-07-15 00:30:00,64895.99,64896.0,64771.03,64780.29,5.74348
1784076300000,2026-07-15 00:45:00,64780.28,64845.87,64780.28,64824.57,5.18572
1784077200000,2026-07-15 01:00:00,64824.58,64834.0,64722.0,64746.0,10.14333
1784078100000,2026-07-15 01:15:00,64746.01,64853.08,64706.0,64830.61,6.17512
1784079000000,2026-07-15 01:30:00,64830.6,64842.36,64665.99,64719.39,6.42739
1784079900000,2026-07-15 01:45:00,64719.39,64719.4,64646.58,64674.35,3.60775
1784080800000,2026-07-15 02:00:00,64674.35,64752.01,64646.31,64709.99,4.30411
1784081700000,2026-07-15 02:15:00,64710.0,64710.0,64517.57,64517.57,3.90784
1784082600000,2026-07-15 02:30:00,64517.58,64562.0,64488.0,64561.99,5.02289
1784083500000,2026-07-15 02:45:00,64562.0,64563.59,64490.86,64490.86,3.71333
1784084400000,2026-07-15 03:00:00,64490.87,64834.77,64490.86,64620.31,6.41997
1784085300000,2026-07-15 03:15:00,64620.31,64630.4,64580.0,64615.18,2.12571
1784086200000,2026-07-15 03:30:00,64615.19,64767.99,64612.0,64701.07,5.85562
1784087100000,2026-07-15 03:45:00,64701.08,64840.0,64674.05,64801.53,4.13245
1784088000000,2026-07-15 04:00:00,64801.54,64874.79,64764.6,64826.0,8.60323
1784088900000,2026-07-15 04:15:00,64826.0,64848.0,64766.25,64766.25,2.08068
1784089800000,2026-07-15 04:30:00,64766.26,64834.77,64714.0,64805.56,10.81739
1784090700000,2026-07-15 04:45:00,64805.56,64867.85,64730.92,64746.0,2.38663
1784091600000,2026-07-15 05:00:00,64746.0,64811.99,64606.0,64622.0,5.85518
1784092500000,2026-07-15 05:15:00,64621.99,64696.0,64621.99,64683.81,2.39662
1784093400000,2026-07-15 05:30:00,64683.81,64748.64,64660.04,64704.58,2.56656
1784094300000,2026-07-15 05:45:00,64704.57,64960.33,64695.88,64950.0,5.69279
1784095200000,2026-07-15 06:00:00,64950.0,65053.99,64880.59,65053.99,5.78948
1784096100000,2026-07-15 06:15:00,65053.98,65053.98,64942.62,64975.0,5.84756
1784097000000,2026-07-15 06:30:00,64974.99,65257.56,64974.99,65034.2,12.52414
1784097900000,2026-07-15 06:45:00,65037.99,65066.0,64814.0,64814.0,13.11133
1784098800000,2026-07-15 07:00:00,64814.0,64875.07,64747.75,64868.01,12.16971
1784099700000,2026-07-15 07:15:00,64868.01,64875.41,64487.51,64529.73,9.46972
1784100600000,2026-07-15 07:30:00,64529.73,64626.0,64514.89,64610.01,7.37182
1784101500000,2026-07-15 07:45:00,64610.01,64617.29,64549.33,64549.34,5.43625
1784102400000,2026-07-15 08:00:00,64549.34,64680.47,64549.33,64587.99,46.8548
1784103300000,2026-07-15 08:15:00,64587.99,64651.79,64574.0,64647.14,4.71831
1784104200000,2026-07-15 08:30:00,64647.13,64738.07,64619.37,64738.07,51.30048
1784105100000,2026-07-15 08:45:00,64738.07,64785.66,64728.0,64768.01,5.70583
1784106000000,2026-07-15 09:00:00,64768.01,64852.97,64760.0,64839.99,3.40686
1784106900000,2026-07-15 09:15:00,64840.0,64917.94,63761.3,64833.12,20.34762
1784107800000,2026-07-15 09:30:00,64833.11,64833.12,64699.5,64715.44,6.24485
1784108700000,2026-07-15 09:45:00,64715.97,64732.0,64653.18,64671.83,4.297
1784109600000,2026-07-15 10:00:00,64671.84,64842.88,64653.61,64794.87,16.22403
1784110500000,2026-07-15 10:15:00,64795.99,64798.0,64025.83,64636.17,4.72381
1784111400000,2026-07-15 10:30:00,64636.17,64689.45,64615.34,64679.14,3.7705
1784112300000,2026-07-15 10:45:00,64666.0,64678.58,64635.24,64663.01,2.63097
1784113200000,2026-07-15 11:00:00,64663.01,64891.4,64632.06,64729.86,3.87031
1784114100000,2026-07-15 11:15:00,64729.85,64738.44,64624.27,64636.0,3.21359
1784115000000,2026-07-15 11:30:00,64636.01,64721.93,64636.0,64697.12,4.11648
1784115900000,2026-07-15 11:45:00,64697.12,64755.28,64689.91,64746.0,3.20591
1784116800000,2026-07-15 12:00:00,64746.01,64746.01,64633.49,64704.8,69.64658
1784117700000,2026-07-15 12:15:00,64705.33,64745.97,64621.99,64698.0,4.99697
1784118600000,2026-07-15 12:30:00,64698.0,64947.12,64697.99,64798.51,18.49697
1784119500000,2026-07-15 12:45:00,64797.19,65247.36,64786.0,65170.0,9.86212
1784120400000,2026-07-15 13:00:00,65170.01,65418.0,65164.55,65397.99,19.16511
1784121300000,2026-07-15 13:15:00,65397.99,65917.04,65289.77,65307.83,21.77781
1784122200000,2026-07-15 13:30:00,65307.83,65509.43,54152.92,65305.55,55.23202
1784123100000,2026-07-15 13:45:00,65305.54,65305.55,64888.0,65110.52,13.93647
1784124000000,2026-07-15 14:00:00,65118.0,76250.0,65076.21,65296.63,25.26225
1784124900000,2026-07-15 14:15:00,65296.63,68916.85,65121.11,65357.21,28.63848
1784125800000,2026-07-15 14:30:00,65357.21,68043.06,65089.18,65373.99,30.52241
1784126700000,2026-07-15 14:45:00,65374.0,65484.0,65332.63,65399.81,19.47665
1784127600000,2026-07-15 15:00:00,65399.81,65488.0,65268.24,65394.0,25.93042
1784128500000,2026-07-15 15:15:00,65394.53,65733.1,65297.04,65403.08,24.04889
1784129400000,2026-07-15 15:30:00,65403.09,65537.57,65338.0,65473.99,24.5509
1784130300000,2026-07-15 15:45:00,65474.52,65545.36,65369.87,65426.01,11.66485
1784131200000,2026-07-15 16:00:00,65426.01,65466.74,65102.93,65102.94,21.24775
1784132100000,2026-07-15 16:15:00,65101.61,65181.99,65085.95,65166.23,5.13484
1784133000000,2026-07-15 16:30:00,65166.23,65170.01,64784.83,64923.7,14.59875
1784133900000,2026-07-15 16:45:00,64923.7,65213.75,64923.69,65112.21,4.13134
1784134800000,2026-07-15 17:00:00,65112.2,65158.0,65015.24,65015.24,43.14058
1784135700000,2026-07-15 17:15:00,65015.77,71381.34,64993.93,65045.7,13.41224
1784136600000,2026-07-15 17:30:00,65045.7,65120.0,64972.95,65039.99,22.47472
1784137500000,2026-07-15 17:45:00,65040.51,68369.8,63761.3,65056.1,71.94249
1784138400000,2026-07-15 18:00:00,65056.1,65124.02,64966.33,65124.01,8.5522
1784139300000,2026-07-15 18:15:00,65124.02,65126.56,65016.4,65047.67,10.78106
1784140200000,2026-07-15 18:30:00,65047.67,65114.0,64991.79,64991.8,8.63544
1784141100000,2026-07-15 18:45:00,64991.8,65016.23,64847.42,64852.0,6.02895
1784142000000,2026-07-15 19:00:00,64852.0,64950.0,64851.99,64938.86,4.17418
1784142900000,2026-07-15 19:15:00,64938.87,64938.87,64758.13,64858.8,5.40667
1784143800000,2026-07-15 19:30:00,64858.8,64988.76,64846.0,64988.75,4.9111
1784144700000,2026-07-15 19:45:00,64988.75,65000.0,64896.0,64959.48,3.10249
1784145600000,2026-07-15 20:00:00,64959.49,64987.97,64924.0,64961.32,8.86888
1784146500000,2026-07-15 20:15:00,64961.31,65202.23,64940.08,65009.91,20.75521
1784147400000,2026-07-15 20:30:00,65009.91,65049.86,64990.87,64998.01,10.01601
1784148300000,2026-07-15 20:45:00,64998.0,64998.01,64968.01,64968.02,10.04877
1784149200000,2026-07-15 21:00:00,64968.02,65018.74,64843.74,64898.99,11.2016
1784150100000,2026-07-15 21:15:00,64899.0,64932.87,64860.52,64869.93,7.70135
1784151000000,2026-07-15 21:30:00,64869.93,64880.55,64797.05,64812.01,9.28295
1784151900000,2026-07-15 21:45:00,64812.0,64834.31,64790.95,64834.3,9.67457
1784152800000,2026-07-15 22:00:00,64834.31,64874.01,64793.08,64804.57,11.79641
1784153700000,2026-07-15 22:15:00,64804.56,64896.65,64776.67,64896.65,6.05138
1784154600000,2026-07-15 22:30:00,64896.65,64945.14,64869.99,64880.0,4.0976
1784155500000,2026-07-15 22:45:00,64879.99,64958.5,64864.0,64868.15,2.54117
1784156400000,2026-07-15 23:00:00,64866.93,64938.0,64866.92,64914.03,2.70199
1784157300000,2026-07-15 23:15:00,64914.03,64932.14,64843.56,64843.57,1.79236
1784158200000,2026-07-15 23:30:00,64843.56,66356.59,64711.02,64736.0,14.42769
1784159100000,2026-07-15 23:45:00,64736.0,64819.99,64713.99,64756.27,5.7224
1784160000000,2026-07-16 00:00:00,64756.28,64842.63,64756.27,64821.19,5.36074
1784160900000,2026-07-16 00:15:00,64824.0,64842.51,64572.0,64577.71,6.62268
1784161800000,2026-07-16 00:30:00,64577.7,64600.0,64501.0,64520.0,4.55536
1784162700000,2026-07-16 00:45:00,64520.0,64650.0,64512.84,64584.07,6.47789
1784163600000,2026-07-16 01:00:00,64584.07,64651.53,64555.01,64608.68,2.81704
1784164500000,2026-07-16 01:15:00,64604.01,66130.99,59224.7,64559.26,30.88852
1784165400000,2026-07-16 01:30:00,64559.26,64730.0,64559.25,64611.99,4.7958
1784166300000,2026-07-16 01:45:00,64611.99,64830.0,64599.99,64730.0,4.54294
1784167200000,2026-07-16 02:00:00,64730.01,64735.09,64636.36,64656.0,5.58781
1784168100000,2026-07-16 02:15:00,64655.99,64689.3,64601.99,64668.0,2.18464
1784169000000,2026-07-16 02:30:00,64668.0,64674.18,64580.64,64592.03,5.71827
1784169900000,2026-07-16 02:45:00,64592.0,64664.75,64574.03,64644.65,4.43115
1784170800000,2026-07-16 03:00:00,64644.65,64717.86,64602.0,64696.64,3.51205
1784171700000,2026-07-16 03:15:00,64700.86,64700.87,63040.83,64686.0,14.26207
1784172600000,2026-07-16 03:30:00,64685.99,64745.55,64660.36,64661.49,5.56132
1784173500000,2026-07-16 03:45:00,64666.87,64666.88,64555.96,64617.69,10.43183
1784174400000,2026-07-16 04:00:00,64617.7,64914.94,64589.03,64653.74,3.97606
1784175300000,2026-07-16 04:15:00,64653.74,64658.0,64544.04,64650.0,2.3664
1784176200000,2026-07-16 04:30:00,64649.99,64674.44,64592.41,64615.99,3.81722
1784177100000,2026-07-16 04:45:00,64616.0,64642.63,64581.16,64608.04,3.1747
1784178000000,2026-07-16 05:00:00,64608.04,65196.6,64607.64,64754.16,12.111
1784178900000,2026-07-16 05:15:00,64754.68,64957.02,64754.68,64920.0,6.62942
1784179800000,2026-07-16 05:30:00,64920.01,64994.24,64860.0,64910.0,4.78632
1784180700000,2026-07-16 05:45:00,64910.52,64940.75,64877.87,64911.99,5.39284
1784181600000,2026-07-16 06:00:00,64912.0,64950.0,64844.09,64855.99,7.20866
1784182500000,2026-07-16 06:15:00,64856.52,64892.0,64808.0,64823.48,1.42735
1784183400000,2026-07-16 06:30:00,64823.48,64828.0,64630.01,64729.15,3.42946
1784184300000,2026-07-16 06:45:00,64729.16,64794.0,64700.0,64769.46,1.80515
1784185200000,2026-07-16 07:00:00,64769.47,64777.33,64650.5,64655.99,3.80567
1784186100000,2026-07-16 07:15:00,64656.0,64656.0,63761.3,64500.01,61.79717
1784187000000,2026-07-16 07:30:00,64500.01,64502.54,64207.36,64244.54,7.19971
1784187900000,2026-07-16 07:45:00,64244.54,64285.54,64103.0,64246.74,7.14064
1784188800000,2026-07-16 08:00:00,64245.61,64257.26,63980.0,63983.39,12.10326
1784189700000,2026-07-16 08:15:00,63983.39,64165.55,63888.02,64159.61,18.13503
1784190600000,2026-07-16 08:30:00,64159.62,64370.01,64139.0,64143.99,21.52653
1784191500000,2026-07-16 08:45:00,64143.99,64214.96,64076.89,64126.86,4.08474
1784192400000,2026-07-16 09:00:00,64126.86,64176.0,64105.45,64155.06,5.51066
1784193300000,2026-07-16 09:15:00,64155.06,64155.06,64028.0,64046.02,3.97807
1784194200000,2026-07-16 09:30:00,64046.03,64126.6,64019.02,64114.89,3.13251
1784195100000,2026-07-16 09:45:00,64113.57,64130.0,64032.05,64079.55,5.85315
1784196000000,2026-07-16 10:00:00,64089.26,64185.0,64077.75,64145.5,5.96979
1784196900000,2026-07-16 10:15:00,64145.5,64229.19,64126.68,64227.86,8.51363
1784197800000,2026-07-16 10:30:00,64224.49,64269.42,64188.01,64194.74,3.70171
1784198700000,2026-07-16 10:45:00,64194.73,64223.36,64171.68,64221.34,3.00542
1784199600000,2026-07-16 11:00:00,64221.34,64221.34,64122.71,64170.0,3.72455
1784200500000,2026-07-16 11:15:00,64170.0,64254.76,64101.18,64185.99,7.37835
1784201400000,2026-07-16 11:30:00,64185.99,64267.87,64154.0,64263.16,1.48112
1784202300000,2026-07-16 11:45:00,64263.17,64269.42,64123.76,64256.53,7.24224
1784203200000,2026-07-16 12:00:00,64256.53,64256.53,64142.21,64166.0,6.99955
1784204100000,2026-07-16 12:15:00,64164.67,64180.0,64111.58,64180.0,11.122
1784205000000,2026-07-16 12:30:00,64180.0,64209.27,63898.0,63900.57,11.3823
1784205900000,2026-07-16 12:45:00,63900.57,64042.0,63854.55,63966.01,9.87057
1784206800000,2026-07-16 13:00:00,63966.01,64108.0,63966.0,64085.22,6.66873
1784207700000,2026-07-16 13:15:00,64085.22,64237.35,64056.0,64237.34,4.02152
1784208600000,2026-07-16 13:30:00,64249.98,64457.61,62320.37,64166.0,19.32146
1784209500000,2026-07-16 13:45:00,64166.0,64383.99,62320.37,64372.0,30.56979
1784210400000,2026-07-16 14:00:00,64372.0,64761.33,64342.0,64645.93,22.72079
1784211300000,2026-07-16 14:15:00,64645.93,64821.32,64482.11,64768.36,15.26983
1784212200000,2026-07-16 14:30:00,64768.37,64835.32,64673.25,64720.0,9.72487
1784213100000,2026-07-16 14:45:00,64719.99,64741.09,64423.82,64537.99,17.73162
1784214000000,2026-07-16 15:00:00,64538.0,64557.41,64320.0,64335.99,18.69381
1784214900000,2026-07-16 15:15:00,64335.99,64875.97,64335.99,64820.01,10.59191
1784215800000,2026-07-16 15:30:00,64820.4,64893.41,64680.0,64698.67,12.37238
1784216700000,2026-07-16 15:45:00,64698.67,64822.46,64639.99,64698.55,13.7851
1784217600000,2026-07-16 16:00:00,64698.56,64710.01,64480.0,64519.99,21.8289
1784218500000,2026-07-16 16:15:00,64520.0,64577.71,64398.0,64545.99,17.04464
1784219400000,2026-07-16 16:30:00,64545.99,64687.76,64382.49,64386.0,26.34757
1784220300000,2026-07-16 16:45:00,64385.99,64532.15,64335.81,64484.0,12.37197
1784221200000,2026-07-16 17:00:00,64484.01,64484.01,64168.95,64168.95,20.79532
1784222100000,2026-07-16 17:15:00,64168.96,64229.99,64118.0,64218.38,15.44624
1784223000000,2026-07-16 17:30:00,64218.38,64282.0,64128.74,64128.75,3.51334
1784223900000,2026-07-16 17:45:00,64128.74,64803.86,63761.3,64069.04,60.04741
1784224800000,2026-07-16 18:00:00,64069.04,64218.01,64061.69,64202.03,4.73758
1784225700000,2026-07-16 18:15:00,64200.71,64314.01,64158.0,64220.87,5.88302
1784226600000,2026-07-16 18:30:00,64220.88,64230.38,64098.0,64141.98,4.47388
1784227500000,2026-07-16 18:45:00,64151.98,64306.01,64142.44,64262.68,3.47259
1784228400000,2026-07-16 19:00:00,64260.01,64301.99,64221.51,64234.0,6.06614
1784229300000,2026-07-16 19:15:00,64234.0,64271.83,64162.16,64269.84,3.03103
1784230200000,2026-07-16 19:30:00,64269.85,64282.6,64234.0,64250.0,3.00595
1784231100000,2026-07-16 19:45:00,64249.99,64256.01,64245.99,64256.01,14.31025
1784232000000,2026-07-16 20:00:00,64256.01,64577.29,63040.83,64186.0,35.83845
1784232900000,2026-07-16 20:15:00,64186.0,64243.65,64158.0,64182.01,4.88857
1784233800000,2026-07-16 20:30:00,64182.01,64203.81,64130.77,64145.98,2.28491
1784234700000,2026-07-16 20:45:00,64145.99,64162.0,64108.0,64125.03,3.27596
1784235600000,2026-07-16 21:00:00,64125.03,64201.99,64101.18,64180.64,3.60906
1784236500000,2026-07-16 21:15:00,64180.64,64205.92,64160.0,64174.19,2.30233
1784237400000,2026-07-16 21:30:00,64174.18,64241.56,64152.63,64203.86,3.36866
1784238300000,2026-07-16 21:45:00,64203.86,64216.41,64145.0,64153.96,2.25518
1784239200000,2026-07-16 22:00:00,64162.0,64235.67,64154.86,64184.94,5.32163
1784240100000,2026-07-16 22:15:00,64184.93,64192.01,64016.0,64020.0,3.03251
1784241000000,2026-07-16 22:30:00,64020.0,64170.01,64019.99,64084.57,13.80301
1784241900000,2026-07-16 22:45:00,64084.57,64084.57,63950.01,63968.0,7.14476
1784242800000,2026-07-16 23:00:00,63968.01,64002.01,63906.0,63911.11,2.87864
1784243700000,2026-07-16 23:15:00,63911.12,63922.8,63754.68,63812.85,5.70641
1784244600000,2026-07-16 23:30:00,63812.84,63847.6,63748.74,63840.0,4.56667
1784245500000,2026-07-16 23:45:00,63839.93,63905.5,63800.0,63834.65,3.37478
1784246400000,2026-07-17 00:00:00,63834.66,63845.54,63750.0,63784.69,13.00642
1784247300000,2026-07-17 00:15:00,63785.21,63908.01,63767.05,63800.0,9.03203
1784248200000,2026-07-17 00:30:00,63800.0,63800.0,63619.9,63779.63,6.30198
1784249100000,2026-07-17 00:45:00,63779.63,63884.01,63779.62,63884.01,8.26045
1784250000000,2026-07-17 01:00:00,63884.01,64060.07,63879.56,63992.0,14.05993
1784250900000,2026-07-17 01:15:00,63992.01,64010.0,63845.51,63970.0,4.27994
1784251800000,2026-07-17 01:30:00,63969.99,63976.0,63746.86,63747.91,4.28191
1784252700000,2026-07-17 01:45:00,63747.92,63747.92,63483.99,63546.25,15.41909
1784253600000,2026-07-17 02:00:00,63546.24,63658.21,63439.99,63612.88,17.87821
1784254500000,2026-07-17 02:15:00,63612.0,63653.65,63527.81,63554.0,12.43947
1784255400000,2026-07-17 02:30:00,63554.0,63564.0,63414.51,63459.99,14.10467
1784256300000,2026-07-17 02:45:00,63459.99,63517.12,63387.99,63481.99,8.07624
1784257200000,2026-07-17 03:00:00,63481.99,63747.65,63481.99,63624.0,5.13767
1784258100000,2026-07-17 03:15:00,63624.01,63798.42,63622.0,63678.94,5.13517
1784259000000,2026-07-17 03:30:00,63678.94,63690.0,63608.0,63617.99,5.63824
1784259900000,2026-07-17 03:45:00,63618.0,63626.0,63534.0,63569.99,3.06494
1784260800000,2026-07-17 04:00:00,63570.0,63570.0,63489.15,63496.44,17.84132
1784261700000,2026-07-17 04:15:00,63496.44,63532.8,63322.18,63383.51,11.31758
1784262600000,2026-07-17 04:30:00,63383.51,63489.89,63333.59,63478.0,13.47871
1784263500000,2026-07-17 04:45:00,63478.0,63576.0,63478.0,63491.43,4.61659
1784264400000,2026-07-17 05:00:00,63491.44,63491.44,63360.72,63442.14,11.99187
1784265300000,2026-07-17 05:15:00,63442.13,63442.13,63199.99,63200.0,9.92894
1784266200000,2026-07-17 05:30:00,63200.0,63226.0,52902.17,62968.83,15.51099
1784267100000,2026-07-17 05:45:00,62968.83,62979.43,62812.49,62839.77,7.11806
1784268000000,2026-07-17 06:00:00,62839.77,62982.35,62773.76,62818.84,9.27742
1784268900000,2026-07-17 06:15:00,62818.84,62939.74,62720.78,62931.23,8.48632
1784269800000,2026-07-17 06:30:00,62931.24,62961.99,62867.73,62881.4,2.92534
1784270700000,2026-07-17 06:45:00,62881.39,62941.89,62853.91,62941.89,4.92397
1784271600000,2026-07-17 07:00:00,62941.88,62941.89,62869.9,62904.09,4.0438
1784272500000,2026-07-17 07:15:00,62904.09,62935.03,62800.0,62935.02,4.26155
1784273400000,2026-07-17 07:30:00,62935.03,62983.98,62888.77,62979.99,3.4163
1784274300000,2026-07-17 07:45:00,62979.99,62979.99,62823.07,62828.11,8.80562
1784275200000,2026-07-17 08:00:00,62828.11,62892.0,62772.89,62892.0,7.97163
1784276100000,2026-07-17 08:15:00,62892.0,62896.15,62740.92,62804.01,5.08244
1784277000000,2026-07-17 08:30:00,62804.0,62804.01,62670.6,62785.53,6.77947
1784277900000,2026-07-17 08:45:00,62785.53,62936.01,62785.53,62888.01,6.18827
1784278800000,2026-07-17 09:00:00,62888.01,62965.47,62864.8,62965.47,7.51806
1784279700000,2026-07-17 09:15:00,62965.46,62969.91,62863.15,62954.69,4.45934
1784280600000,2026-07-17 09:30:00,62953.39,63063.23,62930.0,63059.18,3.109
1784281500000,2026-07-17 09:45:00,63059.19,63067.27,62968.28,62989.46,3.49363
1784282400000,2026-07-17 10:00:00,62989.47,63131.74,62989.46,63100.0,4.39092
1784283300000,2026-07-17 10:15:00,63098.0,63129.78,63056.0,63103.07,2.7517
1784284200000,2026-07-17 10:30:00,63098.01,63190.01,63082.0,63188.68,6.07911
1784285100000,2026-07-17 10:45:00,63187.03,63201.91,63170.0,63179.92,8.54955
1784286000000,2026-07-17 11:00:00,63179.92,63212.89,63089.15,63089.15,8.45691
1784286900000,2026-07-17 11:15:00,63089.15,63136.25,63063.67,63136.24,3.16895
1784287800000,2026-07-17 11:30:00,63136.25,63304.01,63109.82,63302.0,13.66906
1784288700000,2026-07-17 11:45:00,63302.0,63760.03,63263.22,63298.01,4.71049
1784289600000,2026-07-17 12:00:00,63298.0,63348.0,63236.0,63236.0,7.69144
1784290500000,2026-07-17 12:15:00,63236.01,63300.0,63168.01,63193.57,1.99928
1784291400000,2026-07-17 12:30:00,63193.58,63200.0,63092.87,63117.99,6.12433
1784292300000,2026-07-17 12:45:00,63117.99,63169.04,63077.35,63094.93,5.15332
1784293200000,2026-07-17 13:00:00,63097.41,63102.01,62774.18,62814.0,7.04841
1784294100000,2026-07-17 13:15:00,62813.99,62960.0,62810.0,62845.71,4.15449
1784295000000,2026-07-17 13:30:00,62848.0,62932.05,62555.69,62557.12,19.14663
1784295900000,2026-07-17 13:45:00,62557.12,63746.31,62553.99,63125.43,18.30988
1784296800000,2026-07-17 14:00:00,63138.0,63488.88,63137.99,63399.99,14.3601
1784297700000,2026-07-17 14:15:00,63400.0,63486.35,63215.99,63245.99,10.91692
1784298600000,2026-07-17 14:30:00,63246.0,63485.49,63118.0,63279.12,8.08875
1784299500000,2026-07-17 14:45:00,63279.13,63284.28,63145.99,63178.06,9.02431
1784300400000,2026-07-17 15:00:00,63178.06,63186.0,61784.87,62907.99,9.77988
1784301300000,2026-07-17 15:15:00,62907.99,63268.53,62907.99,63268.52,9.96662
1784302200000,2026-07-17 15:30:00,63268.52,63298.27,63159.54,63212.35,10.63907
1784303100000,2026-07-17 15:45:00,63212.35,63451.99,63150.0,63451.99,7.35827
1784304000000,2026-07-17 16:00:00,63452.0,63747.21,63368.0,63478.0,13.47946
1784304900000,2026-07-17 16:15:00,63478.01,63542.0,63270.3,63479.99,9.36042
1784305800000,2026-07-17 16:30:00,63480.0,63536.0,63376.0,63517.85,13.31309
1784306700000,2026-07-17 16:45:00,63517.85,63706.0,63494.0,63594.01,9.45077
1784307600000,2026-07-17 17:00:00,63594.01,64398.49,63594.0,63966.0,16.62491
1784308500000,2026-07-17 17:15:00,63966.0,64111.0,63923.29,64024.0,12.56395
1784309400000,2026-07-17 17:30:00,64024.01,64105.35,63980.0,64029.99,23.52109
1784310300000,2026-07-17 17:45:00,64029.99,64212.01,64010.42,64054.56,10.81338
1784311200000,2026-07-17 18:00:00,64054.57,64157.0,63970.0,64094.08,18.47421
1784312100000,2026-07-17 18:15:00,64094.08,64094.09,63894.0,63961.2,7.11829
1784313000000,2026-07-17 18:30:00,63961.21,64141.4,63961.2,64141.4,6.37932
1784313900000,2026-07-17 18:45:00,64141.4,64429.29,64141.39,64259.73,15.01372
1784314800000,2026-07-17 19:00:00,64259.74,64259.74,64059.13,64059.14,10.11123
1784315700000,2026-07-17 19:15:00,64059.14,64084.0,64001.02,64083.99,14.68059
1784316600000,2026-07-17 19:30:00,64084.0,64182.0,64072.14,64181.99,10.93396
1784317500000,2026-07-17 19:45:00,64182.0,64210.01,64144.0,64167.98,19.41976
1784318400000,2026-07-17 20:00:00,64167.99,64167.99,64001.55,64010.0,14.79879
1784319300000,2026-07-17 20:15:00,64010.01,64068.28,63982.8,64066.92,6.79713
1784320200000,2026-07-17 20:30:00,64066.92,64088.05,63958.19,64088.05,9.51162
1784321100000,2026-07-17 20:45:00,64088.05,64190.0,64040.0,64122.0,10.19298
1784322000000,2026-07-17 21:00:00,64122.01,64185.1,64120.0,64164.01,6.93577
1784322900000,2026-07-17 21:15:00,64164.0,64216.61,64125.35,64168.7,7.52407
1784323800000,2026-07-17 21:30:00,64168.71,64168.71,64075.0,64097.61,5.31097
1784324700000,2026-07-17 21:45:00,64097.61,64108.0,64064.0,64090.01,12.69585
1784325600000,2026-07-17 22:00:00,64090.01,64147.0,64054.68,64077.57,5.30114
1784326500000,2026-07-17 22:15:00,64077.56,64077.56,63966.1,63968.21,5.14021
1784327400000,2026-07-17 22:30:00,63968.22,63971.91,63918.66,63947.09,6.13783
1784328300000,2026-07-17 22:45:00,63947.1,63994.11,63947.09,63971.01,3.90806
1784329200000,2026-07-17 23:00:00,63971.01,63986.01,63884.35,63910.0,8.21724
1784330100000,2026-07-17 23:15:00,63910.0,63963.84,63894.06,63963.84,2.64996
1784331000000,2026-07-17 23:30:00,63963.84,64011.08,63963.84,63974.0,3.65382
1784331900000,2026-07-17 23:45:00,63974.0,63995.43,63930.0,63930.81,7.13119
1784332800000,2026-07-18 00:00:00,63930.81,63970.0,63900.45,63968.01,5.05133
1784333700000,2026-07-18 00:15:00,63968.01,64012.39,63961.69,63993.61,8.85818
1784334600000,2026-07-18 00:30:00,63993.61,63993.61,63902.23,63911.91,11.29793
1784335500000,2026-07-18 00:45:00,63911.61,63952.38,63895.56,63899.69,16.21297
1784336400000,2026-07-18 01:00:00,63899.7,63924.95,63886.65,63921.94,19.00227
1784337300000,2026-07-18 01:15:00,63921.94,64000.0,63921.93,63999.99,11.41672
1784338200000,2026-07-18 01:30:00,64000.0,64000.0,63881.49,63942.06,18.60439
1784339100000,2026-07-18 01:45:00,63942.06,64429.29,63942.05,63952.98,6.80476
1784340000000,2026-07-18 02:00:00,63952.97,63970.0,63930.54,63966.0,5.61206
1784340900000,2026-07-18 02:15:00,63966.0,64009.49,63965.99,63999.39,5.71837
1784341800000,2026-07-18 02:30:00,63999.39,64021.05,63954.58,63968.5,5.21999
1784342700000,2026-07-18 02:45:00,63968.5,63974.0,63950.0,63960.01,5.76604
1784343600000,2026-07-18 03:00:00,63960.02,63981.27,63947.37,63968.79,5.03641
1784344500000,2026-07-18 03:15:00,63968.79,63992.0,63945.66,63952.01,3.69839
1784345400000,2026-07-18 03:30:00,63952.01,63964.01,63931.99,63931.99,4.47347
1784346300000,2026-07-18 03:45:00,63931.99,64017.85,63928.15,64017.85,14.80301
1784347200000,2026-07-18 04:00:00,64017.85,64017.85,63982.0,63994.0,6.24183
1784348100000,2026-07-18 04:15:00,63994.0,63998.38,63954.99,63986.0,5.99752
1784349000000,2026-07-18 04:30:00,63985.99,63986.0,63947.09,63947.1,2.88365
1784349900000,2026-07-18 04:45:00,63947.1,63964.71,63947.09,63961.47,2.22691
1784350800000,2026-07-18 05:00:00,63961.47,63975.72,63929.67,63929.67,7.32741
1784351700000,2026-07-18 05:15:00,63926.4,63977.89,63926.39,63967.96,3.78508
1784352600000,2026-07-18 05:30:00,63967.96,64031.8,63961.06,63964.74,6.0847
1784353500000,2026-07-18 05:45:00,63964.74,63998.0,63942.65,63949.4,4.50614
1784354400000,2026-07-18 06:00:00,63949.4,63970.0,63949.39,63965.43,4.69939
1784355300000,2026-07-18 06:15:00,63965.43,64005.99,63965.43,63988.44,6.20313
1784356200000,2026-07-18 06:30:00,63988.44,63988.45,63950.0,63974.01,4.3529
1784357100000,2026-07-18 06:45:00,63974.0,63984.0,63974.0,63983.99,3.95468
1784358000000,2026-07-18 07:00:00,63984.0,64018.58,63977.44,64000.54,7.18938
1784358900000,2026-07-18 07:15:00,64000.55,64025.5,64000.54,64016.21,3.5311
1784359800000,2026-07-18 07:30:00,64016.21,64019.58,64003.18,64019.57,4.7628
1784360700000,2026-07-18 07:45:00,64019.58,64025.59,64012.01,64012.93,6.20705
1784361600000,2026-07-18 08:00:00,64012.93,64018.0,63960.0,63971.5,4.28963
1784362500000,2026-07-18 08:15:00,63971.51,64013.05,63971.51,64013.05,4.21394
1784363400000,2026-07-18 08:30:00,64013.04,64019.64,63983.72,63983.73,4.12791
1784364300000,2026-07-18 08:45:00,63983.72,64005.0,63983.72,63986.94,3.86644
1784365200000,2026-07-18 09:00:00,63986.94,64006.01,63970.0,63973.23,4.52305
1784366100000,2026-07-18 09:15:00,63969.19,63974.56,63945.47,63962.9,3.10086
1784367000000,2026-07-18 09:30:00,63951.37,63970.01,63941.84,63970.01,2.42058
1784367900000,2026-07-18 09:45:00,63970.01,63987.77,63970.0,63987.76,3.06091
1784368800000,2026-07-18 10:00:00,63987.76,63999.79,63982.34,63995.01,4.40908
1784369700000,2026-07-18 10:15:00,63995.0,64015.59,63995.0,64011.4,5.99758
1784370600000,2026-07-18 10:30:00,64011.39,64025.59,64004.0,64004.01,8.86302
1784371500000,2026-07-18 10:45:00,64004.01,64016.43,64004.0,64016.42,3.47729
1784372400000,2026-07-18 11:00:00,64016.43,64024.0,64010.99,64020.04,6.75669
1784373300000,2026-07-18 11:15:00,64020.03,64030.09,64020.03,64029.46,3.43674
1784374200000,2026-07-18 11:30:00,64029.46,64031.01,64020.54,64025.0,6.02007
1784375100000,2026-07-18 11:45:00,64025.0,64090.07,64019.96,64066.63,5.40079
1784376000000,2026-07-18 12:00:00,64066.63,64204.01,64066.62,64140.01,11.719
1784376900000,2026-07-18 12:15:00,64140.01,64147.99,64060.12,64104.01,9.66769
1784377800000,2026-07-18 12:30:00,64109.2,64197.57,64075.01,64188.35,13.67341
1784378700000,2026-07-18 12:45:00,64188.35,64263.41,64188.34,64223.68,9.8466
1784379600000,2026-07-18 13:00:00,64223.69,64223.69,63999.99,64012.73,13.53006
1784380500000,2026-07-18 13:15:00,64012.73,64058.16,63968.93,64054.18,9.98068
1784381400000,2026-07-18 13:30:00,64054.17,64093.24,64028.31,64056.0,4.11684
1784382300000,2026-07-18 13:45:00,64055.99,64104.0,64042.0,64104.0,7.38534
1784383200000,2026-07-18 14:00:00,64104.0,64172.0,64103.99,64172.0,6.99636
1784384100000,2026-07-18 14:15:00,64171.99,64172.0,64124.73,64167.9,9.24671
1784385000000,2026-07-18 14:30:00,64168.43,64195.01,64156.0,64171.26,4.9714
1784385900000,2026-07-18 14:45:00,64171.26,64180.0,64120.0,64126.0,6.14463
1784386800000,2026-07-18 15:00:00,64126.0,64135.58,64089.33,64094.94,7.81731
1784387700000,2026-07-18 15:15:00,64095.47,64132.0,64087.38,64087.39,5.3587
1784388600000,2026-07-18 15:30:00,64087.39,64087.39,64060.71,64061.26,5.2045
1784389500000,2026-07-18 15:45:00,64061.26,64160.0,63746.31,64123.13,8.7732
1784390400000,2026-07-18 16:00:00,64123.13,64157.63,64091.48,64147.04,8.11537
1784391300000,2026-07-18 16:15:00,64147.04,64148.86,64114.11,64133.5,7.1731
1784392200000,2026-07-18 16:30:00,64133.5,64169.15,64133.49,64143.91,5.45788
1784393100000,2026-07-18 16:45:00,64143.91,64313.32,64130.0,64293.16,10.47919
1784394000000,2026-07-18 17:00:00,64293.16,64323.96,64280.22,64323.96,8.15189
1784394900000,2026-07-18 17:15:00,64323.97,64397.7,64286.64,64297.23,6.11813
1784395800000,2026-07-18 17:30:00,64297.22,64454.51,64297.22,64454.51,9.41053
1784396700000,2026-07-18 17:45:00,64454.51,64492.0,64410.0,64480.28,7.73163
1784397600000,2026-07-18 18:00:00,64480.28,64491.31,64462.0,64464.57,4.29787
1784398500000,2026-07-18 18:15:00,64464.57,64646.16,64464.0,64559.12,11.95486
1784399400000,2026-07-18 18:30:00,64559.12,64559.13,64478.0,64478.01,32.5698
1784400300000,2026-07-18 18:45:00,64478.01,64784.93,64341.55,64512.41,67.605
1784401200000,2026-07-18 19:00:00,64512.42,64552.0,64512.41,64531.32,6.26097
1784402100000,2026-07-18 19:15:00,64531.31,64597.9,64482.0,64482.0,6.45325
1784403000000,2026-07-18 19:30:00,64482.01,64535.0,64482.0,64526.0,4.12341
1784403900000,2026-07-18 19:45:00,64526.0,64570.0,64526.0,64557.83,5.68627
1784404800000,2026-07-18 20:00:00,64557.84,64639.4,64528.69,64618.01,5.96668
1784405700000,2026-07-18 20:15:00,64618.02,64731.64,64618.01,64648.06,9.86254
1784406600000,2026-07-18 20:30:00,64648.06,64648.07,64590.0,64606.68,6.76637
1784407500000,2026-07-18 20:45:00,64606.68,64712.0,64567.5,64693.03,12.17238
1784408400000,2026-07-18 21:00:00,64693.02,64751.35,64646.05,64751.35,5.6915
1784409300000,2026-07-18 21:15:00,64751.34,64846.0,64726.0,64727.67,9.47801
1784410200000,2026-07-18 21:30:00,64727.68,64727.68,64638.0,64638.01,6.10145
1784411100000,2026-07-18 21:45:00,64638.01,64808.0,61566.63,64732.96,19.92915
1784412000000,2026-07-18 22:00:00,64732.97,64860.0,64724.67,64800.25,9.24262
1784412900000,2026-07-18 22:15:00,64800.25,64830.61,64738.0,64738.02,6.32207
1784413800000,2026-07-18 22:30:00,64738.01,64785.0,64712.29,64778.47,4.67516
1784414700000,2026-07-18 22:45:00,64778.47,64838.9,64752.0,64810.05,5.37539
1784415600000,2026-07-18 23:00:00,64810.04,64818.89,64711.11,64727.06,8.6291
1784416500000,2026-07-18 23:15:00,64727.05,64838.89,64727.05,64835.4,7.49082
1784417400000,2026-07-18 23:30:00,64835.41,64839.88,64799.2,64827.4,4.96079
1784418300000,2026-07-18 23:45:00,64827.4,64843.3,64807.3,64834.22,7.6783
1784419200000,2026-07-19 00:00:00,64834.22,64855.19,64818.0,64844.36,7.20053
1784420100000,2026-07-19 00:15:00,64844.36,64898.17,64788.03,64790.64,8.59951
1784421000000,2026-07-19 00:30:00,64790.63,64810.65,64771.48,64771.49,4.66806
1784421900000,2026-07-19 00:45:00,64771.49,64805.0,64771.48,64778.31,3.18112
1784422800000,2026-07-19 01:00:00,64778.3,64790.98,64775.39,64778.56,3.11815
1784423700000,2026-07-19 01:15:00,64778.56,64782.17,64770.75,64781.89,4.0169
1784424600000,2026-07-19 01:30:00,64781.9,64781.9,64769.93,64769.94,6.18726
1784425500000,2026-07-19 01:45:00,64769.93,64782.19,64768.78,64772.59,4.80212
1784426400000,2026-07-19 02:00:00,64772.6,64910.01,64735.99,64892.4,23.8273
1784427300000,2026-07-19 02:15:00,64892.39,64917.43,64802.57,64830.24,3.25509
1784428200000,2026-07-19 02:30:00,64830.24,64935.18,64822.26,64835.77,4.55546
1784429100000,2026-07-19 02:45:00,64835.77,64862.39,64822.24,64826.01,6.14177
1784430000000,2026-07-19 03:00:00,64826.0,64842.92,64726.3,64731.91,2.71859
1784430900000,2026-07-19 03:15:00,64731.9,64731.91,64623.04,64662.64,4.95934
1784431800000,2026-07-19 03:30:00,64662.64,64689.33,64651.54,64662.0,3.55227
1784432700000,2026-07-19 03:45:00,64662.0,64706.0,64661.99,64706.0,4.31928
1784433600000,2026-07-19 04:00:00,64706.0,64706.18,64615.77,64644.06,3.99345
1784434500000,2026-07-19 04:15:00,64644.06,64714.85,64644.05,64713.88,2.72198
1784435400000,2026-07-19 04:30:00,64713.88,64795.43,64695.99,64762.29,3.13659
1784436300000,2026-07-19 04:45:00,64762.3,64782.06,64714.54,64720.17,5.02681
1784437200000,2026-07-19 05:00:00,64720.17,64794.0,64720.17,64794.0,5.49884
1784438100000,2026-07-19 05:15:00,64794.0,64815.65,64714.0,64714.0,3.22592
1784439000000,2026-07-19 05:30:00,64714.01,64714.01,64676.01,64699.99,2.97709
1784439900000,2026-07-19 05:45:00,64700.0,64746.71,64699.99,64725.01,2.0603
1784440800000,2026-07-19 06:00:00,64725.0,64725.01,64694.66,64721.5,2.73327
1784441700000,2026-07-19 06:15:00,64721.5,64759.33,64721.49,64730.0,2.65047
1784442600000,2026-07-19 06:30:00,64730.01,64755.08,64722.0,64729.06,1.91681
1784443500000,2026-07-19 06:45:00,64729.06,64731.4,63986.45,64711.69,4.08486
1784444400000,2026-07-19 07:00:00,64711.69,64718.0,64690.0,64693.87,2.50999
1784445300000,2026-07-19 07:15:00,64693.88,64718.0,64691.28,64717.99,2.80448
1784446200000,2026-07-19 07:30:00,64718.0,64889.14,64711.1,64768.23,6.33507
1784447100000,2026-07-19 07:45:00,64768.23,64768.23,64675.0,64675.0,3.97484
1784448000000,2026-07-19 08:00:00,64675.0,64726.52,64672.0,64726.51,4.16265
1784448900000,2026-07-19 08:15:00,64726.51,64726.52,64631.54,64670.01,9.38001
1784449800000,2026-07-19 08:30:00,64670.01,64674.54,64640.0,64658.0,1.54792
1784450700000,2026-07-19 08:45:00,64658.0,64733.39,64658.0,64707.48,2.73646
1784451600000,2026-07-19 09:00:00,64707.49,64721.96,64645.21,64645.21,2.80502
1784452500000,2026-07-19 09:15:00,64645.21,64645.21,64551.5,64577.99,7.70715
1784453400000,2026-07-19 09:30:00,64578.0,64602.61,64501.0,64520.29,6.56106
1784454300000,2026-07-19 09:45:00,64520.3,64543.16,64501.01,64524.0,4.82966
1784455200000,2026-07-19 10:00:00,64523.99,64590.57,64482.0,64576.0,22.91761
1784456100000,2026-07-19 10:15:00,64575.56,64627.09,64575.56,64627.09,3.37191
1784457000000,2026-07-19 10:30:00,64627.09,64671.74,64616.0,64671.74,2.38324
1784457900000,2026-07-19 10:45:00,64671.73,64700.0,64574.0,64574.01,10.24973
1784458800000,2026-07-19 11:00:00,64574.0,64632.72,64520.01,64583.18,7.32759
1784459700000,2026-07-19 11:15:00,64583.18,64636.28,64536.63,64547.99,7.17487
1784460600000,2026-07-19 11:30:00,64547.99,64558.6,64511.23,64526.54,3.36348
1784461500000,2026-07-19 11:45:00,64526.54,64546.39,64446.36,64466.13,4.33318
1784462400000,2026-07-19 12:00:00,64466.13,64467.65,64348.07,64348.07,3.01439
1784463300000,2026-07-19 12:15:00,64348.08,64447.55,64285.24,64308.54,12.85396
1784464200000,2026-07-19 12:30:00,64308.54,64445.36,64308.54,64416.39,11.92834
1784465100000,2026-07-19 12:45:00,64416.39,64454.0,64355.9,64438.72,5.56959
1784466000000,2026-07-19 13:00:00,64438.73,64443.75,64348.0,64356.16,14.13722
1784466900000,2026-07-19 13:15:00,64356.16,64417.99,64307.72,64412.01,18.62486
1784467800000,2026-07-19 13:30:00,64412.0,64466.02,64406.73,64422.78,3.08133
1784468700000,2026-07-19 13:45:00,64422.78,64514.8,64415.01,64483.31,3.00281
1784469600000,2026-07-19 14:00:00,64483.32,64554.0,64477.0,64544.29,2.73518
1784470500000,2026-07-19 14:15:00,64544.29,64551.95,63553.5,64470.01,9.95079
1784471400000,2026-07-19 14:30:00,64470.01,64545.0,64455.0,64528.22,3.62967
1784472300000,2026-07-19 14:45:00,64528.22,64638.65,64520.0,64595.23,6.87125
1784473200000,2026-07-19 15:00:00,64595.23,64619.99,64533.39,64581.7,11.85814
1784474100000,2026-07-19 15:15:00,64581.7,64596.18,64510.71,64510.71,4.84847
1784475000000,2026-07-19 15:30:00,64510.72,64588.47,64501.51,64568.4,6.4156
1784475900000,2026-07-19 15:45:00,64568.39,64589.76,64542.0,64579.81,8.68579
1784476800000,2026-07-19 16:00:00,64579.81,64636.0,64505.21,64555.06,17.80414
1784477700000,2026-07-19 16:15:00,64555.05,64630.54,64518.0,64609.38,13.93024
1784478600000,2026-07-19 16:30:00,64609.38,64611.78,64531.15,64601.99,6.23297
1784479500000,2026-07-19 16:45:00,64601.99,64610.0,64519.18,64538.73,16.38206
1784480400000,2026-07-19 17:00:00,64538.72,64734.01,64406.3,64699.99,14.10093
1784481300000,2026-07-19 17:15:00,64700.0,64749.66,64627.27,64652.0,13.00574
1784482200000,2026-07-19 17:30:00,64652.01,64725.52,64610.0,64622.48,5.94357
1784483100000,2026-07-19 17:45:00,64622.48,64622.48,64585.94,64588.3,8.6937
1784484000000,2026-07-19 18:00:00,64588.3,64588.3,52068.98,64476.86,38.5768
1784484900000,2026-07-19 18:15:00,64476.87,64488.0,64400.08,64400.08,5.33741
1784485800000,2026-07-19 18:30:00,64400.08,64444.66,64345.54,64428.0,5.8155
1784486700000,2026-07-19 18:45:00,64428.0,64442.0,64364.88,64409.07,3.45053
1784487600000,2026-07-19 19:00:00,64409.07,64568.13,64352.01,64438.02,10.63532
1784488500000,2026-07-19 19:15:00,64438.01,64631.33,64417.18,64437.97,18.39782
1784489400000,2026-07-19 19:30:00,64437.97,64884.04,64410.51,64415.21,7.45126
1784490300000,2026-07-19 19:45:00,64415.21,64462.58,64390.86,64462.58,5.31407
1784491200000,2026-07-19 20:00:00,64462.57,65278.4,64462.57,64505.18,11.95602
1784492100000,2026-07-19 20:15:00,64505.17,64524.87,64474.0,64494.0,1.98565
1784493000000,2026-07-19 20:30:00,64494.0,64532.0,64482.0,64499.13,4.51957
1784493900000,2026-07-19 20:45:00,64499.13,64522.0,64489.12,64522.0,5.57944
1784494800000,2026-07-19 21:00:00,64522.0,64558.97,64490.58,64541.63,2.63988
1784495700000,2026-07-19 21:15:00,64538.98,64538.98,64462.22,64472.0,2.50486
1784496600000,2026-07-19 21:30:00,64472.0,64472.0,64356.0,64357.72,5.30432
1784497500000,2026-07-19 21:45:00,64357.72,64429.99,64357.71,64415.76,2.77793
1784498400000,2026-07-19 22:00:00,64415.75,64681.34,64368.0,64633.81,10.92844
1784499300000,2026-07-19 22:15:00,64634.33,64900.0,64634.33,64760.0,10.67943
1784500200000,2026-07-19 22:30:00,64760.01,65032.92,64692.0,64815.87,5.55212
1784501100000,2026-07-19 22:45:00,64814.55,64814.55,64672.0,64674.67,8.57568
1784502000000,2026-07-19 23:00:00,64674.67,64877.99,64580.94,64693.99,5.6077
1784502900000,2026-07-19 23:15:00,64694.0,64712.0,64650.18,64674.0,3.56131
1784503800000,2026-07-19 23:30:00,64674.0,64766.0,64650.0,64724.0,4.65945
1784504700000,2026-07-19 23:45:00,64724.52,64748.11,64659.09,64722.54,6.23165
1784505600000,2026-07-20 00:00:00,64722.55,65055.49,64572.0,65042.06,20.36264
1784506500000,2026-07-20 00:15:00,65042.07,65091.4,64810.0,64878.0,14.27859
1784507400000,2026-07-20 00:30:00,64878.0,64938.0,64792.0,64828.0,6.02763
1784508300000,2026-07-20 00:45:00,64828.0,64828.0,64416.0,64553.85,7.50362
1784509200000,2026-07-20 01:00:00,64553.85,65015.5,64524.0,64808.01,11.77997
1784510100000,2026-07-20 01:15:00,64808.01,64940.0,64692.0,64850.42,7.396
1784511000000,2026-07-20 01:30:00,64850.42,64931.34,64715.99,64760.0,10.18491
1784511900000,2026-07-20 01:45:00,64760.0,64772.0,62304.99,64632.01,10.15904
1784512800000,2026-07-20 02:00:00,64632.01,64926.0,64629.99,64834.0,10.66131
1784513700000,2026-07-20 02:15:00,64833.88,64833.88,64592.0,64684.01,8.97059
1784514600000,2026-07-20 02:30:00,64684.01,64886.0,64668.0,64851.01,10.74745
1784515500000,2026-07-20 02:45:00,64850.87,64954.01,64827.19,64827.2,10.94036
1784516400000,2026-07-20 03:00:00,64827.2,64881.29,64776.0,64846.01,8.40875
1784517300000,2026-07-20 03:15:00,64846.0,64880.0,64651.29,64691.5,8.04869
1784518200000,2026-07-20 03:30:00,64690.01,64893.99,64668.0,64892.07,5.60901
1784519100000,2026-07-20 03:45:00,64892.07,64908.8,64785.1,64820.01,6.09116
1784520000000,2026-07-20 04:00:00,64820.01,64848.93,63993.99,64705.38,10.27863
1784520900000,2026-07-20 04:15:00,64705.38,64777.11,64643.99,64759.4,2.34522
1784521800000,2026-07-20 04:30:00,64759.4,64806.01,64704.0,64741.99,3.82374
1784522700000,2026-07-20 04:45:00,64741.12,64741.12,64540.0,64545.99,3.36909
1784523600000,2026-07-20 05:00:00,64546.0,64562.0,64095.66,64236.53,7.23591
1784524500000,2026-07-20 05:15:00,64236.53,64474.43,64119.85,64180.85,9.52526
1784525400000,2026-07-20 05:30:00,64180.84,64258.44,64124.91,64216.0,5.28501
1784526300000,2026-07-20 05:45:00,64216.01,64216.01,64106.43,64122.95,3.97231
1784527200000,2026-07-20 06:00:00,64122.95,64234.91,64083.0,64192.0,12.39689
1784528100000,2026-07-20 06:15:00,64192.0,64217.43,64100.0,64142.01,8.0029
1784529000000,2026-07-20 06:30:00,64142.01,64153.71,63804.0,63831.73,14.5642
1784529900000,2026-07-20 06:45:00,63831.73,63989.18,63745.57,63914.0,12.904
1784530800000,2026-07-20 07:00:00,63914.0,64061.97,63913.99,63983.34,7.28318
1784531700000,2026-07-20 07:15:00,63982.01,64570.4,63901.14,64130.72,11.82566
1784532600000,2026-07-20 07:30:00,64130.72,64211.81,64098.68,64209.05,7.64621
1784533500000,2026-07-20 07:45:00,64209.05,64301.59,64188.26,64280.0,15.76408
1784534400000,2026-07-20 08:00:00,64280.0,64356.0,64242.01,64294.4,8.92653
1784535300000,2026-07-20 08:15:00,64294.4,64354.0,64242.01,64255.98,8.10403
1784536200000,2026-07-20 08:30:00,64255.99,64282.0,63897.94,63953.93,23.45747
1784537100000,2026-07-20 08:45:00,63953.93,64095.23,63922.37,64050.0,4.45403
1784538000000,2026-07-20 09:00:00,64050.0,64105.99,64012.8,64100.63,2.86988
1784538900000,2026-07-20 09:15:00,64100.63,64200.0,64094.99,64200.0,4.25835
1784539800000,2026-07-20 09:30:00,64199.99,64255.26,64188.17,64236.84,4.33975
1784540700000,2026-07-20 09:45:00,64236.84,64275.0,64199.5,64199.5,2.34921
1784541600000,2026-07-20 10:00:00,64199.5,64279.17,64162.0,64277.99,10.84959
1784542500000,2026-07-20 10:15:00,64278.0,64413.58,64253.52,64353.87,5.05396
1784543400000,2026-07-20 10:30:00,64353.87,64353.87,64263.0,64324.74,6.58589
1784544300000,2026-07-20 10:45:00,64324.74,64351.77,64286.89,64296.96,4.97114
1784545200000,2026-07-20 11:00:00,64296.96,66238.42,64275.85,64376.7,11.61108
1784546100000,2026-07-20 11:15:00,64376.7,64403.8,64320.54,64356.27,3.52593
1784547000000,2026-07-20 11:30:00,64356.27,64920.94,64355.25,64835.25,20.62723
1784547900000,2026-07-20 11:45:00,64835.25,65066.77,64835.25,65002.82,20.85166
1784548800000,2026-07-20 12:00:00,65002.83,65186.14,64723.89,64742.33,21.17509
1784549700000,2026-07-20 12:15:00,64742.33,64804.62,64679.06,64699.82,12.24152
1784550600000,2026-07-20 12:30:00,64699.82,64742.0,64613.58,64623.0,12.83257
1784551500000,2026-07-20 12:45:00,64623.01,64736.0,64599.89,64640.0,11.73135
1784552400000,2026-07-20 13:00:00,64640.0,64738.22,64636.84,64708.01,8.05036
1784553300000,2026-07-20 13:15:00,64708.01,64720.0,64540.82,64540.82,4.76786
1784554200000,2026-07-20 13:30:00,64540.81,64752.01,64505.32,64697.99,13.46325
1784555100000,2026-07-20 13:45:00,64698.0,64749.32,64239.99,64344.02,21.21283
1784556000000,2026-07-20 14:00:00,64344.02,64490.08,53881.9,64309.43,29.01704
1784556900000,2026-07-20 14:15:00,64302.77,64468.54,64078.0,64468.54,16.1328
1784557800000,2026-07-20 14:30:00,64453.99,65246.64,64364.0,64442.58,16.11414
1784558700000,2026-07-20 14:45:00,64442.57,64802.5,64315.99,64419.59,22.51233
1784559600000,2026-07-20 15:00:00,64419.59,64973.94,64414.4,64927.89,26.12294
1784560500000,2026-07-20 15:15:00,64927.89,65002.01,64885.89,64943.64,14.72647
1784561400000,2026-07-20 15:30:00,64943.63,65251.5,64807.03,65229.99,30.43168
1784562300000,2026-07-20 15:45:00,65230.0,65906.43,65229.99,65598.76,19.78555
1784563200000,2026-07-20 16:00:00,65598.76,66238.42,65429.89,65546.01,17.26542
1784564100000,2026-07-20 16:15:00,65546.0,65558.0,65383.01,65446.6,10.97812
1784565000000,2026-07-20 16:30:00,65446.6,65554.0,65365.59,65370.01,20.60113
1784565900000,2026-07-20 16:45:00,65370.0,65513.59,65370.0,65501.9,10.63909
1784566800000,2026-07-20 17:00:00,65501.91,65548.46,65450.0,65525.53,16.21597
1784567700000,2026-07-20 17:15:00,65525.53,65525.54,65438.0,65489.99,51.40708
1784568600000,2026-07-20 17:30:00,65489.99,66356.59,64465.86,65352.46,10.19613
1784569500000,2026-07-20 17:45:00,65352.46,65639.68,65352.46,65587.98,8.63811
1784570400000,2026-07-20 18:00:00,65587.99,65928.9,65575.99,65757.3,19.7559
1784571300000,2026-07-20 18:15:00,65757.31,65770.0,65581.83,65592.01,6.30561
1784572200000,2026-07-20 18:30:00,65592.01,65592.01,65348.73,65348.74,10.65972
1784573100000,2026-07-20 18:45:00,65348.63,65348.63,65205.0,65240.01,12.10677
1784574000000,2026-07-20 19:00:00,65240.01,65274.0,65142.0,65150.21,8.81621
1784574900000,2026-07-20 19:15:00,65150.21,65195.99,65072.2,65156.25,7.55084
1784575800000,2026-07-20 19:30:00,65156.25,65159.61,65041.57,65109.97,7.13493
1784576700000,2026-07-20 19:45:00,65109.97,65176.0,65068.06,65139.86,17.08474
1784577600000,2026-07-20 20:00:00,65139.86,65227.79,65062.3,65220.0,25.58607
1784578500000,2026-07-20 20:15:00,65220.01,65317.99,65203.41,65293.76,15.10507
1784579400000,2026-07-20 20:30:00,65293.76,65434.25,65280.0,65299.99,4.45658
1784580300000,2026-07-20 20:45:00,65300.0,65387.3,65300.0,65367.58,6.88106
1784581200000,2026-07-20 21:00:00,65367.58,65367.58,65312.17,65334.16,7.00351
1784582100000,2026-07-20 21:15:00,65334.15,65353.72,65306.01,65308.57,3.75281
1784583000000,2026-07-20 21:30:00,65308.57,65445.27,65308.56,65353.09,5.06073
1784583900000,2026-07-20 21:45:00,65353.09,65374.43,65273.28,65286.02,4.91835
1784584800000,2026-07-20 22:00:00,65286.02,65286.02,65145.99,65200.02,5.74113
1784585700000,2026-07-20 22:15:00,65200.02,65253.71,65158.19,65214.07,5.17239
1784586600000,2026-07-20 22:30:00,65214.08,65230.0,64611.94,65122.1,7.27129
1784587500000,2026-07-20 22:45:00,65122.1,65145.93,65116.99,65142.0,5.68023
1784588400000,2026-07-20 23:00:00,65142.0,65216.13,65128.17,65161.16,3.65424
1784589300000,2026-07-20 23:15:00,65161.16,65258.16,65161.15,65241.3,4.42751
1784590200000,2026-07-20 23:30:00,65240.75,65255.55,65199.99,65219.91,2.00282
1784591100000,2026-07-20 23:45:00,65219.9,65272.21,65152.31,65255.5,6.02371
1784592000000,2026-07-21 00:00:00,65255.51,65255.51,65154.95,65186.01,6.27664
1784592900000,2026-07-21 00:15:00,65186.0,65430.15,65156.76,65355.37,9.80711
1784593800000,2026-07-21 00:30:00,65355.38,65541.4,65355.37,65504.0,5.79178
1784594700000,2026-07-21 00:45:00,65504.0,65585.0,65490.72,65576.0,5.64081
1784595600000,2026-07-21 01:00:00,65576.01,65987.58,65483.99,65556.0,8.46237
1784596500000,2026-07-21 01:15:00,65556.0,65556.0,65439.99,65447.14,3.51283
1784597400000,2026-07-21 01:30:00,65444.6,65476.5,65326.06,65346.0,4.56717
1784598300000,2026-07-21 01:45:00,65345.99,65345.99,65234.86,65235.56,2.18293
1784599200000,2026-07-21 02:00:00,65235.55,65412.0,65235.55,65263.02,4.27602
1784600100000,2026-07-21 02:15:00,65263.33,65319.2,65177.36,65269.99,4.68804
1784601000000,2026-07-21 02:30:00,65269.99,65370.58,65106.68,65349.1,5.43002
1784601900000,2026-07-21 02:45:00,65349.1,65495.99,65313.22,65414.0,2.46073
1784602800000,2026-07-21 03:00:00,65414.01,65524.13,65414.0,65483.99,5.56376
1784603700000,2026-07-21 03:15:00,65484.0,65532.0,65434.44,65478.82,5.56577
1784604600000,2026-07-21 03:30:00,65488.0,65535.09,65445.72,65489.26,3.69519
1784605500000,2026-07-21 03:45:00,65489.26,65584.77,65452.79,65580.42,3.79425
1784606400000,2026-07-21 04:00:00,65568.91,65733.22,65532.91,65607.23,6.80465
1784607300000,2026-07-21 04:15:00,65607.24,65667.73,65512.01,65512.01,3.2999
1784608200000,2026-07-21 04:30:00,65512.01,65569.99,65500.0,65544.66,2.6083
1784609100000,2026-07-21 04:45:00,65544.66,65549.56,65480.46,65522.01,2.49505
1784610000000,2026-07-21 05:00:00,65522.01,65559.37,65485.55,65527.95,2.41144
1784610900000,2026-07-21 05:15:00,65527.95,65648.01,65500.63,65594.99,3.83498
1784611800000,2026-07-21 05:30:00,65594.99,65680.86,65354.04,65646.74,3.90227
1784612700000,2026-07-21 05:45:00,65645.41,65856.15,65618.75,65751.56,6.18873
1784613600000,2026-07-21 06:00:00,65751.57,65827.2,65634.0,65731.13,5.30539
1784614500000,2026-07-21 06:15:00,65731.14,65839.99,65665.99,65828.47,3.89809
1784615400000,2026-07-21 06:30:00,65825.26,65987.25,65820.0,65946.2,6.37112
1784616300000,2026-07-21 06:45:00,65946.2,65966.91,65879.99,65912.99,4.71739
1784617200000,2026-07-21 07:00:00,65913.0,65949.98,65866.0,65914.0,5.77211
1784618100000,2026-07-21 07:15:00,65914.0,65992.01,65894.36,65961.99,7.75155
1784619000000,2026-07-21 07:30:00,65962.0,66113.68,65950.0,66033.34,6.94439
1784619900000,2026-07-21 07:45:00,66033.35,66241.74,66028.65,66190.14,12.89911
1784620800000,2026-07-21 08:00:00,66190.15,66284.89,66129.19,66284.88,5.25397
1784621700000,2026-07-21 08:15:00,66284.88,66345.0,66208.4,66213.99,7.25438
1784622600000,2026-07-21 08:30:00,66213.99,66349.52,66188.0,66305.94,16.03709
1784623500000,2026-07-21 08:45:00,66305.95,66331.3,66210.0,66226.43,6.10081
1784624400000,2026-07-21 09:00:00,66226.44,66234.0,66160.0,66211.99,2.49834
1784625300000,2026-07-21 09:15:00,66212.0,66246.42,66191.51,66240.01,3.94241
1784626200000,2026-07-21 09:30:00,66240.01,66340.0,66228.6,66306.79,4.02067
1784627100000,2026-07-21 09:45:00,66306.78,66350.0,66272.07,66292.0,2.75348
1784628000000,2026-07-21 10:00:00,66292.0,66380.0,66272.0,66362.0,4.77762
1784628900000,2026-07-21 10:15:00,66361.52,66410.01,66314.92,66410.0,11.9199
1784629800000,2026-07-21 10:30:00,66410.0,66420.05,66328.97,66369.84,8.46316
1784630700000,2026-07-21 10:45:00,66369.84,66369.85,66179.99,66180.0,10.49626
1784631600000,2026-07-21 11:00:00,66180.0,66256.0,66152.82,66232.11,3.77178
1784632500000,2026-07-21 11:15:00,66232.11,66252.01,66184.0,66231.99,8.50494
1784633400000,2026-07-21 11:30:00,66232.0,66339.23,66227.99,66327.08,3.55587
1784634300000,2026-07-21 11:45:00,66327.08,66350.0,66320.25,66345.59,4.06011
1784635200000,2026-07-21 12:00:00,66345.59,66438.01,66262.14,66413.72,6.3481
1784636100000,2026-07-21 12:15:00,66413.72,66497.91,66383.39,66465.0,4.25233
1784637000000,2026-07-21 12:30:00,66465.01,66635.95,66377.36,66522.0,11.24459
1784637900000,2026-07-21 12:45:00,66522.0,66581.99,66500.0,66559.54,4.95971
1784638800000,2026-07-21 13:00:00,66559.54,66623.93,66515.51,66617.17,7.05116
1784639700000,2026-07-21 13:15:00,66617.16,66651.37,66418.0,66441.38,8.25332
1784640600000,2026-07-21 13:30:00,66440.01,66541.38,66340.0,66340.0,20.89699
1784641500000,2026-07-21 13:45:00,66340.01,66796.0,66340.0,66786.01,13.96553
1784642400000,2026-07-21 14:00:00,66786.01,66947.3,66740.43,66926.99,11.46436
1784643300000,2026-07-21 14:15:00,66926.99,67043.2,66648.27,66739.99,15.01411
1784644200000,2026-07-21 14:30:00,66740.0,66884.88,66674.84,66842.0,9.24623
1784645100000,2026-07-21 14:45:00,66842.0,66925.06,66814.96,66844.88,9.57879
1784646000000,2026-07-21 15:00:00,66844.89,66844.89,66659.98,66740.81,11.77395
1784646900000,2026-07-21 15:15:00,66740.81,66740.82,66619.33,66619.33,7.48168
1784647800000,2026-07-21 15:30:00,66619.34,66718.0,66526.13,66620.13,9.08081
1784648700000,2026-07-21 15:45:00,66620.13,66723.27,66592.0,66693.32,3.7015
1784649600000,2026-07-21 16:00:00,66676.54,66758.0,66596.25,66614.55,7.22348
1784650500000,2026-07-21 16:15:00,66614.55,66614.56,66525.42,66531.62,4.09874
1784651400000,2026-07-21 16:30:00,66531.62,66645.16,66506.03,66610.29,5.28291
1784652300000,2026-07-21 16:45:00,66610.29,66610.3,66533.4,66537.23,15.74774
1784653200000,2026-07-21 17:00:00,66537.24,66567.59,66537.23,66567.59,35.56821
1784654100000,2026-07-21 17:15:00,66564.47,66595.03,66433.09,66448.97,3.03075
1784655000000,2026-07-21 17:30:00,66448.96,66503.71,66402.14,66497.99,4.10999
1784655900000,2026-07-21 17:45:00,66498.0,66503.6,66146.01,66202.01,7.91358
1784656800000,2026-07-21 18:00:00,66201.87,66329.79,66115.9,66300.87,5.34849
1784657700000,2026-07-21 18:15:00,66300.87,66306.24,66182.0,66240.88,5.48851
1784658600000,2026-07-21 18:30:00,66240.88,66302.0,66113.99,66282.51,3.31963
1784659500000,2026-07-21 18:45:00,66282.52,66344.52,66274.0,66319.96,6.82521
1784660400000,2026-07-21 19:00:00,66319.96,66375.95,66265.04,66298.0,3.16576
1784661300000,2026-07-21 19:15:00,66298.0,66417.2,66288.33,66403.42,4.87867
1784662200000,2026-07-21 19:30:00,66402.99,66487.0,66397.43,66464.0,6.92671
1784663100000,2026-07-21 19:45:00,66464.0,66499.99,66417.6,66448.36,3.2797
1784664000000,2026-07-21 20:00:00,66445.29,66472.57,66367.99,66420.16,11.06713
1784664900000,2026-07-21 20:15:00,66420.17,66420.17,66366.07,66391.15,6.3721
1784665800000,2026-07-21 20:30:00,66391.14,66494.0,66391.14,66449.97,10.67639
1784666700000,2026-07-21 20:45:00,66449.98,66458.01,66406.68,66406.68,2.37232
1784667600000,2026-07-21 21:00:00,66406.58,66406.58,66308.0,66402.73,5.21685
1784668500000,2026-07-21 21:15:00,66402.72,66402.73,66322.0,66325.73,5.07832
1784669400000,2026-07-21 21:30:00,66324.65,66361.04,66290.0,66361.04,3.91353
1784670300000,2026-07-21 21:45:00,66361.03,66590.88,66336.0,66385.01,9.12913
1784671200000,2026-07-21 22:00:00,66385.0,66385.01,66306.0,66313.48,6.48972
1784672100000,2026-07-21 22:15:00,66313.48,66318.0,66213.74,66279.18,6.64677
1784673000000,2026-07-21 22:30:00,66279.18,66345.28,66258.74,66310.71,3.94145
1784673900000,2026-07-21 22:45:00,66310.7,66310.7,66242.0,66306.01,5.42586
1784674800000,2026-07-21 23:00:00,66306.01,66306.01,66228.55,66277.34,5.84143
1784675700000,2026-07-21 23:15:00,66277.34,66398.4,66277.33,66397.99,5.86161
1784676600000,2026-07-21 23:30:00,66397.99,66454.94,66384.14,66426.03,3.72038
1784677500000,2026-07-21 23:45:00,66426.03,66576.0,66426.02,66556.16,5.75068
1784678400000,2026-07-22 00:00:00,66556.16,66684.47,66537.56,66684.46,9.85576
1784679300000,2026-07-22 00:15:00,66684.47,66727.11,66582.9,66665.02,10.84867
1784680200000,2026-07-22 00:30:00,66665.02,66729.38,66630.0,66717.01,4.70994
1784681100000,2026-07-22 00:45:00,66717.01,66727.0,66692.0,66719.34,0.41736
