timestamp,datetime,open,high,low,close,volume
1780493400000,2026-06-03 13:30:00,67101.71,76707.8,57163.15,65418.35,93.39208
1780495200000,2026-06-03 14:00:00,53809.74,64000.0,42571.7,45397.7,9.92789
1780497000000,2026-06-03 14:30:00,45389.39,62609.2,35456.7,35725.7,7.35366
1780498800000,2026-06-03 15:00:00,35515.63,47233.07,17692.92,17820.89,7.24814
1780500600000,2026-06-03 15:30:00,17820.89,23055.38,7835.27,7835.27,12.03376
1780502400000,2026-06-03 16:00:00,8178.2,10517.41,3483.19,3533.09,24.40627
1780504200000,2026-06-03 16:30:00,3533.09,4231.29,1672.52,1748.41,45.28379
1780506000000,2026-06-03 17:00:00,1748.41,2163.2,916.38,1031.5,66.10295
1780507800000,2026-06-03 17:30:00,1022.9,1168.97,802.04,853.84,68.44642
1780509600000,2026-06-03 18:00:00,846.3,1361.56,846.3,1290.1,45.50661
1780511400000,2026-06-03 18:30:00,1290.1,2895.63,1241.18,2526.1,35.99222
1780513200000,2026-06-03 19:00:00,2546.5,2854.0,1719.4,1787.9,52.47851
1780515000000,2026-06-03 19:30:00,1796.5,2098.4,1097.56,1203.8,62.44088
1780516800000,2026-06-03 20:00:00,1204.0,2316.76,1094.57,2070.53,58.51228
1780518600000,2026-06-03 20:30:00,2087.23,3775.38,1847.4,3618.97,37.27036
1780520400000,2026-06-03 21:00:00,3618.97,5983.05,2955.01,5983.05,15.67478
1780522200000,2026-06-03 21:30:00,8352.24,10183.99,6458.03,8162.3,8.13839
1780524000000,2026-06-03 22:00:00,8179.89,14117.72,6222.37,13610.29,9.70548
1780525800000,2026-06-03 22:30:00,18841.39,60029.88,17453.53,50388.41,2.29738
1780527600000,2026-06-03 23:00:00,50287.82,66670.0,44726.45,64463.6,4.03561
1780529400000,2026-06-03 23:30:00,64463.6,66670.0,64463.6,64463.6,11.11363
1780531200000,2026-06-04 00:00:00,64464.41,66688.01,54225.26,65704.2,55.64168
1780533000000,2026-06-04 00:30:00,66144.43,66688.01,53627.59,63604.4,37.25371
1780534800000,2026-06-04 01:00:00,64163.62,66688.01,62767.9,62767.9,13.52464
1780536600000,2026-06-04 01:30:00,62785.35,66688.01,62518.83,64000.0,13.98905
1780538400000,2026-06-04 02:00:00,64603.94,66716.73,54100.38,63022.18,30.61432
1780540200000,2026-06-04 02:30:00,63022.18,63889.81,62918.09,63192.65,14.74831
1780542000000,2026-06-04 03:00:00,63192.66,64120.0,63192.65,63918.01,26.08102
1780543800000,2026-06-04 03:30:00,63918.0,64621.42,63905.48,64358.33,18.76723
1780545600000,2026-06-04 04:00:00,64363.49,70990.51,53898.07,64600.0,25.24011
1780547400000,2026-06-04 04:30:00,64600.0,64604.01,63017.91,64397.98,20.91292
1780549200000,2026-06-04 05:00:00,64397.99,64397.99,63671.99,63859.99,23.76005
1780551000000,2026-06-04 05:30:00,63859.99,64310.73,55000.0,63962.49,32.30362
1780552800000,2026-06-04 06:00:00,63966.0,64525.76,62929.72,64262.01,24.88909
1780554600000,2026-06-04 06:30:00,64262.0,64404.4,60716.9,64024.93,18.8676
1780556400000,2026-06-04 07:00:00,64024.94,64062.81,63498.0,63696.72,20.61313
1780558200000,2026-06-04 07:30:00,63696.72,64009.11,63603.32,63603.33,14.929
1780560000000,2026-06-04 08:00:00,63603.33,63891.45,63251.25,63496.0,22.14925
1780561800000,2026-06-04 08:30:00,63496.0,63784.2,63406.0,63641.76,16.19993
1780563600000,2026-06-04 09:00:00,63641.77,63641.77,62817.82,62876.0,24.66992
1780565400000,2026-06-04 09:30:00,62876.01,63242.99,62725.55,63242.99,19.48813
1780567200000,2026-06-04 10:00:00,63242.99,63454.77,62518.0,62524.0,21.0114
1780569000000,2026-06-04 10:30:00,62523.99,62788.02,62314.82,62430.01,23.77104
1780570800000,2026-06-04 11:00:00,62430.01,62666.0,62228.0,62631.99,31.95892
1780572600000,2026-06-04 11:30:00,62631.99,62806.38,62207.99,62527.04,22.08031
1780574400000,2026-06-04 12:00:00,62527.05,65008.56,53597.82,63254.01,37.27748
1780576200000,2026-06-04 12:30:00,63254.01,63910.41,63158.0,63766.82,24.8395
1780578000000,2026-06-04 13:00:00,63766.83,73229.03,53779.36,63240.0,54.89027
1780579800000,2026-06-04 13:30:00,63240.0,64415.26,63133.48,64204.14,30.13286
1780581600000,2026-06-04 14:00:00,64204.15,64488.24,63649.3,64142.0,27.21924
1780583400000,2026-06-04 14:30:00,64141.99,64141.99,63082.1,63943.99,16.19373
1780585200000,2026-06-04 15:00:00,63944.0,64400.0,63806.4,63971.84,24.95944
1780587000000,2026-06-04 15:30:00,63971.85,64075.62,63590.0,63918.0,19.3678
1780588800000,2026-06-04 16:00:00,63918.01,63918.01,63615.43,63660.89,18.47268
1780590600000,2026-06-04 16:30:00,63660.89,63858.58,63456.0,63562.04,17.69733
1780592400000,2026-06-04 17:00:00,63562.05,63705.12,63143.85,63210.22,24.32868
1780594200000,2026-06-04 17:30:00,63210.22,63613.7,62839.79,63550.94,21.97232
1780596000000,2026-06-04 18:00:00,63550.95,63866.33,63153.41,63866.33,14.4928
1780597800000,2026-06-04 18:30:00,63866.32,64085.02,63250.92,63842.48,21.72347
1780599600000,2026-06-04 19:00:00,63842.48,64309.08,63565.7,64125.68,18.71006
1780601400000,2026-06-04 19:30:00,64125.69,64125.69,63546.23,63661.22,11.58579
1780603200000,2026-06-04 20:00:00,63661.23,63790.4,63190.84,63300.0,22.02697
1780605000000,2026-06-04 20:30:00,63300.0,63653.2,63300.0,63635.71,17.04692
1780606800000,2026-06-04 21:00:00,63635.71,63861.73,63455.91,63495.63,15.38756
1780608600000,2026-06-04 21:30:00,63495.63,64258.01,63133.01,63288.36,11.41093
1780610400000,2026-06-04 22:00:00,63288.36,63487.27,53161.73,63353.01,22.6384
1780612200000,2026-06-04 22:30:00,63353.0,63767.74,63240.64,63767.73,21.34621
1780614000000,2026-06-04 23:00:00,63767.74,63842.0,63383.04,63488.0,32.3159
1780615800000,2026-06-04 23:30:00,63488.01,63915.91,63471.18,63886.0,15.18012
1780617600000,2026-06-05 00:00:00,63886.0,63895.99,63592.27,63895.99,34.947
1780619400000,2026-06-05 00:30:00,63896.0,64000.86,60851.04,63426.75,46.01321
1780621200000,2026-06-05 01:00:00,63426.76,64058.69,63093.53,63322.57,22.7549
1780623000000,2026-06-05 01:30:00,63322.56,63510.01,54253.79,63384.16,31.02662
1780624800000,2026-06-05 02:00:00,63384.16,63406.01,62728.68,62728.68,19.19492
1780626600000,2026-06-05 02:30:00,62728.68,62938.09,62601.55,62627.99,18.18153
1780628400000,2026-06-05 03:00:00,62628.0,62812.0,62346.0,62592.47,14.90222
1780630200000,2026-06-05 03:30:00,62592.48,62962.45,62145.5,62708.56,20.87472
1780632000000,2026-06-05 04:00:00,62708.56,63210.21,62509.55,63197.73,17.81137
1780633800000,2026-06-05 04:30:00,63197.74,63646.0,60705.15,63591.36,32.50262
1780635600000,2026-06-05 05:00:00,63591.36,63682.88,63278.01,63502.0,18.92186
1780637400000,2026-06-05 05:30:00,63502.0,63541.28,62304.36,62324.95,29.874
1780639200000,2026-06-05 06:00:00,62324.95,62634.53,61165.99,61668.0,37.66481
1780641000000,2026-06-05 06:30:00,61668.0,62175.78,61667.99,61934.99,36.50325
1780642800000,2026-06-05 07:00:00,61934.99,62353.02,61386.44,62259.89,30.45009
1780644600000,2026-06-05 07:30:00,62259.89,63068.01,62194.62,63068.01,19.45468
1780646400000,2026-06-05 08:00:00,63068.0,63100.0,60748.41,62813.15,23.65548
1780648200000,2026-06-05 08:30:00,62813.16,62973.58,52655.92,62448.01,16.87749
1780650000000,2026-06-05 09:00:00,62448.01,63209.86,62448.0,63119.15,23.59874
1780651800000,2026-06-05 09:30:00,63119.16,63301.88,62778.47,62855.13,15.39187
1780653600000,2026-06-05 10:00:00,62855.13,62931.81,62521.73,62589.0,22.48405
1780655400000,2026-06-05 10:30:00,62589.0,63301.88,52665.92,62540.0,15.90874
1780657200000,2026-06-05 11:00:00,62540.01,62644.48,62255.0,62466.98,20.48405
1780659000000,2026-06-05 11:30:00,62466.99,62521.92,61982.0,61995.02,17.42033
1780660800000,2026-06-05 12:00:00,61995.03,62415.17,53088.15,62167.57,30.11935
1780662600000,2026-06-05 12:30:00,62167.57,62307.11,61628.86,61960.0,27.60131
1780664400000,2026-06-05 13:00:00,61960.0,62289.13,61896.8,62155.51,23.74076
1780666200000,2026-06-05 13:30:00,62144.46,62305.31,52144.37,60738.53,23.06976
1780668000000,2026-06-05 14:00:00,60742.59,61308.49,60352.02,60380.58,29.9555
1780669800000,2026-06-05 14:30:00,60380.58,61152.99,59072.98,60877.45,26.77795
1780671600000,2026-06-05 15:00:00,60876.73,61086.62,60463.82,60784.04,25.16858
1780673400000,2026-06-05 15:30:00,60784.04,60837.83,60072.01,60461.26,22.52336
1780675200000,2026-06-05 16:00:00,60461.26,61521.99,59806.0,60928.01,36.4147
1780677000000,2026-06-05 16:30:00,60928.01,61456.32,60084.8,61406.52,22.99639
1780678800000,2026-06-05 17:00:00,61406.52,62626.63,60679.12,60700.0,18.79149
1780680600000,2026-06-05 17:30:00,60708.02,61094.01,60677.71,60806.0,17.2875
1780682400000,2026-06-05 18:00:00,60806.0,61282.37,60116.15,60180.17,21.61734
1780684200000,2026-06-05 18:30:00,60180.17,62626.63,59157.7,59400.01,27.22781
1780686000000,2026-06-05 19:00:00,59400.0,59846.0,58563.33,59846.0,26.8763
1780687800000,2026-06-05 19:30:00,59845.99,60587.86,59494.0,60302.73,23.04204
1780689600000,2026-06-05 20:00:00,60302.73,63336.91,59961.0,60944.0,34.92357
1780691400000,2026-06-05 20:30:00,60944.01,62010.72,60905.2,61657.04,19.99793
1780693200000,2026-06-05 21:00:00,61657.05,62230.38,61576.63,61591.72,21.65192
1780695000000,2026-06-05 21:30:00,61591.73,62725.92,61495.0,61677.6,17.52953
1780696800000,2026-06-05 22:00:00,61677.6,61829.01,59301.98,61488.45,18.93668
1780698600000,2026-06-05 22:30:00,61488.45,71148.03,52273.6,61590.06,34.28118
1780700400000,2026-06-05 23:00:00,61590.06,61749.99,60841.84,60951.64,22.54993
1780702200000,2026-06-05 23:30:00,60951.64,61063.13,60519.52,61063.13,12.56807
1780704000000,2026-06-06 00:00:00,61063.13,61516.8,51176.56,61313.62,21.23612
1780705800000,2026-06-06 00:30:00,61310.38,61537.27,61180.23,61271.47,16.21593
1780707600000,2026-06-06 01:00:00,61271.46,61380.0,58445.89,61291.24,17.63222
1780709400000,2026-06-06 01:30:00,61291.24,61304.57,60960.0,61084.31,17.47851
1780711200000,2026-06-06 02:00:00,61084.31,61084.31,60681.92,60824.54,16.12887
1780713000000,2026-06-06 02:30:00,60824.53,61161.83,60461.12,60951.63,14.70516
1780714800000,2026-06-06 03:00:00,60951.64,60951.64,60725.48,60799.99,17.50986
1780716600000,2026-06-06 03:30:00,60800.0,60800.0,60530.63,60684.37,15.42246
1780718400000,2026-06-06 04:00:00,60687.05,60860.0,59896.84,59965.75,27.41133
1780720200000,2026-06-06 04:30:00,59965.74,60562.66,59501.0,60097.29,21.54199
1780722000000,2026-06-06 05:00:00,60097.3,60977.51,59641.92,60750.01,33.58651
1780723800000,2026-06-06 05:30:00,60750.0,61045.92,60476.2,60940.87,14.05414
1780725600000,2026-06-06 06:00:00,60940.87,61254.65,60940.86,61025.3,19.24696
1780727400000,2026-06-06 06:30:00,61024.6,61181.03,60707.57,60767.68,13.36465
1780729200000,2026-06-06 07:00:00,60782.0,61214.65,51803.9,60884.31,19.54889
1780731000000,2026-06-06 07:30:00,60880.79,61104.0,60872.19,61001.9,14.76641
1780732800000,2026-06-06 08:00:00,61001.9,61435.31,60884.0,61435.31,14.47275
1780734600000,2026-06-06 08:30:00,61435.3,61496.94,61241.79,61241.79,13.7176
1780736400000,2026-06-06 09:00:00,61241.99,61320.0,61111.0,61320.0,15.8445
1780738200000,2026-06-06 09:30:00,61320.0,65710.41,51799.4,60970.71,17.01942
1780740000000,2026-06-06 10:00:00,60970.72,60979.51,60488.0,60536.1,20.8039
1780741800000,2026-06-06 10:30:00,60536.73,60658.08,60227.14,60607.22,16.9581
1780743600000,2026-06-06 11:00:00,60607.23,60853.77,60566.37,60810.54,17.15416
1780745400000,2026-06-06 11:30:00,60809.59,60960.65,60740.09,60801.67,10.32197
1780747200000,2026-06-06 12:00:00,60801.67,61097.55,60733.98,60733.99,22.35012
1780749000000,2026-06-06 12:30:00,60733.98,61134.0,60648.6,61026.0,23.7693
1780750800000,2026-06-06 13:00:00,61026.01,61091.31,60875.1,60878.24,16.02807
1780752600000,2026-06-06 13:30:00,60878.24,61210.53,59609.96,60794.75,18.0179
1780754400000,2026-06-06 14:00:00,60553.81,61016.0,60410.8,60888.0,17.76903
1780756200000,2026-06-06 14:30:00,60888.0,61004.0,60791.05,60791.05,16.40122
1780758000000,2026-06-06 15:00:00,60791.06,60869.55,60004.41,60673.84,14.50759
1780759800000,2026-06-06 15:30:00,60673.83,60921.23,55553.05,60784.0,12.12053
1780761600000,2026-06-06 16:00:00,60784.01,60997.13,60606.0,60624.08,17.08079
1780763400000,2026-06-06 16:30:00,60624.08,70990.51,59778.95,60771.73,45.56625
1780765200000,2026-06-06 17:00:00,60768.19,60840.48,60604.0,60673.99,9.92587
1780767000000,2026-06-06 17:30:00,60673.99,69260.69,60509.48,60576.2,14.80905
1780768800000,2026-06-06 18:00:00,60576.2,64839.8,60415.76,60718.19,17.38811
1780770600000,2026-06-06 18:30:00,60718.2,60718.2,60509.86,60637.21,9.62756
1780772400000,2026-06-06 19:00:00,60637.21,64839.8,60565.61,60611.06,9.11284
1780774200000,2026-06-06 19:30:00,60611.05,60680.0,60546.44,60600.01,7.52936
1780776000000,2026-06-06 20:00:00,60600.01,60636.54,60448.09,60584.02,12.0637
1780777800000,2026-06-06 20:30:00,60594.0,60751.5,60586.17,60701.01,7.89365
1780779600000,2026-06-06 21:00:00,60701.02,60944.0,60701.01,60890.94,13.34359
1780781400000,2026-06-06 21:30:00,60890.94,60993.81,60746.08,60751.22,7.90099
1780783200000,2026-06-06 22:00:00,60751.22,60812.95,60440.0,60460.63,16.48713
1780785000000,2026-06-06 22:30:00,60460.62,60715.45,60437.67,60608.18,10.92493
1780786800000,2026-06-06 23:00:00,60608.19,60973.85,60547.5,60713.58,10.06943
1780788600000,2026-06-06 23:30:00,60713.58,60942.74,60680.0,60879.58,5.7866
1780790400000,2026-06-07 00:00:00,60884.62,60933.29,50000.0,60843.02,10.81824
1780792200000,2026-06-07 00:30:00,60843.01,60985.7,60749.46,60784.73,12.94926
1780794000000,2026-06-07 01:00:00,60784.73,61641.72,50057.0,61638.78,22.96575
1780795800000,2026-06-07 01:30:00,61638.78,61638.79,61375.42,61481.97,16.46199
1780797600000,2026-06-07 02:00:00,61481.98,61549.07,61193.83,61244.54,15.62326
1780799400000,2026-06-07 02:30:00,61254.83,61558.05,61194.01,61500.01,13.75257
1780801200000,2026-06-07 03:00:00,61500.01,61759.64,61416.1,61661.13,16.79532
1780803000000,2026-06-07 03:30:00,61661.13,61720.99,61560.53,61708.45,10.88344
1780804800000,2026-06-07 04:00:00,61708.45,62128.68,60800.0,61565.96,16.2226
1780806600000,2026-06-07 04:30:00,61565.97,61907.07,61558.0,61907.06,13.38341
1780808400000,2026-06-07 05:00:00,61907.07,62128.68,59830.67,61736.53,25.29708
1780810200000,2026-06-07 05:30:00,61740.49,61859.62,61655.28,61764.01,15.02024
1780812000000,2026-06-07 06:00:00,61757.9,62000.0,61272.27,61976.09,14.84495
1780813800000,2026-06-07 06:30:00,61976.09,62251.77,61973.05,62101.01,33.05968
1780815600000,2026-06-07 07:00:00,62101.01,62793.99,61995.37,62232.0,28.12041
1780817400000,2026-06-07 07:30:00,62231.99,62403.27,62184.0,62401.92,23.49099
1780819200000,2026-06-07 08:00:00,62401.92,62542.19,62271.33,62536.58,21.45317
1780821000000,2026-06-07 08:30:00,62536.58,64976.75,52289.42,62862.76,25.31157
1780822800000,2026-06-07 09:00:00,62862.76,62882.09,62606.0,62685.48,17.07438
1780824600000,2026-06-07 09:30:00,62685.48,62690.0,62417.92,62530.0,15.27777
1780826400000,2026-06-07 10:00:00,62530.0,62567.97,52312.45,62515.86,13.89887
1780828200000,2026-06-07 10:30:00,62515.86,62556.32,62248.2,62376.59,14.81252
1780830000000,2026-06-07 11:00:00,62376.6,62552.26,62368.39,62535.55,14.21209
1780831800000,2026-06-07 11:30:00,62535.55,62754.45,62457.91,62621.96,11.2182
1780833600000,2026-06-07 12:00:00,62621.97,62643.97,51155.56,61940.61,26.92201
1780835400000,2026-06-07 12:30:00,61940.79,61988.6,61625.99,61911.41,15.08567
1780837200000,2026-06-07 13:00:00,61911.41,61911.41,61661.49,61840.61,20.94723
1780839000000,2026-06-07 13:30:00,61845.29,61903.37,61689.52,61704.01,16.92161
1780840800000,2026-06-07 14:00:00,61704.01,62142.1,61696.98,62082.0,18.19418
1780842600000,2026-06-07 14:30:00,62081.99,62353.81,61207.32,61912.41,19.53175
1780844400000,2026-06-07 15:00:00,61912.42,61965.41,61675.18,61959.94,24.16743
1780846200000,2026-06-07 15:30:00,61959.95,62184.01,61959.26,62093.99,15.5877
1780848000000,2026-06-07 16:00:00,62094.0,62303.01,61966.0,62179.14,25.38381
1780849800000,2026-06-07 16:30:00,62179.15,62287.51,62006.0,62072.52,16.33758
1780851600000,2026-06-07 17:00:00,62083.65,62324.88,62060.0,62251.36,15.79167
1780853400000,2026-06-07 17:30:00,62251.36,62315.92,62097.36,62160.01,10.15799
1780855200000,2026-06-07 18:00:00,62160.01,62295.51,62145.5,62227.82,12.8431
1780857000000,2026-06-07 18:30:00,62227.82,62287.38,62024.01,62024.01,11.15308
1780858800000,2026-06-07 19:00:00,62024.01,62226.45,51175.23,61482.97,22.29941
1780860600000,2026-06-07 19:30:00,61482.97,61489.31,61192.4,61327.99,9.86287
1780862400000,2026-06-07 20:00:00,61328.0,61977.04,61225.46,61749.49,19.83455
1780864200000,2026-06-07 20:30:00,61749.48,61959.99,61709.98,61886.68,10.05655
1780866000000,2026-06-07 21:00:00,61878.01,61992.01,61178.12,61781.86,11.73901
1780867800000,2026-06-07 21:30:00,61781.86,61844.0,51574.17,61773.92,12.6709
1780869600000,2026-06-07 22:00:00,61777.04,64125.63,61681.61,62979.99,41.98756
1780871400000,2026-06-07 22:30:00,62975.73,63387.35,62686.62,62865.88,18.82467
1780873200000,2026-06-07 23:00:00,62865.88,63479.1,61677.23,63254.0,22.96715
1780875000000,2026-06-07 23:30:00,63254.0,63441.73,63118.0,63322.0,14.13731
1780876800000,2026-06-08 00:00:00,63332.0,63506.68,63144.75,63468.63,29.22158
1780878600000,2026-06-08 00:30:00,63468.9,63950.69,63246.0,63646.0,23.07602
1780880400000,2026-06-08 01:00:00,63645.99,63646.0,62783.99,62799.99,36.8611
1780882200000,2026-06-08 01:30:00,62800.0,63276.18,53397.25,63193.99,30.36293
1780884000000,2026-06-08 02:00:00,63194.0,64164.14,53475.68,63110.0,27.50595
1780885800000,2026-06-08 02:30:00,63110.01,63178.01,62923.83,63133.31,14.63282
1780887600000,2026-06-08 03:00:00,63131.98,63426.37,62992.0,63156.76,20.0657
1780889400000,2026-06-08 03:30:00,63156.72,63244.0,63085.15,63116.0,12.87647
1780891200000,2026-06-08 04:00:00,63116.01,63169.94,62845.46,62936.0,13.94682
1780893000000,2026-06-08 04:30:00,62936.01,62986.0,62658.0,62771.45,20.81444
1780894800000,2026-06-08 05:00:00,62771.46,62825.12,62519.99,62708.0,21.55529
1780896600000,2026-06-08 05:30:00,62708.0,62774.01,62415.99,62744.0,27.96751
1780898400000,2026-06-08 06:00:00,62744.0,63140.0,62743.99,63091.99,26.05422
1780900200000,2026-06-08 06:30:00,63092.0,63096.73,62922.37,62988.0,50.99912
1780902000000,2026-06-08 07:00:00,62988.01,63248.17,62827.02,63178.19,29.57754
1780903800000,2026-06-08 07:30:00,63178.72,63349.47,59401.35,63283.99,27.30756
1780905600000,2026-06-08 08:00:00,63284.0,63369.95,62426.47,63098.0,21.41333
1780907400000,2026-06-08 08:30:00,63095.99,63196.0,63033.99,63136.0,34.28113
1780909200000,2026-06-08 09:00:00,63136.01,63733.41,63128.47,63422.0,48.72926
1780911000000,2026-06-08 09:30:00,63421.99,63941.39,62596.3,63491.57,50.29285
1780912800000,2026-06-08 10:00:00,63568.14,63568.14,53232.09,63135.37,45.99705
1780914600000,2026-06-08 10:30:00,63135.37,63501.97,62897.93,63146.01,39.37561
1780916400000,2026-06-08 11:00:00,63146.0,63652.46,62729.13,63616.37,47.24584
1780918200000,2026-06-08 11:30:00,63616.37,63865.19,54000.0,63510.0,54.33954
1780920000000,2026-06-08 12:00:00,63510.01,64223.26,61126.85,63104.0,79.3492
1780921800000,2026-06-08 12:30:00,63103.99,63868.25,53352.18,63842.0,100.9176
1780923600000,2026-06-08 13:00:00,63844.59,64223.26,53928.25,63596.0,31.02039
1780925400000,2026-06-08 13:30:00,63596.0,63822.01,63311.77,63783.99,41.02554
1780927200000,2026-06-08 14:00:00,63784.0,64502.49,63587.5,63772.45,47.3537
1780929000000,2026-06-08 14:30:00,63772.45,64065.44,63766.64,63950.0,27.28568
1780930800000,2026-06-08 15:00:00,63950.01,64742.92,63895.19,64000.01,34.86426
1780932600000,2026-06-08 15:30:00,64000.0,64020.43,63728.49,63737.99,23.2965
1780934400000,2026-06-08 16:00:00,63738.0,64205.52,63193.03,63882.01,22.96987
1780936200000,2026-06-08 16:30:00,63882.0,63882.01,63472.0,63519.27,14.51626
1780938000000,2026-06-08 17:00:00,63520.0,63892.55,63317.15,63622.0,19.2664
1780939800000,2026-06-08 17:30:00,63622.01,63626.0,63291.43,63543.99,15.96178
1780941600000,2026-06-08 18:00:00,63544.0,63661.42,63517.59,63640.01,14.59768
1780943400000,2026-06-08 18:30:00,63640.53,63690.0,63339.98,63466.82,11.06892
1780945200000,2026-06-08 19:00:00,63466.83,63568.0,63369.6,63512.0,14.21425
1780947000000,2026-06-08 19:30:00,63512.0,63838.68,63356.0,63379.29,18.47065
1780948800000,2026-06-08 20:00:00,63379.29,63436.0,63170.89,63170.9,12.31233
1780950600000,2026-06-08 20:30:00,63170.89,63458.28,63170.89,63455.38,8.58001
1780952400000,2026-06-08 21:00:00,63455.38,63786.0,63455.37,63716.49,18.4516
1780954200000,2026-06-08 21:30:00,63716.5,63838.0,63639.99,63734.7,10.51909
1780956000000,2026-06-08 22:00:00,63734.7,63734.7,63217.99,63372.0,28.78978
1780957800000,2026-06-08 22:30:00,63372.0,63507.35,63239.99,63440.01,11.27841
1780959600000,2026-06-08 23:00:00,63440.01,63654.02,63080.02,63156.01,18.18872
1780961400000,2026-06-08 23:30:00,63156.01,63838.68,62995.99,63080.53,14.29032
1780963200000,2026-06-09 00:00:00,63080.54,63166.01,62718.04,62718.05,22.33834
1780965000000,2026-06-09 00:30:00,62718.05,63398.94,59863.0,62563.45,31.21961
1780966800000,2026-06-09 01:00:00,62563.45,62854.01,58798.29,62804.01,20.5781
1780968600000,2026-06-09 01:30:00,62802.13,63165.11,62670.21,62804.0,16.94895
1780970400000,2026-06-09 02:00:00,62804.0,63838.68,62580.0,62762.58,12.71345
1780972200000,2026-06-09 02:30:00,62762.59,62874.0,62562.3,62864.0,12.97905
1780974000000,2026-06-09 03:00:00,62864.01,62972.75,62780.73,62810.72,16.7122
1780975800000,2026-06-09 03:30:00,62810.72,62890.0,62706.0,62875.87,13.47464
1780977600000,2026-06-09 04:00:00,62875.88,62974.71,62763.99,62793.64,11.8088
1780979400000,2026-06-09 04:30:00,62794.17,63877.52,62770.0,63260.0,21.01405
1780981200000,2026-06-09 05:00:00,63261.27,63360.0,63120.25,63315.84,13.27861
1780983000000,2026-06-09 05:30:00,63315.84,63516.01,63304.92,63340.4,21.47276
1780984800000,2026-06-09 06:00:00,63340.39,63506.0,63280.0,63423.36,13.48398
1780986600000,2026-06-09 06:30:00,63423.36,63460.23,63230.0,63298.41,11.04437
1780988400000,2026-06-09 07:00:00,63298.42,63674.75,61418.04,63035.27,26.18992
1780990200000,2026-06-09 07:30:00,63035.27,63213.75,63035.27,63197.43,11.27554
1780992000000,2026-06-09 08:00:00,63197.44,63205.9,62772.16,62881.44,26.06452
1780993800000,2026-06-09 08:30:00,62881.44,63004.0,62816.06,62853.38,14.04301
1780995600000,2026-06-09 09:00:00,62853.39,63909.12,62714.25,62838.61,19.43917
1780997400000,2026-06-09 09:30:00,62838.61,64122.43,62549.89,62715.36,16.62181
1780999200000,2026-06-09 10:00:00,62715.37,62792.42,62579.01,62741.38,14.09225
1781001000000,2026-06-09 10:30:00,62741.39,62823.65,62647.62,62796.89,13.37459
1781002800000,2026-06-09 11:00:00,62796.9,62814.85,62498.75,62592.0,17.99959
1781004600000,2026-06-09 11:30:00,62592.0,62753.77,62528.0,62695.92,14.06793
1781006400000,2026-06-09 12:00:00,62695.93,62928.18,60444.44,62661.06,20.74225
1781008200000,2026-06-09 12:30:00,62661.07,62661.07,60580.65,62594.93,18.65645
1781010000000,2026-06-09 13:00:00,62594.94,62707.69,62284.04,62344.68,21.28011
1781011800000,2026-06-09 13:30:00,62344.68,63010.67,62164.46,62302.15,29.46665
1781013600000,2026-06-09 14:00:00,62302.16,62910.14,61576.53,61605.99,33.22381
1781015400000,2026-06-09 14:30:00,61605.99,64205.52,51911.91,61520.18,57.34113
1781017200000,2026-06-09 15:00:00,61520.17,64205.52,58138.1,61320.13,33.36602
1781019000000,2026-06-09 15:30:00,61320.14,61552.75,59774.28,61156.52,42.75509
1781020800000,2026-06-09 16:00:00,61156.52,61649.63,60857.5,61041.32,35.08081
1781022600000,2026-06-09 16:30:00,61041.33,64843.68,56470.05,61382.0,55.36438
1781024400000,2026-06-09 17:00:00,61382.01,61866.01,60974.41,61720.82,46.95899
1781026200000,2026-06-09 17:30:00,61720.82,61857.6,51920.64,61696.01,33.94497
1781028000000,2026-06-09 18:00:00,61696.01,61957.33,61631.99,61734.28,33.485
1781029800000,2026-06-09 18:30:00,61734.28,61826.0,51769.13,61798.0,29.67303
1781031600000,2026-06-09 19:00:00,61799.53,62408.48,61722.0,61868.91,28.63523
1781033400000,2026-06-09 19:30:00,61868.89,67642.71,52032.95,62091.5,28.12927
1781035200000,2026-06-09 20:00:00,62091.5,62266.0,61968.18,62100.83,17.93823
1781037000000,2026-06-09 20:30:00,62100.83,62180.87,61991.11,62158.85,13.62812
1781038800000,2026-06-09 21:00:00,62158.85,62176.86,61803.65,61803.65,28.78491
1781040600000,2026-06-09 21:30:00,61803.66,72500.0,59863.0,61762.01,26.24765
1781042400000,2026-06-09 22:00:00,61762.01,61937.77,57705.27,61799.99,17.22645
1781044200000,2026-06-09 22:30:00,61799.99,62637.7,61680.24,61699.66,21.75104
1781046000000,2026-06-09 23:00:00,61714.0,62637.7,61657.32,61692.0,12.44343
1781047800000,2026-06-09 23:30:00,61692.0,64256.57,61562.0,61730.0,23.66673
1781049600000,2026-06-10 00:00:00,61729.99,63752.03,61701.1,61858.9,32.81205
1781051400000,2026-06-10 00:30:00,61858.9,61930.0,61459.99,61930.0,27.38373
1781053200000,2026-06-10 01:00:00,61930.0,62444.27,61694.0,61826.0,40.66746
1781055000000,2026-06-10 01:30:00,61826.0,61889.99,58698.59,61714.0,32.22025
1781056800000,2026-06-10 02:00:00,61714.0,63041.99,61350.0,61480.0,42.76533
1781058600000,2026-06-10 02:30:00,61479.99,70680.47,61237.13,61316.61,26.07727
1781060400000,2026-06-10 03:00:00,61316.62,61580.44,61286.01,61576.49,17.28841
1781062200000,2026-06-10 03:30:00,61576.48,61833.3,61448.01,61549.65,17.11874
1781064000000,2026-06-10 04:00:00,61549.65,61958.08,61453.23,61472.0,15.46016
1781065800000,2026-06-10 04:30:00,61471.99,61472.0,61201.49,61290.64,19.71468
1781067600000,2026-06-10 05:00:00,61290.64,61691.71,59339.82,61260.0,31.79941
1781069400000,2026-06-10 05:30:00,61260.0,61691.71,61199.77,61350.02,28.84686
1781071200000,2026-06-10 06:00:00,61350.02,61476.41,61296.02,61362.0,16.38396
1781073000000,2026-06-10 06:30:00,61362.0,61691.71,51732.83,61479.41,29.86685
1781074800000,2026-06-10 07:00:00,61479.41,61711.01,61442.0,61647.76,18.87591
1781076600000,2026-06-10 07:30:00,61647.76,61796.12,53594.0,61689.98,20.6201
1781078400000,2026-06-10 08:00:00,61689.98,61724.0,53777.78,61519.11,30.39298
1781080200000,2026-06-10 08:30:00,61519.11,62451.74,57921.46,61250.3,25.96483
1781082000000,2026-06-10 09:00:00,61250.31,63288.5,60804.01,61210.46,68.98039
1781083800000,2026-06-10 09:30:00,61210.45,61413.08,59441.35,61330.01,26.16884
1781085600000,2026-06-10 10:00:00,61330.01,61347.71,61151.4,61332.0,28.35795
1781087400000,2026-06-10 10:30:00,61332.0,61456.0,61268.0,61383.12,18.6434
1781089200000,2026-06-10 11:00:00,61383.12,62180.19,60018.04,60964.03,40.48131
1781091000000,2026-06-10 11:30:00,60964.03,61094.0,58055.81,61034.03,38.22732
1781092800000,2026-06-10 12:00:00,61034.04,61218.0,60916.01,61160.49,20.19772
1781094600000,2026-06-10 12:30:00,61160.49,68000.0,51263.81,61576.3,67.75524
1781096400000,2026-06-10 13:00:00,61576.3,61606.01,52468.8,61548.38,27.27633
1781098200000,2026-06-10 13:30:00,61548.38,68000.0,59863.0,62129.99,51.81049
1781100000000,2026-06-10 14:00:00,62129.99,62248.01,61880.0,62051.99,41.54489
1781101800000,2026-06-10 14:30:00,62052.0,62246.7,61831.1,62189.95,24.77647
1781103600000,2026-06-10 15:00:00,62189.96,62557.46,61866.7,62262.0,32.31681
1781105400000,2026-06-10 15:30:00,62262.0,63122.23,61997.24,62639.23,59.21911
1781107200000,2026-06-10 16:00:00,62639.24,62640.03,62140.0,62280.0,38.06945
1781109000000,2026-06-10 16:30:00,62279.99,62914.75,61943.99,62213.11,33.5632
1781110800000,2026-06-10 17:00:00,62213.11,62358.0,52931.16,61898.31,50.80651
1781112600000,2026-06-10 17:30:00,61898.31,62032.92,61662.29,61963.13,37.74553
1781114400000,2026-06-10 18:00:00,61963.13,63084.5,59574.58,61994.72,39.98614
1781116200000,2026-06-10 18:30:00,61994.71,62008.06,61546.7,61872.09,34.56825
1781118000000,2026-06-10 19:00:00,61868.66,62225.81,61681.51,61800.0,30.11305
1781119800000,2026-06-10 19:30:00,61799.99,62038.99,61799.99,61950.4,36.93711
1781121600000,2026-06-10 20:00:00,61950.41,61950.41,61695.08,61914.0,27.71797
1781123400000,2026-06-10 20:30:00,61913.99,61922.0,61714.0,61803.6,11.5353
1781125200000,2026-06-10 21:00:00,61805.51,61805.51,61511.86,61582.01,12.38012
1781127000000,2026-06-10 21:30:00,61582.0,62567.69,61212.0,61356.18,22.37599
1781128800000,2026-06-10 22:00:00,61356.18,61556.16,59077.08,61254.0,18.51634
1781130600000,2026-06-10 22:30:00,61254.0,62669.84,60000.0,61381.46,34.82582
1781132400000,2026-06-10 23:00:00,61381.46,61569.46,61166.0,61568.13,18.47924
1781134200000,2026-06-10 23:30:00,61556.01,61604.0,61474.0,61521.24,7.0431
1781136000000,2026-06-11 00:00:00,61521.25,64074.81,61521.24,61882.0,29.70029
1781137800000,2026-06-11 00:30:00,61882.0,61918.0,61136.79,61812.0,14.27047
1781139600000,2026-06-11 01:00:00,61812.0,62225.71,61722.17,62175.99,22.32671
1781141400000,2026-06-11 01:30:00,62176.0,62775.74,62098.0,62206.01,21.34156
1781143200000,2026-06-11 02:00:00,62206.0,62304.0,52143.88,62058.58,26.46542
1781145000000,2026-06-11 02:30:00,62058.59,62218.0,61944.19,62148.0,17.64468
1781146800000,2026-06-11 03:00:00,62148.0,62183.38,62012.0,62104.89,14.47628
1781148600000,2026-06-11 03:30:00,62109.46,62787.31,59863.0,62699.73,36.68352
1781150400000,2026-06-11 04:00:00,62692.01,62776.46,61811.62,62625.19,24.53189
1781152200000,2026-06-11 04:30:00,62625.2,63090.49,62548.13,62725.34,40.6921
1781154000000,2026-06-11 05:00:00,62730.0,62730.0,62560.98,62623.5,15.63673
1781155800000,2026-06-11 05:30:00,62623.5,62710.0,62598.0,62674.14,20.03657
1781157600000,2026-06-11 06:00:00,62674.15,63213.05,62504.05,62874.92,35.65847
1781159400000,2026-06-11 06:30:00,62874.93,62983.02,62756.0,62780.68,26.55191
1781161200000,2026-06-11 07:00:00,62774.0,63739.22,62612.01,62787.7,15.15159
1781163000000,2026-06-11 07:30:00,62787.7,63025.88,62615.82,62719.39,19.00161
1781164800000,2026-06-11 08:00:00,62719.38,63249.09,62719.38,62949.59,25.66733
1781166600000,2026-06-11 08:30:00,62949.58,63739.22,62850.0,62946.0,32.08396
1781168400000,2026-06-11 09:00:00,62946.0,63272.8,62790.0,62817.89,20.22382
1781170200000,2026-06-11 09:30:00,62817.89,63510.5,61694.45,62926.01,15.70322
1781172000000,2026-06-11 10:00:00,62926.01,62969.26,62806.65,62858.71,13.89427
1781173800000,2026-06-11 10:30:00,62858.71,63186.23,62848.01,63157.44,17.56522
1781175600000,2026-06-11 11:00:00,63157.44,63247.27,63058.67,63162.01,26.85559
1781177400000,2026-06-11 11:30:00,63162.01,63258.59,63084.0,63108.0,19.93946
1781179200000,2026-06-11 12:00:00,63108.01,63838.03,62371.86,62688.01,50.1506
1781181000000,2026-06-11 12:30:00,62688.0,63803.53,62512.01,63010.01,33.48498
1781182800000,2026-06-11 13:00:00,63010.01,63041.6,61044.0,62815.45,19.82862
1781184600000,2026-06-11 13:30:00,62815.46,64013.76,62685.79,63071.24,91.18644
1781186400000,2026-06-11 14:00:00,63071.39,63275.27,60854.4,63004.52,36.01537
1781188200000,2026-06-11 14:30:00,63018.32,63071.99,60055.1,62743.55,48.2385
1781190000000,2026-06-11 15:00:00,62734.02,63275.27,62557.37,62736.2,34.20151
1781191800000,2026-06-11 15:30:00,62736.2,64238.31,62586.0,62745.32,42.30566
1781193600000,2026-06-11 16:00:00,62749.44,62835.99,62593.21,62649.05,26.63488
1781195400000,2026-06-11 16:30:00,62639.79,62967.71,62571.99,62589.1,15.74297
1781197200000,2026-06-11 17:00:00,62582.48,64603.34,62353.3,62795.39,44.76645
1781199000000,2026-06-11 17:30:00,62795.39,64828.36,62795.38,63693.11,46.60273
1781200800000,2026-06-11 18:00:00,63636.97,64626.59,63335.54,63388.51,39.59233
1781202600000,2026-06-11 18:30:00,63388.51,64678.32,63384.0,63462.0,15.55706
1781204400000,2026-06-11 19:00:00,63461.12,63691.1,62938.86,63593.64,38.6225
1781206200000,2026-06-11 19:30:00,63593.64,63886.0,63593.64,63609.35,31.4081
1781208000000,2026-06-11 20:00:00,63608.91,63652.91,63339.55,63364.38,15.13629
1781209800000,2026-06-11 20:30:00,63367.89,63406.95,63270.0,63395.5,13.53074
1781211600000,2026-06-11 21:00:00,63393.66,63596.15,63393.65,63477.99,7.75464
1781213400000,2026-06-11 21:30:00,63477.99,63582.12,62958.53,63520.0,16.39399
1781215200000,2026-06-11 22:00:00,63520.0,63669.97,63519.99,63596.0,15.51525
1781217000000,2026-06-11 22:30:00,63592.65,63639.92,63462.0,63500.0,10.79676
1781218800000,2026-06-11 23:00:00,63500.01,63500.01,63362.53,63379.51,12.43609
1781220600000,2026-06-11 23:30:00,63379.5,63692.0,61044.0,63613.84,35.80955
1781222400000,2026-06-12 00:00:00,63621.29,63779.38,63524.0,63619.6,13.26744
1781224200000,2026-06-12 00:30:00,63616.01,63723.22,63568.0,63643.7,7.93471
1781226000000,2026-06-12 01:00:00,63648.8,64605.73,63307.25,63360.0,22.48109
1781227800000,2026-06-12 01:30:00,63360.0,63453.6,63312.0,63426.2,11.84906
1781229600000,2026-06-12 02:00:00,63426.21,63726.24,63426.2,63555.98,11.56499
1781231400000,2026-06-12 02:30:00,63555.98,63636.0,60542.17,63634.65,16.51309
1781233200000,2026-06-12 03:00:00,63624.08,63650.0,63364.19,63439.21,22.56825
1781235000000,2026-06-12 03:30:00,63441.34,63527.99,63441.33,63524.81,8.95763
1781236800000,2026-06-12 04:00:00,63524.82,63803.33,63430.16,63798.68,24.55648
1781238600000,2026-06-12 04:30:00,63797.51,63850.43,63197.32,63703.68,16.86177
1781240400000,2026-06-12 05:00:00,63700.0,63913.19,63146.23,63486.82,27.04735
1781242200000,2026-06-12 05:30:00,63486.83,63498.34,63313.88,63360.37,15.74814
1781244000000,2026-06-12 06:00:00,63358.21,63411.52,63116.66,63156.3,15.05981
1781245800000,2026-06-12 06:30:00,63158.0,63158.0,62839.59,62981.75,23.99572
1781247600000,2026-06-12 07:00:00,62981.76,63112.99,62956.0,63021.76,18.5186
1781249400000,2026-06-12 07:30:00,63030.38,63147.7,62979.99,63112.42,20.87859
1781251200000,2026-06-12 08:00:00,63112.42,63594.93,63100.79,63520.61,36.83225
1781253000000,2026-06-12 08:30:00,63533.36,63533.37,63360.57,63481.17,47.93142
1781254800000,2026-06-12 09:00:00,63470.82,63789.03,63443.99,63761.99,26.79655
1781256600000,2026-06-12 09:30:00,63761.99,63931.6,63755.87,63755.87,27.00434
1781258400000,2026-06-12 10:00:00,63752.93,64058.57,63368.99,63620.0,28.10073
1781260200000,2026-06-12 10:30:00,63619.99,63754.58,63618.81,63719.71,22.77942
1781262000000,2026-06-12 11:00:00,63719.72,63884.0,63690.0,63834.7,31.83532
1781263800000,2026-06-12 11:30:00,63828.01,63866.42,63694.62,63766.0,15.80391
1781265600000,2026-06-12 12:00:00,63766.01,63772.65,63463.14,63463.14,28.56795
1781267400000,2026-06-12 12:30:00,63463.15,64189.7,63393.99,63465.52,26.60964
1781269200000,2026-06-12 13:00:00,63465.51,63519.64,63358.92,63398.44,23.22561
1781271000000,2026-06-12 13:30:00,63398.45,63459.21,60938.65,63240.0,40.52481
1781272800000,2026-06-12 14:00:00,63240.0,65193.3,63215.07,63631.99,37.34756
1781274600000,2026-06-12 14:30:00,63631.99,63986.79,63429.48,63984.02,25.44335
1781276400000,2026-06-12 15:00:00,63984.02,64388.11,61508.24,64160.36,58.8083
1781278200000,2026-06-12 15:30:00,64163.58,64568.82,61303.51,63560.53,33.96113
1781280000000,2026-06-12 16:00:00,63560.54,63992.0,53275.19,63900.0,32.18032
1781281800000,2026-06-12 16:30:00,63900.01,64517.78,63787.97,63972.4,28.44185
1781283600000,2026-06-12 17:00:00,63972.4,64487.9,63745.99,63818.93,35.44229
1781285400000,2026-06-12 17:30:00,63818.93,66146.64,63764.0,63855.99,23.40758
1781287200000,2026-06-12 18:00:00,63856.0,63926.34,63686.0,63782.62,16.96639
1781289000000,2026-06-12 18:30:00,63782.62,66370.73,53777.78,63694.38,95.19221
1781290800000,2026-06-12 19:00:00,63694.39,63786.0,63666.79,63732.0,22.70307
1781292600000,2026-06-12 19:30:00,63730.68,63810.0,63602.5,63604.01,27.8313
1781294400000,2026-06-12 20:00:00,63604.01,63918.8,63510.89,63524.68,35.41833
1781296200000,2026-06-12 20:30:00,63524.68,63555.99,63402.73,63453.3,21.85713
1781298000000,2026-06-12 21:00:00,63453.31,63624.62,63440.01,63509.99,6.96223
1781299800000,2026-06-12 21:30:00,63510.0,64323.25,63295.92,63514.04,17.60584
1781301600000,2026-06-12 22:00:00,63514.05,64751.64,63471.99,63608.01,47.64921
1781303400000,2026-06-12 22:30:00,63608.01,63619.73,63472.05,63510.0,14.30004
1781305200000,2026-06-12 23:00:00,63510.0,63510.0,63426.83,63453.31,7.21742
1781307000000,2026-06-12 23:30:00,63453.31,63578.0,63439.0,63562.01,8.4816
1781308800000,2026-06-13 00:00:00,63562.01,63608.58,63530.0,63530.0,18.26411
1781310600000,2026-06-13 00:30:00,63530.0,63649.41,63507.39,63609.54,11.50741
1781312400000,2026-06-13 01:00:00,63609.54,63676.01,63605.67,63652.0,15.25413
1781314200000,2026-06-13 01:30:00,63652.0,63896.1,63640.29,63814.08,28.99583
1781316000000,2026-06-13 02:00:00,63814.08,63837.89,63707.6,63707.6,7.89158
1781317800000,2026-06-13 02:30:00,63707.61,63724.0,63558.0,63656.0,7.77185
1781319600000,2026-06-13 03:00:00,63655.99,63720.88,63463.99,63509.05,11.3119
1781321400000,2026-06-13 03:30:00,63509.04,63556.0,63488.0,63532.0,3.89487
1781323200000,2026-06-13 04:00:00,63532.01,63918.8,63013.58,63542.01,16.05243
1781325000000,2026-06-13 04:30:00,63542.0,63991.4,63302.24,63512.0,15.90093
1781326800000,2026-06-13 05:00:00,63512.01,63593.69,63497.29,63570.19,5.969
1781328600000,2026-06-13 05:30:00,63570.18,63586.3,63498.12,63584.03,11.13088
1781330400000,2026-06-13 06:00:00,63584.03,63680.0,63550.51,63680.0,8.24478
1781332200000,2026-06-13 06:30:00,63680.0,63740.0,63648.0,63740.0,8.11626
1781334000000,2026-06-13 07:00:00,63740.0,63808.0,63674.98,63779.08,8.99049
1781335800000,2026-06-13 07:30:00,63779.08,63879.98,63754.0,63845.99,34.51611
1781337600000,2026-06-13 08:00:00,63846.0,63882.51,63716.27,63818.0,36.51662
1781339400000,2026-06-13 08:30:00,63818.0,63987.16,63793.87,63806.01,41.82757
1781341200000,2026-06-13 09:00:00,63806.01,63867.65,61320.0,63815.99,55.12162
1781343000000,2026-06-13 09:30:00,63815.99,63831.96,63744.0,63744.0,5.26902
1781344800000,2026-06-13 10:00:00,63743.13,63794.0,63738.05,63768.64,12.84363
1781346600000,2026-06-13 10:30:00,63768.65,63906.0,63768.64,63838.0,6.73767
1781348400000,2026-06-13 11:00:00,63838.0,63969.49,63837.99,63953.5,11.87112
1781350200000,2026-06-13 11:30:00,63953.5,63987.16,63895.66,63972.45,35.9062
1781352000000,2026-06-13 12:00:00,63971.28,63987.16,63922.0,63949.85,10.53676
1781353800000,2026-06-13 12:30:00,63949.84,64204.86,63949.84,64137.0,18.49274
1781355600000,2026-06-13 13:00:00,64133.13,64244.93,64056.75,64230.25,24.75953
1781357400000,2026-06-13 13:30:00,64230.25,64241.99,64061.27,64112.66,20.7648
1781359200000,2026-06-13 14:00:00,64108.97,64184.72,64090.09,64132.81,23.82462
1781361000000,2026-06-13 14:30:00,64132.8,64390.34,64132.8,64220.97,17.15354
1781362800000,2026-06-13 15:00:00,64220.97,64317.94,64194.0,64293.07,14.18701
1781364600000,2026-06-13 15:30:00,64293.08,64350.0,64193.58,64296.15,8.35308
1781366400000,2026-06-13 16:00:00,64296.15,64296.15,63978.79,63985.29,14.92389
1781368200000,2026-06-13 16:30:00,63985.28,64151.9,53354.28,64022.83,19.50507
1781370000000,2026-06-13 17:00:00,64029.18,64093.03,63944.0,64093.03,7.88649
1781371800000,2026-06-13 17:30:00,64098.0,64120.0,63951.21,63971.2,10.43492
1781373600000,2026-06-13 18:00:00,63971.2,64205.47,63971.19,64194.76,12.86469
1781375400000,2026-06-13 18:30:00,64194.05,64281.43,64067.29,64164.67,7.5294
1781377200000,2026-06-13 19:00:00,64161.47,64210.52,64152.0,64184.87,14.57997
1781379000000,2026-06-13 19:30:00,64190.33,64333.62,64158.0,64297.05,18.52344
1781380800000,2026-06-13 20:00:00,64296.6,64296.6,64234.0,64245.78,8.20695
1781382600000,2026-06-13 20:30:00,64245.78,64290.0,64231.13,64278.3,7.45424
1781384400000,2026-06-13 21:00:00,64278.31,64312.0,64226.38,64244.53,5.75207
1781386200000,2026-06-13 21:30:00,64244.52,64740.37,54000.0,64488.55,24.48349
1781388000000,2026-06-13 22:00:00,64471.08,64527.0,54000.0,64522.14,23.69869
1781389800000,2026-06-13 22:30:00,64522.14,64555.27,64458.0,64458.01,16.55683
1781391600000,2026-06-13 23:00:00,64458.01,64593.6,64438.99,64444.36,45.0573
1781393400000,2026-06-13 23:30:00,64444.36,64494.69,64383.89,64458.0,12.83472
1781395200000,2026-06-14 00:00:00,64458.0,65508.75,54000.0,64459.99,28.25801
1781397000000,2026-06-14 00:30:00,64460.0,64585.1,64459.91,64563.05,56.74695
1781398800000,2026-06-14 01:00:00,64565.01,64696.45,64507.25,64660.0,11.61044
1781400600000,2026-06-14 01:30:00,64660.01,64660.01,64563.0,64563.0,7.40514
1781402400000,2026-06-14 02:00:00,64563.0,64646.5,64520.41,64539.99,26.13944
1781404200000,2026-06-14 02:30:00,64540.0,64560.28,64476.01,64491.3,4.7137
1781406000000,2026-06-14 03:00:00,64490.01,64540.0,64480.0,64530.19,5.92238
1781407800000,2026-06-14 03:30:00,64530.19,65005.92,63978.17,64545.3,5.42901
1781409600000,2026-06-14 04:00:00,64545.3,64563.48,61800.0,64470.0,33.18577
1781411400000,2026-06-14 04:30:00,64470.01,64474.01,64326.01,64379.99,81.43302
1781413200000,2026-06-14 05:00:00,64380.0,64388.79,64298.0,64306.32,31.01031
1781415000000,2026-06-14 05:30:00,64306.32,64406.12,64293.41,64366.0,6.83786
1781416800000,2026-06-14 06:00:00,64366.0,64475.37,64330.0,64365.17,18.03301
1781418600000,2026-06-14 06:30:00,64365.17,64389.94,64239.7,64286.1,14.4596
1781420400000,2026-06-14 07:00:00,64286.1,64372.0,61541.66,64356.95,8.46718
1781422200000,2026-06-14 07:30:00,64356.96,64445.95,64298.05,64422.0,8.70264
1781424000000,2026-06-14 08:00:00,64422.01,64513.82,64392.0,64480.8,9.23031
1781425800000,2026-06-14 08:30:00,64480.8,64502.0,64446.02,64456.32,32.12251
1781427600000,2026-06-14 09:00:00,64456.33,65068.8,64322.24,64353.98,24.25325
1781429400000,2026-06-14 09:30:00,64353.98,64948.64,64347.8,64616.0,15.2313
1781431200000,2026-06-14 10:00:00,64616.0,65086.92,64498.88,64598.0,12.7553
1781433000000,2026-06-14 10:30:00,64598.0,64664.0,64517.9,64517.9,11.50657
1781434800000,2026-06-14 11:00:00,64517.91,64592.0,64462.47,64582.77,49.49655
1781436600000,2026-06-14 11:30:00,64582.78,64641.9,64546.0,64546.0,19.2133
1781438400000,2026-06-14 12:00:00,64546.01,64560.66,64466.0,64467.25,5.21795
1781440200000,2026-06-14 12:30:00,64467.25,64476.01,64302.5,64327.54,8.94447
1781442000000,2026-06-14 13:00:00,64327.54,66403.83,64281.72,64281.72,15.21862
1781443800000,2026-06-14 13:30:00,64281.72,64384.0,64244.0,64304.75,16.77606
1781445600000,2026-06-14 14:00:00,64304.76,64341.43,64167.99,64167.99,18.35324
1781447400000,2026-06-14 14:30:00,64167.99,64350.0,63436.62,63983.56,31.13685
1781449200000,2026-06-14 15:00:00,63983.56,64135.57,63983.55,64055.22,20.14758
1781451000000,2026-06-14 15:30:00,64055.22,64350.0,64000.0,64025.07,21.73131
1781452800000,2026-06-14 16:00:00,64025.07,64251.55,64010.0,64133.73,15.66595
1781454600000,2026-06-14 16:30:00,64133.72,64190.0,63942.0,63948.81,23.55697
1781456400000,2026-06-14 17:00:00,63948.82,64350.0,63903.24,63903.24,23.16253
1781458200000,2026-06-14 17:30:00,63903.24,63964.54,63694.12,63732.65,25.06847
1781460000000,2026-06-14 18:00:00,63732.65,63786.0,63681.55,63727.07,33.8919
1781461800000,2026-06-14 18:30:00,63727.06,63813.3,63727.06,63813.3,8.2978
1781463600000,2026-06-14 19:00:00,63813.3,63861.85,63750.0,63797.56,10.93407
1781465400000,2026-06-14 19:30:00,63797.56,63832.0,63744.46,63802.0,11.21447
1781467200000,2026-06-14 20:00:00,63802.0,63955.21,63794.09,63923.99,10.77477
1781469000000,2026-06-14 20:30:00,63923.99,64092.0,59909.83,64008.63,25.16936
1781470800000,2026-06-14 21:00:00,64008.64,66403.83,64008.63,64671.06,28.10424
1781472600000,2026-06-14 21:30:00,64671.06,65600.53,54000.0,65304.01,37.31863
1781474400000,2026-06-14 22:00:00,65304.01,65502.9,61334.06,65212.53,66.9621
1781476200000,2026-06-14 22:30:00,65212.53,67333.07,65181.59,65394.0,27.28239
1781478000000,2026-06-14 23:00:00,65393.99,68000.0,54537.98,65690.01,51.30158
1781479800000,2026-06-14 23:30:00,65690.0,65797.32,65537.01,65754.0,18.38919
1781481600000,2026-06-15 00:00:00,65754.22,66304.7,54000.0,65779.16,33.35058
1781483400000,2026-06-15 00:30:00,65779.17,65792.41,59863.4,65610.66,27.09471
1781485200000,2026-06-15 01:00:00,65610.66,65623.05,65356.36,65417.45,20.12886
1781487000000,2026-06-15 01:30:00,65417.45,65792.41,54537.98,65496.05,28.23138
1781488800000,2026-06-15 02:00:00,65496.05,65770.0,65450.0,65639.29,15.96935
1781490600000,2026-06-15 02:30:00,65639.3,65792.41,57000.13,65472.0,14.10257
1781492400000,2026-06-15 03:00:00,65472.01,66322.08,65425.46,65730.0,14.90551
1781494200000,2026-06-15 03:30:00,65730.0,65979.03,65695.81,65900.0,22.13081
1781496000000,2026-06-15 04:00:00,65900.01,65918.54,60077.32,65716.76,11.38093
1781497800000,2026-06-15 04:30:00,65716.77,65737.99,65633.28,65644.01,8.80269
1781499600000,2026-06-15 05:00:00,65644.01,65867.17,65612.01,65830.68,9.88051
1781501400000,2026-06-15 05:30:00,65830.68,65858.2,65704.0,65858.01,6.93429
1781503200000,2026-06-15 06:00:00,65858.01,65967.27,54537.98,65942.0,10.79075
1781505000000,2026-06-15 06:30:00,65942.01,65948.39,65781.99,65822.07,11.14978
1781506800000,2026-06-15 07:00:00,65822.07,66000.0,65690.0,65964.6,11.14765
1781508600000,2026-06-15 07:30:00,65964.6,65964.6,65635.75,65669.59,16.12938
1781510400000,2026-06-15 08:00:00,65669.6,65753.66,65620.0,65675.55,11.45038
1781512200000,2026-06-15 08:30:00,65675.56,65796.01,65650.32,65687.99,12.49902
1781514000000,2026-06-15 09:00:00,65688.0,66074.38,65644.16,65644.16,19.39546
1781515800000,2026-06-15 09:30:00,65644.17,65648.7,65522.58,65596.86,8.04401
1781517600000,2026-06-15 10:00:00,65596.86,65757.45,65584.37,65620.0,12.25184
1781519400000,2026-06-15 10:30:00,65711.93,66322.08,65620.0,65906.0,12.49355
1781521200000,2026-06-15 11:00:00,65906.0,66337.6,54537.98,66223.72,40.97491
1781523000000,2026-06-15 11:30:00,66224.0,66298.0,66136.54,66239.49,14.13349
1781524800000,2026-06-15 12:00:00,66239.49,66337.98,66111.97,66281.83,17.51354
1781526600000,2026-06-15 12:30:00,66281.84,66600.0,66200.64,66563.48,44.41579
1781528400000,2026-06-15 13:00:00,66563.49,66947.16,66462.53,66834.0,29.4401
1781530200000,2026-06-15 13:30:00,66834.01,66886.0,65818.54,66447.05,35.32188
1781532000000,2026-06-15 14:00:00,66447.05,66551.99,62618.29,66546.38,28.98038
1781533800000,2026-06-15 14:30:00,66546.39,66672.48,66426.0,66602.9,24.41459
1781535600000,2026-06-15 15:00:00,66602.91,68000.0,66580.42,66658.0,20.00585
1781537400000,2026-06-15 15:30:00,66658.0,70356.0,62871.61,67259.98,37.96996
1781539200000,2026-06-15 16:00:00,67259.99,69592.36,67102.21,67175.44,20.45255
1781541000000,2026-06-15 16:30:00,67175.44,67268.0,56462.85,67157.01,50.9876
1781542800000,2026-06-15 17:00:00,67157.01,67367.87,66783.78,66811.01,18.08528
1781544600000,2026-06-15 17:30:00,66811.01,66938.0,66680.54,66846.91,19.04383
1781546400000,2026-06-15 18:00:00,66846.92,66882.0,56000.0,66843.18,26.12269
1781548200000,2026-06-15 18:30:00,66843.19,66920.0,66746.25,66767.05,21.95397
1781550000000,2026-06-15 19:00:00,66767.06,66889.85,66410.0,66538.93,36.18581
1781551800000,2026-06-15 19:30:00,66538.94,68142.4,66519.99,66585.29,12.38164
1781553600000,2026-06-15 20:00:00,66585.29,66624.02,66506.43,66578.0,9.39541
1781555400000,2026-06-15 20:30:00,66578.0,66674.01,66497.99,66504.09,10.63198
1781557200000,2026-06-15 21:00:00,66504.09,66561.15,66399.4,66410.0,6.55645
1781559000000,2026-06-15 21:30:00,66410.0,66474.0,54464.18,66368.15,26.80078
1781560800000,2026-06-15 22:00:00,66368.16,66960.14,54896.4,66166.89,30.42392
1781562600000,2026-06-15 22:30:00,66164.01,67000.0,57401.76,66208.01,26.2132
1781564400000,2026-06-15 23:00:00,66208.01,67125.65,66150.24,66226.07,15.01745
1781566200000,2026-06-15 23:30:00,66226.07,66360.0,66124.6,66328.74,9.23833
1781568000000,2026-06-16 00:00:00,66328.74,66418.73,66242.0,66248.0,15.21335
1781569800000,2026-06-16 00:30:00,66247.99,66462.46,66243.21,66248.94,20.64429
1781571600000,2026-06-16 01:00:00,66248.94,66382.3,55786.34,66376.66,15.088
1781573400000,2026-06-16 01:30:00,66376.66,66418.01,66065.84,66346.52,14.90977
1781575200000,2026-06-16 02:00:00,66346.52,66721.13,55782.48,65794.01,22.22749
1781577000000,2026-06-16 02:30:00,65794.0,65912.0,65688.0,65740.0,9.51146
1781578800000,2026-06-16 03:00:00,65740.0,66004.0,65652.93,65980.45,17.78703
1781580600000,2026-06-16 03:30:00,65980.46,66161.03,65980.45,66161.03,18.69653
1781582400000,2026-06-16 04:00:00,66165.22,66282.64,65984.01,65984.02,18.53382
1781584200000,2026-06-16 04:30:00,65984.02,66228.7,65816.63,65873.4,19.63921
1781586000000,2026-06-16 05:00:00,65873.4,66106.0,65865.79,66078.0,13.56981
1781587800000,2026-06-16 05:30:00,66078.0,68446.58,62808.28,66071.44,18.40523
1781589600000,2026-06-16 06:00:00,66071.44,66343.75,54867.97,66343.75,22.74029
1781591400000,2026-06-16 06:30:00,66343.75,66559.36,63959.56,66446.0,19.48607
1781593200000,2026-06-16 07:00:00,66446.01,66839.61,63112.8,66338.01,45.36699
1781595000000,2026-06-16 07:30:00,66338.01,66426.0,66308.73,66371.18,13.44539
1781596800000,2026-06-16 08:00:00,66371.18,66571.3,66345.06,66550.01,14.95204
1781598600000,2026-06-16 08:30:00,66550.01,66975.67,66516.0,66892.0,15.85864
1781600400000,2026-06-16 09:00:00,66892.01,66899.61,66569.21,66618.0,16.5334
1781602200000,2026-06-16 09:30:00,66618.0,66729.79,55383.66,66510.0,30.48654
1781604000000,2026-06-16 10:00:00,66510.01,67137.82,66504.14,66678.0,18.44449
1781605800000,2026-06-16 10:30:00,66677.99,66678.0,66486.38,66518.7,44.83258
1781607600000,2026-06-16 11:00:00,66518.7,66639.81,66403.24,66477.06,39.76293
1781609400000,2026-06-16 11:30:00,66477.06,66478.67,66368.36,66477.67,15.84514
1781611200000,2026-06-16 12:00:00,66477.68,67561.24,66338.0,66581.99,25.88368
1781613000000,2026-06-16 12:30:00,66582.0,71000.0,56852.28,66429.83,62.86206
1781614800000,2026-06-16 13:00:00,66429.84,66463.13,66023.01,66035.98,22.58561
1781616600000,2026-06-16 13:30:00,66035.99,71000.0,65941.83,66059.51,29.7734
1781618400000,2026-06-16 14:00:00,66059.51,66935.69,55734.59,65572.01,45.52884
1781620200000,2026-06-16 14:30:00,65572.0,66053.45,62776.61,65653.2,34.50637
1781622000000,2026-06-16 15:00:00,65653.2,66984.44,54616.89,65816.01,34.18232
1781623800000,2026-06-16 15:30:00,65816.0,66029.42,65714.0,65873.57,25.38768
1781625600000,2026-06-16 16:00:00,65873.57,65937.4,65726.15,65785.99,10.9116
1781627400000,2026-06-16 16:30:00,65786.0,66038.0,63185.28,65759.79,19.8504
1781629200000,2026-06-16 17:00:00,65758.07,65844.01,65710.34,65747.17,11.7729
1781631000000,2026-06-16 17:30:00,65747.17,66002.0,65713.96,65978.79,16.71179
1781632800000,2026-06-16 18:00:00,65978.79,66230.17,65874.92,65906.51,12.75176
1781634600000,2026-06-16 18:30:00,65909.75,65966.8,65803.99,65836.03,13.46333
1781636400000,2026-06-16 19:00:00,65836.04,65836.05,65573.99,65708.33,12.73475
1781638200000,2026-06-16 19:30:00,65708.33,65762.0,61147.9,65667.9,12.66062
1781640000000,2026-06-16 20:00:00,65667.9,65842.0,65592.0,65721.38,10.59003
1781641800000,2026-06-16 20:30:00,65721.38,65865.91,65720.34,65851.77,26.17993
1781643600000,2026-06-16 21:00:00,65851.77,66984.44,65727.48,65728.01,44.79321
1781645400000,2026-06-16 21:30:00,65728.01,65784.0,65654.9,65776.98,10.09722
1781647200000,2026-06-16 22:00:00,65776.98,65880.0,65719.95,65776.93,6.3628
1781649000000,2026-06-16 22:30:00,65776.93,65792.0,65680.0,65780.0,5.26782
1781650800000,2026-06-16 23:00:00,65780.01,65834.17,65644.0,65732.0,9.70062
1781652600000,2026-06-16 23:30:00,65732.0,65778.0,65631.72,65675.01,7.31891
1781654400000,2026-06-17 00:00:00,65675.02,65806.57,65533.07,65725.95,7.63096
1781656200000,2026-06-17 00:30:00,65725.95,65848.0,65695.99,65700.0,8.14984
1781658000000,2026-06-17 01:00:00,65700.0,65823.86,55263.16,65582.01,44.02726
1781659800000,2026-06-17 01:30:00,65582.01,65952.62,65547.99,65941.58,10.01672
1781661600000,2026-06-17 02:00:00,65941.58,66131.36,65844.26,66087.98,15.83107
1781663400000,2026-06-17 02:30:00,66087.99,66098.81,65084.86,65903.99,12.70145
1781665200000,2026-06-17 03:00:00,65904.0,65904.0,65711.53,65780.01,9.9964
1781667000000,2026-06-17 03:30:00,65780.0,65872.01,65770.0,65846.0,7.25439
1781668800000,2026-06-17 04:00:00,65846.01,65906.95,65791.99,65906.95,9.17844
1781670600000,2026-06-17 04:30:00,65906.96,66038.49,65864.01,65892.0,17.81728
1781672400000,2026-06-17 05:00:00,65892.01,65978.0,65754.46,65856.0,8.19297
1781674200000,2026-06-17 05:30:00,65856.01,65934.02,65774.01,65836.31,5.97285
1781676000000,2026-06-17 06:00:00,65836.31,65892.91,65654.9,65656.87,7.92016
1781677800000,2026-06-17 06:30:00,65650.01,65733.83,65582.63,65626.0,7.57947
1781679600000,2026-06-17 07:00:00,65626.0,65702.35,61794.99,65555.8,14.85154
1781681400000,2026-06-17 07:30:00,65555.8,65580.48,65257.95,65540.76,11.49176
1781683200000,2026-06-17 08:00:00,65540.77,65574.0,65245.99,65330.01,14.92316
1781685000000,2026-06-17 08:30:00,65330.01,65330.01,64872.65,64926.01,14.51686
1781686800000,2026-06-17 09:00:00,64926.02,65076.76,64920.32,65044.0,17.31672
1781688600000,2026-06-17 09:30:00,65044.0,65050.23,64844.0,64909.44,9.00191
1781690400000,2026-06-17 10:00:00,64909.44,64970.0,64829.99,64936.21,12.81783
1781692200000,2026-06-17 10:30:00,64936.0,64974.0,64768.0,64791.82,8.45023
1781694000000,2026-06-17 11:00:00,64796.0,64831.99,64569.99,64704.91,13.32803
1781695800000,2026-06-17 11:30:00,64704.91,64862.0,64670.0,64810.0,10.31026
1781697600000,2026-06-17 12:00:00,64810.01,64874.0,64652.0,64685.99,9.68743
1781699400000,2026-06-17 12:30:00,64686.0,65057.81,64590.54,65042.54,18.90798
1781701200000,2026-06-17 13:00:00,65045.73,65098.0,64874.5,64908.0,10.65261
1781703000000,2026-06-17 13:30:00,64908.0,65360.01,64850.0,65292.01,30.63741
1781704800000,2026-06-17 14:00:00,65292.01,65458.02,65142.0,65252.0,26.58604
1781706600000,2026-06-17 14:30:00,65252.0,65446.23,64806.24,65100.01,26.38112
1781708400000,2026-06-17 15:00:00,65100.01,65446.23,64991.99,65318.53,31.72996
1781710200000,2026-06-17 15:30:00,65327.77,65824.01,65271.99,65752.0,21.67485
1781712000000,2026-06-17 16:00:00,65752.0,66437.64,54616.89,66320.01,66.33819
1781713800000,2026-06-17 16:30:00,66318.68,66318.68,65139.39,65857.32,35.71334
1781715600000,2026-06-17 17:00:00,65866.01,66083.2,65815.01,65974.0,18.36575
1781717400000,2026-06-17 17:30:00,65973.99,66151.07,65824.0,66081.33,18.58608
1781719200000,2026-06-17 18:00:00,66081.34,66081.34,64531.97,65378.67,32.9663
1781721000000,2026-06-17 18:30:00,65404.13,66238.48,64728.61,65538.68,37.45225
1781722800000,2026-06-17 19:00:00,65521.68,65638.01,55994.61,64429.3,32.47369
1781724600000,2026-06-17 19:30:00,64429.3,64647.73,64095.27,64303.99,24.95959
1781726400000,2026-06-17 20:00:00,64306.0,64457.96,64204.72,64361.11,10.44519
1781728200000,2026-06-17 20:30:00,64361.1,64485.53,64197.75,64424.52,16.42346
1781730000000,2026-06-17 21:00:00,64432.0,64446.0,64262.0,64266.01,10.95588
1781731800000,2026-06-17 21:30:00,64266.0,64415.86,59863.4,64257.76,7.85226
1781733600000,2026-06-17 22:00:00,64257.77,64371.06,63937.5,64352.52,14.86691
1781735400000,2026-06-17 22:30:00,64364.42,64434.84,64244.0,64300.02,11.96972
1781737200000,2026-06-17 23:00:00,64300.01,64528.73,64249.99,64496.0,13.05892
1781739000000,2026-06-17 23:30:00,64496.0,64520.89,64400.0,64509.4,8.74138
1781740800000,2026-06-18 00:00:00,64509.41,65203.72,53064.01,64591.96,53.50871
1781742600000,2026-06-18 00:30:00,64591.95,65008.59,54223.58,64468.67,26.0209
1781744400000,2026-06-18 01:00:00,64468.01,64806.0,64468.0,64657.14,16.36758
1781746200000,2026-06-18 01:30:00,64658.77,64744.76,64481.99,64546.55,11.98938
1781748000000,2026-06-18 02:00:00,64548.75,64747.19,62966.61,64702.2,30.55891
1781749800000,2026-06-18 02:30:00,64702.2,64764.88,64457.24,64705.8,9.46969
1781751600000,2026-06-18 03:00:00,64689.5,64689.5,62364.96,64318.99,7.62666
1781753400000,2026-06-18 03:30:00,64325.27,64407.48,64270.0,64282.0,10.36641
1781755200000,2026-06-18 04:00:00,64282.0,65275.89,62000.0,63954.0,40.25169
1781757000000,2026-06-18 04:30:00,63951.98,65887.04,63832.84,63948.01,20.54429
1781758800000,2026-06-18 05:00:00,63948.02,64303.24,63605.36,63941.29,34.41864
1781760600000,2026-06-18 05:30:00,63941.28,65190.1,63868.5,63992.01,17.67802
1781762400000,2026-06-18 06:00:00,63992.01,64062.75,63850.01,63991.51,9.68754
1781764200000,2026-06-18 06:30:00,63991.51,64127.34,63970.39,64116.0,6.83735
1781766000000,2026-06-18 07:00:00,64115.99,64310.0,53135.36,64307.17,14.14848
1781767800000,2026-06-18 07:30:00,64305.84,64510.45,64260.71,64510.44,16.36311
1781769600000,2026-06-18 08:00:00,64510.45,64624.52,64390.01,64586.78,18.77826
1781771400000,2026-06-18 08:30:00,64585.46,64588.0,64378.25,64381.78,13.69565
1781773200000,2026-06-18 09:00:00,64381.78,64478.0,64245.98,64250.01,12.3958
1781775000000,2026-06-18 09:30:00,64248.68,64316.01,64196.24,64199.53,8.82898
1781776800000,2026-06-18 10:00:00,64199.53,64199.53,63913.95,63965.48,35.25824
1781778600000,2026-06-18 10:30:00,63965.47,64314.85,63956.84,64092.01,22.36691
1781780400000,2026-06-18 11:00:00,64092.01,64196.0,63912.01,64056.0,13.87082
1781782200000,2026-06-18 11:30:00,64056.0,64078.0,62437.72,63974.41,23.16344
1781784000000,2026-06-18 12:00:00,63974.41,64186.36,63922.0,64186.36,20.19357
1781785800000,2026-06-18 12:30:00,64186.36,64402.01,64134.0,64380.24,9.53935
1781787600000,2026-06-18 13:00:00,64380.24,64445.19,63415.48,64364.42,21.76145
1781789400000,2026-06-18 13:30:00,64363.09,64374.01,63809.99,63948.84,32.06875
1781791200000,2026-06-18 14:00:00,63948.84,64176.0,63726.55,63839.99,28.31467
1781793000000,2026-06-18 14:30:00,63840.0,64062.0,61893.76,63846.01,31.53688
1781794800000,2026-06-18 15:00:00,63846.01,63846.01,62491.39,63231.99,29.73706
1781796600000,2026-06-18 15:30:00,63231.99,63372.0,62335.99,62365.61,49.81348
1781798400000,2026-06-18 16:00:00,62365.61,63767.67,61601.26,62589.29,43.55419
1781800200000,2026-06-18 16:30:00,62589.81,62814.0,62518.0,62680.0,23.42006
1781802000000,2026-06-18 17:00:00,62680.01,62706.1,62283.99,62599.98,24.64524
1781803800000,2026-06-18 17:30:00,62599.99,62742.0,62520.07,62609.69,30.51264
1781805600000,2026-06-18 18:00:00,62609.7,64455.21,62597.03,62847.63,31.8534
1781807400000,2026-06-18 18:30:00,62847.63,62883.6,51263.81,62708.93,30.79042
1781809200000,2026-06-18 19:00:00,62708.93,62804.0,62638.01,62770.08,21.885
1781811000000,2026-06-18 19:30:00,62770.6,63000.01,51990.87,62955.89,22.32035
1781812800000,2026-06-18 20:00:00,62955.9,65190.1,62955.89,63120.0,15.7971
1781814600000,2026-06-18 20:30:00,63118.68,63173.65,63056.63,63086.01,13.56743
1781816400000,2026-06-18 21:00:00,63086.01,65237.4,62873.65,62962.67,31.72037
1781818200000,2026-06-18 21:30:00,62958.01,62999.53,62881.44,62971.33,9.24882
1781820000000,2026-06-18 22:00:00,62971.33,62982.0,52381.5,62828.0,13.91915
1781821800000,2026-06-18 22:30:00,62828.0,62896.66,62742.0,62885.84,8.79317
1781823600000,2026-06-18 23:00:00,62885.85,62927.99,62761.34,62878.46,6.28278
1781825400000,2026-06-18 23:30:00,62878.46,62960.95,62861.99,62959.63,4.1927
1781827200000,2026-06-19 00:00:00,62958.65,65237.4,60520.78,62930.0,17.28009
1781829000000,2026-06-19 00:30:00,62930.01,63086.0,62930.01,62992.01,5.10859
1781830800000,2026-06-19 01:00:00,62992.01,63471.64,62912.0,62925.99,17.32411
1781832600000,2026-06-19 01:30:00,62926.0,63032.06,61920.29,63021.85,10.60886
1781834400000,2026-06-19 02:00:00,63021.86,64952.17,61716.45,62960.83,19.11706
1781836200000,2026-06-19 02:30:00,62960.83,63022.9,62893.71,63006.01,15.32069
1781838000000,2026-06-19 03:00:00,63006.01,63026.01,52705.29,62834.51,33.91492
1781839800000,2026-06-19 03:30:00,62837.99,62838.0,58803.95,62772.35,23.42685
1781841600000,2026-06-19 04:00:00,62772.35,62916.66,62624.0,62730.87,10.11403
1781843400000,2026-06-19 04:30:00,62728.68,62728.68,62414.01,62452.0,18.78085
1781845200000,2026-06-19 05:00:00,62452.0,62670.0,62452.0,62599.59,16.37961
1781847000000,2026-06-19 05:30:00,62616.0,62744.0,62577.99,62734.86,11.22017
1781848800000,2026-06-19 06:00:00,62739.21,62850.59,62728.0,62839.38,14.53443
1781850600000,2026-06-19 06:30:00,62839.38,62914.73,61113.7,62906.73,12.4324
1781852400000,2026-06-19 07:00:00,62906.74,62917.32,62728.0,62736.02,8.98865
1781854200000,2026-06-19 07:30:00,62736.01,62818.03,62504.27,62627.99,16.82384
1781856000000,2026-06-19 08:00:00,62628.0,62716.0,62562.72,62662.0,15.44029
1781857800000,2026-06-19 08:30:00,62661.99,62782.0,62578.53,62584.0,17.094
1781859600000,2026-06-19 09:00:00,62584.01,62641.99,62316.44,62385.24,17.9973
1781861400000,2026-06-19 09:30:00,62385.25,62498.0,62353.44,62396.37,18.00974
1781863200000,2026-06-19 10:00:00,62396.38,62559.01,62392.0,62506.03,19.57437
1781865000000,2026-06-19 10:30:00,62504.71,62587.26,62059.51,62533.24,32.41174
1781866800000,2026-06-19 11:00:00,62533.25,62674.01,62460.0,62648.0,31.98791
1781868600000,2026-06-19 11:30:00,62648.0,62797.66,62592.0,62625.99,21.05111
1781870400000,2026-06-19 12:00:00,62626.0,62687.98,62493.07,62562.01,8.61498
1781872200000,2026-06-19 12:30:00,62562.0,62861.52,62353.01,62829.99,22.35777
1781874000000,2026-06-19 13:00:00,62830.0,62975.6,62679.99,62788.0,22.86533
1781875800000,2026-06-19 13:30:00,62788.52,63333.51,62767.99,63211.39,23.20159
1781877600000,2026-06-19 14:00:00,63211.4,63288.6,63016.0,63277.13,26.56157
1781879400000,2026-06-19 14:30:00,63277.19,63403.01,63176.91,63208.72,18.63523
1781881200000,2026-06-19 15:00:00,63208.73,63253.56,63025.06,63054.81,19.6121
1781883000000,2026-06-19 15:30:00,63054.8,63283.86,63054.8,63209.06,20.82173
1781884800000,2026-06-19 16:00:00,63209.06,63387.8,63094.0,63319.0,27.15302
1781886600000,2026-06-19 16:30:00,63319.0,63374.16,62935.09,62955.74,31.94598
1781888400000,2026-06-19 17:00:00,62955.74,63118.0,62870.15,62910.0,29.26473
1781890200000,2026-06-19 17:30:00,62910.01,63557.55,62910.0,63214.0,38.24752
1781892000000,2026-06-19 18:00:00,63214.01,63219.06,52670.03,63116.01,40.32713
1781893800000,2026-06-19 18:30:00,63114.68,63179.72,62991.37,63110.0,33.36369
1781895600000,2026-06-19 19:00:00,63110.01,63244.47,53055.65,62999.99,20.07115
1781897400000,2026-06-19 19:30:00,62999.98,63133.45,62960.43,63014.89,22.6373
1781899200000,2026-06-19 20:00:00,63014.9,63079.99,62958.6,63070.52,7.54856
1781901000000,2026-06-19 20:30:00,63076.73,63264.01,63027.24,63254.01,11.66862
1781902800000,2026-06-19 21:00:00,63254.01,63272.82,52991.99,63156.78,20.06452
1781904600000,2026-06-19 21:30:00,63156.78,63430.66,60096.4,63075.98,25.76934
1781906400000,2026-06-19 22:00:00,63075.99,63300.0,63048.01,63270.01,10.22299
1781908200000,2026-06-19 22:30:00,63270.01,63369.48,63232.71,63310.0,12.36069
1781910000000,2026-06-19 23:00:00,63310.01,63510.76,63247.47,63322.64,15.7546
1781911800000,2026-06-19 23:30:00,63322.64,63648.41,63300.0,63549.54,16.15202
1781913600000,2026-06-20 00:00:00,63549.55,63634.01,63347.49,63618.0,41.15467
1781915400000,2026-06-20 00:30:00,63618.0,63774.0,63517.03,63530.0,19.17617
1781917200000,2026-06-20 01:00:00,63530.0,63540.0,63404.0,63517.99,8.51797
1781919000000,2026-06-20 01:30:00,63518.0,63616.23,63511.19,63577.68,19.25513
1781920800000,2026-06-20 02:00:00,63577.69,63577.69,61415.0,63399.35,9.38639
1781922600000,2026-06-20 02:30:00,63399.34,63492.01,63341.49,63341.49,8.13158
1781924400000,2026-06-20 03:00:00,63341.5,63452.67,63327.99,63443.93,4.95156
1781926200000,2026-06-20 03:30:00,63443.94,63508.38,63418.0,63476.09,6.64706
1781928000000,2026-06-20 04:00:00,63476.09,63569.43,63402.0,63568.82,6.92534
1781929800000,2026-06-20 04:30:00,63568.81,63613.58,63516.8,63578.87,7.22189
1781931600000,2026-06-20 05:00:00,63578.87,63858.95,63543.46,63633.12,24.07561
1781933400000,2026-06-20 05:30:00,63633.64,63718.66,63586.7,63678.08,9.55775
1781935200000,2026-06-20 06:00:00,63678.08,63755.61,63640.36,63699.99,8.23038
1781937000000,2026-06-20 06:30:00,63700.0,63761.99,63694.0,63745.91,5.56737
1781938800000,2026-06-20 07:00:00,63745.91,63786.0,63594.37,63762.0,10.38982
1781940600000,2026-06-20 07:30:00,63762.0,63800.0,63657.43,63657.43,22.92534
1781942400000,2026-06-20 08:00:00,63650.25,64405.27,63474.59,63484.46,13.07133
1781944200000,2026-06-20 08:30:00,63487.77,63491.83,63396.53,63417.98,9.01352
1781946000000,2026-06-20 09:00:00,63417.98,63579.86,63417.98,63565.36,10.38432
1781947800000,2026-06-20 09:30:00,63565.35,64878.67,63559.0,63738.0,13.8725
1781949600000,2026-06-20 10:00:00,63738.01,63776.01,63646.01,63678.64,10.74393
1781951400000,2026-06-20 10:30:00,63678.64,63681.85,63592.44,63672.6,11.2584
1781953200000,2026-06-20 11:00:00,63672.6,63732.81,63620.74,63700.8,52.70859
1781955000000,2026-06-20 11:30:00,63700.8,63964.23,63687.26,63688.01,22.53022
1781956800000,2026-06-20 12:00:00,63688.01,63783.78,63680.83,63734.53,11.58196
1781958600000,2026-06-20 12:30:00,63736.15,63748.01,61147.9,63655.1,9.46917
1781960400000,2026-06-20 13:00:00,63655.1,63655.1,63287.99,63337.98,16.34299
1781962200000,2026-06-20 13:30:00,63337.99,63491.67,63337.98,63428.61,13.72005
1781964000000,2026-06-20 14:00:00,63428.62,63428.62,63190.56,63365.97,22.59584
1781965800000,2026-06-20 14:30:00,63369.99,64328.08,53777.78,63960.99,49.988
1781967600000,2026-06-20 15:00:00,63961.0,64366.79,63200.0,64185.97,32.27788
1781969400000,2026-06-20 15:30:00,64185.99,64200.0,64078.22,64119.57,23.81699
1781971200000,2026-06-20 16:00:00,64119.57,64154.42,63818.48,64001.77,28.90244
1781973000000,2026-06-20 16:30:00,64001.77,64054.96,63902.57,64021.31,11.81501
1781974800000,2026-06-20 17:00:00,64021.31,64021.32,63872.47,63926.16,21.19191
1781976600000,2026-06-20 17:30:00,63926.16,64028.8,63752.48,63848.0,9.99169
1781978400000,2026-06-20 18:00:00,63848.01,63928.0,63804.0,63864.52,8.24441
1781980200000,2026-06-20 18:30:00,63866.0,63888.2,63788.01,63804.0,7.78634
1781982000000,2026-06-20 19:00:00,63804.0,63932.86,63798.0,63865.99,30.6861
1781983800000,2026-06-20 19:30:00,63866.0,63967.99,63844.0,63935.99,7.34754
1781985600000,2026-06-20 20:00:00,63936.0,63978.89,63905.15,63905.68,14.6531
1781987400000,2026-06-20 20:30:00,63908.0,63934.0,63853.31,63912.49,7.40302
1781989200000,2026-06-20 21:00:00,63912.49,64042.0,53135.36,63932.89,18.3678
1781991000000,2026-06-20 21:30:00,63932.89,64085.35,63918.29,64008.61,21.90577
1781992800000,2026-06-20 22:00:00,64012.4,64314.84,63978.12,64296.01,22.30613
1781994600000,2026-06-20 22:30:00,64296.01,64319.54,64188.0,64298.19,30.95219
1781996400000,2026-06-20 23:00:00,64298.19,64316.1,63347.49,64273.68,13.56951
1781998200000,2026-06-20 23:30:00,64273.68,64336.91,64256.22,64321.98,10.01261
1782000000000,2026-06-21 00:00:00,64321.99,64688.62,64237.31,64272.42,7.47248
1782001800000,2026-06-21 00:30:00,64272.42,64318.0,64248.0,64294.0,9.36705
1782003600000,2026-06-21 01:00:00,64294.0,64317.32,64237.99,64237.99,3.25407
1782005400000,2026-06-21 01:30:00,64237.99,64323.68,64209.85,64264.0,6.59346
1782007200000,2026-06-21 02:00:00,64264.01,64264.01,64222.83,64230.43,4.49588
1782009000000,2026-06-21 02:30:00,64230.44,64275.12,64223.02,64241.25,2.57273
1782010800000,2026-06-21 03:00:00,64241.26,64514.35,64234.0,64357.34,10.43499
1782012600000,2026-06-21 03:30:00,64357.33,64462.0,64306.0,64419.7,9.28831
1782014400000,2026-06-21 04:00:00,64428.0,64595.0,64382.93,64538.37,10.89181
1782016200000,2026-06-21 04:30:00,64530.0,64570.0,64269.47,64276.11,8.72505
1782018000000,2026-06-21 05:00:00,64276.12,64305.56,64225.64,64302.0,5.59964
1782019800000,2026-06-21 05:30:00,64301.99,64365.43,64238.1,64256.55,4.9252
1782021600000,2026-06-21 06:00:00,64256.56,64287.49,64200.35,64287.48,5.4379
1782023400000,2026-06-21 06:30:00,64292.01,64323.99,64263.54,64294.0,2.71502
1782025200000,2026-06-21 07:00:00,64294.01,64303.47,64176.59,64177.12,5.02803
1782027000000,2026-06-21 07:30:00,64179.45,64259.67,64173.08,64200.0,5.99981
1782028800000,2026-06-21 08:00:00,64200.0,64228.0,64053.18,64053.19,13.2241
1782030600000,2026-06-21 08:30:00,64053.18,64067.62,63900.17,64009.99,15.3644
1782032400000,2026-06-21 09:00:00,64010.0,64195.02,63961.28,64050.0,24.26918
1782034200000,2026-06-21 09:30:00,64050.01,64246.0,64050.0,64208.0,16.9509
1782036000000,2026-06-21 10:00:00,64208.0,64382.0,64204.0,64312.0,13.24272
1782037800000,2026-06-21 10:30:00,64312.0,64745.51,64304.0,64361.97,11.47819
1782039600000,2026-06-21 11:00:00,64361.98,64479.74,64161.85,64396.97,11.69222
1782041400000,2026-06-21 11:30:00,64397.55,64397.55,64121.99,64161.54,12.66239
1782043200000,2026-06-21 12:00:00,64161.55,66042.79,63994.01,64006.01,17.17433
1782045000000,2026-06-21 12:30:00,64006.0,64217.99,63958.08,64200.0,12.88709
1782046800000,2026-06-21 13:00:00,64200.01,64200.01,64115.81,64163.99,5.08783
1782048600000,2026-06-21 13:30:00,64164.0,64167.73,64020.01,64145.99,9.46132
1782050400000,2026-06-21 14:00:00,64146.0,64154.0,64021.11,64033.99,26.45103
1782052200000,2026-06-21 14:30:00,64034.0,64212.85,64004.0,64144.67,9.86682
1782054000000,2026-06-21 15:00:00,64144.67,64300.0,64120.0,64260.97,17.04671
1782055800000,2026-06-21 15:30:00,64260.97,64323.3,64194.01,64224.0,14.92936
1782057600000,2026-06-21 16:00:00,64224.01,64248.01,62706.29,64176.43,24.10046
1782059400000,2026-06-21 16:30:00,64176.42,64208.0,64049.0,64145.31,22.14785
1782061200000,2026-06-21 17:00:00,64145.32,64221.44,64104.6,64104.6,14.68076
1782063000000,2026-06-21 17:30:00,64104.59,64192.95,64080.0,64151.47,4.79067
1782064800000,2026-06-21 18:00:00,64151.47,64157.89,63967.18,64042.0,13.57519
1782066600000,2026-06-21 18:30:00,64042.0,64238.0,64038.37,64190.01,20.48368
1782068400000,2026-06-21 19:00:00,64190.01,64298.84,64168.73,64219.39,10.3149
1782070200000,2026-06-21 19:30:00,64219.38,64240.0,64178.05,64207.13,5.56693
1782072000000,2026-06-21 20:00:00,64207.13,64267.66,62935.74,64109.66,13.32906
1782073800000,2026-06-21 20:30:00,64109.65,64126.0,63712.0,63833.24,19.79476
1782075600000,2026-06-21 21:00:00,63833.24,64139.58,63520.0,63710.45,22.91203
1782077400000,2026-06-21 21:30:00,63710.44,63965.89,63708.01,63858.01,24.29858
1782079200000,2026-06-21 22:00:00,63858.01,64229.6,53260.17,63710.99,36.18042
1782081000000,2026-06-21 22:30:00,63710.98,63854.39,63586.0,63801.6,42.36162
1782082800000,2026-06-21 23:00:00,63801.6,63801.6,63618.1,63632.78,30.07317
1782084600000,2026-06-21 23:30:00,63642.0,63659.52,63286.31,63304.01,36.80025
1782086400000,2026-06-22 00:00:00,63304.01,63757.22,62934.94,63720.0,66.29554
1782088200000,2026-06-22 00:30:00,63720.0,64140.03,61309.07,63902.68,27.1084
1782090000000,2026-06-22 01:00:00,63896.01,65825.89,63868.0,64620.1,46.52522
1782091800000,2026-06-22 01:30:00,64620.62,64706.0,64379.66,64607.27,20.71195
1782093600000,2026-06-22 02:00:00,64607.27,64646.01,64512.0,64548.68,17.17647
1782095400000,2026-06-22 02:30:00,64544.0,64580.01,64259.3,64266.68,16.11809
1782097200000,2026-06-22 03:00:00,64258.0,64436.04,63946.27,64276.2,19.57209
1782099000000,2026-06-22 03:30:00,64282.0,64411.33,63919.96,63978.68,13.184
1782100800000,2026-06-22 04:00:00,63974.01,64016.0,63899.21,63972.67,19.12468
1782102600000,2026-06-22 04:30:00,63968.88,64116.44,63161.99,64105.87,29.07521
1782104400000,2026-06-22 05:00:00,64100.02,64298.01,64089.69,64235.25,11.65889
1782106200000,2026-06-22 05:30:00,64235.25,64322.01,64180.0,64240.04,9.56955
1782108000000,2026-06-22 06:00:00,64247.75,64318.77,64091.93,64123.99,23.92602
1782109800000,2026-06-22 06:30:00,64123.99,64145.18,63949.2,63989.96,30.37695
1782111600000,2026-06-22 07:00:00,63989.96,64369.01,63968.23,64263.29,26.13453
1782113400000,2026-06-22 07:30:00,64262.57,64366.01,64169.99,64211.2,19.32496
1782115200000,2026-06-22 08:00:00,64211.2,64344.64,63161.99,64188.26,14.87999
1782117000000,2026-06-22 08:30:00,64188.26,64334.78,64044.0,64165.99,15.67139
1782118800000,2026-06-22 09:00:00,64166.0,64256.2,64094.0,64117.99,11.77682
1782120600000,2026-06-22 09:30:00,64116.81,64180.76,64054.53,64130.53,10.9779
1782122400000,2026-06-22 10:00:00,64146.0,64270.22,64130.0,64174.68,11.0254
1782124200000,2026-06-22 10:30:00,64174.2,64196.55,64068.3,64139.21,6.89336
1782126000000,2026-06-22 11:00:00,64139.21,64503.7,64097.08,64359.15,16.28144
1782127800000,2026-06-22 11:30:00,64359.15,64768.46,64359.14,64654.53,28.45731
1782129600000,2026-06-22 12:00:00,64657.22,64980.69,64607.0,64939.98,23.59007
1782131400000,2026-06-22 12:30:00,64939.98,65202.0,53777.78,65158.91,71.84846
1782133200000,2026-06-22 13:00:00,65149.58,65194.06,64955.62,64986.25,27.15542
1782135000000,2026-06-22 13:30:00,64994.0,65574.9,64993.99,65574.9,35.3457
1782136800000,2026-06-22 14:00:00,65574.9,65673.96,64090.02,64975.31,32.4001
1782138600000,2026-06-22 14:30:00,64970.59,65154.61,64857.99,64980.38,24.3902
1782140400000,2026-06-22 15:00:00,64980.39,65122.69,64925.99,65022.0,28.50506
1782142200000,2026-06-22 15:30:00,65045.99,65119.39,64765.22,64836.94,30.89172
1782144000000,2026-06-22 16:00:00,64836.95,65030.12,64663.4,64688.71,19.05247
1782145800000,2026-06-22 16:30:00,64688.7,64780.66,64519.0,64719.77,13.78706
1782147600000,2026-06-22 17:00:00,64719.77,64763.99,64529.52,64529.53,18.77452
1782149400000,2026-06-22 17:30:00,64529.52,65462.42,64393.99,64602.01,27.65086
1782151200000,2026-06-22 18:00:00,64602.01,64807.4,64569.88,64594.99,29.88106
1782153000000,2026-06-22 18:30:00,64595.99,64617.44,64319.2,64325.67,18.36753
1782154800000,2026-06-22 19:00:00,64330.54,64430.98,64296.83,64347.77,16.83976
1782156600000,2026-06-22 19:30:00,64347.77,64499.1,64276.0,64499.09,13.75622
1782158400000,2026-06-22 20:00:00,64499.1,64658.17,64356.95,64401.87,13.17223
1782160200000,2026-06-22 20:30:00,64410.44,64501.91,64400.0,64433.79,13.53465
1782162000000,2026-06-22 21:00:00,64433.8,64477.09,53777.77,64296.98,25.95636
1782163800000,2026-06-22 21:30:00,64296.97,64318.0,64149.81,64315.99,9.41025
1782165600000,2026-06-22 22:00:00,64316.0,64396.45,63927.73,64032.14,11.97473
1782167400000,2026-06-22 22:30:00,64032.14,64124.84,63815.48,63971.12,15.40765
1782169200000,2026-06-22 23:00:00,63971.12,64807.4,63815.48,64042.38,20.97913
1782171000000,2026-06-22 23:30:00,64042.38,64043.73,63955.03,64020.0,11.27994
1782172800000,2026-06-23 00:00:00,64020.0,65854.9,63831.99,63868.0,18.57852
1782174600000,2026-06-23 00:30:00,63868.0,64154.71,63857.08,64151.09,8.88067
1782176400000,2026-06-23 01:00:00,64151.09,64350.24,64150.57,64187.99,17.56955
1782178200000,2026-06-23 01:30:00,64188.0,64239.08,63026.79,64161.46,19.59965
1782180000000,2026-06-23 02:00:00,64161.47,64225.35,64042.01,64180.0,12.7978
1782181800000,2026-06-23 02:30:00,64180.0,64496.58,64164.89,64207.63,10.06759
1782183600000,2026-06-23 03:00:00,64207.63,64296.9,63971.99,64093.27,7.41171
1782185400000,2026-06-23 03:30:00,64093.26,64095.55,63026.79,64063.99,10.90722
1782187200000,2026-06-23 04:00:00,64064.0,64095.55,63909.73,63974.79,11.56218
1782189000000,2026-06-23 04:30:00,63974.79,63974.96,54408.49,63669.4,21.43211
1782190800000,2026-06-23 05:00:00,63669.4,63724.14,63400.0,63464.68,16.80979
1782192600000,2026-06-23 05:30:00,63471.99,63524.36,62886.93,63382.0,17.56916
1782194400000,2026-06-23 06:00:00,63382.0,63392.01,55220.47,62772.0,27.48441
1782196200000,2026-06-23 06:30:00,62772.0,63032.57,62706.87,62938.59,18.20582
1782198000000,2026-06-23 07:00:00,62938.6,63087.83,62893.46,63008.46,15.42435
1782199800000,2026-06-23 07:30:00,63008.47,63022.36,62872.0,62872.0,17.59184
1782201600000,2026-06-23 08:00:00,62872.01,62937.59,60235.26,62056.44,29.26071
1782203400000,2026-06-23 08:30:00,62056.44,62494.03,62056.43,62372.67,25.13621
1782205200000,2026-06-23 09:00:00,62372.0,62521.56,62363.01,62520.01,10.80563
1782207000000,2026-06-23 09:30:00,62520.01,62559.12,60000.0,62383.99,16.09292
1782208800000,2026-06-23 10:00:00,62384.0,62578.62,62350.45,62375.38,16.19805
1782210600000,2026-06-23 10:30:00,62375.38,62383.99,62250.0,62332.6,12.25241
1782212400000,2026-06-23 11:00:00,62332.61,62587.21,62330.9,62552.11,14.57942
1782214200000,2026-06-23 11:30:00,62552.11,63406.81,61763.32,62507.06,13.77157
1782216000000,2026-06-23 12:00:00,62507.06,62558.0,62352.5,62396.23,20.44559
1782217800000,2026-06-23 12:30:00,62396.75,62478.81,62222.0,62264.11,16.08071
1782219600000,2026-06-23 13:00:00,62264.16,62280.01,62033.99,62063.61,21.68233
1782221400000,2026-06-23 13:30:00,62063.61,62625.52,61460.93,62451.99,33.05365
1782223200000,2026-06-23 14:00:00,62452.0,63406.81,61460.93,62571.99,29.94952
1782225000000,2026-06-23 14:30:00,62571.99,63591.9,62461.0,62469.71,22.18875
1782226800000,2026-06-23 15:00:00,62469.5,62502.0,62198.0,62294.56,19.32133
1782228600000,2026-06-23 15:30:00,62294.56,62494.0,62218.0,62479.99,10.56281
1782230400000,2026-06-23 16:00:00,62480.0,62829.71,52929.93,62586.01,73.00616
1782232200000,2026-06-23 16:30:00,62586.0,62655.0,62496.0,62578.7,12.58018
1782234000000,2026-06-23 17:00:00,62578.71,62666.12,62432.0,62634.45,18.56212
1782235800000,2026-06-23 17:30:00,62634.45,62687.63,62334.05,62358.03,17.6377
1782237600000,2026-06-23 18:00:00,62358.03,62624.05,62274.44,62372.28,18.64562
1782239400000,2026-06-23 18:30:00,62368.03,62368.03,61706.3,62232.45,61.38813
1782241200000,2026-06-23 19:00:00,62232.46,62823.14,62230.0,62431.99,55.54543
1782243000000,2026-06-23 19:30:00,62431.99,62472.31,59037.11,62414.0,161.58094
1782244800000,2026-06-23 20:00:00,62414.01,62512.0,62405.99,62500.01,14.4637
1782246600000,2026-06-23 20:30:00,62500.01,62559.49,62393.99,62470.7,16.27236
1782248400000,2026-06-23 21:00:00,62470.71,62588.23,62470.7,62564.43,8.89404
1782250200000,2026-06-23 21:30:00,62564.43,62823.14,62560.81,62599.77,8.17208
1782252000000,2026-06-23 22:00:00,62599.78,62776.97,61398.28,62610.52,19.44646
1782253800000,2026-06-23 22:30:00,62617.5,62628.73,62526.0,62589.99,5.44891
1782255600000,2026-06-23 23:00:00,62590.0,62687.99,62513.14,62667.48,11.75765
1782257400000,2026-06-23 23:30:00,62667.47,62770.0,62601.5,62734.56,12.85862
1782259200000,2026-06-24 00:00:00,62734.57,62962.78,62733.3,62849.99,33.25606
1782261000000,2026-06-24 00:30:00,62849.99,63020.52,62805.82,63007.02,22.01502
1782262800000,2026-06-24 01:00:00,63007.03,63024.41,60613.36,62902.85,19.72166
1782264600000,2026-06-24 01:30:00,62902.84,63119.45,62138.31,62925.88,27.27443
1782266400000,2026-06-24 02:00:00,62925.89,63000.0,61833.38,62763.59,13.13555
1782268200000,2026-06-24 02:30:00,62764.11,62794.99,61891.5,62634.01,18.35312
1782270000000,2026-06-24 03:00:00,62634.01,62680.0,62463.0,62669.86,20.19233
1782271800000,2026-06-24 03:30:00,62669.86,62828.97,62669.86,62739.75,12.27207
1782273600000,2026-06-24 04:00:00,62739.75,62753.9,62526.34,62588.28,26.48081
1782275400000,2026-06-24 04:30:00,62588.8,62793.71,61891.5,62775.13,19.57202
1782277200000,2026-06-24 05:00:00,62775.14,62884.53,62709.27,62882.52,12.01672
1782279000000,2026-06-24 05:30:00,62883.66,63072.0,62861.71,62884.52,25.03237
1782280800000,2026-06-24 06:00:00,62890.0,62909.98,62768.72,62838.0,24.17191
1782282600000,2026-06-24 06:30:00,62838.0,62875.99,62730.0,62777.63,12.45163
1782284400000,2026-06-24 07:00:00,62777.64,62841.99,62682.46,62682.46,19.30843
1782286200000,2026-06-24 07:30:00,62682.46,62732.13,62610.1,62651.95,25.40778
1782288000000,2026-06-24 08:00:00,62651.96,62713.74,62615.81,62693.99,18.83919
1782289800000,2026-06-24 08:30:00,62694.0,62894.68,62681.34,62805.02,12.0573
1782291600000,2026-06-24 09:00:00,62805.03,62805.03,62678.37,62678.38,23.79612
1782293400000,2026-06-24 09:30:00,62678.37,62712.45,62638.75,62706.0,11.43459
1782295200000,2026-06-24 10:00:00,62706.0,62706.0,61891.5,62541.11,16.67523
1782297000000,2026-06-24 10:30:00,62541.1,64536.37,62437.99,62455.74,25.07109
1782298800000,2026-06-24 11:00:00,62455.75,62472.54,62326.21,62390.74,27.18061
1782300600000,2026-06-24 11:30:00,62390.74,63305.26,62388.91,62919.99,30.68649
1782302400000,2026-06-24 12:00:00,62920.0,63085.44,60000.0,62826.02,49.27168
1782304200000,2026-06-24 12:30:00,62826.01,62902.0,61831.41,62612.97,38.0045
1782306000000,2026-06-24 13:00:00,62612.97,62628.75,58000.0,61893.99,48.32195
1782307800000,2026-06-24 13:30:00,61893.99,62285.0,61263.63,61322.02,42.50983
1782309600000,2026-06-24 14:00:00,61322.02,61450.04,58225.5,61215.72,56.71353
1782311400000,2026-06-24 14:30:00,61215.73,61747.51,60980.01,61114.01,41.72781
1782313200000,2026-06-24 15:00:00,61114.01,61267.05,50888.89,60883.36,36.73231
1782315000000,2026-06-24 15:30:00,60883.37,60883.37,51664.71,60284.64,55.04582
1782316800000,2026-06-24 16:00:00,60284.64,60654.64,60222.0,60560.01,41.73274
1782318600000,2026-06-24 16:30:00,60560.01,63152.07,51433.2,59863.77,50.84176
1782320400000,2026-06-24 17:00:00,59863.78,60516.66,59352.3,59692.1,45.49869
1782322200000,2026-06-24 17:30:00,59692.1,59717.98,58804.48,59404.0,35.83578
1782324000000,2026-06-24 18:00:00,59404.0,59928.0,59223.5,59705.0,38.04105
1782325800000,2026-06-24 18:30:00,59705.0,59752.18,59426.0,59585.28,32.61588
1782327600000,2026-06-24 19:00:00,59585.29,59832.67,58804.48,59826.0,33.7355
1782329400000,2026-06-24 19:30:00,59826.0,59975.64,59743.53,59975.63,35.89625
1782331200000,2026-06-24 20:00:00,59975.64,61213.48,58466.78,60773.99,57.31195
1782333000000,2026-06-24 20:30:00,60774.0,61567.53,60686.5,60962.04,27.47241
1782334800000,2026-06-24 21:00:00,60962.05,61271.6,59000.0,60853.99,43.11201
1782336600000,2026-06-24 21:30:00,60853.99,61421.49,51433.2,61117.39,26.57568
1782338400000,2026-06-24 22:00:00,61117.39,61659.53,60852.76,60886.01,31.01545
1782340200000,2026-06-24 22:30:00,60886.01,60948.0,60151.97,60873.99,9.62718
1782342000000,2026-06-24 23:00:00,60874.0,61032.0,60839.99,60987.99,17.15511
1782343800000,2026-06-24 23:30:00,60988.0,61108.01,60085.05,61074.01,13.29665
1782345600000,2026-06-25 00:00:00,61074.02,61433.81,60920.94,60920.95,14.96268
1782347400000,2026-06-25 00:30:00,60920.94,60981.43,60745.03,60767.99,22.19598
1782349200000,2026-06-25 01:00:00,60768.0,61444.22,60006.53,60862.0,25.86023
1782351000000,2026-06-25 01:30:00,60862.0,65513.36,60806.61,60929.6,17.54463
1782352800000,2026-06-25 02:00:00,60929.61,60962.02,59791.16,60936.01,11.11919
1782354600000,2026-06-25 02:30:00,60936.01,60936.01,57985.79,60799.09,20.55395
1782356400000,2026-06-25 03:00:00,60799.1,61845.07,50100.0,60823.92,26.17862
1782358200000,2026-06-25 03:30:00,60823.93,60906.58,58844.37,60883.66,18.97716
1782360000000,2026-06-25 04:00:00,60883.66,60920.0,56847.95,60901.01,16.95434
1782361800000,2026-06-25 04:30:00,60901.21,62135.26,60810.0,61363.3,17.22877
1782363600000,2026-06-25 05:00:00,61362.01,61776.92,61283.87,61611.37,26.5328
1782365400000,2026-06-25 05:30:00,61611.37,61674.55,61522.0,61600.01,19.9387
1782367200000,2026-06-25 06:00:00,61600.01,61800.33,59205.86,61678.17,32.43574
1782369000000,2026-06-25 06:30:00,61678.17,64812.6,57757.96,61732.85,33.58799
1782370800000,2026-06-25 07:00:00,61732.85,61892.13,61672.31,61807.89,27.80996
1782372600000,2026-06-25 07:30:00,61807.88,61962.4,61807.88,61911.03,33.60832
1782374400000,2026-06-25 08:00:00,61911.04,61916.5,61406.59,61779.61,14.05716
1782376200000,2026-06-25 08:30:00,61779.61,61800.0,61689.56,61698.0,15.41485
1782378000000,2026-06-25 09:00:00,61697.99,61790.0,61633.99,61696.01,17.15201
1782379800000,2026-06-25 09:30:00,61696.0,61862.18,60958.32,61749.96,16.07327
1782381600000,2026-06-25 10:00:00,61740.01,61848.46,61572.24,61580.0,12.42498
1782383400000,2026-06-25 10:30:00,61579.99,61588.67,61269.94,61269.94,18.93344
1782385200000,2026-06-25 11:00:00,61269.95,61406.15,58556.77,61242.0,28.9079
1782387000000,2026-06-25 11:30:00,61242.0,61382.55,61161.22,61282.01,21.74868
1782388800000,2026-06-25 12:00:00,61282.01,61362.0,61080.0,61103.58,23.45796
1782390600000,2026-06-25 12:30:00,61098.29,61594.02,61098.28,61244.16,30.68125
1782392400000,2026-06-25 13:00:00,61246.01,61346.71,61174.15,61246.0,24.93399
1782394200000,2026-06-25 13:30:00,61245.99,61307.24,50000.0,58251.31,59.35317
1782396000000,2026-06-25 14:00:00,58251.32,66000.0,58251.31,59338.75,43.86874
1782397800000,2026-06-25 14:30:00,59336.79,63276.44,56029.1,59471.34,43.26766
1782399600000,2026-06-25 15:00:00,59471.34,60376.73,58000.0,59246.3,34.4903
1782401400000,2026-06-25 15:30:00,59246.29,59620.68,55220.47,59554.0,30.97243
1782403200000,2026-06-25 16:00:00,59554.0,60058.01,50734.39,59742.98,28.41259
1782405000000,2026-06-25 16:30:00,59742.99,59755.99,51449.42,59310.52,22.38713
1782406800000,2026-06-25 17:00:00,59318.0,59586.68,59144.0,59566.01,22.52362
1782408600000,2026-06-25 17:30:00,59566.01,59722.0,59168.0,59679.0,14.1336
1782410400000,2026-06-25 18:00:00,59679.01,59784.0,59398.01,59718.02,24.59773
1782412200000,2026-06-25 18:30:00,59718.02,59778.39,59150.44,59495.99,19.69128
1782414000000,2026-06-25 19:00:00,59496.0,59515.99,59226.87,59340.39,28.87322
1782415800000,2026-06-25 19:30:00,59340.39,59434.05,59193.18,59291.99,9.65045
1782417600000,2026-06-25 20:00:00,59292.0,63561.71,59291.99,59633.26,20.04962
1782419400000,2026-06-25 20:30:00,59633.27,59660.0,59153.58,59461.23,12.00529
1782421200000,2026-06-25 21:00:00,59461.24,59709.99,59452.53,59709.99,8.01848
1782423000000,2026-06-25 21:30:00,59710.0,60685.9,58280.48,60211.99,17.56353
1782424800000,2026-06-25 22:00:00,60212.0,60212.0,59794.0,59794.0,16.12647
1782426600000,2026-06-25 22:30:00,59794.0,59921.71,59747.57,59842.53,8.36679
1782428400000,2026-06-25 23:00:00,59851.28,60406.33,59796.02,60106.68,22.39219
1782430200000,2026-06-25 23:30:00,60098.7,60180.01,59726.79,59788.31,8.6532
1782432000000,2026-06-26 00:00:00,59784.16,59901.53,59722.5,59771.98,16.98807
1782433800000,2026-06-26 00:30:00,59771.98,59871.99,59642.79,59674.11,19.50648
1782435600000,2026-06-26 01:00:00,59674.11,63596.27,59127.37,59304.39,26.05354
1782437400000,2026-06-26 01:30:00,59304.4,59431.81,57504.34,59431.49,26.7451
1782439200000,2026-06-26 02:00:00,59431.5,60164.51,58375.1,58862.43,27.36463
1782441000000,2026-06-26 02:30:00,58882.01,58995.74,55889.5,58554.0,32.14987
1782442800000,2026-06-26 03:00:00,58554.0,59150.28,49042.33,59092.52,72.04072
1782444600000,2026-06-26 03:30:00,59100.36,60123.1,59022.46,60043.51,26.58118
1782446400000,2026-06-26 04:00:00,60043.52,60208.03,58838.0,59994.0,31.81083
1782448200000,2026-06-26 04:30:00,59994.01,60018.22,59841.01,59920.46,11.92961
1782450000000,2026-06-26 05:00:00,59920.47,60028.85,59736.0,59965.51,16.54959
1782451800000,2026-06-26 05:30:00,59958.01,60036.0,59790.01,59954.03,22.73425
1782453600000,2026-06-26 06:00:00,59953.31,60062.9,58576.32,60047.99,24.9073
1782455400000,2026-06-26 06:30:00,60047.99,60431.36,59956.3,60310.57,17.40225
1782457200000,2026-06-26 07:00:00,60324.0,60684.14,60283.08,60598.67,22.91524
1782459000000,2026-06-26 07:30:00,60590.8,60750.06,58173.82,60537.94,21.2105
1782460800000,2026-06-26 08:00:00,60537.94,60574.0,60191.05,60314.5,21.9345
1782462600000,2026-06-26 08:30:00,60314.5,60943.04,60152.48,60243.78,12.3954
1782464400000,2026-06-26 09:00:00,60244.0,61117.46,60085.0,60133.99,26.17082
1782466200000,2026-06-26 09:30:00,60133.99,60134.0,59589.99,59731.93,24.34355
1782468000000,2026-06-26 10:00:00,59738.68,59854.0,59661.75,59722.57,26.40446
1782469800000,2026-06-26 10:30:00,59723.69,59808.0,59252.0,59300.52,23.40475
1782471600000,2026-06-26 11:00:00,59313.26,59564.94,59270.62,59419.01,24.67411
1782473400000,2026-06-26 11:30:00,59419.01,60001.35,59298.06,59413.24,29.34708
1782475200000,2026-06-26 12:00:00,59413.25,60647.75,59372.85,59725.99,22.63366
1782477000000,2026-06-26 12:30:00,59725.99,61955.54,58855.52,59181.46,78.50734
1782478800000,2026-06-26 13:00:00,59181.47,60188.16,58671.87,58898.53,53.85485
1782480600000,2026-06-26 13:30:00,58906.01,60559.96,49944.68,60180.14,101.29492
1782482400000,2026-06-26 14:00:00,60175.43,61910.98,59262.58,60059.33,72.06072
1782484200000,2026-06-26 14:30:00,60059.33,62297.01,52251.62,59590.73,36.37632
1782486000000,2026-06-26 15:00:00,59590.73,60337.38,55211.4,60172.46,47.60305
1782487800000,2026-06-26 15:30:00,60183.99,60493.95,51560.63,60331.51,49.00391
1782489600000,2026-06-26 16:00:00,60331.52,60781.85,57800.0,60042.17,46.85852
1782491400000,2026-06-26 16:30:00,60040.19,60677.67,54630.97,60050.0,35.83025
1782493200000,2026-06-26 17:00:00,60050.01,60287.9,60015.26,60178.0,30.27199
1782495000000,2026-06-26 17:30:00,60178.0,60216.0,59200.0,60023.97,23.41282
1782496800000,2026-06-26 18:00:00,60023.97,60155.61,59830.0,59830.01,22.52493
1782498600000,2026-06-26 18:30:00,59830.0,60418.0,51024.0,59675.0,66.64285
1782500400000,2026-06-26 19:00:00,59668.01,60072.02,59626.0,59924.0,19.15757
1782502200000,2026-06-26 19:30:00,59924.53,60266.64,59842.0,59842.0,26.09609
1782504000000,2026-06-26 20:00:00,59842.0,66106.0,59693.99,59772.02,22.35221
1782505800000,2026-06-26 20:30:00,59772.54,59796.0,59592.0,59709.99,18.17579
1782507600000,2026-06-26 21:00:00,59709.99,59882.2,51024.0,59870.01,13.95751
1782509400000,2026-06-26 21:30:00,59870.01,60050.0,59864.0,59945.19,9.22271
1782511200000,2026-06-26 22:00:00,59945.2,59975.0,59761.99,59896.01,16.49101
1782513000000,2026-06-26 22:30:00,59894.68,60076.42,59871.18,60048.33,14.30765
1782514800000,2026-06-26 23:00:00,60048.34,60117.64,59979.97,59979.97,8.89735
1782516600000,2026-06-26 23:30:00,59978.64,60116.0,59950.0,60094.08,7.73075
1782518400000,2026-06-27 00:00:00,60094.08,60176.49,59807.78,60043.71,12.79738
1782520200000,2026-06-27 00:30:00,60044.23,60065.31,59888.0,60063.66,9.9545
1782522000000,2026-06-27 01:00:00,60063.66,60068.0,59952.0,59991.01,5.34642
1782523800000,2026-06-27 01:30:00,59991.54,59997.23,59807.78,59960.68,8.66889
1782525600000,2026-06-27 02:00:00,59948.13,60372.01,59921.68,60299.65,20.90117
1782527400000,2026-06-27 02:30:00,60299.65,60350.67,60200.0,60316.0,14.92827
1782529200000,2026-06-27 03:00:00,60316.0,60407.51,60159.91,60310.0,8.49145
1782531000000,2026-06-27 03:30:00,60310.01,60368.74,60258.56,60300.52,6.9394
1782532800000,2026-06-27 04:00:00,60302.0,60479.59,60302.0,60400.0,16.05402
1782534600000,2026-06-27 04:30:00,60398.68,60444.0,60217.27,60235.99,12.07713
1782536400000,2026-06-27 05:00:00,60236.0,60310.52,60166.0,60166.0,13.6329
1782538200000,2026-06-27 05:30:00,60166.0,60268.0,60136.0,60258.03,5.90155
1782540000000,2026-06-27 06:00:00,60258.04,60258.04,60120.0,60230.0,9.74894
1782541800000,2026-06-27 06:30:00,60228.67,61620.86,60202.99,60370.62,14.34219
1782543600000,2026-06-27 07:00:00,60370.63,60444.82,60300.0,60430.0,7.09166
1782545400000,2026-06-27 07:30:00,60429.99,60574.0,60388.0,60548.06,14.11365
1782547200000,2026-06-27 08:00:00,60548.07,60727.47,60446.75,60446.76,15.69289
1782549000000,2026-06-27 08:30:00,60446.75,60519.99,60371.62,60462.58,7.31981
1782550800000,2026-06-27 09:00:00,60462.58,60492.0,60185.56,60364.19,6.86029
1782552600000,2026-06-27 09:30:00,60368.25,60443.39,60368.24,60434.0,3.93124
1782554400000,2026-06-27 10:00:00,60434.0,60487.31,60402.51,60457.68,2.982
1782556200000,2026-06-27 10:30:00,60457.69,60457.69,60380.0,60419.35,20.84318
1782558000000,2026-06-27 11:00:00,60419.35,60447.8,60237.74,60263.26,35.70537
1782559800000,2026-06-27 11:30:00,60263.27,60412.0,60202.98,60363.65,31.71699
1782561600000,2026-06-27 12:00:00,60363.66,60363.66,60257.79,60338.91,19.61086
1782563400000,2026-06-27 12:30:00,60345.98,60429.78,60310.0,60424.0,11.25496
1782565200000,2026-06-27 13:00:00,60424.0,60560.88,60394.0,60468.76,10.79458
1782567000000,2026-06-27 13:30:00,60468.76,60813.82,60452.0,60600.76,49.02937
1782568800000,2026-06-27 14:00:00,60600.77,60710.49,60510.01,60601.0,18.29004
1782570600000,2026-06-27 14:30:00,60601.0,60671.99,60543.18,60611.5,10.22318
1782572400000,2026-06-27 15:00:00,60611.5,61120.67,50885.56,60816.08,20.82904
1782574200000,2026-06-27 15:30:00,60816.08,60920.41,60749.99,60826.11,12.50536
1782576000000,2026-06-27 16:00:00,60826.11,60840.18,60701.48,60720.84,15.85538
1782577800000,2026-06-27 16:30:00,60716.63,60823.07,60673.64,60802.57,7.15966
1782579600000,2026-06-27 17:00:00,60802.57,61120.67,50885.56,60565.92,22.59667
1782581400000,2026-06-27 17:30:00,60575.27,60646.0,60518.0,60524.89,15.94734
1782583200000,2026-06-27 18:00:00,60524.89,60833.2,60000.0,60515.99,15.19609
1782585000000,2026-06-27 18:30:00,60516.0,60566.21,60500.09,60544.05,4.13732
1782586800000,2026-06-27 19:00:00,60555.55,60605.41,58669.98,60325.79,13.08618
1782588600000,2026-06-27 19:30:00,60325.79,60325.8,60101.13,60175.95,13.57135
1782590400000,2026-06-27 20:00:00,60175.95,60306.0,60175.94,60266.26,5.86837
1782592200000,2026-06-27 20:30:00,60277.89,60300.0,60255.81,60276.91,2.10507
1782594000000,2026-06-27 21:00:00,60276.9,60451.01,60276.9,60451.01,13.01916
1782595800000,2026-06-27 21:30:00,60451.01,60618.15,59521.31,60200.91,22.25969
1782597600000,2026-06-27 22:00:00,60205.99,60262.6,59876.2,60136.01,18.47844
1782599400000,2026-06-27 22:30:00,60136.01,60246.0,60128.0,60228.95,8.13812
1782601200000,2026-06-27 23:00:00,60228.96,60312.36,59952.0,59980.0,16.91833
1782603000000,2026-06-27 23:30:00,59980.0,60749.86,59971.5,60029.0,7.6565
1782604800000,2026-06-28 00:00:00,60029.01,60188.0,60018.0,60163.79,8.48792
1782606600000,2026-06-28 00:30:00,60164.03,60189.65,60095.74,60189.64,8.6518
1782608400000,2026-06-28 01:00:00,60189.65,61120.67,59986.0,60196.22,15.62374
1782610200000,2026-06-28 01:30:00,60196.72,60264.33,60188.21,60208.14,10.44647
1782612000000,2026-06-28 02:00:00,60212.04,60339.17,60066.0,60111.49,10.80973
1782613800000,2026-06-28 02:30:00,60111.49,60183.55,60104.01,60158.8,4.12017
1782615600000,2026-06-28 03:00:00,60158.81,60273.05,60156.87,60262.57,7.00816
1782617400000,2026-06-28 03:30:00,60262.57,60275.0,60121.17,60197.31,12.67048
1782619200000,2026-06-28 04:00:00,60197.31,60231.83,60150.0,60199.18,3.10481
1782621000000,2026-06-28 04:30:00,60199.17,60199.18,60102.95,60128.65,8.34848
1782622800000,2026-06-28 05:00:00,60128.65,60140.0,59796.16,59853.13,16.76862
1782624600000,2026-06-28 05:30:00,59849.55,60015.22,59796.0,59989.18,6.53576
1782626400000,2026-06-28 06:00:00,59989.18,60024.25,59758.36,59925.28,18.96668
1782628200000,2026-06-28 06:30:00,59925.28,60030.0,59925.27,60006.27,3.66985
1782630000000,2026-06-28 07:00:00,60006.27,60660.9,60000.0,60108.42,8.78168
1782631800000,2026-06-28 07:30:00,60108.43,60259.67,60106.77,60194.0,11.62965
1782633600000,2026-06-28 08:00:00,60196.82,60248.0,60140.14,60224.61,8.57109
1782635400000,2026-06-28 08:30:00,60224.61,61000.0,60224.6,60374.25,45.26437
1782637200000,2026-06-28 09:00:00,60373.33,60446.88,60307.35,60323.36,10.07858
1782639000000,2026-06-28 09:30:00,60323.35,60400.28,60253.44,60264.87,11.30556
1782640800000,2026-06-28 10:00:00,60264.88,60591.05,57262.04,60113.01,13.4395
1782642600000,2026-06-28 10:30:00,60113.01,60176.0,60078.67,60166.72,8.43204
1782644400000,2026-06-28 11:00:00,60166.72,60389.45,60123.9,60316.39,17.33225
1782646200000,2026-06-28 11:30:00,60316.39,60367.94,60251.5,60329.99,9.6791
1782648000000,2026-06-28 12:00:00,60339.29,60383.99,50868.69,60338.0,27.01386
1782649800000,2026-06-28 12:30:00,60338.0,60435.43,60205.17,60292.24,17.82561
1782651600000,2026-06-28 13:00:00,60292.59,60677.6,53679.87,60128.0,34.02459
1782653400000,2026-06-28 13:30:00,60129.99,60183.84,58245.49,60075.01,12.23259
1782655200000,2026-06-28 14:00:00,60075.01,60247.11,60036.67,60162.49,13.85001
1782657000000,2026-06-28 14:30:00,60162.48,60194.56,60026.19,60034.53,9.42542
1782658800000,2026-06-28 15:00:00,60039.66,60129.99,53675.8,60041.38,20.11283
1782660600000,2026-06-28 15:30:00,60038.75,60155.99,59827.3,59889.51,10.6228
1782662400000,2026-06-28 16:00:00,59889.51,59943.9,58050.0,59750.0,23.53563
1782664200000,2026-06-28 16:30:00,59750.0,59793.0,59597.49,59691.49,16.85294
1782666000000,2026-06-28 17:00:00,59690.63,59845.01,59600.0,59600.01,19.29519
1782667800000,2026-06-28 17:30:00,59600.01,59661.81,59412.0,59588.0,19.8336
1782669600000,2026-06-28 18:00:00,59588.01,59698.0,59580.0,59620.59,13.96713
1782671400000,2026-06-28 18:30:00,59620.59,59671.68,59502.0,59619.95,18.88347
1782673200000,2026-06-28 19:00:00,59619.96,59619.96,59444.87,59542.0,17.10313
1782675000000,2026-06-28 19:30:00,59542.0,59664.74,59281.94,59485.63,24.62713
1782676800000,2026-06-28 20:00:00,59485.64,59749.59,59484.11,59690.01,8.03068
1782678600000,2026-06-28 20:30:00,59690.01,59721.33,50000.0,59659.99,13.77425
1782680400000,2026-06-28 21:00:00,59660.0,59740.23,59646.0,59716.68,6.02453
1782682200000,2026-06-28 21:30:00,59713.41,59781.63,58971.47,59423.99,17.77456
1782684000000,2026-06-28 22:00:00,59424.0,60163.54,50885.56,59365.95,51.10291
1782685800000,2026-06-28 22:30:00,59365.95,59436.0,58952.45,59083.51,23.44166
1782687600000,2026-06-28 23:00:00,59083.51,59572.0,59017.81,59533.51,20.97711
1782689400000,2026-06-28 23:30:00,59546.61,59836.67,59535.62,59577.0,21.50942
1782691200000,2026-06-29 00:00:00,59577.01,59694.0,58867.07,59232.0,22.90252
1782693000000,2026-06-29 00:30:00,59232.01,60157.34,59033.99,59688.68,28.56193
1782694800000,2026-06-29 01:00:00,59686.0,60082.76,58496.69,59307.08,29.09268
1782696600000,2026-06-29 01:30:00,59300.1,59570.0,59240.0,59440.95,21.91865
1782698400000,2026-06-29 02:00:00,59440.95,60034.23,50000.0,59538.85,41.10381
1782700200000,2026-06-29 02:30:00,59538.85,59969.63,58750.0,59757.99,35.85338
1782702000000,2026-06-29 03:00:00,59758.0,60380.44,56990.54,60182.67,31.4677
1782703800000,2026-06-29 03:30:00,60172.68,60593.93,59881.76,60052.0,19.83206
1782705600000,2026-06-29 04:00:00,60052.01,60052.01,59850.01,59958.01,9.79345
1782707400000,2026-06-29 04:30:00,59958.01,59958.01,59344.11,59830.0,12.77966
1782709200000,2026-06-29 05:00:00,59830.01,59861.57,59415.89,59683.59,18.7025
1782711000000,2026-06-29 05:30:00,59683.59,60094.66,59244.2,60094.66,18.61716
1782712800000,2026-06-29 06:00:00,60094.67,60323.8,59840.84,60160.31,27.37243
1782714600000,2026-06-29 06:30:00,60160.31,60202.06,60056.0,60075.8,16.93854
1782716400000,2026-06-29 07:00:00,60075.5,60162.01,59780.51,60124.0,18.13668
1782718200000,2026-06-29 07:30:00,60124.0,60138.0,60028.01,60028.01,12.68942
1782720000000,2026-06-29 08:00:00,60028.01,60084.17,59819.99,59832.99,30.67038
1782721800000,2026-06-29 08:30:00,59837.0,59939.99,59005.89,59854.38,15.34737
1782723600000,2026-06-29 09:00:00,59854.39,60081.5,59793.07,59924.53,24.92265
1782725400000,2026-06-29 09:30:00,59926.4,60068.0,59889.98,60056.06,15.26768
1782727200000,2026-06-29 10:00:00,60057.0,60311.88,60056.99,60214.52,23.99342
1782729000000,2026-06-29 10:30:00,60215.79,60215.79,60071.07,60085.32,14.423
1782730800000,2026-06-29 11:00:00,60088.0,60088.0,59600.0,59989.6,32.5748
1782732600000,2026-06-29 11:30:00,59990.6,60149.84,59799.99,59928.01,23.98075
1782734400000,2026-06-29 12:00:00,59928.01,60762.38,59679.99,60440.01,72.50948
1782736200000,2026-06-29 12:30:00,60440.0,60879.59,59804.37,59945.88,48.10668
1782738000000,2026-06-29 13:00:00,59945.89,61190.41,59442.59,60003.49,48.62963
1782739800000,2026-06-29 13:30:00,60005.96,61244.16,51377.19,59560.61,92.82968
1782741600000,2026-06-29 14:00:00,59560.61,61244.17,51653.65,59489.65,85.51021
1782743400000,2026-06-29 14:30:00,59489.65,66106.0,59284.18,59452.0,105.72603
1782745200000,2026-06-29 15:00:00,59452.0,62418.16,55593.79,59480.96,31.66943
1782747000000,2026-06-29 15:30:00,59480.96,59952.0,59480.95,59833.1,35.62078
1782748800000,2026-06-29 16:00:00,59831.99,60033.31,59667.99,59702.99,47.31736
1782750600000,2026-06-29 16:30:00,59704.18,60033.31,59643.04,59895.99,91.12536
1782752400000,2026-06-29 17:00:00,59896.0,60633.87,59893.72,60546.57,39.64445
1782754200000,2026-06-29 17:30:00,60546.97,61174.63,58926.3,60410.0,33.74666
1782756000000,2026-06-29 18:00:00,60410.0,60520.0,59100.0,60276.67,35.83164
1782757800000,2026-06-29 18:30:00,60275.43,60334.0,60199.98,60294.99,15.34781
1782759600000,2026-06-29 19:00:00,60295.0,60477.99,60156.0,60468.68,14.38641
1782761400000,2026-06-29 19:30:00,60466.01,60546.48,60116.83,60430.0,17.77158
1782763200000,2026-06-29 20:00:00,60430.0,60545.46,60364.0,60396.52,19.26152
1782765000000,2026-06-29 20:30:00,60396.51,61022.72,60295.32,60296.01,10.57579
1782766800000,2026-06-29 21:00:00,60296.01,60415.0,60264.16,60350.0,10.24695
1782768600000,2026-06-29 21:30:00,60350.0,60773.18,60350.0,60478.53,11.09633
1782770400000,2026-06-29 22:00:00,60479.72,61174.63,60367.2,60446.4,10.47146
1782772200000,2026-06-29 22:30:00,60445.01,60458.0,60342.59,60352.3,6.94779
1782774000000,2026-06-29 23:00:00,60352.31,60379.22,60216.0,60234.01,10.8244
1782775800000,2026-06-29 23:30:00,60234.01,60295.23,60219.71,60264.99,7.86886
1782777600000,2026-06-30 00:00:00,60272.21,60272.21,59000.0,59955.19,28.72781
1782779400000,2026-06-30 00:30:00,59939.61,60179.39,59706.1,59838.08,36.58705
1782781200000,2026-06-30 01:00:00,59838.01,60043.14,59783.32,60037.99,23.31862
1782783000000,2026-06-30 01:30:00,60038.0,60048.98,59800.0,59940.62,18.66846
1782784800000,2026-06-30 02:00:00,59939.95,59991.99,59755.01,59974.42,11.30203
1782786600000,2026-06-30 02:30:00,59975.99,60041.46,59922.53,59948.24,6.68845
1782788400000,2026-06-30 03:00:00,59948.24,60031.75,59825.87,59858.01,12.67103
1782790200000,2026-06-30 03:30:00,59858.01,60271.08,59600.0,59634.01,31.91058
1782792000000,2026-06-30 04:00:00,59627.48,59627.48,59434.53,59550.61,21.81979
1782793800000,2026-06-30 04:30:00,59550.61,59694.6,59055.86,59492.0,35.81928
1782795600000,2026-06-30 05:00:00,59492.01,59526.52,59375.52,59386.01,21.32799
1782797400000,2026-06-30 05:30:00,59386.0,60728.74,56000.0,59652.14,52.5113
1782799200000,2026-06-30 06:00:00,59652.14,59700.0,59323.07,59700.0,18.69226
1782801000000,2026-06-30 06:30:00,59700.0,59711.63,59547.28,59591.0,13.52317
1782802800000,2026-06-30 07:00:00,59592.0,59629.95,59448.01,59472.87,14.70664
1782804600000,2026-06-30 07:30:00,59472.87,60251.75,59471.68,59524.19,39.89034
1782806400000,2026-06-30 08:00:00,59524.01,59551.03,59378.66,59410.07,29.53708
1782808200000,2026-06-30 08:30:00,59418.0,59441.94,58699.96,59314.08,29.15255
1782810000000,2026-06-30 09:00:00,59311.95,59400.09,59266.09,59298.06,13.35035
1782811800000,2026-06-30 09:30:00,59296.01,59415.93,59260.0,59374.95,10.85501
1782813600000,2026-06-30 10:00:00,59374.96,59420.0,58699.96,59371.98,11.1417
1782815400000,2026-06-30 10:30:00,59371.99,59400.61,59287.3,59339.11,5.29244
1782817200000,2026-06-30 11:00:00,59334.01,59405.73,59211.99,59223.35,15.60931
1782819000000,2026-06-30 11:30:00,59223.31,59678.77,58699.96,59192.71,14.37347
1782820800000,2026-06-30 12:00:00,59192.71,59192.71,58779.27,58865.69,34.37671
1782822600000,2026-06-30 12:30:00,58865.93,58879.22,58414.77,58414.77,33.37546
1782824400000,2026-06-30 13:00:00,58412.0,59631.92,58339.73,58517.99,31.73924
1782826200000,2026-06-30 13:30:00,58517.99,58800.0,58248.89,58737.99,98.59958
1782828000000,2026-06-30 14:00:00,58737.18,59345.59,58471.29,59035.57,52.82295
1782829800000,2026-06-30 14:30:00,59039.99,59926.3,58433.0,58510.66,71.3226
1782831600000,2026-06-30 15:00:00,58510.66,59400.0,48200.0,58392.82,34.72202
1782833400000,2026-06-30 15:30:00,58384.55,58796.0,58187.78,58370.0,31.70359
1782835200000,2026-06-30 16:00:00,58370.0,58645.85,58284.0,58296.52,34.29403
1782837000000,2026-06-30 16:30:00,58305.0,58831.01,58266.34,58492.0,31.34372
1782838800000,2026-06-30 17:00:00,58492.52,58606.91,58366.0,58382.7,42.91995
1782840600000,2026-06-30 17:30:00,58387.9,58458.0,58207.39,58412.59,40.99479
1782842400000,2026-06-30 18:00:00,58418.0,58654.67,57649.18,58536.0,69.53101
1782844200000,2026-06-30 18:30:00,58536.0,58686.54,58392.92,58680.86,30.09534
1782846000000,2026-06-30 19:00:00,58680.87,58712.56,58575.23,58665.63,28.68013
1782847800000,2026-06-30 19:30:00,58669.43,58824.01,58669.43,58823.99,21.67464
1782849600000,2026-06-30 20:00:00,58823.99,58907.48,58699.99,58739.9,18.19118
1782851400000,2026-06-30 20:30:00,58739.99,58778.01,58650.0,58735.88,12.87848
1782853200000,2026-06-30 21:00:00,58732.01,59035.34,58444.86,58596.68,12.63093
1782855000000,2026-06-30 21:30:00,58596.0,58662.0,58444.86,58635.66,8.91287
1782856800000,2026-06-30 22:00:00,58639.32,58782.59,58444.86,58650.15,12.50481
1782858600000,2026-06-30 22:30:00,58650.15,58654.92,58513.51,58608.0,16.69269
1782860400000,2026-06-30 23:00:00,58608.0,58659.97,58564.0,58620.68,11.22492
1782862200000,2026-06-30 23:30:00,58616.0,58664.0,58571.45,58624.71,16.66876
1782864000000,2026-07-01 00:00:00,58624.71,59605.64,58316.0,58396.76,41.77502
1782865800000,2026-07-01 00:30:00,58394.0,58614.01,58394.0,58568.2,15.82792
1782867600000,2026-07-01 01:00:00,58568.2,59605.64,57844.95,58359.29,38.30559
1782869400000,2026-07-01 01:30:00,58359.28,59605.64,58352.91,58778.98,61.98726
1782871200000,2026-07-01 02:00:00,58778.98,59000.0,58666.92,58948.23,30.93435
1782873000000,2026-07-01 02:30:00,58948.75,59433.75,58936.0,59082.76,34.89846
1782874800000,2026-07-01 03:00:00,59082.76,59116.0,58885.79,58906.53,15.99083
1782876600000,2026-07-01 03:30:00,58914.85,59605.64,58850.0,59197.13,31.25574
1782878400000,2026-07-01 04:00:00,59197.13,59606.94,59066.0,59269.99,13.92186
1782880200000,2026-07-01 04:30:00,59270.52,60049.46,59200.0,59380.54,103.11526
1782882000000,2026-07-01 05:00:00,59380.54,60275.52,59164.17,59174.0,16.49687
1782883800000,2026-07-01 05:30:00,59174.0,60772.21,59128.91,59148.52,35.66738
1782885600000,2026-07-01 06:00:00,59156.0,59311.08,57834.83,58785.46,21.73117
1782887400000,2026-07-01 06:30:00,58791.15,60044.32,58000.0,58741.03,28.46084
1782889200000,2026-07-01 07:00:00,58741.03,60044.32,58602.24,58755.38,18.69264
1782891000000,2026-07-01 07:30:00,58747.74,61200.25,58648.15,58762.73,20.00262
1782892800000,2026-07-01 08:00:00,58765.14,58805.03,58600.01,58620.01,15.04401
1782894600000,2026-07-01 08:30:00,58620.01,58984.0,58507.99,58974.91,27.5336
1782896400000,2026-07-01 09:00:00,58974.92,59064.86,58877.14,58880.0,14.94001
1782898200000,2026-07-01 09:30:00,58880.52,58968.94,58846.59,58952.0,8.09843
1782900000000,2026-07-01 10:00:00,58952.0,59756.39,58673.99,58737.14,14.55078
1782901800000,2026-07-01 10:30:00,58737.13,61278.61,58624.0,58659.98,62.54624
1782903600000,2026-07-01 11:00:00,58659.98,73000.0,49912.0,58703.0,138.07854
1782905400000,2026-07-01 11:30:00,58693.0,62828.7,58555.99,58622.04,24.74095
1782907200000,2026-07-01 12:00:00,58622.04,67770.15,49779.21,58562.0,169.27007
1782909000000,2026-07-01 12:30:00,58562.01,67000.0,49970.0,58541.4,217.05016
1782910800000,2026-07-01 13:00:00,58541.4,59615.01,58538.0,58768.0,20.55282
1782912600000,2026-07-01 13:30:00,58768.53,63123.99,49970.0,59547.87,57.01441
1782914400000,2026-07-01 14:00:00,59547.87,69158.09,56125.17,59787.28,55.82351
1782916200000,2026-07-01 14:30:00,59787.28,59803.72,49939.88,59525.98,178.92706
1782918000000,2026-07-01 15:00:00,59525.99,60578.09,51024.0,60304.01,73.8742
1782919800000,2026-07-01 15:30:00,60304.0,69158.09,51000.0,60144.0,172.77358
1782921600000,2026-07-01 16:00:00,60144.01,60230.01,59952.54,60159.99,19.82934
1782923400000,2026-07-01 16:30:00,60159.99,60164.01,59868.83,59906.01,18.18429
1782925200000,2026-07-01 17:00:00,59906.02,69796.48,57535.41,60142.0,33.97353
1782927000000,2026-07-01 17:30:00,60142.0,60239.84,55758.96,60190.59,18.02929
1782928800000,2026-07-01 18:00:00,60190.6,60204.0,60016.4,60132.0,14.59995
1782930600000,2026-07-01 18:30:00,60132.01,60294.11,60091.99,60172.46,8.88183
1782932400000,2026-07-01 19:00:00,60172.47,60336.01,60116.43,60153.72,10.68338
1782934200000,2026-07-01 19:30:00,60154.25,60263.6,60000.0,60017.52,10.38912
1782936000000,2026-07-01 20:00:00,60017.53,60052.04,59885.0,59974.0,13.86485
1782937800000,2026-07-01 20:30:00,59973.99,60190.01,53900.0,60126.0,10.2711
1782939600000,2026-07-01 21:00:00,60126.01,60578.91,60124.89,60530.0,29.2931
1782941400000,2026-07-01 21:30:00,60530.01,60824.6,60527.99,60817.99,27.60838
1782943200000,2026-07-01 22:00:00,60818.0,61459.0,60625.49,60626.01,19.00249
1782945000000,2026-07-01 22:30:00,60625.49,60627.99,58796.91,60484.0,18.89036
1782946800000,2026-07-01 23:00:00,60484.01,60484.01,60200.0,60208.14,17.35471
1782948600000,2026-07-01 23:30:00,60208.15,60531.34,59984.86,60026.17,18.52844
1782950400000,2026-07-02 00:00:00,60026.18,60026.18,59744.58,59787.1,25.78275
1782952200000,2026-07-02 00:30:00,59780.55,59833.91,59588.0,59730.68,10.15606
1782954000000,2026-07-02 01:00:00,59726.62,60017.75,59724.0,60007.99,26.78168
1782955800000,2026-07-02 01:30:00,60007.99,60956.97,60007.99,60174.09,17.40225
1782957600000,2026-07-02 02:00:00,60174.1,60256.0,60021.46,60205.55,11.48136
1782959400000,2026-07-02 02:30:00,60205.56,60665.4,60185.99,60440.0,14.88793
1782961200000,2026-07-02 03:00:00,60440.01,60886.94,59401.41,60553.99,52.58641
1782963000000,2026-07-02 03:30:00,60553.99,61108.0,59401.41,61052.0,29.93183
1782964800000,2026-07-02 04:00:00,61052.01,61058.0,59800.0,60922.27,23.01318
1782966600000,2026-07-02 04:30:00,60920.43,61261.58,59895.06,60786.01,28.2758
1782968400000,2026-07-02 05:00:00,60786.01,60854.55,60665.99,60738.39,16.377
1782970200000,2026-07-02 05:30:00,60738.38,60877.8,60492.96,60502.0,17.84558
1782972000000,2026-07-02 06:00:00,60502.0,60560.5,60406.14,60475.28,12.37533
1782973800000,2026-07-02 06:30:00,60475.81,60652.98,60260.0,60276.0,22.62248
1782975600000,2026-07-02 07:00:00,60276.01,61000.0,60166.0,60166.0,16.89224
1782977400000,2026-07-02 07:30:00,60166.0,60210.01,60110.11,60140.8,19.81279
1782979200000,2026-07-02 08:00:00,60140.81,60389.54,60134.0,60161.39,25.13748
1782981000000,2026-07-02 08:30:00,60161.39,60539.99,60161.39,60512.0,9.95183
1782982800000,2026-07-02 09:00:00,60512.0,60618.88,60376.13,60604.46,29.59491
1782984600000,2026-07-02 09:30:00,60604.45,61393.04,60604.45,61196.0,92.26658
1782986400000,2026-07-02 10:00:00,61196.0,61294.01,61058.0,61230.0,19.66147
1782988200000,2026-07-02 10:30:00,61230.0,61960.68,61153.99,61260.68,23.69081
1782990000000,2026-07-02 11:00:00,61260.01,61960.68,61222.0,61287.52,18.24242
1782991800000,2026-07-02 11:30:00,61293.77,61382.73,51698.27,61382.72,20.27017
1782993600000,2026-07-02 12:00:00,61382.73,61417.59,61161.03,61344.0,15.40406
1782995400000,2026-07-02 12:30:00,61344.01,63105.56,61204.0,61540.01,50.20596
1782997200000,2026-07-02 13:00:00,61540.01,61962.95,61506.01,61680.0,24.64778
1782999000000,2026-07-02 13:30:00,61679.99,62028.27,61540.0,61931.09,41.80675
1783000800000,2026-07-02 14:00:00,61931.09,62394.98,52068.98,61704.65,66.371
1783002600000,2026-07-02 14:30:00,61704.64,71056.0,52633.37,61686.49,148.60102
1783004400000,2026-07-02 15:00:00,61686.5,62318.69,60552.54,61717.95,18.60908
1783006200000,2026-07-02 15:30:00,61717.94,61892.44,60524.65,61615.86,26.58343
1783008000000,2026-07-02 16:00:00,61615.87,62323.18,61170.0,61186.0,38.97658
1783009800000,2026-07-02 16:30:00,61186.0,63516.5,61185.99,61682.01,20.58709
1783011600000,2026-07-02 17:00:00,61682.01,63710.51,61631.99,61868.0,41.11473
1783013400000,2026-07-02 17:30:00,61868.0,61868.0,60948.69,61667.39,22.55275
1783015200000,2026-07-02 18:00:00,61667.4,62236.16,61208.54,61868.17,61.90977
1783017000000,2026-07-02 18:30:00,61868.17,61871.69,61208.54,61760.0,39.27636
1783018800000,2026-07-02 19:00:00,61760.0,70574.46,61522.0,61614.57,38.18807
1783020600000,2026-07-02 19:30:00,61614.57,61957.25,61435.99,61436.0,13.24259
1783022400000,2026-07-02 20:00:00,61436.0,61532.01,60945.76,61402.0,18.4029
1783024200000,2026-07-02 20:30:00,61402.0,61596.0,61342.0,61584.12,10.77291
1783026000000,2026-07-02 21:00:00,61584.12,61649.11,61522.24,61540.41,5.39975
1783027800000,2026-07-02 21:30:00,61540.41,61606.62,61516.38,61592.26,7.62644
1783029600000,2026-07-02 22:00:00,61592.27,61596.62,61291.63,61522.35,30.20208
1783031400000,2026-07-02 22:30:00,61522.34,61554.97,61410.0,61492.43,8.33483
1783033200000,2026-07-02 23:00:00,61492.44,61536.0,60078.25,61512.55,11.61607
1783035000000,2026-07-02 23:30:00,61512.54,61600.0,61448.48,61560.0,7.26725
1783036800000,2026-07-03 00:00:00,61560.01,61564.91,59801.39,61308.3,16.13773
1783038600000,2026-07-03 00:30:00,61308.31,61408.01,60942.6,61315.59,8.49901
1783040400000,2026-07-03 01:00:00,61315.6,61776.14,61286.0,61574.01,29.86257
1783042200000,2026-07-03 01:30:00,61574.01,61723.93,61526.0,61588.0,11.34385
1783044000000,2026-07-03 02:00:00,61588.01,61664.62,61403.66,61409.99,13.24198
1783045800000,2026-07-03 02:30:00,61409.99,61456.18,59717.47,61440.02,23.40003
1783047600000,2026-07-03 03:00:00,61440.02,61575.15,61324.0,61540.01,20.79254
1783049400000,2026-07-03 03:30:00,61540.02,61540.83,61373.32,61429.26,40.95842
1783051200000,2026-07-03 04:00:00,61429.27,61473.83,60484.83,61435.03,8.43479
1783053000000,2026-07-03 04:30:00,61435.03,61523.18,61380.0,61450.0,11.71796
1783054800000,2026-07-03 05:00:00,61450.01,61682.3,61430.0,61625.0,16.14623
1783056600000,2026-07-03 05:30:00,61625.0,61780.32,61623.99,61700.5,20.89495
1783058400000,2026-07-03 06:00:00,61700.5,61840.69,61693.96,61719.92,8.76873
1783060200000,2026-07-03 06:30:00,61719.92,61980.49,61618.61,61710.0,13.90978
1783062000000,2026-07-03 07:00:00,61710.01,61773.69,61663.66,61749.65,6.50564
1783063800000,2026-07-03 07:30:00,61749.65,61854.0,61745.29,61750.46,14.32303
1783065600000,2026-07-03 08:00:00,61750.47,61829.92,61724.6,61778.53,8.80252
1783067400000,2026-07-03 08:30:00,61779.56,61896.99,61567.8,61576.98,25.54829
1783069200000,2026-07-03 09:00:00,61584.0,61802.19,61536.01,61685.12,20.05802
1783071000000,2026-07-03 09:30:00,61685.12,61774.0,61560.0,61723.99,11.08594
1783072800000,2026-07-03 10:00:00,61724.0,61766.0,61671.99,61752.9,10.04868
1783074600000,2026-07-03 10:30:00,61752.9,62269.42,61728.01,61916.45,18.21398
1783076400000,2026-07-03 11:00:00,61916.46,63902.06,61875.61,61998.68,21.96925
1783078200000,2026-07-03 11:30:00,61984.05,62107.97,61888.0,62048.56,7.3601
1783080000000,2026-07-03 12:00:00,62030.01,62165.04,61168.28,61937.8,19.75808
1783081800000,2026-07-03 12:30:00,61937.79,61992.0,61875.94,61984.0,15.40123
1783083600000,2026-07-03 13:00:00,61984.0,62123.64,61944.0,62099.75,14.51327
1783085400000,2026-07-03 13:30:00,62099.76,62237.73,59717.47,62116.01,8.27456
1783087200000,2026-07-03 14:00:00,62116.01,62116.01,61724.11,61918.52,14.72976
1783089000000,2026-07-03 14:30:00,61929.99,62258.01,61859.02,62169.68,11.73119
1783090800000,2026-07-03 15:00:00,62169.69,65303.7,52633.37,62010.52,148.25472
1783092600000,2026-07-03 15:30:00,62011.99,62097.99,61820.0,61924.46,12.84627
1783094400000,2026-07-03 16:00:00,61922.72,62492.77,61913.32,62077.91,73.85213
1783096200000,2026-07-03 16:30:00,62074.8,62124.31,61986.0,62104.01,9.57605
1783098000000,2026-07-03 17:00:00,62104.01,62853.55,61168.28,62189.99,56.1379
1783099800000,2026-07-03 17:30:00,62189.98,71811.74,61501.19,62193.78,223.01386
1783101600000,2026-07-03 18:00:00,62192.22,63835.06,61501.19,62175.99,56.5116
1783103400000,2026-07-03 18:30:00,62175.99,62290.87,62175.99,62204.0,64.95961
1783105200000,2026-07-03 19:00:00,62204.01,62281.0,62152.23,62224.0,26.64521
1783107000000,2026-07-03 19:30:00,62224.01,62300.0,62166.12,62223.99,10.724
1783108800000,2026-07-03 20:00:00,62224.0,62665.75,60763.91,62622.0,87.7546
1783110600000,2026-07-03 20:30:00,62622.0,64320.0,58620.01,62776.91,215.74266
1783112400000,2026-07-03 21:00:00,62778.01,62914.01,61478.33,62631.53,62.53254
1783114200000,2026-07-03 21:30:00,62631.53,62822.06,62423.21,62740.0,12.18133
1783116000000,2026-07-03 22:00:00,62740.01,62748.01,62595.06,62636.01,5.34232
1783117800000,2026-07-03 22:30:00,62636.0,62664.42,62545.78,62578.02,8.03036
1783119600000,2026-07-03 23:00:00,62578.02,62670.04,62537.18,62612.51,5.15488
1783121400000,2026-07-03 23:30:00,62616.07,62700.0,62553.97,62616.01,6.11444
1783123200000,2026-07-04 00:00:00,62616.01,62928.01,62583.25,62765.14,40.65052
1783125000000,2026-07-04 00:30:00,62765.14,62808.45,62686.93,62758.09,11.63336
1783126800000,2026-07-04 01:00:00,62758.09,62758.09,51698.26,62486.0,70.61443
1783128600000,2026-07-04 01:30:00,62486.0,62540.0,62423.99,62471.49,7.20653
1783130400000,2026-07-04 02:00:00,62471.5,62560.0,62454.52,62485.02,4.8731
1783132200000,2026-07-04 02:30:00,62485.01,63188.86,62432.0,62538.95,61.69052
1783134000000,2026-07-04 03:00:00,62538.96,62595.88,62408.36,62556.77,7.92999
1783135800000,2026-07-04 03:30:00,62556.77,62732.01,62520.0,62642.65,9.88244
1783137600000,2026-07-04 04:00:00,62640.01,63939.9,62595.98,62666.7,11.12722
1783139400000,2026-07-04 04:30:00,62666.69,62749.97,62641.94,62703.31,6.51798
1783141200000,2026-07-04 05:00:00,62703.32,62703.32,62476.0,62510.53,8.07152
1783143000000,2026-07-04 05:30:00,62516.0,62595.97,62441.29,62471.52,8.55418
1783144800000,2026-07-04 06:00:00,62471.53,62559.43,62338.4,62416.01,10.75072
1783146600000,2026-07-04 06:30:00,62416.01,62530.4,62416.0,62500.0,6.15248
1783148400000,2026-07-04 07:00:00,62500.01,62622.01,62470.0,62544.07,7.51172
1783150200000,2026-07-04 07:30:00,62544.06,62594.36,61851.72,62584.68,13.92859
1783152000000,2026-07-04 08:00:00,62578.92,62580.0,62516.46,62550.5,3.53871
1783153800000,2026-07-04 08:30:00,62550.5,62658.48,62548.0,62553.78,8.57868
1783155600000,2026-07-04 09:00:00,62553.77,62577.74,62458.0,62476.24,9.0598
1783157400000,2026-07-04 09:30:00,62476.25,62508.25,62417.92,62494.61,7.07874
1783159200000,2026-07-04 10:00:00,62494.01,62523.53,62445.38,62499.9,5.1588
1783161000000,2026-07-04 10:30:00,62499.91,62545.01,62468.21,62522.68,7.07562
1783162800000,2026-07-04 11:00:00,62513.0,62549.25,62465.99,62481.93,4.41338
1783164600000,2026-07-04 11:30:00,62481.93,62806.82,62479.99,62482.01,54.61214
1783166400000,2026-07-04 12:00:00,62482.01,62614.46,62482.0,62604.68,19.63874
1783168200000,2026-07-04 12:30:00,62590.01,62688.0,62586.0,62664.01,23.17634
1783170000000,2026-07-04 13:00:00,62664.01,62732.01,62595.1,62643.99,7.37371
1783171800000,2026-07-04 13:30:00,62654.0,62654.0,62542.0,62588.85,24.98306
1783173600000,2026-07-04 14:00:00,62588.85,62728.01,62585.53,62677.53,13.98876
1783175400000,2026-07-04 14:30:00,62677.54,62713.67,62627.09,62694.0,15.11734
1783177200000,2026-07-04 15:00:00,62693.99,64343.29,51024.0,62905.14,102.27435
1783179000000,2026-07-04 15:30:00,62905.57,71843.57,59474.07,62943.29,178.03371
1783180800000,2026-07-04 16:00:00,62943.29,64060.53,53135.36,62879.11,179.30198
1783182600000,2026-07-04 16:30:00,62870.01,63593.12,62290.45,62928.36,131.17985
1783184400000,2026-07-04 17:00:00,62927.3,62981.97,62803.0,62979.36,10.78843
1783186200000,2026-07-04 17:30:00,62979.36,63435.11,58714.11,63280.44,102.57343
1783188000000,2026-07-04 18:00:00,63280.45,64121.49,62256.48,63186.56,141.60174
1783189800000,2026-07-04 18:30:00,63186.56,63393.83,60908.35,63172.78,161.01121
1783191600000,2026-07-04 19:00:00,63172.79,64429.18,60865.27,63368.52,146.60797
1783193400000,2026-07-04 19:30:00,63370.0,64433.28,59515.2,63295.95,130.02335
1783195200000,2026-07-04 20:00:00,63294.72,63382.15,63157.67,63172.0,23.93368
1783197000000,2026-07-04 20:30:00,63171.99,63333.64,63165.79,63233.78,13.55259
1783198800000,2026-07-04 21:00:00,63233.79,63456.59,63202.0,63433.32,11.02512
1783200600000,2026-07-04 21:30:00,63439.87,63633.34,63270.21,63297.83,8.04334
1783202400000,2026-07-04 22:00:00,63297.84,63310.0,63005.0,63221.81,3.33638
1783204200000,2026-07-04 22:30:00,63221.81,63242.01,63160.0,63184.99,3.94118
1783206000000,2026-07-04 23:00:00,63185.0,63228.0,62934.0,63097.99,11.59193
1783207800000,2026-07-04 23:30:00,63098.0,63234.21,63097.99,63144.01,7.85893
1783209600000,2026-07-05 00:00:00,63144.01,63144.01,62991.0,63046.83,9.97977
1783211400000,2026-07-05 00:30:00,63053.21,63335.25,62918.79,62984.52,9.03276
1783213200000,2026-07-05 01:00:00,62991.3,63042.96,59946.58,62940.01,24.37653
1783215000000,2026-07-05 01:30:00,62940.04,63034.43,62745.2,62899.99,21.43771
1783216800000,2026-07-05 02:00:00,62900.0,62920.19,62654.74,62751.99,13.03077
1783218600000,2026-07-05 02:30:00,62752.0,63131.43,57000.0,62691.99,45.92727
1783220400000,2026-07-05 03:00:00,62692.0,62779.99,62658.0,62667.0,3.96736
1783222200000,2026-07-05 03:30:00,62667.0,62796.37,62667.0,62769.04,7.30969
1783224000000,2026-07-05 04:00:00,62769.04,62872.01,61763.32,62862.49,21.93335
1783225800000,2026-07-05 04:30:00,62862.49,62952.93,62818.21,62837.02,8.30536
1783227600000,2026-07-05 05:00:00,62837.02,62837.02,62732.84,62759.26,9.6825
1783229400000,2026-07-05 05:30:00,62759.27,62810.0,62659.65,62748.41,14.34834
1783231200000,2026-07-05 06:00:00,62750.73,62800.0,62669.99,62791.89,11.63985
1783233000000,2026-07-05 06:30:00,62791.9,62819.91,54223.58,62781.84,23.49699
1783234800000,2026-07-05 07:00:00,62781.84,62812.01,62720.0,62749.99,6.7808
1783236600000,2026-07-05 07:30:00,62750.0,63060.0,62750.0,63026.45,19.2847
1783238400000,2026-07-05 08:00:00,63026.45,63100.0,62919.99,62934.08,16.83116
1783240200000,2026-07-05 08:30:00,62934.61,62990.0,62900.0,62949.97,10.32868
1783242000000,2026-07-05 09:00:00,62949.98,62949.98,62733.96,62735.01,9.28132
1783243800000,2026-07-05 09:30:00,62735.0,62780.61,59653.01,62622.16,25.6272
1783245600000,2026-07-05 10:00:00,62622.17,62726.97,62541.06,62694.01,7.74224
1783247400000,2026-07-05 10:30:00,62694.02,62756.25,62670.02,62756.11,4.90137
1783249200000,2026-07-05 11:00:00,62756.12,62797.09,62612.38,62646.83,6.33654
1783251000000,2026-07-05 11:30:00,62646.82,62726.0,62616.0,62672.58,4.72737
1783252800000,2026-07-05 12:00:00,62672.58,62750.0,62569.37,62742.0,13.47488
1783254600000,2026-07-05 12:30:00,62742.0,62780.16,62682.53,62736.97,12.60476
1783256400000,2026-07-05 13:00:00,62736.98,62802.01,62653.32,62695.68,11.61027
1783258200000,2026-07-05 13:30:00,62695.69,62819.66,62677.78,62791.99,20.89585
1783260000000,2026-07-05 14:00:00,62792.0,62818.37,52068.98,62712.01,19.03317
1783261800000,2026-07-05 14:30:00,62712.01,62812.25,62657.14,62812.24,17.25631
1783263600000,2026-07-05 15:00:00,62812.25,63385.84,53135.36,62778.78,35.30974
1783265400000,2026-07-05 15:30:00,62778.78,63419.13,62269.97,62740.0,124.13351
1783267200000,2026-07-05 16:00:00,62740.01,62766.0,60169.67,62622.0,128.59031
1783269000000,2026-07-05 16:30:00,62622.53,62662.73,59474.07,62656.0,121.57115
1783270800000,2026-07-05 17:00:00,62656.0,62912.41,62640.24,62686.01,12.75923
1783272600000,2026-07-05 17:30:00,62686.01,62710.0,62597.97,62630.65,8.60218
1783274400000,2026-07-05 18:00:00,62630.91,62722.94,62616.0,62694.01,9.74814
1783276200000,2026-07-05 18:30:00,62692.68,62876.49,62681.93,62827.47,11.29383
1783278000000,2026-07-05 19:00:00,62827.47,63010.89,61560.88,62773.97,49.42649
1783279800000,2026-07-05 19:30:00,62773.97,62832.0,62762.46,62779.08,7.52542
1783281600000,2026-07-05 20:00:00,62779.08,62836.0,62700.0,62719.99,8.7159
1783283400000,2026-07-05 20:30:00,62720.0,62759.47,62700.0,62740.0,6.44486
1783285200000,2026-07-05 21:00:00,62740.01,63010.89,61839.83,62930.27,34.0659
1783287000000,2026-07-05 21:30:00,62930.27,63220.0,62894.0,63119.06,14.83282
1783288800000,2026-07-05 22:00:00,63119.06,63734.01,63016.0,63698.0,36.58424
1783290600000,2026-07-05 22:30:00,63698.0,63920.1,63542.19,63732.01,30.90233
1783292400000,2026-07-05 23:00:00,63732.01,64326.33,63504.56,63688.01,56.69158
1783294200000,2026-07-05 23:30:00,63686.68,63728.01,63577.36,63636.0,14.78899
1783296000000,2026-07-06 00:00:00,63636.0,64326.33,62437.49,63433.0,30.55906
1783297800000,2026-07-06 00:30:00,63433.0,63762.01,63350.01,63759.3,19.02063
1783299600000,2026-07-06 01:00:00,63759.3,63850.8,61869.52,63737.29,20.77294
1783301400000,2026-07-06 01:30:00,63737.29,64058.45,63581.76,63588.01,32.45432
1783303200000,2026-07-06 02:00:00,63588.01,64066.45,63418.0,63522.01,36.2161
1783305000000,2026-07-06 02:30:00,63522.01,64066.45,63373.13,63484.96,34.76786
1783306800000,2026-07-06 03:00:00,63484.96,63495.14,63210.04,63223.14,19.85647
1783308600000,2026-07-06 03:30:00,63223.13,63384.68,63135.11,63294.0,12.81385
1783310400000,2026-07-06 04:00:00,63293.99,63384.0,63187.98,63236.0,12.46332
1783312200000,2026-07-06 04:30:00,63235.99,65925.62,63204.92,63267.11,15.42848
1783314000000,2026-07-06 05:00:00,63267.11,63267.11,63005.1,63032.03,17.074
1783315800000,2026-07-06 05:30:00,63032.03,63164.0,62973.99,63113.99,19.77365
1783317600000,2026-07-06 06:00:00,63114.0,63146.0,62748.6,63033.99,24.65611
1783319400000,2026-07-06 06:30:00,63034.0,63085.72,52068.98,62992.5,22.7723
1783321200000,2026-07-06 07:00:00,62992.51,63135.11,62680.26,62972.0,31.52842
1783323000000,2026-07-06 07:30:00,62972.0,63115.9,62920.7,63089.41,14.29263
1783324800000,2026-07-06 08:00:00,63089.42,64530.36,62437.49,63070.0,30.81337
1783326600000,2026-07-06 08:30:00,63070.0,63070.0,53000.0,62904.01,33.56253
1783328400000,2026-07-06 09:00:00,62904.01,63135.11,60344.61,62745.22,74.27527
1783330200000,2026-07-06 09:30:00,62745.22,62764.0,62630.85,62664.76,35.01283
1783332000000,2026-07-06 10:00:00,62664.77,63135.11,62664.76,62882.01,50.94587
1783333800000,2026-07-06 10:30:00,62882.01,63030.0,62806.89,62820.67,28.89701
1783335600000,2026-07-06 11:00:00,62820.92,62919.11,62713.96,62881.98,32.12223
1783337400000,2026-07-06 11:30:00,62881.98,63000.0,61510.0,62567.27,29.68389
1783339200000,2026-07-06 12:00:00,62567.27,63120.88,61867.47,62080.01,50.45112
1783341000000,2026-07-06 12:30:00,62080.01,62500.0,61468.03,61756.01,51.39306
1783342800000,2026-07-06 13:00:00,61756.01,62103.07,61431.53,61455.96,27.66279
1783344600000,2026-07-06 13:30:00,61455.97,62033.38,59646.99,61781.04,68.47782
1783346400000,2026-07-06 14:00:00,61781.05,62500.0,52500.0,62089.99,184.49161
1783348200000,2026-07-06 14:30:00,62090.0,62281.36,61892.0,62048.0,27.83861
1783350000000,2026-07-06 15:00:00,62048.0,63135.11,62047.99,62461.99,45.6436
1783351800000,2026-07-06 15:30:00,62462.0,63543.11,61042.24,63524.0,114.35213
1783353600000,2026-07-06 16:00:00,63524.01,63859.85,62016.64,63494.0,152.20611
1783355400000,2026-07-06 16:30:00,63494.01,64293.75,62437.49,63730.85,113.70562
1783357200000,2026-07-06 17:00:00,63730.86,64486.33,63674.0,63884.93,63.08745
1783359000000,2026-07-06 17:30:00,63884.93,64579.91,63464.22,63587.38,114.75883
1783360800000,2026-07-06 18:00:00,63587.38,65227.99,63560.0,63755.98,30.04959
1783362600000,2026-07-06 18:30:00,63755.98,63842.0,63690.78,63691.3,11.13713
1783364400000,2026-07-06 19:00:00,63700.0,64530.36,63657.66,63841.44,23.16912
1783366200000,2026-07-06 19:30:00,63840.73,63871.94,63464.22,63718.01,42.59202
1783368000000,2026-07-06 20:00:00,63718.01,65925.62,63488.73,63752.51,122.6514
1783369800000,2026-07-06 20:30:00,63752.51,64031.63,63752.5,63828.0,56.22573
1783371600000,2026-07-06 21:00:00,63828.0,65227.99,63810.0,64224.99,25.73827
1783373400000,2026-07-06 21:30:00,64224.99,64505.99,64157.81,64462.52,35.66423
1783375200000,2026-07-06 22:00:00,64468.01,64496.02,64198.68,64220.0,44.09682
1783377000000,2026-07-06 22:30:00,64220.0,64294.41,64172.0,64243.99,23.92282
1783378800000,2026-07-06 23:00:00,64244.0,64334.01,64091.75,64116.0,29.17265
1783380600000,2026-07-06 23:30:00,64116.0,64178.0,64030.52,64035.88,9.36906
1783382400000,2026-07-07 00:00:00,64035.89,64298.01,64018.63,64254.95,13.39698
1783384200000,2026-07-07 00:30:00,64254.94,65227.99,63464.22,64204.0,35.15227
1783386000000,2026-07-07 01:00:00,64204.0,64204.0,63890.01,63931.83,85.01672
1783387800000,2026-07-07 01:30:00,63931.83,68654.46,62032.98,63835.99,111.15114
1783389600000,2026-07-07 02:00:00,63836.0,63896.01,63570.0,63570.01,49.97118
1783391400000,2026-07-07 02:30:00,63570.0,63619.91,61739.86,63316.52,49.63269
1783393200000,2026-07-07 03:00:00,63320.0,63832.74,63237.43,63276.01,60.15161
1783395000000,2026-07-07 03:30:00,63276.01,63349.53,63154.0,63191.0,31.84128
1783396800000,2026-07-07 04:00:00,63191.01,63278.47,63122.51,63265.16,43.19122
1783398600000,2026-07-07 04:30:00,63265.16,64530.36,62558.55,63100.0,80.13977
1783400400000,2026-07-07 05:00:00,63100.01,63118.0,62819.62,62939.48,46.23848
1783402200000,2026-07-07 05:30:00,62939.47,63392.14,62939.47,63128.01,49.64174
1783404000000,2026-07-07 06:00:00,63128.0,63219.87,62815.06,63173.22,37.38607
1783405800000,2026-07-07 06:30:00,63173.21,63396.0,63137.69,63348.03,40.43398
1783407600000,2026-07-07 07:00:00,63345.28,63436.01,61444.44,63260.59,40.53463
1783409400000,2026-07-07 07:30:00,63260.59,63278.0,63078.4,63078.41,34.39581
1783411200000,2026-07-07 08:00:00,63078.41,63178.01,63038.01,63075.99,15.75592
1783413000000,2026-07-07 08:30:00,63075.99,63144.0,63019.99,63104.01,26.07041
1783414800000,2026-07-07 09:00:00,63104.01,63250.69,63063.28,63168.3,14.77295
1783416600000,2026-07-07 09:30:00,63168.3,63814.7,63154.0,63253.99,14.89392
1783418400000,2026-07-07 10:00:00,63254.0,63454.45,63253.99,63319.99,9.9293
1783420200000,2026-07-07 10:30:00,63319.99,63320.0,63233.43,63280.0,12.79592
1783422000000,2026-07-07 11:00:00,63280.07,63392.35,63129.99,63178.77,17.2425
1783423800000,2026-07-07 11:30:00,63178.78,64572.96,63132.69,63407.92,117.58479
1783425600000,2026-07-07 12:00:00,63407.93,64530.36,62421.42,63701.54,126.19584
1783427400000,2026-07-07 12:30:00,63701.54,63725.7,62759.25,63475.99,116.63849
1783429200000,2026-07-07 13:00:00,63476.0,63831.39,62437.49,63104.49,108.82807
1783431000000,2026-07-07 13:30:00,63104.5,63901.92,62908.72,62908.72,117.48968
1783432800000,2026-07-07 14:00:00,63056.01,63911.89,52492.94,63122.01,115.52796
1783434600000,2026-07-07 14:30:00,63122.01,64592.58,61042.24,63581.14,122.68813
1783436400000,2026-07-07 15:00:00,63581.15,64187.0,63135.11,63745.99,42.00743
1783438200000,2026-07-07 15:30:00,63746.0,64539.44,63126.79,63929.99,115.7925
1783440000000,2026-07-07 16:00:00,63929.99,64663.47,63810.0,64008.01,110.67959
1783441800000,2026-07-07 16:30:00,64008.01,64678.87,62745.28,63992.27,110.8334
1783443600000,2026-07-07 17:00:00,63992.26,64941.96,62437.49,64153.49,127.99389
1783445400000,2026-07-07 17:30:00,64153.48,65370.84,63768.89,64182.59,101.04119
1783447200000,2026-07-07 18:00:00,64182.6,68235.85,63832.74,63992.04,83.53663
1783449000000,2026-07-07 18:30:00,63992.03,64516.11,62295.33,63675.62,92.19814
1783450800000,2026-07-07 19:00:00,63675.62,64561.55,63007.88,63610.01,79.74466
1783452600000,2026-07-07 19:30:00,63610.01,65073.68,63120.68,63792.0,26.04465
1783454400000,2026-07-07 20:00:00,63792.0,63901.75,63694.01,63730.0,11.26913
1783456200000,2026-07-07 20:30:00,63730.0,63742.0,63617.99,63698.0,10.09141
1783458000000,2026-07-07 21:00:00,63698.0,63845.78,63409.62,63516.5,29.28004
1783459800000,2026-07-07 21:30:00,63516.5,63685.12,62295.33,63423.94,15.82948
1783461600000,2026-07-07 22:00:00,63423.94,64010.27,63226.3,63447.99,14.41447
1783463400000,2026-07-07 22:30:00,63447.99,63829.47,63430.0,63551.02,18.96468
1783465200000,2026-07-07 23:00:00,63551.03,63708.0,63530.0,63650.0,10.47333
1783467000000,2026-07-07 23:30:00,63650.01,63658.82,61042.24,63331.88,8.24712
1783468800000,2026-07-08 00:00:00,63331.89,63832.74,63306.0,63582.42,18.80549
1783470600000,2026-07-08 00:30:00,63582.42,64010.27,63359.97,63609.34,37.2352
1783472400000,2026-07-08 01:00:00,63609.35,63649.35,63438.26,63438.26,11.0981
1783474200000,2026-07-08 01:30:00,63438.0,63444.37,62935.99,63039.71,14.71262
1783476000000,2026-07-08 02:00:00,63039.72,64054.06,62818.0,62898.0,19.98382
1783477800000,2026-07-08 02:30:00,62898.0,63052.01,62548.5,62979.98,19.18888
1783479600000,2026-07-08 03:00:00,62979.99,63094.0,62976.9,63053.99,17.60465
1783481400000,2026-07-08 03:30:00,63053.99,63053.99,62707.27,62754.68,17.48185
1783483200000,2026-07-08 04:00:00,62754.01,62894.0,62734.0,62870.0,10.02766
1783485000000,2026-07-08 04:30:00,62870.0,62901.49,62682.17,62802.01,9.82042
1783486800000,2026-07-08 05:00:00,62802.01,63216.06,62725.99,62771.99,11.40423
1783488600000,2026-07-08 05:30:00,62772.0,62778.0,62558.0,62632.75,8.38547
1783490400000,2026-07-08 06:00:00,62632.76,62700.0,62516.37,62622.01,10.07832
1783492200000,2026-07-08 06:30:00,62622.01,62732.0,62437.49,62650.52,11.42354
1783494000000,2026-07-08 07:00:00,62657.82,62825.48,62550.0,62812.06,9.53433
1783495800000,2026-07-08 07:30:00,62812.06,62894.89,62766.0,62887.99,10.9003
1783497600000,2026-07-08 08:00:00,62890.08,62935.07,62084.0,62084.01,24.60362
1783499400000,2026-07-08 08:30:00,62084.01,62320.01,61897.54,62009.43,28.25415
1783501200000,2026-07-08 09:00:00,62009.44,62113.52,61746.0,61938.0,31.89279
1783503000000,2026-07-08 09:30:00,61938.0,62212.57,61937.99,62053.62,16.97597
1783504800000,2026-07-08 10:00:00,62053.62,62110.0,61906.85,62110.0,15.32796
1783506600000,2026-07-08 10:30:00,62110.0,62182.84,62065.6,62175.0,15.34059
1783508400000,2026-07-08 11:00:00,62175.01,62540.86,62061.98,62121.37,23.35786
1783510200000,2026-07-08 11:30:00,62121.38,62378.76,62086.64,62300.0,15.17754
1783512000000,2026-07-08 12:00:00,62300.0,62419.41,62216.23,62283.0,17.49014
1783513800000,2026-07-08 12:30:00,62285.39,62298.0,61958.36,61958.36,11.63314
1783515600000,2026-07-08 13:00:00,61958.36,62000.0,61758.45,61798.53,24.74367
1783517400000,2026-07-08 13:30:00,61823.07,62974.37,60221.39,61939.95,43.27843
1783519200000,2026-07-08 14:00:00,61939.95,63035.44,58959.0,62005.77,86.54607
1783521000000,2026-07-08 14:30:00,62005.77,62072.82,61377.6,61889.83,84.67126
1783522800000,2026-07-08 15:00:00,61889.83,61911.35,61377.6,61644.01,73.60861
1783524600000,2026-07-08 15:30:00,61644.01,62286.12,61571.43,61710.01,55.9633
1783526400000,2026-07-08 16:00:00,61710.01,62040.9,61467.82,61920.0,93.25881
1783528200000,2026-07-08 16:30:00,61920.01,62151.23,61590.9,62113.02,74.03201
1783530000000,2026-07-08 17:00:00,62113.03,62642.17,61410.79,62308.66,43.39684
1783531800000,2026-07-08 17:30:00,62308.67,62388.88,62056.53,62098.01,68.49917
1783533600000,2026-07-08 18:00:00,62098.01,62642.17,62098.0,62192.72,91.50826
1783535400000,2026-07-08 18:30:00,62192.72,62955.97,62006.59,62185.32,76.8617
1783537200000,2026-07-08 19:00:00,62185.33,62269.9,62075.8,62233.57,77.34019
1783539000000,2026-07-08 19:30:00,62233.57,62283.59,62121.57,62277.99,74.76672
1783540800000,2026-07-08 20:00:00,62277.99,62620.41,62056.42,62268.43,84.50241
1783542600000,2026-07-08 20:30:00,62268.43,63322.95,62082.8,62099.62,66.92356
1783544400000,2026-07-08 21:00:00,62099.62,62143.83,61966.67,62099.99,50.292
1783546200000,2026-07-08 21:30:00,62103.45,62246.74,62059.79,62187.16,39.00314
1783548000000,2026-07-08 22:00:00,62187.17,62332.83,62185.96,62300.0,18.81294
1783549800000,2026-07-08 22:30:00,62300.0,63322.95,62256.92,62330.4,8.96506
1783551600000,2026-07-08 23:00:00,62330.4,62344.0,62185.69,62260.0,22.88694
1783553400000,2026-07-08 23:30:00,62260.0,62320.0,62181.74,62291.12,9.12704
1783555200000,2026-07-09 00:00:00,62291.13,62424.43,62124.01,62188.84,17.19023
1783557000000,2026-07-09 00:30:00,62189.99,62259.25,60148.38,62114.88,19.12224
1783558800000,2026-07-09 01:00:00,62114.88,63368.21,55000.0,62402.0,28.867
1783560600000,2026-07-09 01:30:00,62400.68,62400.68,61863.99,61918.0,40.55696
1783562400000,2026-07-09 02:00:00,61918.0,62112.54,61833.99,62000.46,12.16713
1783564200000,2026-07-09 02:30:00,62000.98,62661.58,61430.1,61792.81,30.71986
1783566000000,2026-07-09 03:00:00,61792.81,61941.19,61740.0,61896.75,23.04799
1783567800000,2026-07-09 03:30:00,61896.75,62688.73,51815.5,61971.39,24.18705
1783569600000,2026-07-09 04:00:00,61971.39,62674.82,61966.02,62090.78,12.03937
1783571400000,2026-07-09 04:30:00,62090.78,62449.84,62090.77,62449.83,18.29168
1783573200000,2026-07-09 05:00:00,62449.83,62661.27,62280.0,62300.16,30.29382
1783575000000,2026-07-09 05:30:00,62300.17,63472.12,62236.0,62588.0,19.38025
1783576800000,2026-07-09 06:00:00,62588.0,64496.05,62490.0,62808.0,23.0962
1783578600000,2026-07-09 06:30:00,62808.52,62920.0,62759.43,62920.0,16.82011
1783580400000,2026-07-09 07:00:00,62920.0,63138.01,62771.91,62929.33,30.05189
1783582200000,2026-07-09 07:30:00,62928.0,63202.0,62057.99,62993.25,28.24145
1783584000000,2026-07-09 08:00:00,62993.26,63051.87,53135.36,63051.87,13.68904
1783585800000,2026-07-09 08:30:00,63051.87,63100.01,62267.92,62911.56,121.94791
1783587600000,2026-07-09 09:00:00,62911.56,62941.7,62822.01,62918.0,8.27686
1783589400000,2026-07-09 09:30:00,62918.53,62998.72,62792.0,62956.56,8.54752
1783591200000,2026-07-09 10:00:00,62956.56,63259.5,62876.0,62883.48,43.7339
1783593000000,2026-07-09 10:30:00,62883.48,62950.91,62694.53,62791.76,15.06345
1783594800000,2026-07-09 11:00:00,62791.76,62818.01,62677.82,62705.51,10.30064
1783596600000,2026-07-09 11:30:00,62704.18,62810.69,62614.66,62786.23,10.61233
1783598400000,2026-07-09 12:00:00,62786.24,62908.21,62675.99,62814.9,32.2963
1783600200000,2026-07-09 12:30:00,62814.91,63210.5,62472.64,62614.01,28.58957
1783602000000,2026-07-09 13:00:00,62614.24,63021.56,62614.01,62721.65,24.67723
1783603800000,2026-07-09 13:30:00,62721.67,63291.88,62267.92,63043.87,54.75273
1783605600000,2026-07-09 14:00:00,63043.88,72495.19,53448.01,62867.99,175.92625
1783607400000,2026-07-09 14:30:00,62870.0,63710.36,61579.88,63026.24,132.36127
1783609200000,2026-07-09 15:00:00,63026.24,64230.94,62935.07,62997.37,60.47238
1783611000000,2026-07-09 15:30:00,62997.9,63085.05,62827.72,62874.0,12.40698
1783612800000,2026-07-09 16:00:00,62874.01,62994.0,62565.58,62711.43,18.43269
1783614600000,2026-07-09 16:30:00,62711.42,62852.41,62615.4,62704.3,10.4404
1783616400000,2026-07-09 17:00:00,62704.3,62926.87,62669.02,62826.0,12.89222
1783618200000,2026-07-09 17:30:00,62826.0,63568.43,62754.93,63142.79,59.2187
1783620000000,2026-07-09 18:00:00,63142.79,63458.01,63080.0,63373.03,32.96277
1783621800000,2026-07-09 18:30:00,63373.55,63420.06,63196.01,63219.02,40.66549
1783623600000,2026-07-09 19:00:00,63219.03,63276.81,63155.15,63267.19,27.23679
1783625400000,2026-07-09 19:30:00,63265.86,63392.13,63223.92,63236.54,54.76158
1783627200000,2026-07-09 20:00:00,63236.54,63334.19,63177.36,63288.51,49.23319
1783629000000,2026-07-09 20:30:00,63287.18,63330.85,63248.0,63306.01,15.64506
1783630800000,2026-07-09 21:00:00,63306.01,63397.94,63246.08,63246.08,17.78777
1783632600000,2026-07-09 21:30:00,63246.09,63288.86,63226.58,63274.6,6.72699
1783634400000,2026-07-09 22:00:00,63274.6,63413.49,63247.99,63344.0,12.3823
1783636200000,2026-07-09 22:30:00,63344.0,63413.49,63218.77,63218.77,8.95171
1783638000000,2026-07-09 23:00:00,63218.78,63489.43,63060.91,63325.41,23.46546
1783639800000,2026-07-09 23:30:00,63327.25,74619.09,63232.59,63232.6,26.19804
1783641600000,2026-07-10 00:00:00,63232.6,63252.01,63074.18,63074.18,14.106
1783643400000,2026-07-10 00:30:00,63072.02,63168.0,62953.99,63102.52,16.47808
1783645200000,2026-07-10 01:00:00,63102.52,63391.99,62970.62,63388.0,18.55729
1783647000000,2026-07-10 01:30:00,63388.0,63938.49,63338.76,63726.76,38.921
1783648800000,2026-07-10 02:00:00,63726.76,64259.34,63697.94,63833.99,25.6869
1783650600000,2026-07-10 02:30:00,63833.99,64336.66,63779.9,63971.94,27.47246
1783652400000,2026-07-10 03:00:00,63971.95,63986.79,63846.0,63850.3,20.6972
1783654200000,2026-07-10 03:30:00,63850.3,64041.48,63828.09,63931.46,12.69615
1783656000000,2026-07-10 04:00:00,63931.47,64045.79,63892.49,63895.14,11.93318
1783657800000,2026-07-10 04:30:00,63895.15,64171.55,63861.71,64037.7,27.23434
1783659600000,2026-07-10 05:00:00,64037.71,64047.89,63944.05,63973.99,16.04573
1783661400000,2026-07-10 05:30:00,63973.99,64195.99,63962.02,64116.0,18.26202
1783663200000,2026-07-10 06:00:00,64116.0,64162.0,63866.0,63906.01,14.44074
1783665000000,2026-07-10 06:30:00,63906.01,63947.5,63844.4,63850.69,5.45853
1783666800000,2026-07-10 07:00:00,63850.7,64006.62,63808.01,63965.99,12.10658
1783668600000,2026-07-10 07:30:00,63965.99,63999.0,63905.63,63992.43,14.78371
1783670400000,2026-07-10 08:00:00,63992.44,64364.43,63773.53,64329.99,37.24419
1783672200000,2026-07-10 08:30:00,64329.99,64360.69,60008.26,64248.0,72.25532
1783674000000,2026-07-10 09:00:00,64248.01,64410.99,64135.8,64410.99,49.24805
1783675800000,2026-07-10 09:30:00,64411.0,64475.18,64368.0,64385.09,33.44367
1783677600000,2026-07-10 10:00:00,64385.09,72984.05,64275.28,64438.75,45.73122
1783679400000,2026-07-10 10:30:00,64438.75,64494.84,64375.11,64407.99,11.02393
1783681200000,2026-07-10 11:00:00,64408.0,64473.22,63792.93,64431.99,17.52958
1783683000000,2026-07-10 11:30:00,64432.0,64777.29,62087.37,64417.41,26.36462
1783684800000,2026-07-10 12:00:00,64417.41,65213.88,60513.8,64500.84,29.77805
1783686600000,2026-07-10 12:30:00,64500.83,64525.29,64271.52,64295.14,17.85334
1783688400000,2026-07-10 13:00:00,64295.14,64464.6,64160.78,64160.78,17.16397
1783690200000,2026-07-10 13:30:00,64160.77,67333.07,62511.94,64499.99,34.23122
1783692000000,2026-07-10 14:00:00,64499.99,64516.0,63993.99,64152.01,26.98857
1783693800000,2026-07-10 14:30:00,64152.01,65270.41,63873.99,63912.7,25.72813
1783695600000,2026-07-10 15:00:00,63912.7,64200.01,63912.7,64134.0,35.91754
1783697400000,2026-07-10 15:30:00,64134.0,64163.13,63941.99,64007.83,23.3358
1783699200000,2026-07-10 16:00:00,64007.83,64153.9,63957.7,64001.56,14.50228
1783701000000,2026-07-10 16:30:00,64000.48,64208.15,63839.45,64149.53,33.59903
1783702800000,2026-07-10 17:00:00,64149.54,64149.54,63893.02,63984.24,21.42904
1783704600000,2026-07-10 17:30:00,63984.24,64308.1,63821.88,63823.99,10.35635
1783706400000,2026-07-10 18:00:00,63824.0,63998.53,63823.99,63924.58,12.80091
1783708200000,2026-07-10 18:30:00,63924.57,63937.99,63747.69,63806.0,22.18849
1783710000000,2026-07-10 19:00:00,63806.0,63918.0,63780.0,63868.01,14.63959
1783711800000,2026-07-10 19:30:00,63868.02,64046.0,63861.08,63914.0,18.66175
1783713600000,2026-07-10 20:00:00,63914.0,64312.43,60718.36,63739.98,32.51176
1783715400000,2026-07-10 20:30:00,63739.98,63892.5,63730.0,63841.26,4.21532
1783717200000,2026-07-10 21:00:00,63841.26,64013.36,63835.05,64010.15,5.04
1783719000000,2026-07-10 21:30:00,64010.15,64093.63,63991.66,64011.99,5.59176
1783720800000,2026-07-10 22:00:00,64012.0,64667.59,63984.0,64132.08,8.32684
1783722600000,2026-07-10 22:30:00,64132.08,64150.42,64119.39,64122.33,2.13966
1783724400000,2026-07-10 23:00:00,64122.33,64596.33,64028.52,64190.0,17.2548
1783726200000,2026-07-10 23:30:00,64190.0,64212.18,64118.91,64156.81,4.80694
1783728000000,2026-07-11 00:00:00,64156.82,64162.73,64028.43,64109.54,7.03932
1783729800000,2026-07-11 00:30:00,64109.55,64142.0,64050.0,64139.6,7.24995
1783731600000,2026-07-11 01:00:00,64139.61,64297.67,64100.0,64236.33,14.03748
1783733400000,2026-07-11 01:30:00,64236.34,64264.6,64004.01,64012.96,9.20991
1783735200000,2026-07-11 02:00:00,64012.96,64070.15,63989.33,64032.55,5.27165
1783737000000,2026-07-11 02:30:00,64032.55,64166.0,64032.54,64158.03,5.50079
1783738800000,2026-07-11 03:00:00,64158.04,64194.15,64085.99,64116.43,13.26535
1783740600000,2026-07-11 03:30:00,64116.44,64190.0,63880.78,64151.67,6.69901
1783742400000,2026-07-11 04:00:00,64151.68,64169.99,64080.26,64140.45,8.81346
1783744200000,2026-07-11 04:30:00,64140.45,64213.55,64120.0,64135.45,12.88244
1783746000000,2026-07-11 05:00:00,64135.45,64198.12,64121.07,64187.27,9.05874
1783747800000,2026-07-11 05:30:00,64187.28,64221.99,64140.4,64176.01,4.49883
1783749600000,2026-07-11 06:00:00,64176.01,64286.02,64124.0,64228.71,7.93895
1783751400000,2026-07-11 06:30:00,64229.24,64265.74,64200.27,64219.89,12.76829
1783753200000,2026-07-11 07:00:00,64219.9,64256.55,64176.01,64215.3,8.58928
1783755000000,2026-07-11 07:30:00,64215.29,64232.0,64152.0,64162.19,10.11894
1783756800000,2026-07-11 08:00:00,64162.19,64273.19,64153.87,64250.56,7.60346
1783758600000,2026-07-11 08:30:00,64250.57,64300.0,64235.62,64263.28,5.51893
1783760400000,2026-07-11 09:00:00,64263.28,64275.81,64217.78,64265.18,9.05113
1783762200000,2026-07-11 09:30:00,64265.18,64300.0,64159.7,64167.35,13.74975
1783764000000,2026-07-11 10:00:00,64167.35,64206.0,64152.65,64158.65,23.31867
1783765800000,2026-07-11 10:30:00,64158.65,64188.5,64129.99,64180.93,21.06624
1783767600000,2026-07-11 11:00:00,64180.94,64215.32,64167.99,64175.85,11.7971
1783769400000,2026-07-11 11:30:00,64175.84,64213.57,64173.25,64198.0,9.24241
1783771200000,2026-07-11 12:00:00,64198.0,64228.0,64160.0,64181.72,22.30184
1783773000000,2026-07-11 12:30:00,64181.71,64198.0,64133.61,64195.49,10.69408
1783774800000,2026-07-11 13:00:00,64195.49,64213.78,64169.99,64206.07,12.22083
1783776600000,2026-07-11 13:30:00,64207.96,64265.66,64190.7,64235.67,8.81831
1783778400000,2026-07-11 14:00:00,64235.67,64450.0,64235.66,64380.91,8.30836
1783780200000,2026-07-11 14:30:00,64380.9,64502.25,64350.0,64354.01,11.22518
1783782000000,2026-07-11 15:00:00,64354.01,64474.59,64347.91,64429.83,7.2395
1783783800000,2026-07-11 15:30:00,64429.82,64450.0,64011.79,64164.49,22.17622
1783785600000,2026-07-11 16:00:00,64175.75,64230.96,64087.06,64220.01,13.27579
1783787400000,2026-07-11 16:30:00,64220.01,64309.22,64106.0,64180.01,23.24907
1783789200000,2026-07-11 17:00:00,64180.01,64300.0,64164.08,64300.0,18.90906
1783791000000,2026-07-11 17:30:00,64299.99,64392.01,64299.99,64321.5,39.36694
1783792800000,2026-07-11 18:00:00,64321.5,64386.33,64290.39,64340.47,8.2819
1783794600000,2026-07-11 18:30:00,64341.3,64360.01,64294.0,64328.0,29.39138
1783796400000,2026-07-11 19:00:00,64328.0,64338.0,64233.69,64233.7,46.3659
1783798200000,2026-07-11 19:30:00,64233.69,64290.0,64233.23,64286.0,43.60827
1783800000000,2026-07-11 20:00:00,64286.0,64357.67,64285.99,64349.99,5.4791
1783801800000,2026-07-11 20:30:00,64355.35,64684.25,64346.0,64382.44,12.65436
1783803600000,2026-07-11 21:00:00,64382.45,64427.56,64353.13,64367.21,8.18754
1783805400000,2026-07-11 21:30:00,64367.21,64818.15,64338.09,64356.0,5.93182
1783807200000,2026-07-11 22:00:00,64356.0,64443.94,64251.63,64255.75,28.43517
1783809000000,2026-07-11 22:30:00,64255.75,64302.0,64150.0,64203.09,11.82998
1783810800000,2026-07-11 23:00:00,64203.09,64246.0,63852.41,63916.54,25.37777
1783812600000,2026-07-11 23:30:00,63932.8,64018.85,63820.0,63820.0,18.72044
1783814400000,2026-07-12 00:00:00,63820.01,63970.38,63770.01,63829.87,24.88257
1783816200000,2026-07-12 00:30:00,63829.86,63944.24,63713.16,63822.08,22.92099
1783818000000,2026-07-12 01:00:00,63822.09,64000.0,63815.2,63947.95,17.74677
1783819800000,2026-07-12 01:30:00,63947.95,64172.66,63937.93,64133.61,15.23778
1783821600000,2026-07-12 02:00:00,64133.61,64133.62,64029.52,64106.35,13.6111
1783823400000,2026-07-12 02:30:00,64110.77,64121.87,64065.67,64067.21,8.81666
1783825200000,2026-07-12 03:00:00,64067.21,64146.1,64035.68,64135.76,6.029
1783827000000,2026-07-12 03:30:00,64135.77,64223.74,64135.77,64223.73,8.3228
1783828800000,2026-07-12 04:00:00,64223.74,64245.87,64071.0,64079.99,16.78419
1783830600000,2026-07-12 04:30:00,64079.99,64079.99,63943.68,63999.94,16.3713
1783832400000,2026-07-12 05:00:00,63999.94,64024.48,63911.28,63912.34,16.0383
1783834200000,2026-07-12 05:30:00,63912.33,63998.76,63900.01,63959.93,17.38819
1783836000000,2026-07-12 06:00:00,63959.94,63962.85,63648.12,63673.58,23.39712
1783837800000,2026-07-12 06:30:00,63673.57,63818.1,63648.14,63762.46,13.43225
1783839600000,2026-07-12 07:00:00,63762.47,63882.27,63740.13,63856.53,11.74455
1783841400000,2026-07-12 07:30:00,63861.74,63902.78,63846.84,63878.26,8.43951
1783843200000,2026-07-12 08:00:00,63882.18,64090.09,63882.17,64000.01,11.97441
1783845000000,2026-07-12 08:30:00,64000.0,64015.39,63944.01,63977.03,12.34458
1783846800000,2026-07-12 09:00:00,63977.04,63991.57,63768.0,63831.16,13.06664
1783848600000,2026-07-12 09:30:00,63831.16,64044.28,63831.16,63960.17,45.05666
1783850400000,2026-07-12 10:00:00,63960.17,63960.17,63885.0,63885.01,46.88556
1783852200000,2026-07-12 10:30:00,63885.0,63914.0,63843.4,63873.34,45.38172
1783854000000,2026-07-12 11:00:00,63873.34,63915.0,63826.47,63906.0,56.27658
1783855800000,2026-07-12 11:30:00,63906.0,64030.0,63905.99,64018.01,43.52636
1783857600000,2026-07-12 12:00:00,64018.01,64133.74,63971.47,64054.14,71.24055
1783859400000,2026-07-12 12:30:00,64054.14,64057.81,63986.14,64026.01,51.5197
1783861200000,2026-07-12 13:00:00,64026.01,64083.64,64004.0,64043.5,57.43887
1783863000000,2026-07-12 13:30:00,64043.49,64082.0,63987.4,64023.14,51.78785
1783864800000,2026-07-12 14:00:00,64023.14,64035.0,63959.45,63997.93,49.70613
1783866600000,2026-07-12 14:30:00,63997.93,64226.0,63997.92,64208.93,20.63995
1783868400000,2026-07-12 15:00:00,64203.09,64260.0,64136.0,64226.58,22.73335
1783870200000,2026-07-12 15:30:00,64226.59,64248.0,64123.06,64176.0,39.13726
1783872000000,2026-07-12 16:00:00,64176.0,64209.79,64042.0,64175.18,55.42259
1783873800000,2026-07-12 16:30:00,64175.17,64180.0,64108.0,64177.71,38.39578
1783875600000,2026-07-12 17:00:00,64177.71,64177.71,64132.0,64134.0,41.21055
1783877400000,2026-07-12 17:30:00,64134.0,64177.25,64032.22,64077.99,14.03174
1783879200000,2026-07-12 18:00:00,64078.0,64201.21,64021.91,64080.0,36.16854
1783881000000,2026-07-12 18:30:00,64080.0,64150.0,64066.0,64147.99,42.63869
1783882800000,2026-07-12 19:00:00,64148.0,64231.93,64147.99,64206.29,39.86636
1783884600000,2026-07-12 19:30:00,64206.3,64256.0,64147.3,64228.59,9.84401
1783886400000,2026-07-12 20:00:00,64228.6,64252.0,64178.03,64203.27,13.08346
1783888200000,2026-07-12 20:30:00,64203.27,64230.0,64178.03,64198.89,8.04477
1783890000000,2026-07-12 21:00:00,64198.9,64232.0,64086.0,64105.99,15.94264
1783891800000,2026-07-12 21:30:00,64105.99,64159.48,63896.17,63920.4,35.86819
1783893600000,2026-07-12 22:00:00,63920.4,63920.4,63670.0,63824.0,32.96813
1783895400000,2026-07-12 22:30:00,63823.99,63918.36,63704.39,63891.67,26.47497
1783897200000,2026-07-12 23:00:00,63886.87,63911.42,63741.73,63826.99,20.98691
1783899000000,2026-07-12 23:30:00,63826.98,63861.19,63726.62,63779.99,18.95418
1783900800000,2026-07-13 00:00:00,63780.0,65405.63,63725.37,64181.65,34.97704
1783902600000,2026-07-13 00:30:00,64181.65,64190.0,63407.21,64072.01,46.15584
1783904400000,2026-07-13 01:00:00,64072.01,64123.52,63674.0,63714.53,22.79407
1783906200000,2026-07-13 01:30:00,63720.0,63852.86,63408.17,63412.0,36.65599
1783908000000,2026-07-13 02:00:00,63412.01,63619.69,63250.01,63468.25,32.41833
1783909800000,2026-07-13 02:30:00,63468.25,63496.05,63344.0,63376.0,20.07984
1783911600000,2026-07-13 03:00:00,63376.0,63379.2,62837.74,63072.0,27.32088
1783913400000,2026-07-13 03:30:00,63072.01,63229.99,61846.61,62806.41,18.10479
1783915200000,2026-07-13 04:00:00,62806.41,63014.85,62700.0,62874.97,19.3388
1783917000000,2026-07-13 04:30:00,62874.97,62874.97,62652.0,62662.53,11.52043
1783918800000,2026-07-13 05:00:00,62672.0,62902.01,62559.74,62635.99,24.91884
1783920600000,2026-07-13 05:30:00,62636.0,62820.0,62585.18,62799.0,13.81053
1783922400000,2026-07-13 06:00:00,62799.01,62864.16,62717.99,62843.91,15.41136
1783924200000,2026-07-13 06:30:00,62843.92,62870.0,62775.59,62791.36,11.4099
1783926000000,2026-07-13 07:00:00,62797.55,63001.13,62756.03,62964.68,13.89597
1783927800000,2026-07-13 07:30:00,62964.53,63070.01,62921.13,62985.83,15.46761
1783929600000,2026-07-13 08:00:00,62985.53,63100.01,62951.36,63100.0,12.71781
1783931400000,2026-07-13 08:30:00,63100.0,63290.02,63004.06,63202.42,11.25956
1783933200000,2026-07-13 09:00:00,63206.98,63206.98,63098.6,63131.0,7.98658
1783935000000,2026-07-13 09:30:00,63131.01,63131.01,63087.24,63100.02,5.56502
1783936800000,2026-07-13 10:00:00,63100.02,63144.06,63074.89,63100.0,6.94402
1783938600000,2026-07-13 10:30:00,63100.01,63121.38,62862.28,62862.81,15.80958
1783940400000,2026-07-13 11:00:00,62867.9,63135.55,62867.89,63033.77,12.3106
1783942200000,2026-07-13 11:30:00,63028.32,63028.32,62896.84,62902.0,12.14825
1783944000000,2026-07-13 12:00:00,62902.0,62960.75,55477.64,62735.99,28.98424
1783945800000,2026-07-13 12:30:00,62736.52,62783.93,62576.47,62623.53,5.08889
1783947600000,2026-07-13 13:00:00,62625.15,62652.78,62389.99,62531.02,14.25979
1783949400000,2026-07-13 13:30:00,62531.02,62752.01,62166.66,62322.74,40.214
1783951200000,2026-07-13 14:00:00,62318.01,62627.99,62205.99,62550.52,38.69077
1783953000000,2026-07-13 14:30:00,62556.0,62792.0,62471.99,62791.86,49.06983
1783954800000,2026-07-13 15:00:00,62791.86,62976.01,62689.99,62824.61,23.00397
1783956600000,2026-07-13 15:30:00,62814.0,62840.0,62571.42,62614.67,58.82261
1783958400000,2026-07-13 16:00:00,62618.01,62618.01,62275.77,62340.53,21.91704
1783960200000,2026-07-13 16:30:00,62341.05,62418.84,62212.0,62269.99,18.63133
1783962000000,2026-07-13 17:00:00,62276.01,62366.01,62176.46,62176.99,22.19326
1783963800000,2026-07-13 17:30:00,62181.99,62215.31,61900.0,61900.01,47.54773
1783965600000,2026-07-13 18:00:00,61900.01,62055.55,61824.97,61934.52,60.96604
1783967400000,2026-07-13 18:30:00,61948.0,62100.0,61904.02,62024.68,57.24097
1783969200000,2026-07-13 19:00:00,62020.01,62110.0,61990.0,62013.99,52.56127
1783971000000,2026-07-13 19:30:00,62013.99,62291.38,62013.99,62291.38,43.44651
1783972800000,2026-07-13 20:00:00,62291.38,62476.9,62084.0,62218.01,37.74324
1783974600000,2026-07-13 20:30:00,62218.0,62264.0,62069.99,62211.0,12.25035
1783976400000,2026-07-13 21:00:00,62211.0,62313.01,61938.13,62025.99,43.40587
1783978200000,2026-07-13 21:30:00,62025.99,62126.35,61916.29,62064.0,17.27913
1783980000000,2026-07-13 22:00:00,62064.01,62228.75,62064.01,62152.09,13.11492
1783981800000,2026-07-13 22:30:00,62152.09,62180.01,61911.31,61920.87,11.52377
1783983600000,2026-07-13 23:00:00,61920.87,62263.95,61886.87,62161.66,15.54587
1783985400000,2026-07-13 23:30:00,62161.66,62407.3,62101.61,62334.51,18.46175
1783987200000,2026-07-14 00:00:00,62334.52,62469.15,62272.2,62378.99,36.27887
1783989000000,2026-07-14 00:30:00,62378.99,62658.42,62296.0,62552.34,23.30048
1783990800000,2026-07-14 01:00:00,62552.34,62637.16,62460.6,62525.74,41.77848
1783992600000,2026-07-14 01:30:00,62525.74,62565.24,62468.78,62540.42,13.95141
1783994400000,2026-07-14 02:00:00,62540.42,62616.0,62330.04,62381.09,16.143
1783996200000,2026-07-14 02:30:00,62381.09,62665.32,62381.08,62544.0,10.75734
1783998000000,2026-07-14 03:00:00,62544.01,62604.0,62314.52,62460.04,14.93189
1783999800000,2026-07-14 03:30:00,62460.56,62572.89,62438.47,62572.88,8.56683
1784001600000,2026-07-14 04:00:00,62572.89,62657.75,62539.71,62645.03,7.56086
1784003400000,2026-07-14 04:30:00,62645.03,62768.95,62645.03,62745.23,8.30853
1784005200000,2026-07-14 05:00:00,62745.24,62872.0,62706.0,62842.01,14.39387
1784007000000,2026-07-14 05:30:00,62842.0,62866.0,62699.99,62702.25,16.26564
1784008800000,2026-07-14 06:00:00,62702.25,62730.0,62647.99,62688.82,13.31251
1784010600000,2026-07-14 06:30:00,62688.81,62772.48,62571.61,62628.07,17.61679
1784012400000,2026-07-14 07:00:00,62628.07,62652.0,62560.0,62636.72,20.14771
1784014200000,2026-07-14 07:30:00,62636.71,62648.67,62516.93,62560.92,17.04719
1784016000000,2026-07-14 08:00:00,62560.93,62672.2,62519.86,62670.5,19.45626
1784017800000,2026-07-14 08:30:00,62669.17,62797.33,62632.82,62704.0,17.16724
1784019600000,2026-07-14 09:00:00,62704.0,62742.0,62652.64,62680.77,9.4896
1784021400000,2026-07-14 09:30:00,62679.44,62679.44,62534.29,62629.55,11.49774
1784023200000,2026-07-14 10:00:00,62629.56,62734.33,62625.06,62668.33,4.29615
1784025000000,2026-07-14 10:30:00,62668.32,62901.25,62609.47,62811.99,9.3335
1784026800000,2026-07-14 11:00:00,62812.0,62876.63,62715.05,62865.75,14.39023
1784028600000,2026-07-14 11:30:00,62865.75,62913.59,62823.29,62844.99,11.56763
1784030400000,2026-07-14 12:00:00,62844.99,63082.78,62780.86,62949.99,23.90893
1784032200000,2026-07-14 12:30:00,62949.98,63948.03,62949.98,63937.3,57.80632
1784034000000,2026-07-14 13:00:00,63937.3,64148.37,63760.09,63952.01,32.031
1784035800000,2026-07-14 13:30:00,63952.01,64216.83,63700.22,63840.01,47.1037
1784037600000,2026-07-14 14:00:00,63840.01,63955.66,63609.05,63894.0,56.94131
1784039400000,2026-07-14 14:30:00,63893.97,64302.13,63863.99,64302.13,59.06676
1784041200000,2026-07-14 15:00:00,64302.13,64527.2,63976.24,64516.23,76.22773
1784043000000,2026-07-14 15:30:00,64516.23,64943.99,64502.4,64744.17,113.19142
1784044800000,2026-07-14 16:00:00,64744.18,65387.25,64651.97,64851.92,80.46529
1784046600000,2026-07-14 16:30:00,64851.93,64889.0,64718.02,64735.74,39.05612
1784048400000,2026-07-14 17:00:00,64735.75,64739.88,64395.88,64538.48,45.50751
1784050200000,2026-07-14 17:30:00,64538.48,64742.32,64434.0,64621.43,34.06347
1784052000000,2026-07-14 18:00:00,64621.44,64626.0,64483.84,64524.0,17.44129
1784053800000,2026-07-14 18:30:00,64524.01,64648.88,64481.99,64571.98,13.0228
1784055600000,2026-07-14 19:00:00,64571.99,64723.54,64559.22,64570.01,50.13456
1784057400000,2026-07-14 19:30:00,64570.01,64685.98,64487.38,64568.29,52.45743
1784059200000,2026-07-14 20:00:00,64568.3,64586.0,64445.44,64447.18,40.30226
1784061000000,2026-07-14 20:30:00,64448.01,64522.0,64446.81,64480.0,65.38869
1784062800000,2026-07-14 21:00:00,64480.0,64678.04,64405.69,64662.01,35.28523
1784064600000,2026-07-14 21:30:00,64662.0,64874.0,62320.37,64674.73,20.42713
1784066400000,2026-07-14 22:00:00,64674.73,65061.55,64524.35,64936.0,21.28538
1784068200000,2026-07-14 22:30:00,64936.0,65028.0,64834.77,64868.69,12.37122
1784070000000,2026-07-14 23:00:00,64868.69,65040.0,64791.34,64913.99,14.61972
1784071800000,2026-07-14 23:30:00,64913.99,65027.54,64905.09,65021.29,8.02779
1784073600000,2026-07-15 00:00:00,65021.29,65062.24,64838.22,64895.99,16.28639
1784075400000,2026-07-15 00:30:00,64895.99,64896.0,64771.03,64824.57,10.9292
1784077200000,2026-07-15 01:00:00,64824.58,64853.08,64706.0,64830.61,16.31845
1784079000000,2026-07-15 01:30:00,64830.6,64842.36,64646.58,64674.35,10.03514
1784080800000,2026-07-15 02:00:00,64674.35,64752.01,64517.57,64517.57,8.21195
1784082600000,2026-07-15 02:30:00,64517.58,64563.59,64488.0,64490.86,8.73622
1784084400000,2026-07-15 03:00:00,64490.87,64834.77,64490.86,64615.18,8.54568
1784086200000,2026-07-15 03:30:00,64615.19,64840.0,64612.0,64801.53,9.98807
1784088000000,2026-07-15 04:00:00,64801.54,64874.79,64764.6,64766.25,10.68391
1784089800000,2026-07-15 04:30:00,64766.26,64867.85,64714.0,64746.0,13.20402
1784091600000,2026-07-15 05:00:00,64746.0,64811.99,64606.0,64683.81,8.2518
1784093400000,2026-07-15 05:30:00,64683.81,64960.33,64660.04,64950.0,8.25935
1784095200000,2026-07-15 06:00:00,64950.0,65053.99,64880.59,64975.0,11.63704
1784097000000,2026-07-15 06:30:00,64974.99,65257.56,64814.0,64814.0,25.63547
1784098800000,2026-07-15 07:00:00,64814.0,64875.41,64487.51,64529.73,21.63943
1784100600000,2026-07-15 07:30:00,64529.73,64626.0,64514.89,64549.34,12.80807
1784102400000,2026-07-15 08:00:00,64549.34,64680.47,64549.33,64647.14,51.57311
1784104200000,2026-07-15 08:30:00,64647.13,64785.66,64619.37,64768.01,57.00631
1784106000000,2026-07-15 09:00:00,64768.01,64917.94,63761.3,64833.12,23.75448
1784107800000,2026-07-15 09:30:00,64833.11,64833.12,64653.18,64671.83,10.54185
1784109600000,2026-07-15 10:00:00,64671.84,64842.88,64025.83,64636.17,20.94784
1784111400000,2026-07-15 10:30:00,64636.17,64689.45,64615.34,64663.01,6.40147
1784113200000,2026-07-15 11:00:00,64663.01,64891.4,64624.27,64636.0,7.0839
1784115000000,2026-07-15 11:30:00,64636.01,64755.28,64636.0,64746.0,7.32239
1784116800000,2026-07-15 12:00:00,64746.01,64746.01,64621.99,64698.0,74.64355
1784118600000,2026-07-15 12:30:00,64698.0,65247.36,64697.99,65170.0,28.35909
1784120400000,2026-07-15 13:00:00,65170.01,65917.04,65164.55,65307.83,40.94292
1784122200000,2026-07-15 13:30:00,65307.83,65509.43,54152.92,65110.52,69.16849
1784124000000,2026-07-15 14:00:00,65118.0,76250.0,65076.21,65357.21,53.90073
1784125800000,2026-07-15 14:30:00,65357.21,68043.06,65089.18,65399.81,49.99906
1784127600000,2026-07-15 15:00:00,65399.81,65733.1,65268.24,65403.08,49.97931
1784129400000,2026-07-15 15:30:00,65403.09,65545.36,65338.0,65426.01,36.21575
1784131200000,2026-07-15 16:00:00,65426.01,65466.74,65085.95,65166.23,26.38259
1784133000000,2026-07-15 16:30:00,65166.23,65213.75,64784.83,65112.21,18.73009
1784134800000,2026-07-15 17:00:00,65112.2,71381.34,64993.93,65045.7,56.55282
1784136600000,2026-07-15 17:30:00,65045.7,68369.8,63761.3,65056.1,94.41721
1784138400000,2026-07-15 18:00:00,65056.1,65126.56,64966.33,65047.67,19.33326
1784140200000,2026-07-15 18:30:00,65047.67,65114.0,64847.42,64852.0,14.66439
1784142000000,2026-07-15 19:00:00,64852.0,64950.0,64758.13,64858.8,9.58085
1784143800000,2026-07-15 19:30:00,64858.8,65000.0,64846.0,64959.48,8.01359
1784145600000,2026-07-15 20:00:00,64959.49,65202.23,64924.0,65009.91,29.62409
1784147400000,2026-07-15 20:30:00,65009.91,65049.86,64968.01,64968.02,20.06478
1784149200000,2026-07-15 21:00:00,64968.02,65018.74,64843.74,64869.93,18.90295
1784151000000,2026-07-15 21:30:00,64869.93,64880.55,64790.95,64834.3,18.95752
1784152800000,2026-07-15 22:00:00,64834.31,64896.65,64776.67,64896.65,17.84779
1784154600000,2026-07-15 22:30:00,64896.65,64958.5,64864.0,64868.15,6.63877
1784156400000,2026-07-15 23:00:00,64866.93,64938.0,64843.56,64843.57,4.49435
1784158200000,2026-07-15 23:30:00,64843.56,66356.59,64711.02,64756.27,20.15009
1784160000000,2026-07-16 00:00:00,64756.28,64842.63,64572.0,64577.71,11.98342
1784161800000,2026-07-16 00:30:00,64577.7,64650.0,64501.0,64584.07,11.03325
1784163600000,2026-07-16 01:00:00,64584.07,66130.99,59224.7,64559.26,33.70556
1784165400000,2026-07-16 01:30:00,64559.26,64830.0,64559.25,64730.0,9.33874
1784167200000,2026-07-16 02:00:00,64730.01,64735.09,64601.99,64668.0,7.77245
1784169000000,2026-07-16 02:30:00,64668.0,64674.18,64574.03,64644.65,10.14942
1784170800000,2026-07-16 03:00:00,64644.65,64717.86,63040.83,64686.0,17.77412
1784172600000,2026-07-16 03:30:00,64685.99,64745.55,64555.96,64617.69,15.99315
1784174400000,2026-07-16 04:00:00,64617.7,64914.94,64544.04,64650.0,6.34246
1784176200000,2026-07-16 04:30:00,64649.99,64674.44,64581.16,64608.04,6.99192
1784178000000,2026-07-16 05:00:00,64608.04,65196.6,64607.64,64920.0,18.74042
1784179800000,2026-07-16 05:30:00,64920.01,64994.24,64860.0,64911.99,10.17916
1784181600000,2026-07-16 06:00:00,64912.0,64950.0,64808.0,64823.48,8.63601
1784183400000,2026-07-16 06:30:00,64823.48,64828.0,64630.01,64769.46,5.23461
1784185200000,2026-07-16 07:00:00,64769.47,64777.33,63761.3,64500.01,65.60284
1784187000000,2026-07-16 07:30:00,64500.01,64502.54,64103.0,64246.74,14.34035
1784188800000,2026-07-16 08:00:00,64245.61,64257.26,63888.02,64159.61,30.23829
1784190600000,2026-07-16 08:30:00,64159.62,64370.01,64076.89,64126.86,25.61127
1784192400000,2026-07-16 09:00:00,64126.86,64176.0,64028.0,64046.02,9.48873
1784194200000,2026-07-16 09:30:00,64046.03,64130.0,64019.02,64079.55,8.98566
1784196000000,2026-07-16 10:00:00,64089.26,64229.19,64077.75,64227.86,14.48342
1784197800000,2026-07-16 10:30:00,64224.49,64269.42,64171.68,64221.34,6.70713
1784199600000,2026-07-16 11:00:00,64221.34,64254.76,64101.18,64185.99,11.1029
1784201400000,2026-07-16 11:30:00,64185.99,64269.42,64123.76,64256.53,8.72336
1784203200000,2026-07-16 12:00:00,64256.53,64256.53,64111.58,64180.0,18.12155
1784205000000,2026-07-16 12:30:00,64180.0,64209.27,63854.55,63966.01,21.25287
1784206800000,2026-07-16 13:00:00,63966.01,64237.35,63966.0,64237.34,10.69025
1784208600000,2026-07-16 13:30:00,64249.98,64457.61,62320.37,64372.0,49.89125
1784210400000,2026-07-16 14:00:00,64372.0,64821.32,64342.0,64768.36,37.99062
1784212200000,2026-07-16 14:30:00,64768.37,64835.32,64423.82,64537.99,27.45649
1784214000000,2026-07-16 15:00:00,64538.0,64875.97,64320.0,64820.01,29.28572
1784215800000,2026-07-16 15:30:00,64820.4,64893.41,64639.99,64698.55,26.15748
1784217600000,2026-07-16 16:00:00,64698.56,64710.01,64398.0,64545.99,38.87354
1784219400000,2026-07-16 16:30:00,64545.99,64687.76,64335.81,64484.0,38.71954
1784221200000,2026-07-16 17:00:00,64484.01,64484.01,64118.0,64218.38,36.24156
1784223000000,2026-07-16 17:30:00,64218.38,64803.86,63761.3,64069.04,63.56075
1784224800000,2026-07-16 18:00:00,64069.04,64314.01,64061.69,64220.87,10.6206
1784226600000,2026-07-16 18:30:00,64220.88,64306.01,64098.0,64262.68,7.94647
1784228400000,2026-07-16 19:00:00,64260.01,64301.99,64162.16,64269.84,9.09717
1784230200000,2026-07-16 19:30:00,64269.85,64282.6,64234.0,64256.01,17.3162
1784232000000,2026-07-16 20:00:00,64256.01,64577.29,63040.83,64182.01,40.72702
1784233800000,2026-07-16 20:30:00,64182.01,64203.81,64108.0,64125.03,5.56087
1784235600000,2026-07-16 21:00:00,64125.03,64205.92,64101.18,64174.19,5.91139
1784237400000,2026-07-16 21:30:00,64174.18,64241.56,64145.0,64153.96,5.62384
1784239200000,2026-07-16 22:00:00,64162.0,64235.67,64016.0,64020.0,8.35414
1784241000000,2026-07-16 22:30:00,64020.0,64170.01,63950.01,63968.0,20.94777
1784242800000,2026-07-16 23:00:00,63968.01,64002.01,63754.68,63812.85,8.58505
1784244600000,2026-07-16 23:30:00,63812.84,63905.5,63748.74,63834.65,7.94145
1784246400000,2026-07-17 00:00:00,63834.66,63908.01,63750.0,63800.0,22.03845
1784248200000,2026-07-17 00:30:00,63800.0,63884.01,63619.9,63884.01,14.56243
1784250000000,2026-07-17 01:00:00,63884.01,64060.07,63845.51,63970.0,18.33987
1784251800000,2026-07-17 01:30:00,63969.99,63976.0,63483.99,63546.25,19.701
1784253600000,2026-07-17 02:00:00,63546.24,63658.21,63439.99,63554.0,30.31768
1784255400000,2026-07-17 02:30:00,63554.0,63564.0,63387.99,63481.99,22.18091
1784257200000,2026-07-17 03:00:00,63481.99,63798.42,63481.99,63678.94,10.27284
1784259000000,2026-07-17 03:30:00,63678.94,63690.0,63534.0,63569.99,8.70318
1784260800000,2026-07-17 04:00:00,63570.0,63570.0,63322.18,63383.51,29.1589
1784262600000,2026-07-17 04:30:00,63383.51,63576.0,63333.59,63491.43,18.0953
1784264400000,2026-07-17 05:00:00,63491.44,63491.44,63199.99,63200.0,21.92081
1784266200000,2026-07-17 05:30:00,63200.0,63226.0,52902.17,62839.77,22.62905
1784268000000,2026-07-17 06:00:00,62839.77,62982.35,62720.78,62931.23,17.76374
1784269800000,2026-07-17 06:30:00,62931.24,62961.99,62853.91,62941.89,7.84931
1784271600000,2026-07-17 07:00:00,62941.88,62941.89,62800.0,62935.02,8.30535
1784273400000,2026-07-17 07:30:00,62935.03,62983.98,62823.07,62828.11,12.22192
1784275200000,2026-07-17 08:00:00,62828.11,62896.15,62740.92,62804.01,13.05407
1784277000000,2026-07-17 08:30:00,62804.0,62936.01,62670.6,62888.01,12.96774
1784278800000,2026-07-17 09:00:00,62888.01,62969.91,62863.15,62954.69,11.9774
1784280600000,2026-07-17 09:30:00,62953.39,63067.27,62930.0,62989.46,6.60263
1784282400000,2026-07-17 10:00:00,62989.47,63131.74,62989.46,63103.07,7.14262
1784284200000,2026-07-17 10:30:00,63098.01,63201.91,63082.0,63179.92,14.62866
1784286000000,2026-07-17 11:00:00,63179.92,63212.89,63063.67,63136.24,11.62586
1784287800000,2026-07-17 11:30:00,63136.25,63760.03,63109.82,63298.01,18.37955
1784289600000,2026-07-17 12:00:00,63298.0,63348.0,63168.01,63193.57,9.69072
1784291400000,2026-07-17 12:30:00,63193.58,63200.0,63077.35,63094.93,11.27765
1784293200000,2026-07-17 13:00:00,63097.41,63102.01,62774.18,62845.71,11.2029
1784295000000,2026-07-17 13:30:00,62848.0,63746.31,62553.99,63125.43,37.45651
1784296800000,2026-07-17 14:00:00,63138.0,63488.88,63137.99,63245.99,25.27702
1784298600000,2026-07-17 14:30:00,63246.0,63485.49,63118.0,63178.06,17.11306
1784300400000,2026-07-17 15:00:00,63178.06,63268.53,61784.87,63268.52,19.7465
1784302200000,2026-07-17 15:30:00,63268.52,63451.99,63150.0,63451.99,17.99734
1784304000000,2026-07-17 16:00:00,63452.0,63747.21,63270.3,63479.99,22.83988
1784305800000,2026-07-17 16:30:00,63480.0,63706.0,63376.0,63594.01,22.76386
1784307600000,2026-07-17 17:00:00,63594.01,64398.49,63594.0,64024.0,29.18886
1784309400000,2026-07-17 17:30:00,64024.01,64212.01,63980.0,64054.56,34.33447
1784311200000,2026-07-17 18:00:00,64054.57,64157.0,63894.0,63961.2,25.5925
1784313000000,2026-07-17 18:30:00,63961.21,64429.29,63961.2,64259.73,21.39304
1784314800000,2026-07-17 19:00:00,64259.74,64259.74,64001.02,64083.99,24.79182
1784316600000,2026-07-17 19:30:00,64084.0,64210.01,64072.14,64167.98,30.35372
1784318400000,2026-07-17 20:00:00,64167.99,64167.99,63982.8,64066.92,21.59592
1784320200000,2026-07-17 20:30:00,64066.92,64190.0,63958.19,64122.0,19.7046
1784322000000,2026-07-17 21:00:00,64122.01,64216.61,64120.0,64168.7,14.45984
1784323800000,2026-07-17 21:30:00,64168.71,64168.71,64064.0,64090.01,18.00682
1784325600000,2026-07-17 22:00:00,64090.01,64147.0,63966.1,63968.21,10.44135
1784327400000,2026-07-17 22:30:00,63968.22,63994.11,63918.66,63971.01,10.04589
1784329200000,2026-07-17 23:00:00,63971.01,63986.01,63884.35,63963.84,10.8672
1784331000000,2026-07-17 23:30:00,63963.84,64011.08,63930.0,63930.81,10.78501
1784332800000,2026-07-18 00:00:00,63930.81,64012.39,63900.45,63993.61,13.90951
1784334600000,2026-07-18 00:30:00,63993.61,63993.61,63895.56,63899.69,27.5109
1784336400000,2026-07-18 01:00:00,63899.7,64000.0,63886.65,63999.99,30.41899
1784338200000,2026-07-18 01:30:00,64000.0,64429.29,63881.49,63952.98,25.40915
1784340000000,2026-07-18 02:00:00,63952.97,64009.49,63930.54,63999.39,11.33043
1784341800000,2026-07-18 02:30:00,63999.39,64021.05,63950.0,63960.01,10.98603
1784343600000,2026-07-18 03:00:00,63960.02,63992.0,63945.66,63952.01,8.7348
1784345400000,2026-07-18 03:30:00,63952.01,64017.85,63928.15,64017.85,19.27648
1784347200000,2026-07-18 04:00:00,64017.85,64017.85,63954.99,63986.0,12.23935
1784349000000,2026-07-18 04:30:00,63985.99,63986.0,63947.09,63961.47,5.11056
1784350800000,2026-07-18 05:00:00,63961.47,63977.89,63926.39,63967.96,11.11249
1784352600000,2026-07-18 05:30:00,63967.96,64031.8,63942.65,63949.4,10.59084
1784354400000,2026-07-18 06:00:00,63949.4,64005.99,63949.39,63988.44,10.90252
1784356200000,2026-07-18 06:30:00,63988.44,63988.45,63950.0,63983.99,8.30758
1784358000000,2026-07-18 07:00:00,63984.0,64025.5,63977.44,64016.21,10.72048
1784359800000,2026-07-18 07:30:00,64016.21,64025.59,64003.18,64012.93,10.96985
1784361600000,2026-07-18 08:00:00,64012.93,64018.0,63960.0,64013.05,8.50357
1784363400000,2026-07-18 08:30:00,64013.04,64019.64,63983.72,63986.94,7.99435
1784365200000,2026-07-18 09:00:00,63986.94,64006.01,63945.47,63962.9,7.62391
1784367000000,2026-07-18 09:30:00,63951.37,63987.77,63941.84,63987.76,5.48149
1784368800000,2026-07-18 10:00:00,63987.76,64015.59,63982.34,64011.4,10.40666
1784370600000,2026-07-18 10:30:00,64011.39,64025.59,64004.0,64016.42,12.34031
1784372400000,2026-07-18 11:00:00,64016.43,64030.09,64010.99,64029.46,10.19343
1784374200000,2026-07-18 11:30:00,64029.46,64090.07,64019.96,64066.63,11.42086
1784376000000,2026-07-18 12:00:00,64066.63,64204.01,64060.12,64104.01,21.38669
1784377800000,2026-07-18 12:30:00,64109.2,64263.41,64075.01,64223.68,23.52001
1784379600000,2026-07-18 13:00:00,64223.69,64223.69,63968.93,64054.18,23.51074
1784381400000,2026-07-18 13:30:00,64054.17,64104.0,64028.31,64104.0,11.50218
1784383200000,2026-07-18 14:00:00,64104.0,64172.0,64103.99,64167.9,16.24307
1784385000000,2026-07-18 14:30:00,64168.43,64195.01,64120.0,64126.0,11.11603
1784386800000,2026-07-18 15:00:00,64126.0,64135.58,64087.38,64087.39,13.17601
1784388600000,2026-07-18 15:30:00,64087.39,64160.0,63746.31,64123.13,13.9777
1784390400000,2026-07-18 16:00:00,64123.13,64157.63,64091.48,64133.5,15.28847
1784392200000,2026-07-18 16:30:00,64133.5,64313.32,64130.0,64293.16,15.93707
1784394000000,2026-07-18 17:00:00,64293.16,64397.7,64280.22,64297.23,14.27002
1784395800000,2026-07-18 17:30:00,64297.22,64492.0,64297.22,64480.28,17.14216
1784397600000,2026-07-18 18:00:00,64480.28,64646.16,64462.0,64559.12,16.25273
1784399400000,2026-07-18 18:30:00,64559.12,64784.93,64341.55,64512.41,100.1748
1784401200000,2026-07-18 19:00:00,64512.42,64597.9,64482.0,64482.0,12.71422
1784403000000,2026-07-18 19:30:00,64482.01,64570.0,64482.0,64557.83,9.80968
1784404800000,2026-07-18 20:00:00,64557.84,64731.64,64528.69,64648.06,15.82922
1784406600000,2026-07-18 20:30:00,64648.06,64712.0,64567.5,64693.03,18.93875
1784408400000,2026-07-18 21:00:00,64693.02,64846.0,64646.05,64727.67,15.16951
1784410200000,2026-07-18 21:30:00,64727.68,64808.0,61566.63,64732.96,26.0306
1784412000000,2026-07-18 22:00:00,64732.97,64860.0,64724.67,64738.02,15.56469
1784413800000,2026-07-18 22:30:00,64738.01,64838.9,64712.29,64810.05,10.05055
1784415600000,2026-07-18 23:00:00,64810.04,64838.89,64711.11,64835.4,16.11992
1784417400000,2026-07-18 23:30:00,64835.41,64843.3,64799.2,64834.22,12.63909
1784419200000,2026-07-19 00:00:00,64834.22,64898.17,64788.03,64790.64,15.80004
1784421000000,2026-07-19 00:30:00,64790.63,64810.65,64771.48,64778.31,7.84918
1784422800000,2026-07-19 01:00:00,64778.3,64790.98,64770.75,64781.89,7.13505
1784424600000,2026-07-19 01:30:00,64781.9,64782.19,64768.78,64772.59,10.98938
1784426400000,2026-07-19 02:00:00,64772.6,64917.43,64735.99,64830.24,27.08239
1784428200000,2026-07-19 02:30:00,64830.24,64935.18,64822.24,64826.01,10.69723
1784430000000,2026-07-19 03:00:00,64826.0,64842.92,64623.04,64662.64,7.67793
1784431800000,2026-07-19 03:30:00,64662.64,64706.0,64651.54,64706.0,7.87155
1784433600000,2026-07-19 04:00:00,64706.0,64714.85,64615.77,64713.88,6.71543
1784435400000,2026-07-19 04:30:00,64713.88,64795.43,64695.99,64720.17,8.1634
1784437200000,2026-07-19 05:00:00,64720.17,64815.65,64714.0,64714.0,8.72476
1784439000000,2026-07-19 05:30:00,64714.01,64746.71,64676.01,64725.01,5.03739
1784440800000,2026-07-19 06:00:00,64725.0,64759.33,64694.66,64730.0,5.38374
1784442600000,2026-07-19 06:30:00,64730.01,64755.08,63986.45,64711.69,6.00167
1784444400000,2026-07-19 07:00:00,64711.69,64718.0,64690.0,64717.99,5.31447
1784446200000,2026-07-19 07:30:00,64718.0,64889.14,64675.0,64675.0,10.30991
1784448000000,2026-07-19 08:00:00,64675.0,64726.52,64631.54,64670.01,13.54266
1784449800000,2026-07-19 08:30:00,64670.01,64733.39,64640.0,64707.48,4.28438
1784451600000,2026-07-19 09:00:00,64707.49,64721.96,64551.5,64577.99,10.51217
1784453400000,2026-07-19 09:30:00,64578.0,64602.61,64501.0,64524.0,11.39072
1784455200000,2026-07-19 10:00:00,64523.99,64627.09,64482.0,64627.09,26.28952
1784457000000,2026-07-19 10:30:00,64627.09,64700.0,64574.0,64574.01,12.63297
1784458800000,2026-07-19 11:00:00,64574.0,64636.28,64520.01,64547.99,14.50246
1784460600000,2026-07-19 11:30:00,64547.99,64558.6,64446.36,64466.13,7.69666
1784462400000,2026-07-19 12:00:00,64466.13,64467.65,64285.24,64308.54,15.86835
1784464200000,2026-07-19 12:30:00,64308.54,64454.0,64308.54,64438.72,17.49793
1784466000000,2026-07-19 13:00:00,64438.73,64443.75,64307.72,64412.01,32.76208
1784467800000,2026-07-19 13:30:00,64412.0,64514.8,64406.73,64483.31,6.08414
1784469600000,2026-07-19 14:00:00,64483.32,64554.0,63553.5,64470.01,12.68597
1784471400000,2026-07-19 14:30:00,64470.01,64638.65,64455.0,64595.23,10.50092
1784473200000,2026-07-19 15:00:00,64595.23,64619.99,64510.71,64510.71,16.70661
1784475000000,2026-07-19 15:30:00,64510.72,64589.76,64501.51,64579.81,15.10139
1784476800000,2026-07-19 16:00:00,64579.81,64636.0,64505.21,64609.38,31.73438
1784478600000,2026-07-19 16:30:00,64609.38,64611.78,64519.18,64538.73,22.61503
1784480400000,2026-07-19 17:00:00,64538.72,64749.66,64406.3,64652.0,27.10667
1784482200000,2026-07-19 17:30:00,64652.01,64725.52,64585.94,64588.3,14.63727
1784484000000,2026-07-19 18:00:00,64588.3,64588.3,52068.98,64400.08,43.91421
1784485800000,2026-07-19 18:30:00,64400.08,64444.66,64345.54,64409.07,9.26603
1784487600000,2026-07-19 19:00:00,64409.07,64631.33,64352.01,64437.97,29.03314
1784489400000,2026-07-19 19:30:00,64437.97,64884.04,64390.86,64462.58,12.76533
1784491200000,2026-07-19 20:00:00,64462.57,65278.4,64462.57,64494.0,13.94167
1784493000000,2026-07-19 20:30:00,64494.0,64532.0,64482.0,64522.0,10.09901
1784494800000,2026-07-19 21:00:00,64522.0,64558.97,64462.22,64472.0,5.14474
1784496600000,2026-07-19 21:30:00,64472.0,64472.0,64356.0,64415.76,8.08225
1784498400000,2026-07-19 22:00:00,64415.75,64900.0,64368.0,64760.0,21.60787
1784500200000,2026-07-19 22:30:00,64760.01,65032.92,64672.0,64674.67,14.1278
1784502000000,2026-07-19 23:00:00,64674.67,64877.99,64580.94,64674.0,9.16901
1784503800000,2026-07-19 23:30:00,64674.0,64766.0,64650.0,64722.54,10.8911
1784505600000,2026-07-20 00:00:00,64722.55,65091.4,64572.0,64878.0,34.64123
1784507400000,2026-07-20 00:30:00,64878.0,64938.0,64416.0,64553.85,13.53125
1784509200000,2026-07-20 01:00:00,64553.85,65015.5,64524.0,64850.42,19.17597
1784511000000,2026-07-20 01:30:00,64850.42,64931.34,62304.99,64632.01,20.34395
1784512800000,2026-07-20 02:00:00,64632.01,64926.0,64592.0,64684.01,19.6319
1784514600000,2026-07-20 02:30:00,64684.01,64954.01,64668.0,64827.2,21.68781
1784516400000,2026-07-20 03:00:00,64827.2,64881.29,64651.29,64691.5,16.45744
1784518200000,2026-07-20 03:30:00,64690.01,64908.8,64668.0,64820.01,11.70017
1784520000000,2026-07-20 04:00:00,64820.01,64848.93,63993.99,64759.4,12.62385
1784521800000,2026-07-20 04:30:00,64759.4,64806.01,64540.0,64545.99,7.19283
1784523600000,2026-07-20 05:00:00,64546.0,64562.0,64095.66,64180.85,16.76117
1784525400000,2026-07-20 05:30:00,64180.84,64258.44,64106.43,64122.95,9.25732
1784527200000,2026-07-20 06:00:00,64122.95,64234.91,64083.0,64142.01,20.39979
1784529000000,2026-07-20 06:30:00,64142.01,64153.71,63745.57,63914.0,27.4682
1784530800000,2026-07-20 07:00:00,63914.0,64570.4,63901.14,64130.72,19.10884
1784532600000,2026-07-20 07:30:00,64130.72,64301.59,64098.68,64280.0,23.41029
1784534400000,2026-07-20 08:00:00,64280.0,64356.0,64242.01,64255.98,17.03056
1784536200000,2026-07-20 08:30:00,64255.99,64282.0,63897.94,64050.0,27.9115
1784538000000,2026-07-20 09:00:00,64050.0,64200.0,64012.8,64200.0,7.12823
1784539800000,2026-07-20 09:30:00,64199.99,64275.0,64188.17,64199.5,6.68896
1784541600000,2026-07-20 10:00:00,64199.5,64413.58,64162.0,64353.87,15.90355
1784543400000,2026-07-20 10:30:00,64353.87,64353.87,64263.0,64296.96,11.55703
1784545200000,2026-07-20 11:00:00,64296.96,66238.42,64275.85,64356.27,15.13701
1784547000000,2026-07-20 11:30:00,64356.27,65066.77,64355.25,65002.82,41.47889
1784548800000,2026-07-20 12:00:00,65002.83,65186.14,64679.06,64699.82,33.41661
1784550600000,2026-07-20 12:30:00,64699.82,64742.0,64599.89,64640.0,24.56392
1784552400000,2026-07-20 13:00:00,64640.0,64738.22,64540.82,64540.82,12.81822
1784554200000,2026-07-20 13:30:00,64540.81,64752.01,64239.99,64344.02,34.67608
1784556000000,2026-07-20 14:00:00,64344.02,64490.08,53881.9,64468.54,45.14984
1784557800000,2026-07-20 14:30:00,64453.99,65246.64,64315.99,64419.59,38.62647
1784559600000,2026-07-20 15:00:00,64419.59,65002.01,64414.4,64943.64,40.84941
1784561400000,2026-07-20 15:30:00,64943.63,65906.43,64807.03,65598.76,50.21723
1784563200000,2026-07-20 16:00:00,65598.76,66238.42,65383.01,65446.6,28.24354
1784565000000,2026-07-20 16:30:00,65446.6,65554.0,65365.59,65501.9,31.24022
1784566800000,2026-07-20 17:00:00,65501.91,65548.46,65438.0,65489.99,67.62305
1784568600000,2026-07-20 17:30:00,65489.99,66356.59,64465.86,65587.98,18.83424
1784570400000,2026-07-20 18:00:00,65587.99,65928.9,65575.99,65592.01,26.06151
1784572200000,2026-07-20 18:30:00,65592.01,65592.01,65205.0,65240.01,22.76649
1784574000000,2026-07-20 19:00:00,65240.01,65274.0,65072.2,65156.25,16.36705
1784575800000,2026-07-20 19:30:00,65156.25,65176.0,65041.57,65139.86,24.21967
1784577600000,2026-07-20 20:00:00,65139.86,65317.99,65062.3,65293.76,40.69114
1784579400000,2026-07-20 20:30:00,65293.76,65434.25,65280.0,65367.58,11.33764
1784581200000,2026-07-20 21:00:00,65367.58,65367.58,65306.01,65308.57,10.75632
1784583000000,2026-07-20 21:30:00,65308.57,65445.27,65273.28,65286.02,9.97908
1784584800000,2026-07-20 22:00:00,65286.02,65286.02,65145.99,65214.07,10.91352
1784586600000,2026-07-20 22:30:00,65214.08,65230.0,64611.94,65142.0,12.95152
1784588400000,2026-07-20 23:00:00,65142.0,65258.16,65128.17,65241.3,8.08175
1784590200000,2026-07-20 23:30:00,65240.75,65272.21,65152.31,65255.5,8.02653
1784592000000,2026-07-21 00:00:00,65255.51,65430.15,65154.95,65355.37,16.08375
1784593800000,2026-07-21 00:30:00,65355.38,65585.0,65355.37,65576.0,11.43259
1784595600000,2026-07-21 01:00:00,65576.01,65987.58,65439.99,65447.14,11.9752
1784597400000,2026-07-21 01:30:00,65444.6,65476.5,65234.86,65235.56,6.7501
1784599200000,2026-07-21 02:00:00,65235.55,65412.0,65177.36,65269.99,8.96406
1784601000000,2026-07-21 02:30:00,65269.99,65495.99,65106.68,65414.0,7.89075
1784602800000,2026-07-21 03:00:00,65414.01,65532.0,65414.0,65478.82,11.12953
1784604600000,2026-07-21 03:30:00,65488.0,65584.77,65445.72,65580.42,7.48944
1784606400000,2026-07-21 04:00:00,65568.91,65733.22,65512.01,65512.01,10.10455
1784608200000,2026-07-21 04:30:00,65512.01,65569.99,65480.46,65522.01,5.10335
1784610000000,2026-07-21 05:00:00,65522.01,65648.01,65485.55,65594.99,6.24642
1784611800000,2026-07-21 05:30:00,65594.99,65856.15,65354.04,65751.56,10.091
1784613600000,2026-07-21 06:00:00,65751.57,65839.99,65634.0,65828.47,9.20348
1784615400000,2026-07-21 06:30:00,65825.26,65987.25,65820.0,65912.99,11.08851
1784617200000,2026-07-21 07:00:00,65913.0,65992.01,65866.0,65961.99,13.52366
1784619000000,2026-07-21 07:30:00,65962.0,66241.74,65950.0,66190.14,19.8435
1784620800000,2026-07-21 08:00:00,66190.15,66345.0,66129.19,66213.99,12.50835
1784622600000,2026-07-21 08:30:00,66213.99,66349.52,66188.0,66226.43,22.1379
1784624400000,2026-07-21 09:00:00,66226.44,66246.42,66160.0,66240.01,6.44075
1784626200000,2026-07-21 09:30:00,66240.01,66350.0,66228.6,66292.0,6.77415
1784628000000,2026-07-21 10:00:00,66292.0,66410.01,66272.0,66410.0,16.69752
1784629800000,2026-07-21 10:30:00,66410.0,66420.05,66179.99,66180.0,18.95942
1784631600000,2026-07-21 11:00:00,66180.0,66256.0,66152.82,66231.99,12.27672
1784633400000,2026-07-21 11:30:00,66232.0,66350.0,66227.99,66345.59,7.61598
1784635200000,2026-07-21 12:00:00,66345.59,66497.91,66262.14,66465.0,10.60043
1784637000000,2026-07-21 12:30:00,66465.01,66635.95,66377.36,66559.54,16.2043
1784638800000,2026-07-21 13:00:00,66559.54,66651.37,66418.0,66441.38,15.30448
1784640600000,2026-07-21 13:30:00,66440.01,66796.0,66340.0,66786.01,34.86252
1784642400000,2026-07-21 14:00:00,66786.01,67043.2,66648.27,66739.99,26.47847
1784644200000,2026-07-21 14:30:00,66740.0,66925.06,66674.84,66844.88,18.82502
1784646000000,2026-07-21 15:00:00,66844.89,66844.89,66619.33,66619.33,19.25563
1784647800000,2026-07-21 15:30:00,66619.34,66723.27,66526.13,66693.32,12.78231
1784649600000,2026-07-21 16:00:00,66676.54,66758.0,66525.42,66531.62,11.32222
1784651400000,2026-07-21 16:30:00,66531.62,66645.16,66506.03,66537.23,21.03065
1784653200000,2026-07-21 17:00:00,66537.24,66595.03,66433.09,66448.97,38.59896
1784655000000,2026-07-21 17:30:00,66448.96,66503.71,66146.01,66202.01,12.02357
1784656800000,2026-07-21 18:00:00,66201.87,66329.79,66115.9,66240.88,10.837
1784658600000,2026-07-21 18:30:00,66240.88,66344.52,66113.99,66319.96,10.14484
1784660400000,2026-07-21 19:00:00,66319.96,66417.2,66265.04,66403.42,8.04443
1784662200000,2026-07-21 19:30:00,66402.99,66499.99,66397.43,66448.36,10.20641
1784664000000,2026-07-21 20:00:00,66445.29,66472.57,66366.07,66391.15,17.43923
1784665800000,2026-07-21 20:30:00,66391.14,66494.0,66391.14,66406.68,13.04871
1784667600000,2026-07-21 21:00:00,66406.58,66406.58,66308.0,66325.73,10.29517
1784669400000,2026-07-21 21:30:00,66324.65,66590.88,66290.0,66385.01,13.04266
1784671200000,2026-07-21 22:00:00,66385.0,66385.01,66213.74,66279.18,13.13649
1784673000000,2026-07-21 22:30:00,66279.18,66345.28,66242.0,66306.01,9.36731
1784674800000,2026-07-21 23:00:00,66306.01,66398.4,66228.55,66397.99,11.70304
1784676600000,2026-07-21 23:30:00,66397.99,66576.0,66384.14,66556.16,9.47106
1784678400000,2026-07-22 00:00:00,66556.16,66727.11,66537.56,66665.02,20.70443
1784680200000,2026-07-22 00:30:00,66665.02,66729.38,66630.0,66719.34,5.1273
