timestamp,datetime,open,high,low,close,volume
1780493400000,2026-06-03 13:30:00,1874.67,1874.67,1861.86,1867.52,91.8258
1780495200000,2026-06-03 14:00:00,1867.53,1868.38,1854.84,1856.65,250.8319
1780497000000,2026-06-03 14:30:00,1857.31,1861.68,1853.2,1857.74,59.9596
1780498800000,2026-06-03 15:00:00,1857.74,1858.74,1845.01,1853.72,58.4569
1780500600000,2026-06-03 15:30:00,1853.47,1855.68,1836.37,1836.4,102.0387
1780502400000,2026-06-03 16:00:00,1836.41,1843.07,1812.29,1818.83,57.9003
1780504200000,2026-06-03 16:30:00,1820.93,1833.03,1817.86,1832.64,30.9834
1780506000000,2026-06-03 17:00:00,1832.65,1833.28,1819.67,1829.27,31.0738
1780507800000,2026-06-03 17:30:00,1829.46,1838.95,1823.96,1828.53,58.227
1780509600000,2026-06-03 18:00:00,1828.54,1832.42,1821.77,1825.43,222.651
1780511400000,2026-06-03 18:30:00,1825.84,1834.18,1823.24,1832.52,37.8001
1780513200000,2026-06-03 19:00:00,1832.53,1833.64,1815.05,1815.49,48.2673
1780515000000,2026-06-03 19:30:00,1815.99,1823.17,1796.68,1803.66,41.4195
1780516800000,2026-06-03 20:00:00,1803.66,1812.6,1794.29,1810.51,37.9167
1780518600000,2026-06-03 20:30:00,1810.5,1810.5,1773.58,1781.35,39.2828
1780520400000,2026-06-03 21:00:00,1781.35,1802.71,1778.04,1802.16,16.062
1780522200000,2026-06-03 21:30:00,1800.89,1849.32,1800.89,1848.07,38.0068
1780524000000,2026-06-03 22:00:00,1849.29,1849.82,1827.58,1829.28,36.3587
1780525800000,2026-06-03 22:30:00,1828.9,1834.57,1823.52,1827.65,26.6711
1780527600000,2026-06-03 23:00:00,1827.65,1830.25,1816.78,1822.18,41.733
1780529400000,2026-06-03 23:30:00,1821.92,1825.48,1812.84,1813.8,39.1054
1780531200000,2026-06-04 00:00:00,1813.81,1820.5,1788.47,1788.47,103.3703
1780533000000,2026-06-04 00:30:00,1788.47,1802.91,1784.01,1793.61,175.3821
1780534800000,2026-06-04 01:00:00,1793.78,1800.69,1767.59,1772.92,160.075
1780536600000,2026-06-04 01:30:00,1772.92,1789.16,1755.72,1759.04,200.832
1780538400000,2026-06-04 02:00:00,1759.05,1771.62,1722.04,1767.26,278.7438
1780540200000,2026-06-04 02:30:00,1763.5,1777.92,1763.37,1766.34,91.759
1780542000000,2026-06-04 03:00:00,1766.34,1800.03,1766.33,1794.47,222.8648
1780543800000,2026-06-04 03:30:00,1794.48,1811.61,1794.47,1809.23,152.9837
1780545600000,2026-06-04 04:00:00,1809.23,1817.11,1808.33,1811.31,149.0546
1780547400000,2026-06-04 04:30:00,1811.31,1812.59,1802.69,1804.74,258.5638
1780549200000,2026-06-04 05:00:00,1805.0,1805.22,1784.54,1785.2,331.7088
1780551000000,2026-06-04 05:30:00,1785.2,1794.5,1781.59,1784.64,235.7475
1780552800000,2026-06-04 06:00:00,1784.64,1799.43,1782.35,1797.69,246.5051
1780554600000,2026-06-04 06:30:00,1797.69,1800.55,1787.5,1789.62,246.3518
1780556400000,2026-06-04 07:00:00,1789.96,1790.72,1773.53,1778.11,224.7865
1780558200000,2026-06-04 07:30:00,1778.06,1786.56,1777.17,1777.17,261.0712
1780560000000,2026-06-04 08:00:00,1777.16,1782.91,1764.17,1771.93,271.9692
1780561800000,2026-06-04 08:30:00,1771.92,1778.38,1768.04,1773.49,196.2633
1780563600000,2026-06-04 09:00:00,1773.81,1773.81,1747.29,1749.43,385.2462
1780565400000,2026-06-04 09:30:00,1749.43,1785.65,1720.0,1766.28,261.941
1780567200000,2026-06-04 10:00:00,1766.28,1766.28,1752.59,1755.71,201.532
1780569000000,2026-06-04 10:30:00,1755.7,1763.08,1731.35,1737.3,298.8826
1780570800000,2026-06-04 11:00:00,1737.3,1760.0,1731.99,1748.45,269.586
1780572600000,2026-06-04 11:30:00,1748.45,1754.05,1739.48,1750.21,218.5345
1780574400000,2026-06-04 12:00:00,1751.5,1767.81,1744.37,1766.72,259.1115
1780576200000,2026-06-04 12:30:00,1766.72,1781.52,1765.7,1778.55,271.4435
1780578000000,2026-06-04 13:00:00,1778.55,1779.76,1756.48,1763.31,286.9129
1780579800000,2026-06-04 13:30:00,1763.31,1789.27,1762.29,1785.05,288.34
1780581600000,2026-06-04 14:00:00,1785.06,1794.33,1778.07,1782.38,306.1667
1780583400000,2026-06-04 14:30:00,1782.38,1782.38,1766.72,1773.75,421.1283
1780585200000,2026-06-04 15:00:00,1773.75,1790.76,1771.38,1778.8,277.4296
1780587000000,2026-06-04 15:30:00,1778.61,1779.65,1771.35,1778.19,292.6711
1780588800000,2026-06-04 16:00:00,1777.51,1778.04,1770.71,1771.5,266.9587
1780590600000,2026-06-04 16:30:00,1770.18,1778.96,1766.3,1772.2,291.4805
1780592400000,2026-06-04 17:00:00,1771.94,1775.76,1762.74,1764.12,230.5294
1780594200000,2026-06-04 17:30:00,1764.06,1773.58,1755.16,1768.14,78.3122
1780596000000,2026-06-04 18:00:00,1768.88,1778.25,1760.43,1778.25,85.9442
1780597800000,2026-06-04 18:30:00,1778.24,1783.16,1772.8,1776.82,87.2887
1780599600000,2026-06-04 19:00:00,1776.82,1785.18,1771.1,1785.17,64.3155
1780601400000,2026-06-04 19:30:00,1785.17,1785.57,1773.58,1778.18,76.1836
1780603200000,2026-06-04 20:00:00,1778.18,1778.18,1764.66,1768.99,64.3326
1780605000000,2026-06-04 20:30:00,1768.99,1774.79,1768.99,1774.09,54.5654
1780606800000,2026-06-04 21:00:00,1774.6,1782.58,1768.62,1769.93,66.2098
1780608600000,2026-06-04 21:30:00,1770.52,1770.53,1757.67,1761.24,55.7739
1780610400000,2026-06-04 22:00:00,1761.24,1800.0,1754.74,1760.3,115.6811
1780612200000,2026-06-04 22:30:00,1759.33,1769.78,1753.43,1769.61,50.3872
1780614000000,2026-06-04 23:00:00,1769.61,1777.02,1754.3,1761.49,61.8583
1780615800000,2026-06-04 23:30:00,1761.48,1772.14,1760.53,1772.09,47.5356
1780617600000,2026-06-05 00:00:00,1770.73,1772.5,1760.52,1772.5,280.4062
1780619400000,2026-06-05 00:30:00,1772.5,1773.91,1759.08,1759.63,233.4196
1780621200000,2026-06-05 01:00:00,1759.63,1759.64,1748.13,1754.09,295.7798
1780623000000,2026-06-05 01:30:00,1754.09,1761.92,1752.13,1754.0,317.3677
1780624800000,2026-06-05 02:00:00,1753.19,1753.73,1737.26,1737.89,318.0463
1780626600000,2026-06-05 02:30:00,1737.89,1741.8,1729.97,1731.14,342.4957
1780628400000,2026-06-05 03:00:00,1730.89,1738.45,1722.93,1730.06,363.7682
1780630200000,2026-06-05 03:30:00,1730.06,1738.49,1728.24,1728.69,209.7133
1780632000000,2026-06-05 04:00:00,1728.69,1736.08,1718.94,1735.75,298.5651
1780633800000,2026-06-05 04:30:00,1735.75,1746.0,1725.38,1743.9,254.2873
1780635600000,2026-06-05 05:00:00,1743.89,1746.37,1726.44,1734.94,278.8273
1780637400000,2026-06-05 05:30:00,1734.95,1734.95,1682.09,1683.53,465.3091
1780639200000,2026-06-05 06:00:00,1683.54,1806.01,1621.96,1643.28,875.0959
1780641000000,2026-06-05 06:30:00,1643.66,1667.39,1643.65,1656.58,332.817
1780642800000,2026-06-05 07:00:00,1656.4,1663.0,1634.38,1657.61,319.7296
1780644600000,2026-06-05 07:30:00,1657.61,1678.54,1653.66,1678.12,278.7662
1780646400000,2026-06-05 08:00:00,1678.12,1678.12,1663.43,1672.56,283.9511
1780648200000,2026-06-05 08:30:00,1672.55,1675.56,1660.09,1663.47,295.3689
1780650000000,2026-06-05 09:00:00,1663.46,1688.0,1663.44,1685.34,332.7521
1780651800000,2026-06-05 09:30:00,1685.33,1685.34,1677.16,1682.52,293.6991
1780653600000,2026-06-05 10:00:00,1682.52,1684.9,1672.22,1677.21,221.2262
1780655400000,2026-06-05 10:30:00,1677.22,1689.27,1672.97,1676.34,182.4719
1780657200000,2026-06-05 11:00:00,1676.33,1681.79,1668.15,1677.28,286.0084
1780659000000,2026-06-05 11:30:00,1677.63,1678.94,1663.01,1663.55,279.7769
1780660800000,2026-06-05 12:00:00,1664.04,1670.07,1652.07,1662.11,294.3261
1780662600000,2026-06-05 12:30:00,1662.11,1666.64,1646.35,1657.27,304.4825
1780664400000,2026-06-05 13:00:00,1657.27,1673.47,1657.27,1668.24,196.7707
1780666200000,2026-06-05 13:30:00,1664.06,1676.9,1482.0,1616.08,168.992
1780668000000,2026-06-05 14:00:00,1616.08,1624.07,1597.08,1601.94,131.8167
1780669800000,2026-06-05 14:30:00,1601.95,1621.58,1596.16,1601.39,81.5318
1780671600000,2026-06-05 15:00:00,1600.31,1603.49,1580.19,1593.76,117.893
1780673400000,2026-06-05 15:30:00,1593.87,1598.07,1574.19,1585.12,104.9423
1780675200000,2026-06-05 16:00:00,1584.49,1608.19,1550.39,1595.86,122.9312
1780677000000,2026-06-05 16:30:00,1595.34,1610.73,1579.34,1608.75,121.9218
1780678800000,2026-06-05 17:00:00,1608.75,1612.59,1588.48,1589.28,86.3475
1780680600000,2026-06-05 17:30:00,1589.94,1602.32,1589.35,1593.38,81.4101
1780682400000,2026-06-05 18:00:00,1594.38,1598.66,1564.81,1566.01,92.3197
1780684200000,2026-06-05 18:30:00,1566.02,1574.27,1547.61,1553.16,179.8902
1780686000000,2026-06-05 19:00:00,1552.84,1561.23,1540.54,1560.46,120.2949
1780687800000,2026-06-05 19:30:00,1560.47,1578.75,1546.17,1574.15,84.4119
1780689600000,2026-06-05 20:00:00,1574.15,1600.25,1558.26,1596.35,124.7945
1780691400000,2026-06-05 20:30:00,1596.05,1606.1,1591.17,1604.43,87.1849
1780693200000,2026-06-05 21:00:00,1604.71,1615.65,1603.43,1611.96,96.477
1780695000000,2026-06-05 21:30:00,1611.14,1618.5,1607.73,1609.66,93.7867
1780696800000,2026-06-05 22:00:00,1609.93,1610.25,1591.43,1593.56,114.1885
1780698600000,2026-06-05 22:30:00,1595.83,1604.49,1593.63,1597.33,56.6505
1780700400000,2026-06-05 23:00:00,1597.35,1603.06,1571.54,1575.76,73.3413
1780702200000,2026-06-05 23:30:00,1574.93,1583.75,1561.55,1583.75,58.3657
1780704000000,2026-06-06 00:00:00,1583.75,1600.55,1364.77,1595.98,281.8524
1780705800000,2026-06-06 00:30:00,1595.91,1598.85,1591.28,1593.15,267.6411
1780707600000,2026-06-06 01:00:00,1592.77,1596.65,1578.36,1592.73,257.0308
1780709400000,2026-06-06 01:30:00,1591.76,1591.76,1580.35,1583.9,211.1366
1780711200000,2026-06-06 02:00:00,1583.87,1583.87,1566.78,1572.86,321.0775
1780713000000,2026-06-06 02:30:00,1572.86,1585.15,1571.29,1576.22,280.4882
1780714800000,2026-06-06 03:00:00,1576.22,1576.22,1564.12,1566.83,313.8147
1780716600000,2026-06-06 03:30:00,1566.83,1567.16,1556.69,1563.66,349.3023
1780718400000,2026-06-06 04:00:00,1563.66,1568.64,1300.0,1533.77,379.6805
1780720200000,2026-06-06 04:30:00,1533.78,1534.51,1511.75,1522.27,284.8949
1780722000000,2026-06-06 05:00:00,1522.27,1570.77,1506.93,1550.84,354.2668
1780723800000,2026-06-06 05:30:00,1549.96,1567.89,1549.96,1566.58,334.9782
1780725600000,2026-06-06 06:00:00,1566.59,1581.24,1566.59,1574.89,241.051
1780727400000,2026-06-06 06:30:00,1574.94,1578.53,1556.72,1560.11,257.4803
1780729200000,2026-06-06 07:00:00,1560.1,1579.05,1556.93,1567.86,278.3196
1780731000000,2026-06-06 07:30:00,1567.05,1578.36,1567.05,1575.14,245.0224
1780732800000,2026-06-06 08:00:00,1575.04,1587.17,1570.48,1586.88,192.8996
1780734600000,2026-06-06 08:30:00,1586.88,1592.34,1581.92,1581.92,261.6259
1780736400000,2026-06-06 09:00:00,1581.93,1587.27,1577.51,1587.2,267.0183
1780738200000,2026-06-06 09:30:00,1587.19,1588.09,1560.0,1570.08,313.8055
1780740000000,2026-06-06 10:00:00,1570.08,1570.27,1552.88,1555.18,330.6077
1780741800000,2026-06-06 10:30:00,1555.18,1555.19,1536.56,1548.87,402.7621
1780743600000,2026-06-06 11:00:00,1548.87,1564.21,1547.49,1564.2,349.3864
1780745400000,2026-06-06 11:30:00,1564.21,1566.57,1556.84,1558.89,224.8023
1780747200000,2026-06-06 12:00:00,1558.9,1565.54,1555.33,1555.34,336.661
1780749000000,2026-06-06 12:30:00,1555.14,1574.36,1551.87,1571.25,294.7427
1780750800000,2026-06-06 13:00:00,1571.37,1572.81,1527.71,1561.63,330.9525
1780752600000,2026-06-06 13:30:00,1561.63,1566.92,1554.19,1556.38,293.9027
1780754400000,2026-06-06 14:00:00,1556.39,1565.93,1556.38,1561.51,355.0786
1780756200000,2026-06-06 14:30:00,1561.51,1566.64,1557.64,1557.71,92.6469
1780758000000,2026-06-06 15:00:00,1558.72,1560.9,1546.92,1555.56,91.0765
1780759800000,2026-06-06 15:30:00,1555.58,1565.35,1553.29,1560.44,68.1302
1780761600000,2026-06-06 16:00:00,1558.9,1572.8,1555.26,1556.46,96.1108
1780763400000,2026-06-06 16:30:00,1556.46,1565.15,1554.5,1563.01,60.2686
1780765200000,2026-06-06 17:00:00,1563.19,1565.86,1557.81,1559.54,60.5473
1780767000000,2026-06-06 17:30:00,1559.75,1564.42,1549.58,1552.92,77.1561
1780768800000,2026-06-06 18:00:00,1553.03,1565.6,1550.62,1564.28,50.8357
1780770600000,2026-06-06 18:30:00,1564.28,1564.28,1552.76,1556.43,54.5113
1780772400000,2026-06-06 19:00:00,1556.58,1562.86,1555.04,1556.14,55.8604
1780774200000,2026-06-06 19:30:00,1556.13,1557.69,1553.56,1554.44,37.4989
1780776000000,2026-06-06 20:00:00,1554.44,1556.13,1551.41,1552.01,54.6274
1780777800000,2026-06-06 20:30:00,1552.65,1559.66,1551.13,1558.74,89.0692
1780779600000,2026-06-06 21:00:00,1556.99,1563.69,1556.99,1561.71,43.871
1780781400000,2026-06-06 21:30:00,1562.94,1564.73,1557.91,1557.92,39.5389
1780783200000,2026-06-06 22:00:00,1558.22,1561.55,1552.24,1553.47,55.3882
1780785000000,2026-06-06 22:30:00,1554.02,1561.7,1554.02,1559.51,32.5292
1780786800000,2026-06-06 23:00:00,1559.52,1563.89,1556.91,1560.06,68.6997
1780788600000,2026-06-06 23:30:00,1560.62,1569.75,1560.61,1569.64,71.6517
1780790400000,2026-06-07 00:00:00,1569.73,1572.13,1564.21,1566.52,245.7231
1780792200000,2026-06-07 00:30:00,1566.53,1571.41,1565.02,1565.12,197.905
1780794000000,2026-06-07 01:00:00,1565.29,1596.16,1564.17,1596.16,376.9254
1780795800000,2026-06-07 01:30:00,1596.16,1596.17,1585.61,1590.35,196.6456
1780797600000,2026-06-07 02:00:00,1590.03,1593.35,1583.61,1585.14,197.7772
1780799400000,2026-06-07 02:30:00,1585.26,1594.22,1582.71,1592.44,215.3866
1780801200000,2026-06-07 03:00:00,1592.52,1599.35,1589.73,1595.9,205.6351
1780803000000,2026-06-07 03:30:00,1596.16,1597.78,1591.12,1595.0,187.2014
1780804800000,2026-06-07 04:00:00,1595.01,1595.66,1585.1,1586.84,223.6867
1780806600000,2026-06-07 04:30:00,1587.04,1598.81,1587.04,1597.46,226.0371
1780808400000,2026-06-07 05:00:00,1597.41,1608.41,1593.62,1603.63,298.0597
1780810200000,2026-06-07 05:30:00,1603.63,1607.96,1600.34,1604.22,210.2197
1780812000000,2026-06-07 06:00:00,1604.09,1620.54,1598.58,1618.67,304.9399
1780813800000,2026-06-07 06:30:00,1618.22,1622.22,1611.18,1612.48,337.9989
1780815600000,2026-06-07 07:00:00,1612.47,1614.91,1607.57,1613.4,190.5339
1780817400000,2026-06-07 07:30:00,1613.4,1616.07,1610.5,1615.13,128.0202
1780819200000,2026-06-07 08:00:00,1615.07,1618.63,1608.76,1618.13,155.6062
1780821000000,2026-06-07 08:30:00,1618.27,1641.77,1358.25,1640.85,289.1986
1780822800000,2026-06-07 09:00:00,1641.07,1647.93,1637.58,1641.18,247.9194
1780824600000,2026-06-07 09:30:00,1641.49,1641.49,1629.68,1633.52,185.8743
1780826400000,2026-06-07 10:00:00,1633.9,1635.48,1627.98,1633.29,198.2725
1780828200000,2026-06-07 10:30:00,1633.58,1634.94,1624.98,1625.84,219.7908
1780830000000,2026-06-07 11:00:00,1625.78,1630.07,1622.92,1628.74,234.767
1780831800000,2026-06-07 11:30:00,1628.72,1633.86,1626.5,1629.96,139.0767
1780833600000,2026-06-07 12:00:00,1629.96,1630.66,1610.35,1611.01,346.6888
1780835400000,2026-06-07 12:30:00,1610.31,1639.59,1608.96,1620.36,226.5705
1780837200000,2026-06-07 13:00:00,1620.36,1622.06,1613.42,1620.91,185.2772
1780839000000,2026-06-07 13:30:00,1621.02,1622.34,1615.26,1617.78,190.0307
1780840800000,2026-06-07 14:00:00,1617.11,1632.82,1616.92,1630.27,319.4669
1780842600000,2026-06-07 14:30:00,1630.28,1637.91,1621.87,1628.61,267.3368
1780844400000,2026-06-07 15:00:00,1628.6,1632.28,1621.02,1632.28,232.1584
1780846200000,2026-06-07 15:30:00,1631.86,1636.09,1627.43,1629.64,221.3543
1780848000000,2026-06-07 16:00:00,1630.07,1874.3,1623.63,1628.3,447.3972
1780849800000,2026-06-07 16:30:00,1628.39,1633.28,1626.1,1628.52,284.9571
1780851600000,2026-06-07 17:00:00,1628.52,1637.45,1627.89,1635.29,119.3265
1780853400000,2026-06-07 17:30:00,1635.33,1637.76,1629.13,1631.69,32.7253
1780855200000,2026-06-07 18:00:00,1631.39,1635.55,1629.84,1633.43,27.2716
1780857000000,2026-06-07 18:30:00,1633.62,1636.57,1629.63,1630.85,44.9069
1780858800000,2026-06-07 19:00:00,1629.92,1630.51,1606.19,1610.98,84.1321
1780860600000,2026-06-07 19:30:00,1611.06,1617.43,1606.89,1612.8,54.1469
1780862400000,2026-06-07 20:00:00,1613.11,1631.03,1609.69,1624.98,56.4924
1780864200000,2026-06-07 20:30:00,1624.93,1630.2,1622.93,1628.56,41.9656
1780866000000,2026-06-07 21:00:00,1628.14,1631.68,1624.01,1628.36,62.1237
1780867800000,2026-06-07 21:30:00,1628.36,1634.1,1625.4,1634.09,87.3119
1780869600000,2026-06-07 22:00:00,1634.31,1713.71,1550.49,1675.39,227.739
1780871400000,2026-06-07 22:30:00,1677.52,1689.3,1670.31,1672.46,73.853
1780873200000,2026-06-07 23:00:00,1672.56,1684.78,1670.79,1684.69,76.5902
1780875000000,2026-06-07 23:30:00,1685.19,1690.42,1679.35,1690.42,48.5292
1780876800000,2026-06-08 00:00:00,1690.42,1697.39,1684.05,1697.39,317.0313
1780878600000,2026-06-08 00:30:00,1697.97,1711.01,1693.98,1697.44,344.4458
1780880400000,2026-06-08 01:00:00,1697.59,1699.02,1674.37,1674.38,303.7887
1780882200000,2026-06-08 01:30:00,1674.36,1687.5,1671.8,1686.48,248.4948
1780884000000,2026-06-08 02:00:00,1687.33,1689.28,1680.0,1685.15,267.8125
1780885800000,2026-06-08 02:30:00,1684.72,1686.49,1679.13,1683.42,227.5145
1780887600000,2026-06-08 03:00:00,1683.42,1691.94,1679.43,1680.82,219.9416
1780889400000,2026-06-08 03:30:00,1680.93,1683.08,1677.0,1678.91,149.5168
1780891200000,2026-06-08 04:00:00,1679.85,1680.89,1663.15,1666.46,261.0952
1780893000000,2026-06-08 04:30:00,1666.85,1668.05,1656.16,1660.83,237.0412
1780894800000,2026-06-08 05:00:00,1660.82,1660.82,1648.36,1656.41,267.1636
1780896600000,2026-06-08 05:30:00,1656.68,1656.68,1645.27,1653.23,203.4233
1780898400000,2026-06-08 06:00:00,1653.68,1693.62,1653.67,1668.54,286.5213
1780900200000,2026-06-08 06:30:00,1668.54,1668.54,1662.61,1666.47,182.1256
1780902000000,2026-06-08 07:00:00,1666.54,1676.21,1661.92,1673.1,238.4476
1780903800000,2026-06-08 07:30:00,1673.09,1678.03,1672.23,1672.63,238.1861
1780905600000,2026-06-08 08:00:00,1672.62,1675.56,1635.72,1666.81,297.4872
1780907400000,2026-06-08 08:30:00,1666.93,1669.63,1659.2,1661.59,257.8692
1780909200000,2026-06-08 09:00:00,1661.17,1668.85,1658.4,1663.75,212.7662
1780911000000,2026-06-08 09:30:00,1662.83,1671.4,1657.44,1671.01,189.8983
1780912800000,2026-06-08 10:00:00,1671.1,1671.94,1664.05,1664.89,186.3609
1780914600000,2026-06-08 10:30:00,1665.21,1674.84,1663.81,1672.19,180.004
1780916400000,2026-06-08 11:00:00,1672.37,1693.97,1667.88,1688.43,499.4836
1780918200000,2026-06-08 11:30:00,1689.87,1696.67,1682.09,1684.85,297.8413
1780920000000,2026-06-08 12:00:00,1684.85,1715.45,1668.81,1679.52,1054.6502
1780921800000,2026-06-08 12:30:00,1679.53,1906.54,1429.54,1694.65,1731.7466
1780923600000,2026-06-08 13:00:00,1694.66,1959.29,1600.0,1688.74,2029.2475
1780925400000,2026-06-08 13:30:00,1688.8,1690.86,1451.2,1683.09,1661.5282
1780927200000,2026-06-08 14:00:00,1683.09,1696.97,1677.9,1684.71,1514.9876
1780929000000,2026-06-08 14:30:00,1684.71,1697.23,1682.95,1690.39,1471.769
1780930800000,2026-06-08 15:00:00,1690.39,1705.05,1680.0,1696.58,1454.5315
1780932600000,2026-06-08 15:30:00,1696.58,1707.69,1690.0,1690.8,1419.989
1780934400000,2026-06-08 16:00:00,1690.8,1703.85,1688.34,1698.48,1330.0152
1780936200000,2026-06-08 16:30:00,1698.48,1698.51,1682.94,1682.95,1362.5513
1780938000000,2026-06-08 17:00:00,1682.95,1693.33,1676.23,1686.09,1289.9062
1780939800000,2026-06-08 17:30:00,1686.1,1693.12,1677.55,1686.49,1304.2566
1780941600000,2026-06-08 18:00:00,1686.5,1700.0,1685.12,1688.0,1274.3389
1780943400000,2026-06-08 18:30:00,1688.0,1691.43,1679.42,1684.71,1275.7817
1780945200000,2026-06-08 19:00:00,1684.72,1688.94,1681.57,1686.58,1285.9005
1780947000000,2026-06-08 19:30:00,1686.59,1690.24,1678.98,1685.35,482.7438
1780948800000,2026-06-08 20:00:00,1685.35,1688.79,1679.49,1679.49,202.0694
1780950600000,2026-06-08 20:30:00,1679.5,1691.48,1679.5,1688.59,167.9571
1780952400000,2026-06-08 21:00:00,1688.58,1721.9,1688.58,1709.44,352.2561
1780954200000,2026-06-08 21:30:00,1709.44,1714.09,1703.77,1703.77,187.0808
1780956000000,2026-06-08 22:00:00,1703.77,1705.0,1685.83,1695.08,422.6735
1780957800000,2026-06-08 22:30:00,1695.08,1704.05,1692.39,1703.19,195.735
1780959600000,2026-06-08 23:00:00,1703.19,1713.91,1695.51,1697.99,313.9377
1780961400000,2026-06-08 23:30:00,1697.99,1699.69,1686.36,1690.48,270.5907
1780963200000,2026-06-09 00:00:00,1690.48,1714.24,1673.68,1675.01,1479.2154
1780965000000,2026-06-09 00:30:00,1675.0,1720.0,1654.83,1663.6,1430.2721
1780966800000,2026-06-09 01:00:00,1663.6,1681.06,1657.57,1670.91,1466.7121
1780968600000,2026-06-09 01:30:00,1670.74,1708.23,1660.0,1669.83,1377.7439
1780970400000,2026-06-09 02:00:00,1669.84,1760.0,1661.0,1664.58,1394.3723
1780972200000,2026-06-09 02:30:00,1664.58,1740.0,1655.69,1667.58,1469.1838
1780974000000,2026-06-09 03:00:00,1667.58,1703.46,1665.3,1668.64,1354.1945
1780975800000,2026-06-09 03:30:00,1668.65,1882.86,1606.41,1669.69,1316.8296
1780977600000,2026-06-09 04:00:00,1669.41,1715.84,1422.63,1666.18,1374.1349
1780979400000,2026-06-09 04:30:00,1666.18,1912.06,1420.62,1687.1,1466.3273
1780981200000,2026-06-09 05:00:00,1687.1,1691.52,1435.96,1688.03,1330.2106
1780983000000,2026-06-09 05:30:00,1688.04,1695.57,1436.42,1688.14,2687.9539
1780984800000,2026-06-09 06:00:00,1688.14,1695.25,1437.93,1692.13,1466.4745
1780986600000,2026-06-09 06:30:00,1692.13,1695.57,1454.16,1685.98,1258.4055
1780988400000,2026-06-09 07:00:00,1685.98,1697.23,1457.74,1676.12,1430.5336
1780990200000,2026-06-09 07:30:00,1676.12,1740.0,1676.11,1679.68,1324.1742
1780992000000,2026-06-09 08:00:00,1679.67,1705.0,1669.71,1675.56,1419.8791
1780993800000,2026-06-09 08:30:00,1675.56,1705.0,1674.16,1675.43,1295.1562
1780995600000,2026-06-09 09:00:00,1675.44,1680.16,1673.12,1675.76,623.8448
1780997400000,2026-06-09 09:30:00,1675.76,1675.76,1665.99,1670.6,206.159
1780999200000,2026-06-09 10:00:00,1670.88,1673.99,1667.74,1673.2,184.3985
1781001000000,2026-06-09 10:30:00,1673.2,1675.77,1669.4,1674.35,173.2076
1781002800000,2026-06-09 11:00:00,1674.78,1675.46,1666.12,1668.72,362.6168
1781004600000,2026-06-09 11:30:00,1668.6,1673.51,1667.71,1671.67,339.1806
1781006400000,2026-06-09 12:00:00,1671.67,1682.91,1671.66,1677.06,390.4792
1781008200000,2026-06-09 12:30:00,1676.76,1678.37,1671.58,1675.19,258.6608
1781010000000,2026-06-09 13:00:00,1675.2,1680.21,1668.01,1670.64,343.5288
1781011800000,2026-06-09 13:30:00,1670.63,1677.79,1664.31,1668.23,425.3092
1781013600000,2026-06-09 14:00:00,1668.22,1670.41,1639.01,1639.93,651.905
1781015400000,2026-06-09 14:30:00,1639.93,1697.23,1634.72,1645.52,515.0447
1781017200000,2026-06-09 15:00:00,1645.52,1652.96,1639.58,1640.0,404.1571
1781019000000,2026-06-09 15:30:00,1639.99,1644.84,1635.27,1637.5,404.6388
1781020800000,2026-06-09 16:00:00,1637.5,1638.89,1622.57,1630.35,599.2382
1781022600000,2026-06-09 16:30:00,1630.35,1634.82,1615.42,1631.78,530.9783
1781024400000,2026-06-09 17:00:00,1631.78,1649.1,1631.78,1644.17,394.7917
1781026200000,2026-06-09 17:30:00,1644.17,1649.2,1639.77,1642.95,361.648
1781028000000,2026-06-09 18:00:00,1642.95,1655.11,1632.88,1649.09,358.4083
1781029800000,2026-06-09 18:30:00,1648.89,1658.74,1646.98,1652.55,312.6949
1781031600000,2026-06-09 19:00:00,1652.56,1654.79,1648.24,1651.6,280.8394
1781033400000,2026-06-09 19:30:00,1651.47,1658.49,1648.24,1657.13,391.6886
1781035200000,2026-06-09 20:00:00,1657.12,1663.21,1655.93,1658.88,142.0669
1781037000000,2026-06-09 20:30:00,1657.95,1661.97,1655.35,1660.57,87.2047
1781038800000,2026-06-09 21:00:00,1660.59,1661.47,1406.1,1651.39,281.8856
1781040600000,2026-06-09 21:30:00,1651.4,1653.16,1648.02,1649.86,102.858
1781042400000,2026-06-09 22:00:00,1649.85,1654.6,1645.61,1648.4,56.4996
1781044200000,2026-06-09 22:30:00,1648.39,1650.4,1639.62,1640.15,56.3689
1781046000000,2026-06-09 23:00:00,1640.15,1642.26,1635.12,1635.62,28.4826
1781047800000,2026-06-09 23:30:00,1635.63,1641.0,1631.83,1639.52,22.0835
1781049600000,2026-06-10 00:00:00,1639.52,1657.0,1633.93,1643.45,1260.1963
1781051400000,2026-06-10 00:30:00,1643.0,1657.54,1626.23,1646.06,1432.7729
1781053200000,2026-06-10 01:00:00,1646.05,1679.0,1402.9,1642.27,2313.778
1781055000000,2026-06-10 01:30:00,1642.26,1679.0,1402.9,1639.12,1337.4606
1781056800000,2026-06-10 02:00:00,1639.11,1677.12,1416.77,1630.83,1341.4708
1781058600000,2026-06-10 02:30:00,1630.88,1632.34,1386.99,1624.7,1636.2185
1781060400000,2026-06-10 03:00:00,1624.69,1635.96,1623.72,1635.95,229.0
1781062200000,2026-06-10 03:30:00,1635.96,1635.96,1629.18,1630.67,261.1008
1781064000000,2026-06-10 04:00:00,1630.62,1632.92,1626.89,1630.69,231.9579
1781065800000,2026-06-10 04:30:00,1630.69,1630.7,1622.69,1625.88,278.6715
1781067600000,2026-06-10 05:00:00,1625.88,1639.91,1616.34,1625.66,364.0849
1781069400000,2026-06-10 05:30:00,1625.77,1629.87,1622.37,1628.0,251.3621
1781071200000,2026-06-10 06:00:00,1628.0,1631.98,1625.96,1627.73,372.0722
1781073000000,2026-06-10 06:30:00,1627.74,1677.12,1357.0,1632.23,517.3467
1781074800000,2026-06-10 07:00:00,1631.43,1638.59,1630.84,1636.91,357.8908
1781076600000,2026-06-10 07:30:00,1636.9,1643.05,1636.24,1640.1,296.1422
1781078400000,2026-06-10 08:00:00,1640.1,1640.65,1632.79,1633.46,314.5853
1781080200000,2026-06-10 08:30:00,1633.83,1635.47,1618.55,1621.05,385.8429
1781082000000,2026-06-10 09:00:00,1621.04,1632.25,1607.2,1618.73,622.6133
1781083800000,2026-06-10 09:30:00,1618.73,1625.62,1617.05,1623.66,213.7499
1781085600000,2026-06-10 10:00:00,1623.66,1625.35,1618.11,1624.59,215.5388
1781087400000,2026-06-10 10:30:00,1624.59,1630.0,1624.51,1628.23,225.6882
1781089200000,2026-06-10 11:00:00,1628.23,1630.22,1613.82,1616.7,425.9237
1781091000000,2026-06-10 11:30:00,1616.73,1623.44,1616.01,1619.92,439.1509
1781092800000,2026-06-10 12:00:00,1619.84,1625.44,1616.0,1624.77,413.2317
1781094600000,2026-06-10 12:30:00,1625.13,1642.0,1379.82,1635.61,475.5818
1781096400000,2026-06-10 13:00:00,1635.6,1638.56,1632.58,1637.12,388.5185
1781098200000,2026-06-10 13:30:00,1637.13,1666.58,1617.43,1651.52,572.9362
1781100000000,2026-06-10 14:00:00,1651.52,1654.98,1643.01,1646.59,352.081
1781101800000,2026-06-10 14:30:00,1645.95,1648.26,1638.12,1646.46,424.1633
1781103600000,2026-06-10 15:00:00,1646.65,1652.32,1636.6,1649.07,480.4804
1781105400000,2026-06-10 15:30:00,1649.07,1664.74,1643.49,1657.76,884.8559
1781107200000,2026-06-10 16:00:00,1657.91,1658.38,1644.23,1648.35,496.5919
1781109000000,2026-06-10 16:30:00,1648.89,1651.4,1633.13,1641.98,333.3465
1781110800000,2026-06-10 17:00:00,1641.98,1647.43,1628.32,1628.32,473.5344
1781112600000,2026-06-10 17:30:00,1628.32,1636.03,1622.79,1632.31,498.4836
1781114400000,2026-06-10 18:00:00,1632.32,1635.56,1627.17,1635.56,409.066
1781116200000,2026-06-10 18:30:00,1635.57,1635.76,1623.72,1630.89,608.7965
1781118000000,2026-06-10 19:00:00,1630.88,1639.3,1617.4,1627.95,900.1612
1781119800000,2026-06-10 19:30:00,1627.95,1637.72,1627.63,1630.22,609.2598
1781121600000,2026-06-10 20:00:00,1630.19,1636.22,1623.65,1633.06,452.0876
1781123400000,2026-06-10 20:30:00,1632.91,1632.99,1625.82,1630.82,302.5841
1781125200000,2026-06-10 21:00:00,1630.73,1630.73,1615.62,1619.09,388.4123
1781127000000,2026-06-10 21:30:00,1619.09,1653.99,1607.35,1611.23,497.838
1781128800000,2026-06-10 22:00:00,1611.23,1629.76,1605.18,1610.84,549.9509
1781130600000,2026-06-10 22:30:00,1610.67,1631.59,1607.26,1616.52,535.8642
1781132400000,2026-06-10 23:00:00,1616.51,1622.3,1609.39,1622.3,363.3547
1781134200000,2026-06-10 23:30:00,1622.02,1624.74,1613.12,1621.79,273.874
1781136000000,2026-06-11 00:00:00,1621.78,1697.0,1621.78,1630.73,942.6666
1781137800000,2026-06-11 00:30:00,1630.84,1637.17,1619.49,1628.64,627.3214
1781139600000,2026-06-11 01:00:00,1628.64,1641.65,1626.02,1640.68,778.4055
1781141400000,2026-06-11 01:30:00,1640.54,1647.2,1638.79,1642.69,789.9414
1781143200000,2026-06-11 02:00:00,1642.69,1644.48,1360.0,1634.77,726.6718
1781145000000,2026-06-11 02:30:00,1634.77,1644.46,1630.96,1640.81,436.5547
1781146800000,2026-06-11 03:00:00,1640.8,1643.18,1636.09,1639.72,229.9726
1781148600000,2026-06-11 03:30:00,1639.72,1659.66,1639.72,1655.71,285.8766
1781150400000,2026-06-11 04:00:00,1654.27,1654.28,1650.83,1651.45,222.3815
1781152200000,2026-06-11 04:30:00,1651.3,1659.4,1650.18,1656.89,324.8443
1781154000000,2026-06-11 05:00:00,1656.89,1656.9,1647.64,1649.25,201.6453
1781155800000,2026-06-11 05:30:00,1649.26,1652.02,1648.0,1648.01,231.9999
1781157600000,2026-06-11 06:00:00,1648.01,1666.04,1361.98,1659.12,406.2741
1781159400000,2026-06-11 06:30:00,1658.87,1663.11,1654.63,1655.05,218.6457
1781161200000,2026-06-11 07:00:00,1654.81,1658.0,1652.24,1656.98,161.2321
1781163000000,2026-06-11 07:30:00,1657.75,1657.97,1651.86,1654.49,107.6445
1781164800000,2026-06-11 08:00:00,1654.48,1661.41,1654.48,1660.92,207.3397
1781166600000,2026-06-11 08:30:00,1660.92,1663.63,1659.25,1659.97,168.0819
1781168400000,2026-06-11 09:00:00,1659.97,1660.87,1656.6,1657.22,151.2074
1781170200000,2026-06-11 09:30:00,1657.69,1661.63,1657.69,1659.67,162.0177
1781172000000,2026-06-11 10:00:00,1659.21,1660.21,1654.29,1656.99,137.6246
1781173800000,2026-06-11 10:30:00,1656.91,1661.32,1656.54,1659.58,142.0432
1781175600000,2026-06-11 11:00:00,1659.2,1664.14,1656.74,1663.3,179.6949
1781177400000,2026-06-11 11:30:00,1663.62,1671.54,1661.13,1666.87,258.4043
1781179200000,2026-06-11 12:00:00,1666.85,1666.85,1647.42,1648.59,282.4692
1781181000000,2026-06-11 12:30:00,1648.59,1654.23,1643.76,1651.85,376.6448
1781182800000,2026-06-11 13:00:00,1651.19,1654.49,1647.71,1648.78,244.9231
1781184600000,2026-06-11 13:30:00,1648.79,1659.33,1640.45,1653.41,403.5978
1781186400000,2026-06-11 14:00:00,1653.24,1655.11,1639.35,1649.67,480.2573
1781188200000,2026-06-11 14:30:00,1649.67,1655.33,1643.05,1643.05,408.9393
1781190000000,2026-06-11 15:00:00,1643.05,1649.33,1636.49,1646.48,360.8382
1781191800000,2026-06-11 15:30:00,1646.48,1650.24,1641.1,1645.42,367.4286
1781193600000,2026-06-11 16:00:00,1645.56,1649.23,1640.0,1642.34,278.195
1781195400000,2026-06-11 16:30:00,1641.82,1647.86,1639.15,1639.83,345.0709
1781197200000,2026-06-11 17:00:00,1639.74,1650.1,1633.74,1650.09,324.27
1781199000000,2026-06-11 17:30:00,1650.13,1692.54,1650.13,1688.69,702.2787
1781200800000,2026-06-11 18:00:00,1688.69,1691.29,1676.98,1681.04,458.0044
1781202600000,2026-06-11 18:30:00,1680.55,1686.76,1680.11,1683.8,262.765
1781204400000,2026-06-11 19:00:00,1683.98,1685.89,1676.93,1680.25,426.6394
1781206200000,2026-06-11 19:30:00,1679.97,1692.07,1679.97,1682.09,450.4579
1781208000000,2026-06-11 20:00:00,1682.09,1682.9,1669.99,1670.59,247.5846
1781209800000,2026-06-11 20:30:00,1670.64,1672.81,1667.44,1672.3,173.2409
1781211600000,2026-06-11 21:00:00,1672.36,1682.59,1672.14,1678.43,133.378
1781213400000,2026-06-11 21:30:00,1678.79,1680.61,1676.01,1676.24,190.1278
1781215200000,2026-06-11 22:00:00,1677.0,1682.92,1675.94,1678.17,256.2807
1781217000000,2026-06-11 22:30:00,1677.84,1681.02,1675.49,1676.41,153.4168
1781218800000,2026-06-11 23:00:00,1676.16,1676.16,1670.32,1670.32,401.7365
1781220600000,2026-06-11 23:30:00,1670.34,1679.04,1670.34,1673.1,258.4831
1781222400000,2026-06-12 00:00:00,1673.46,1677.57,1669.86,1673.07,300.0828
1781224200000,2026-06-12 00:30:00,1672.91,1676.75,1671.85,1672.85,149.5409
1781226000000,2026-06-12 01:00:00,1672.74,1672.74,1662.34,1663.8,234.9289
1781227800000,2026-06-12 01:30:00,1663.14,1667.08,1662.32,1667.08,203.1363
1781229600000,2026-06-12 02:00:00,1667.08,1676.47,1667.08,1672.73,189.4402
1781231400000,2026-06-12 02:30:00,1673.0,1677.7,1672.64,1676.22,159.8917
1781233200000,2026-06-12 03:00:00,1675.6,1676.6,1669.19,1671.79,146.4457
1781235000000,2026-06-12 03:30:00,1671.64,1673.89,1670.58,1673.34,142.9535
1781236800000,2026-06-12 04:00:00,1673.24,1678.57,1669.32,1677.37,236.2424
1781238600000,2026-06-12 04:30:00,1677.51,1900.0,1677.48,1677.49,164.9409
1781240400000,2026-06-12 05:00:00,1677.43,1679.19,1667.73,1668.67,149.4167
1781242200000,2026-06-12 05:30:00,1668.66,1669.58,1662.56,1664.24,242.0203
1781244000000,2026-06-12 06:00:00,1664.13,1666.62,1659.21,1660.31,240.3786
1781245800000,2026-06-12 06:30:00,1660.31,1660.32,1652.37,1657.84,402.8566
1781247600000,2026-06-12 07:00:00,1657.35,1661.26,1656.28,1658.7,117.0452
1781249400000,2026-06-12 07:30:00,1658.82,1663.46,1658.81,1662.52,115.9795
1781251200000,2026-06-12 08:00:00,1662.12,1677.6,1662.12,1674.88,392.2736
1781253000000,2026-06-12 08:30:00,1674.98,1675.41,1670.08,1673.88,239.9656
1781254800000,2026-06-12 09:00:00,1673.54,1680.36,1671.91,1680.27,319.9067
1781256600000,2026-06-12 09:30:00,1680.03,1685.53,1680.03,1680.28,228.8405
1781258400000,2026-06-12 10:00:00,1680.17,1683.05,1671.91,1673.05,291.9313
1781260200000,2026-06-12 10:30:00,1673.01,1676.95,1673.0,1675.07,180.0906
1781262000000,2026-06-12 11:00:00,1674.85,1678.42,1674.41,1676.73,480.6981
1781263800000,2026-06-12 11:30:00,1676.21,1676.83,1672.3,1673.95,987.1625
1781265600000,2026-06-12 12:00:00,1673.89,1673.89,1387.17,1667.3,701.3996
1781267400000,2026-06-12 12:30:00,1666.88,1670.0,1664.23,1666.79,203.7012
1781269200000,2026-06-12 13:00:00,1666.55,1668.66,1663.97,1666.07,246.8907
1781271000000,2026-06-12 13:30:00,1666.28,1666.28,1653.78,1657.89,458.6754
1781272800000,2026-06-12 14:00:00,1657.88,1671.25,1657.24,1670.79,531.2847
1781274600000,2026-06-12 14:30:00,1670.81,1685.71,1503.72,1685.11,804.3794
1781276400000,2026-06-12 15:00:00,1685.11,1690.91,1473.26,1682.41,1025.9388
1781278200000,2026-06-12 15:30:00,1682.41,1682.55,1658.81,1658.84,435.2307
1781280000000,2026-06-12 16:00:00,1658.8,1900.0,1658.06,1670.4,1094.5244
1781281800000,2026-06-12 16:30:00,1670.4,1674.97,1666.72,1672.9,314.5152
1781283600000,2026-06-12 17:00:00,1672.95,1676.7,1667.37,1670.18,328.7014
1781285400000,2026-06-12 17:30:00,1670.18,1672.18,1667.84,1668.75,216.1958
1781287200000,2026-06-12 18:00:00,1668.85,1671.45,1663.76,1667.2,303.5308
1781289000000,2026-06-12 18:30:00,1667.02,1673.26,1666.13,1666.87,246.2083
1781290800000,2026-06-12 19:00:00,1666.96,1671.0,1666.96,1669.52,217.0293
1781292600000,2026-06-12 19:30:00,1669.53,1671.72,1665.0,1666.32,230.4777
1781294400000,2026-06-12 20:00:00,1666.17,1667.82,1664.49,1666.52,196.3363
1781296200000,2026-06-12 20:30:00,1666.36,1667.39,1662.02,1665.13,192.7264
1781298000000,2026-06-12 21:00:00,1665.09,1667.82,1663.47,1666.17,117.0572
1781299800000,2026-06-12 21:30:00,1666.16,1667.18,1663.21,1664.56,62.5468
1781301600000,2026-06-12 22:00:00,1664.8,1667.48,1663.14,1665.09,96.3797
1781303400000,2026-06-12 22:30:00,1665.11,1665.79,1661.47,1662.61,104.2676
1781305200000,2026-06-12 23:00:00,1662.61,1663.03,1659.7,1662.23,300.6957
1781307000000,2026-06-12 23:30:00,1662.23,1666.37,1661.42,1666.37,194.2042
1781308800000,2026-06-13 00:00:00,1666.36,1669.14,1665.31,1666.83,127.9319
1781310600000,2026-06-13 00:30:00,1666.63,1668.87,1665.89,1667.78,187.041
1781312400000,2026-06-13 01:00:00,1667.78,1669.51,1666.58,1668.09,198.7729
1781314200000,2026-06-13 01:30:00,1668.28,1675.28,1667.6,1673.52,183.9472
1781316000000,2026-06-13 02:00:00,1674.19,1674.52,1670.06,1670.06,215.3596
1781317800000,2026-06-13 02:30:00,1670.48,1670.48,1665.69,1668.13,117.6103
1781319600000,2026-06-13 03:00:00,1668.43,1669.57,1663.66,1664.54,214.4983
1781321400000,2026-06-13 03:30:00,1664.69,1666.13,1664.17,1665.25,301.3878
1781323200000,2026-06-13 04:00:00,1665.25,1690.0,1637.24,1665.78,205.1826
1781325000000,2026-06-13 04:30:00,1665.51,1668.28,1664.51,1664.51,207.5695
1781326800000,2026-06-13 05:00:00,1664.83,1665.42,1663.52,1665.01,266.0504
1781328600000,2026-06-13 05:30:00,1665.0,1665.55,1662.23,1665.17,116.0845
1781330400000,2026-06-13 06:00:00,1665.18,1666.77,1663.88,1666.77,142.7172
1781332200000,2026-06-13 06:30:00,1666.78,1670.25,1666.28,1669.96,74.0103
1781334000000,2026-06-13 07:00:00,1669.95,1674.86,1668.47,1673.79,187.4337
1781335800000,2026-06-13 07:30:00,1673.79,1677.52,1672.66,1676.39,162.1092
1781337600000,2026-06-13 08:00:00,1676.38,1679.07,1673.64,1675.48,237.6997
1781339400000,2026-06-13 08:30:00,1675.4,1678.07,1674.33,1674.56,116.032
1781341200000,2026-06-13 09:00:00,1674.56,1676.05,1673.43,1673.49,91.6392
1781343000000,2026-06-13 09:30:00,1673.77,1675.03,1673.18,1674.02,89.6802
1781344800000,2026-06-13 10:00:00,1673.69,1674.57,1672.8,1673.57,53.6211
1781346600000,2026-06-13 10:30:00,1673.71,1676.37,1673.28,1674.19,77.8883
1781348400000,2026-06-13 11:00:00,1674.18,1678.61,1673.55,1678.6,172.9555
1781350200000,2026-06-13 11:30:00,1678.44,1678.56,1677.15,1678.33,229.7971
1781352000000,2026-06-13 12:00:00,1678.07,1678.44,1676.99,1677.03,165.9164
1781353800000,2026-06-13 12:30:00,1677.02,1682.82,1677.02,1680.75,167.3311
1781355600000,2026-06-13 13:00:00,1680.52,1681.24,1678.66,1680.36,82.774
1781357400000,2026-06-13 13:30:00,1680.73,1681.16,1676.83,1678.16,133.6852
1781359200000,2026-06-13 14:00:00,1678.03,1681.45,1677.82,1678.85,192.9759
1781361000000,2026-06-13 14:30:00,1678.86,1680.75,1678.85,1679.88,143.2541
1781362800000,2026-06-13 15:00:00,1679.87,1683.64,1678.68,1683.22,242.4006
1781364600000,2026-06-13 15:30:00,1683.3,1686.06,1679.2,1682.34,311.4857
1781366400000,2026-06-13 16:00:00,1682.14,1682.14,1671.54,1673.2,324.6663
1781368200000,2026-06-13 16:30:00,1673.2,1680.27,1672.14,1676.6,195.842
1781370000000,2026-06-13 17:00:00,1676.74,1677.55,1673.87,1677.3,162.9587
1781371800000,2026-06-13 17:30:00,1677.58,1678.22,1673.46,1674.68,147.3668
1781373600000,2026-06-13 18:00:00,1674.38,1679.86,1674.33,1679.82,79.7207
1781375400000,2026-06-13 18:30:00,1679.83,1682.49,1676.72,1678.53,104.3435
1781377200000,2026-06-13 19:00:00,1678.53,1679.4,1675.95,1676.89,77.7199
1781379000000,2026-06-13 19:30:00,1676.88,1679.9,1676.73,1678.55,103.8291
1781380800000,2026-06-13 20:00:00,1678.55,1678.55,1676.2,1676.27,97.2568
1781382600000,2026-06-13 20:30:00,1676.26,1676.7,1675.12,1676.53,100.4317
1781384400000,2026-06-13 21:00:00,1676.52,1677.34,1674.91,1676.72,72.9663
1781386200000,2026-06-13 21:30:00,1676.41,1692.36,1676.4,1686.43,278.3983
1781388000000,2026-06-13 22:00:00,1686.43,1686.44,1682.36,1684.78,148.3409
1781389800000,2026-06-13 22:30:00,1684.82,1685.49,1681.68,1681.84,101.6126
1781391600000,2026-06-13 23:00:00,1681.62,1684.17,1680.1,1680.14,90.4477
1781393400000,2026-06-13 23:30:00,1680.14,1681.61,1678.15,1681.18,145.8747
1781395200000,2026-06-14 00:00:00,1681.18,1681.57,1678.83,1680.01,185.0508
1781397000000,2026-06-14 00:30:00,1680.0,1683.47,1679.8,1681.91,184.3304
1781398800000,2026-06-14 01:00:00,1681.9,1689.85,1680.44,1686.47,233.7786
1781400600000,2026-06-14 01:30:00,1686.72,1686.72,1683.74,1683.74,90.4895
1781402400000,2026-06-14 02:00:00,1683.74,1685.69,1682.69,1683.06,115.782
1781404200000,2026-06-14 02:30:00,1683.07,1684.0,1681.59,1682.77,126.7325
1781406000000,2026-06-14 03:00:00,1682.46,1683.28,1681.87,1682.7,116.0272
1781407800000,2026-06-14 03:30:00,1682.71,1682.71,1386.71,1681.74,205.1544
1781409600000,2026-06-14 04:00:00,1681.74,1682.66,1680.16,1680.63,63.8843
1781411400000,2026-06-14 04:30:00,1680.63,1680.63,1676.35,1678.84,87.8701
1781413200000,2026-06-14 05:00:00,1677.95,1679.14,1675.23,1675.68,91.1297
1781415000000,2026-06-14 05:30:00,1675.68,1678.95,1674.28,1678.69,104.54
1781416800000,2026-06-14 06:00:00,1678.13,1682.23,1677.03,1678.34,111.1172
1781418600000,2026-06-14 06:30:00,1678.34,1679.44,1675.57,1676.4,109.1761
1781420400000,2026-06-14 07:00:00,1676.39,1677.55,1674.09,1676.84,82.6029
1781422200000,2026-06-14 07:30:00,1676.55,1676.55,1674.01,1675.91,128.1559
1781424000000,2026-06-14 08:00:00,1675.9,1678.68,1674.8,1677.62,141.7978
1781425800000,2026-06-14 08:30:00,1677.97,1678.81,1675.13,1675.59,168.4289
1781427600000,2026-06-14 09:00:00,1675.58,1676.67,1669.45,1670.93,292.0091
1781429400000,2026-06-14 09:30:00,1671.11,1678.64,1671.01,1678.5,113.2079
1781431200000,2026-06-14 10:00:00,1678.49,1678.49,1675.43,1676.74,88.8352
1781433000000,2026-06-14 10:30:00,1676.6,1677.69,1673.14,1673.14,162.1083
1781434800000,2026-06-14 11:00:00,1673.14,1674.88,1672.56,1674.88,213.0612
1781436600000,2026-06-14 11:30:00,1674.95,1676.99,1673.64,1673.64,96.9801
1781438400000,2026-06-14 12:00:00,1673.92,1681.0,1672.82,1672.98,140.2315
1781440200000,2026-06-14 12:30:00,1672.98,1673.04,1665.86,1666.93,206.3235
1781442000000,2026-06-14 13:00:00,1666.9,1669.03,1665.6,1665.6,217.476
1781443800000,2026-06-14 13:30:00,1666.11,1668.4,1664.86,1666.27,194.6166
1781445600000,2026-06-14 14:00:00,1666.53,1693.36,1664.06,1665.26,318.4708
1781447400000,2026-06-14 14:30:00,1665.01,1665.01,1426.29,1659.35,495.1904
1781449200000,2026-06-14 15:00:00,1659.36,1664.29,1659.36,1663.39,355.7925
1781451000000,2026-06-14 15:30:00,1663.07,1664.49,1661.37,1662.95,265.1707
1781452800000,2026-06-14 16:00:00,1662.63,1668.1,1662.62,1667.3,266.8186
1781454600000,2026-06-14 16:30:00,1667.31,1668.5,1659.85,1661.57,242.9194
1781456400000,2026-06-14 17:00:00,1661.24,1666.22,1660.92,1664.32,270.3049
1781458200000,2026-06-14 17:30:00,1664.2,1666.51,1426.63,1662.09,279.6071
1781460000000,2026-06-14 18:00:00,1662.35,1663.27,1658.95,1659.94,247.1675
1781461800000,2026-06-14 18:30:00,1659.94,1662.28,1659.38,1662.18,61.695
1781463600000,2026-06-14 19:00:00,1662.02,1667.93,1661.35,1666.33,136.145
1781465400000,2026-06-14 19:30:00,1666.34,1667.84,1590.69,1665.44,245.2335
1781467200000,2026-06-14 20:00:00,1665.6,1667.86,1662.67,1667.18,135.6796
1781469000000,2026-06-14 20:30:00,1667.18,1673.31,1653.93,1670.48,268.7156
1781470800000,2026-06-14 21:00:00,1670.49,1709.86,1669.97,1695.88,450.6286
1781472600000,2026-06-14 21:30:00,1695.88,1729.85,1695.88,1719.44,632.2316
1781474400000,2026-06-14 22:00:00,1719.44,1726.64,1712.7,1720.87,535.9542
1781476200000,2026-06-14 22:30:00,1721.06,1727.07,1718.87,1721.44,346.2713
1781478000000,2026-06-14 23:00:00,1721.44,1725.84,1717.0,1724.41,286.1262
1781479800000,2026-06-14 23:30:00,1724.0,1726.3,1719.57,1725.9,283.5953
1781481600000,2026-06-15 00:00:00,1725.89,1731.39,1724.37,1725.65,329.2521
1781483400000,2026-06-15 00:30:00,1726.06,1726.07,1719.78,1720.45,216.5598
1781485200000,2026-06-15 01:00:00,1720.44,1720.5,1709.67,1712.26,294.1606
1781487000000,2026-06-15 01:30:00,1712.01,1721.61,1711.21,1715.9,298.1338
1781488800000,2026-06-15 02:00:00,1715.9,1726.51,1714.35,1720.91,272.4565
1781490600000,2026-06-15 02:30:00,1720.99,1729.8,1415.51,1716.67,961.3559
1781492400000,2026-06-15 03:00:00,1716.77,1723.38,1715.75,1721.12,320.5794
1781494200000,2026-06-15 03:30:00,1721.12,1723.98,1719.86,1720.45,252.8556
1781496000000,2026-06-15 04:00:00,1720.46,1720.51,1717.55,1718.55,218.5693
1781497800000,2026-06-15 04:30:00,1718.55,1718.99,1716.04,1717.25,189.6392
1781499600000,2026-06-15 05:00:00,1717.24,1722.28,1715.95,1721.09,111.4213
1781501400000,2026-06-15 05:30:00,1721.09,1721.5,1717.09,1720.81,174.8307
1781503200000,2026-06-15 06:00:00,1720.8,1723.29,1719.84,1722.47,174.7898
1781505000000,2026-06-15 06:30:00,1722.51,1722.84,1718.34,1719.87,179.9262
1781506800000,2026-06-15 07:00:00,1719.87,1723.37,1716.83,1722.03,316.3982
1781508600000,2026-06-15 07:30:00,1722.02,1722.02,1716.49,1716.6,206.2806
1781510400000,2026-06-15 08:00:00,1716.59,1720.62,1715.68,1718.79,265.3536
1781512200000,2026-06-15 08:30:00,1718.54,1721.91,1718.53,1720.61,256.9411
1781514000000,2026-06-15 09:00:00,1720.61,1726.63,1719.52,1721.82,197.6131
1781515800000,2026-06-15 09:30:00,1721.81,1721.83,1712.7,1718.63,531.2166
1781517600000,2026-06-15 10:00:00,1718.64,1726.08,1718.27,1724.56,227.3323
1781519400000,2026-06-15 10:30:00,1724.55,1742.2,1724.27,1737.22,293.1357
1781521200000,2026-06-15 11:00:00,1737.21,1766.15,1734.29,1760.38,510.4649
1781523000000,2026-06-15 11:30:00,1760.39,1766.17,1759.93,1764.56,471.9796
1781524800000,2026-06-15 12:00:00,1764.56,1765.93,1760.42,1765.42,316.5845
1781526600000,2026-06-15 12:30:00,1765.41,1777.1,1763.67,1777.1,548.1361
1781528400000,2026-06-15 13:00:00,1777.1,1827.14,1774.63,1818.98,850.0884
1781530200000,2026-06-15 13:30:00,1819.08,1820.49,1491.17,1814.55,1306.3056
1781532000000,2026-06-15 14:00:00,1814.55,1815.01,1805.62,1812.02,586.6558
1781533800000,2026-06-15 14:30:00,1812.03,1818.55,1809.66,1815.08,391.9625
1781535600000,2026-06-15 15:00:00,1814.92,1827.9,1813.77,1816.63,310.5409
1781537400000,2026-06-15 15:30:00,1816.63,1849.0,1814.13,1844.77,490.2225
1781539200000,2026-06-15 16:00:00,1844.77,1846.17,1837.68,1841.38,510.9122
1781541000000,2026-06-15 16:30:00,1841.39,1846.27,1839.95,1842.8,421.3093
1781542800000,2026-06-15 17:00:00,1842.8,1842.8,1826.99,1829.77,354.8542
1781544600000,2026-06-15 17:30:00,1829.78,1831.99,1824.2,1828.92,446.3968
1781546400000,2026-06-15 18:00:00,1829.07,1831.48,1826.21,1830.09,243.4141
1781548200000,2026-06-15 18:30:00,1830.09,1835.54,1826.21,1828.36,438.6405
1781550000000,2026-06-15 19:00:00,1828.36,1834.44,1813.62,1819.37,416.7741
1781551800000,2026-06-15 19:30:00,1819.36,1830.1,1818.75,1821.0,295.4336
1781553600000,2026-06-15 20:00:00,1821.0,1825.72,1818.5,1821.74,150.6946
1781555400000,2026-06-15 20:30:00,1821.59,1823.72,1815.7,1816.11,234.5498
1781557200000,2026-06-15 21:00:00,1816.94,1822.04,1815.26,1815.59,224.3518
1781559000000,2026-06-15 21:30:00,1815.59,1818.33,1809.56,1810.96,351.7244
1781560800000,2026-06-15 22:00:00,1811.24,1848.08,1789.43,1792.25,422.987
1781562600000,2026-06-15 22:30:00,1792.24,1797.31,1476.98,1790.01,369.111
1781564400000,2026-06-15 23:00:00,1790.71,1791.74,1786.01,1789.98,399.0025
1781566200000,2026-06-15 23:30:00,1789.44,1796.78,1783.69,1796.59,120.4752
1781568000000,2026-06-16 00:00:00,1796.58,1798.95,1791.54,1792.63,617.9374
1781569800000,2026-06-16 00:30:00,1792.62,1801.27,1789.01,1789.02,510.0494
1781571600000,2026-06-16 01:00:00,1789.58,1796.45,1789.13,1796.06,520.3737
1781573400000,2026-06-16 01:30:00,1795.79,1797.24,1791.5,1792.2,400.6066
1781575200000,2026-06-16 02:00:00,1792.26,1793.23,1773.7,1774.05,610.0266
1781577000000,2026-06-16 02:30:00,1774.04,1775.54,1768.5,1769.8,273.4136
1781578800000,2026-06-16 03:00:00,1769.8,1779.67,1765.2,1777.99,391.0993
1781580600000,2026-06-16 03:30:00,1778.07,1780.37,1777.0,1779.16,186.2559
1781582400000,2026-06-16 04:00:00,1779.17,1782.99,1768.48,1768.48,596.441
1781584200000,2026-06-16 04:30:00,1767.49,1767.49,1758.65,1761.33,581.0835
1781586000000,2026-06-16 05:00:00,1761.33,1793.83,1760.79,1763.6,859.5072
1781587800000,2026-06-16 05:30:00,1763.59,1764.57,1761.01,1762.44,724.7983
1781589600000,2026-06-16 06:00:00,1762.39,1769.28,1762.39,1767.99,527.9655
1781591400000,2026-06-16 06:30:00,1768.42,1773.64,1766.28,1771.53,287.2913
1781593200000,2026-06-16 07:00:00,1771.53,1773.94,1769.25,1772.9,301.3139
1781595000000,2026-06-16 07:30:00,1772.89,1776.12,1771.76,1774.25,262.5409
1781596800000,2026-06-16 08:00:00,1774.25,1785.67,1773.28,1783.5,194.6759
1781598600000,2026-06-16 08:30:00,1783.0,1827.68,1781.96,1802.51,442.0832
1781600400000,2026-06-16 09:00:00,1802.51,1804.73,1789.04,1791.31,583.566
1781602200000,2026-06-16 09:30:00,1790.91,1794.57,1787.83,1789.75,558.4934
1781604000000,2026-06-16 10:00:00,1789.63,1799.72,1788.83,1799.72,450.6732
1781605800000,2026-06-16 10:30:00,1799.71,1799.72,1793.06,1794.11,336.7875
1781607600000,2026-06-16 11:00:00,1793.98,1799.83,1791.43,1793.51,701.3506
1781609400000,2026-06-16 11:30:00,1793.45,1799.37,1787.43,1799.29,616.9298
1781611200000,2026-06-16 12:00:00,1799.3,1823.1,1796.9,1820.36,650.5938
1781613000000,2026-06-16 12:30:00,1820.37,1996.59,1810.69,1814.89,879.6741
1781614800000,2026-06-16 13:00:00,1814.89,1816.56,1793.21,1802.47,679.4425
1781616600000,2026-06-16 13:30:00,1802.47,1808.11,1500.0,1797.99,1516.8022
1781618400000,2026-06-16 14:00:00,1797.99,1805.28,1772.98,1772.98,849.402
1781620200000,2026-06-16 14:30:00,1772.63,1783.82,1765.72,1780.48,793.2072
1781622000000,2026-06-16 15:00:00,1780.47,2100.0,1776.52,1780.23,794.0807
1781623800000,2026-06-16 15:30:00,1779.98,1787.3,1500.0,1783.43,774.4904
1781625600000,2026-06-16 16:00:00,1783.0,1784.73,1773.31,1779.71,292.9417
1781627400000,2026-06-16 16:30:00,1779.7,1780.49,1773.82,1777.51,195.9668
1781629200000,2026-06-16 17:00:00,1777.59,1784.55,1777.59,1781.54,158.9922
1781631000000,2026-06-16 17:30:00,1781.53,1799.35,1780.28,1795.18,243.5463
1781632800000,2026-06-16 18:00:00,1795.19,1808.15,1793.18,1795.34,288.6078
1781634600000,2026-06-16 18:30:00,1795.34,1802.88,1793.0,1798.82,296.8744
1781636400000,2026-06-16 19:00:00,1798.82,1798.82,1791.0,1797.36,262.0846
1781638200000,2026-06-16 19:30:00,1797.38,1800.71,1793.08,1795.33,175.6606
1781640000000,2026-06-16 20:00:00,1794.99,1797.64,1789.69,1789.95,52.404
1781641800000,2026-06-16 20:30:00,1790.08,1798.49,1789.88,1797.79,70.3039
1781643600000,2026-06-16 21:00:00,1797.78,1800.27,1793.67,1794.09,30.2625
1781645400000,2026-06-16 21:30:00,1794.08,1796.88,1790.97,1796.52,18.0334
1781647200000,2026-06-16 22:00:00,1796.53,1799.07,1791.39,1794.31,151.6603
1781649000000,2026-06-16 22:30:00,1794.32,1796.47,1791.33,1796.2,45.6327
1781650800000,2026-06-16 23:00:00,1796.2,1798.73,1792.11,1795.48,40.9727
1781652600000,2026-06-16 23:30:00,1795.48,1797.29,1791.25,1792.99,56.5437
1781654400000,2026-06-17 00:00:00,1793.0,1796.38,1792.99,1793.91,210.6167
1781656200000,2026-06-17 00:30:00,1794.09,1798.87,1497.09,1794.22,173.058
1781658000000,2026-06-17 01:00:00,1793.81,1796.74,1783.99,1785.78,291.914
1781659800000,2026-06-17 01:30:00,1785.79,1799.12,1782.78,1797.63,245.3622
1781661600000,2026-06-17 02:00:00,1797.56,1810.17,1795.93,1805.39,267.7736
1781663400000,2026-06-17 02:30:00,1805.39,1810.74,1788.86,1795.26,324.853
1781665200000,2026-06-17 03:00:00,1795.59,1795.59,1787.66,1790.94,229.7576
1781667000000,2026-06-17 03:30:00,1790.93,1796.52,1790.93,1793.49,154.0749
1781668800000,2026-06-17 04:00:00,1793.58,1796.3,1792.0,1794.95,185.698
1781670600000,2026-06-17 04:30:00,1794.95,1800.78,1793.86,1794.4,198.1455
1781672400000,2026-06-17 05:00:00,1794.29,1799.38,1789.44,1794.09,146.3992
1781674200000,2026-06-17 05:30:00,1793.34,1797.49,1791.88,1793.98,130.0365
1781676000000,2026-06-17 06:00:00,1793.98,1797.09,1788.85,1789.25,204.5381
1781677800000,2026-06-17 06:30:00,1789.06,1792.26,1786.64,1790.37,278.409
1781679600000,2026-06-17 07:00:00,1790.4,1792.24,1784.52,1785.29,282.7251
1781681400000,2026-06-17 07:30:00,1785.36,1788.4,1779.76,1785.15,285.144
1781683200000,2026-06-17 08:00:00,1785.09,1785.94,1774.94,1775.84,258.1291
1781685000000,2026-06-17 08:30:00,1775.04,1775.04,1761.85,1765.41,349.4804
1781686800000,2026-06-17 09:00:00,1765.3,1777.77,1765.3,1775.03,202.5927
1781688600000,2026-06-17 09:30:00,1775.04,1775.76,1770.04,1772.99,173.0034
1781690400000,2026-06-17 10:00:00,1773.07,1774.95,1769.54,1772.33,212.52
1781692200000,2026-06-17 10:30:00,1772.31,1773.95,1767.27,1768.38,190.4881
1781694000000,2026-06-17 11:00:00,1768.38,1769.6,1760.48,1766.43,252.9461
1781695800000,2026-06-17 11:30:00,1766.43,1767.56,1763.92,1763.93,218.8719
1781697600000,2026-06-17 12:00:00,1763.92,1765.88,1744.09,1747.01,326.63
1781699400000,2026-06-17 12:30:00,1747.0,1759.68,1743.48,1759.68,276.6275
1781701200000,2026-06-17 13:00:00,1759.68,1762.59,1755.33,1757.96,153.3999
1781703000000,2026-06-17 13:30:00,1757.97,1771.89,1755.11,1762.08,420.9354
1781704800000,2026-06-17 14:00:00,1761.92,1765.27,1752.61,1756.34,483.0745
1781706600000,2026-06-17 14:30:00,1756.34,1759.88,1744.04,1754.82,316.173
1781708400000,2026-06-17 15:00:00,1754.82,1764.92,1751.78,1762.82,309.137
1781710200000,2026-06-17 15:30:00,1763.06,1775.87,1761.57,1773.13,287.423
1781712000000,2026-06-17 16:00:00,1773.42,1789.03,1770.83,1786.74,423.0221
1781713800000,2026-06-17 16:30:00,1785.22,1785.22,1770.0,1771.91,346.3859
1781715600000,2026-06-17 17:00:00,1772.11,1779.18,1769.03,1777.93,247.2658
1781717400000,2026-06-17 17:30:00,1777.92,1794.75,1773.65,1788.48,254.9376
1781719200000,2026-06-17 18:00:00,1788.48,1788.49,1748.3,1765.89,453.4309
1781721000000,2026-06-17 18:30:00,1767.03,1785.94,1763.96,1770.53,320.8496
1781722800000,2026-06-17 19:00:00,1770.53,1775.01,1737.37,1740.59,253.7891
1781724600000,2026-06-17 19:30:00,1740.59,1762.81,1497.09,1734.92,228.5602
1781726400000,2026-06-17 20:00:00,1734.92,1743.48,1733.13,1739.39,111.5354
1781728200000,2026-06-17 20:30:00,1739.58,1754.55,1736.06,1747.01,139.5457
1781730000000,2026-06-17 21:00:00,1747.37,1747.8,1742.59,1743.88,60.3564
1781731800000,2026-06-17 21:30:00,1743.88,1745.86,1736.48,1738.61,52.079
1781733600000,2026-06-17 22:00:00,1738.9,1744.22,1726.38,1743.58,61.2186
1781735400000,2026-06-17 22:30:00,1743.59,1746.39,1740.24,1740.25,35.1583
1781737200000,2026-06-17 23:00:00,1740.3,1751.28,1740.11,1750.47,24.9364
1781739000000,2026-06-17 23:30:00,1750.13,1750.58,1747.16,1750.58,24.2511
1781740800000,2026-06-18 00:00:00,1750.67,1757.19,1749.98,1754.0,387.4105
1781742600000,2026-06-18 00:30:00,1754.74,1762.81,1741.39,1753.02,625.8307
1781744400000,2026-06-18 01:00:00,1753.03,1762.77,1753.03,1756.56,196.0605
1781746200000,2026-06-18 01:30:00,1757.01,1761.42,1753.21,1754.78,266.1729
1781748000000,2026-06-18 02:00:00,1754.93,1758.99,1750.43,1757.72,387.1392
1781749800000,2026-06-18 02:30:00,1757.72,1758.59,1755.28,1756.32,130.4276
1781751600000,2026-06-18 03:00:00,1755.86,1755.86,1744.78,1745.02,234.0103
1781753400000,2026-06-18 03:30:00,1745.02,1748.28,1741.63,1743.87,337.5945
1781755200000,2026-06-18 04:00:00,1744.17,1745.72,1730.88,1735.47,356.0697
1781757000000,2026-06-18 04:30:00,1735.46,1737.29,1730.0,1731.97,317.7037
1781758800000,2026-06-18 05:00:00,1731.97,1732.33,1723.47,1728.86,378.3438
1781760600000,2026-06-18 05:30:00,1728.67,1731.34,1725.72,1730.75,352.5058
1781762400000,2026-06-18 06:00:00,1730.75,1733.05,1726.11,1730.54,350.9435
1781764200000,2026-06-18 06:30:00,1730.37,1736.53,1730.36,1736.52,234.2304
1781766000000,2026-06-18 07:00:00,1735.75,1746.27,1732.97,1745.53,341.7885
1781767800000,2026-06-18 07:30:00,1745.35,1753.22,1743.77,1749.75,264.4166
1781769600000,2026-06-18 08:00:00,1749.92,1753.28,1746.56,1749.87,245.2324
1781771400000,2026-06-18 08:30:00,1749.96,1753.22,1746.81,1747.56,207.4472
1781773200000,2026-06-18 09:00:00,1747.67,1751.66,1743.88,1743.88,234.4882
1781775000000,2026-06-18 09:30:00,1743.12,1748.78,1742.87,1746.06,229.2154
1781776800000,2026-06-18 10:00:00,1746.06,1747.39,1739.76,1742.34,253.9864
1781778600000,2026-06-18 10:30:00,1742.18,1750.12,1740.04,1746.97,268.3963
1781780400000,2026-06-18 11:00:00,1746.9,1752.62,1741.13,1745.78,266.2117
1781782200000,2026-06-18 11:30:00,1745.78,1747.45,1739.34,1743.2,348.0558
1781784000000,2026-06-18 12:00:00,1743.81,1752.0,1741.88,1751.87,294.5869
1781785800000,2026-06-18 12:30:00,1751.89,1752.44,1746.96,1750.41,178.7985
1781787600000,2026-06-18 13:00:00,1750.41,1752.29,1748.34,1749.66,196.8336
1781789400000,2026-06-18 13:30:00,1749.65,1750.39,1713.52,1734.97,523.6399
1781791200000,2026-06-18 14:00:00,1734.97,1744.88,1729.79,1734.53,397.8377
1781793000000,2026-06-18 14:30:00,1734.54,1743.64,1731.8,1740.64,338.0706
1781794800000,2026-06-18 15:00:00,1739.44,1739.44,1719.47,1719.96,364.6721
1781796600000,2026-06-18 15:30:00,1719.96,1725.67,1652.5,1683.0,772.6934
1781798400000,2026-06-18 16:00:00,1683.01,1702.0,1680.79,1686.78,522.219
1781800200000,2026-06-18 16:30:00,1686.77,1688.91,1683.12,1686.49,388.6175
1781802000000,2026-06-18 17:00:00,1687.36,1687.62,1673.22,1680.34,428.962
1781803800000,2026-06-18 17:30:00,1681.18,1686.26,1677.1,1679.7,372.4188
1781805600000,2026-06-18 18:00:00,1679.77,1689.04,1676.76,1686.88,373.1781
1781807400000,2026-06-18 18:30:00,1686.79,1688.53,1681.41,1685.48,271.6682
1781809200000,2026-06-18 19:00:00,1685.46,1692.27,1682.78,1691.01,345.7455
1781811000000,2026-06-18 19:30:00,1692.05,1707.43,1690.88,1704.93,445.4862
1781812800000,2026-06-18 20:00:00,1704.93,1716.94,1704.93,1713.36,341.9467
1781814600000,2026-06-18 20:30:00,1713.37,1714.9,1710.2,1710.2,227.8511
1781816400000,2026-06-18 21:00:00,1710.46,1711.89,1702.34,1705.78,308.7417
1781818200000,2026-06-18 21:30:00,1705.78,1709.75,1705.33,1708.4,190.7058
1781820000000,2026-06-18 22:00:00,1707.52,1708.25,1701.99,1703.17,130.225
1781821800000,2026-06-18 22:30:00,1703.34,1708.0,1700.19,1706.81,45.1162
1781823600000,2026-06-18 23:00:00,1706.82,1709.17,1702.96,1708.9,29.3685
1781825400000,2026-06-18 23:30:00,1709.34,1711.08,1708.63,1710.8,28.0449
1781827200000,2026-06-19 00:00:00,1710.8,1721.15,1657.47,1712.0,189.7057
1781829000000,2026-06-19 00:30:00,1712.01,1716.3,1712.01,1713.38,202.3974
1781830800000,2026-06-19 01:00:00,1713.94,1719.42,1709.35,1709.35,268.9523
1781832600000,2026-06-19 01:30:00,1709.2,1713.61,1706.42,1713.49,166.2469
1781834400000,2026-06-19 02:00:00,1713.5,1715.22,1704.35,1704.35,216.6378
1781836200000,2026-06-19 02:30:00,1704.35,1708.09,1701.47,1707.15,218.5512
1781838000000,2026-06-19 03:00:00,1707.15,1708.0,1682.85,1699.97,428.9572
1781839800000,2026-06-19 03:30:00,1699.98,1699.98,1692.98,1697.69,360.9681
1781841600000,2026-06-19 04:00:00,1697.69,1702.96,1690.81,1694.91,321.5607
1781843400000,2026-06-19 04:30:00,1694.9,1694.9,1687.05,1689.25,292.8737
1781845200000,2026-06-19 05:00:00,1689.25,1697.34,1689.25,1693.91,237.2509
1781847000000,2026-06-19 05:30:00,1693.91,1697.75,1692.23,1697.52,293.8661
1781848800000,2026-06-19 06:00:00,1697.51,1701.89,1696.19,1701.58,303.4736
1781850600000,2026-06-19 06:30:00,1701.59,1703.4,1696.66,1700.63,281.3541
1781852400000,2026-06-19 07:00:00,1700.63,1700.98,1694.02,1695.67,182.1881
1781854200000,2026-06-19 07:30:00,1695.67,1699.18,1690.42,1695.86,283.9135
1781856000000,2026-06-19 08:00:00,1695.92,1699.11,1694.06,1696.08,238.9142
1781857800000,2026-06-19 08:30:00,1696.58,1699.11,1694.04,1697.11,142.7571
1781859600000,2026-06-19 09:00:00,1697.11,1699.31,1690.0,1691.78,246.464
1781861400000,2026-06-19 09:30:00,1691.89,1694.91,1689.02,1689.2,251.4043
1781863200000,2026-06-19 10:00:00,1689.21,1693.35,1687.43,1690.3,248.0001
1781865000000,2026-06-19 10:30:00,1690.08,1694.67,1687.36,1692.67,242.9641
1781866800000,2026-06-19 11:00:00,1692.61,1694.24,1688.84,1693.09,194.7158
1781868600000,2026-06-19 11:30:00,1693.1,1694.0,1691.3,1691.58,104.2523
1781870400000,2026-06-19 12:00:00,1691.59,1694.24,1687.67,1689.49,242.3439
1781872200000,2026-06-19 12:30:00,1689.33,1695.75,1679.4,1695.74,504.0724
1781874000000,2026-06-19 13:00:00,1695.87,1699.11,1688.26,1691.39,484.2592
1781875800000,2026-06-19 13:30:00,1691.39,1708.92,1690.49,1703.47,537.986
1781877600000,2026-06-19 14:00:00,1703.47,1705.62,1696.63,1704.07,429.1618
1781879400000,2026-06-19 14:30:00,1704.08,1709.88,1701.81,1706.74,350.3653
1781881200000,2026-06-19 15:00:00,1706.98,1707.52,1698.79,1699.55,265.3018
1781883000000,2026-06-19 15:30:00,1699.56,1711.85,1699.55,1707.66,315.206
1781884800000,2026-06-19 16:00:00,1707.53,1711.59,1705.0,1708.06,293.8295
1781886600000,2026-06-19 16:30:00,1708.05,1708.05,1695.71,1696.16,288.7478
1781888400000,2026-06-19 17:00:00,1696.15,1701.96,1694.49,1696.48,284.8273
1781890200000,2026-06-19 17:30:00,1696.63,1706.2,1696.63,1705.18,278.7829
1781892000000,2026-06-19 18:00:00,1705.18,1705.43,1702.68,1703.23,153.6382
1781893800000,2026-06-19 18:30:00,1703.23,1704.19,1698.79,1702.69,228.0467
1781895600000,2026-06-19 19:00:00,1702.69,1704.5,1698.15,1700.06,328.0109
1781897400000,2026-06-19 19:30:00,1700.07,1704.34,1698.67,1701.12,273.752
1781899200000,2026-06-19 20:00:00,1701.11,1704.64,1698.89,1702.75,153.4945
1781901000000,2026-06-19 20:30:00,1702.74,1708.97,1701.35,1708.96,217.9062
1781902800000,2026-06-19 21:00:00,1708.49,1708.59,1704.64,1704.79,136.3508
1781904600000,2026-06-19 21:30:00,1704.79,1705.61,1701.66,1702.03,125.4568
1781906400000,2026-06-19 22:00:00,1702.03,1709.74,1700.45,1708.39,261.3182
1781908200000,2026-06-19 22:30:00,1708.39,1709.3,1706.12,1707.55,194.1304
1781910000000,2026-06-19 23:00:00,1707.55,1712.62,1703.07,1707.96,486.5015
1781911800000,2026-06-19 23:30:00,1707.94,1715.32,1706.64,1711.3,116.4492
1781913600000,2026-06-20 00:00:00,1711.3,1712.71,1708.41,1711.83,214.4741
1781915400000,2026-06-20 00:30:00,1711.83,1716.83,1708.75,1708.8,309.5626
1781917200000,2026-06-20 01:00:00,1708.79,1710.34,1706.72,1709.22,106.3765
1781919000000,2026-06-20 01:30:00,1709.23,1713.05,1708.51,1709.85,169.0664
1781920800000,2026-06-20 02:00:00,1709.85,1710.09,1704.16,1704.16,160.7301
1781922600000,2026-06-20 02:30:00,1704.21,1708.2,1704.21,1705.04,118.2088
1781924400000,2026-06-20 03:00:00,1705.04,1708.49,1704.78,1707.69,118.3702
1781926200000,2026-06-20 03:30:00,1707.96,1709.2,1706.34,1708.18,74.165
1781928000000,2026-06-20 04:00:00,1708.17,1713.0,1706.51,1712.93,109.7137
1781929800000,2026-06-20 04:30:00,1712.92,1715.47,1711.11,1713.51,190.6568
1781931600000,2026-06-20 05:00:00,1713.52,1731.31,1712.54,1722.33,504.0651
1781933400000,2026-06-20 05:30:00,1722.33,1727.47,1722.03,1726.1,419.0533
1781935200000,2026-06-20 06:00:00,1726.11,1729.85,1723.99,1727.84,351.0596
1781937000000,2026-06-20 06:30:00,1727.84,1728.5,1724.78,1727.83,321.0944
1781938800000,2026-06-20 07:00:00,1727.82,1728.2,1723.15,1727.55,262.4943
1781940600000,2026-06-20 07:30:00,1727.56,1729.57,1725.37,1725.82,213.1844
1781942400000,2026-06-20 08:00:00,1725.82,1726.72,1723.04,1724.21,285.2341
1781944200000,2026-06-20 08:30:00,1724.14,1724.16,1721.42,1722.82,210.6071
1781946000000,2026-06-20 09:00:00,1722.82,1727.05,1722.82,1723.85,298.995
1781947800000,2026-06-20 09:30:00,1723.86,1729.99,1723.71,1728.8,281.3464
1781949600000,2026-06-20 10:00:00,1728.55,1729.53,1726.52,1728.1,232.7793
1781951400000,2026-06-20 10:30:00,1728.1,1728.24,1725.26,1727.62,249.1038
1781953200000,2026-06-20 11:00:00,1727.63,1728.93,1725.84,1727.02,179.3171
1781955000000,2026-06-20 11:30:00,1726.84,1730.89,1726.12,1727.18,222.6806
1781956800000,2026-06-20 12:00:00,1727.17,1730.35,1726.92,1729.07,283.4609
1781958600000,2026-06-20 12:30:00,1729.07,1729.08,1723.61,1726.87,245.6057
1781960400000,2026-06-20 13:00:00,1726.6,1727.21,1713.01,1714.76,374.3224
1781962200000,2026-06-20 13:30:00,1714.77,1719.51,1714.74,1718.65,361.2121
1781964000000,2026-06-20 14:00:00,1718.65,1718.66,1708.36,1713.21,444.7493
1781965800000,2026-06-20 14:30:00,1713.22,1743.66,1703.24,1733.73,499.5195
1781967600000,2026-06-20 15:00:00,1733.73,1749.99,1720.0,1742.56,571.7232
1781969400000,2026-06-20 15:30:00,1742.57,1743.45,1737.82,1739.79,321.518
1781971200000,2026-06-20 16:00:00,1739.78,1740.46,1732.98,1733.72,250.1203
1781973000000,2026-06-20 16:30:00,1733.71,1734.53,1731.02,1733.8,145.0083
1781974800000,2026-06-20 17:00:00,1733.81,1733.81,1726.88,1728.67,214.0191
1781976600000,2026-06-20 17:30:00,1728.66,1731.03,1721.08,1726.99,327.7177
1781978400000,2026-06-20 18:00:00,1726.96,1731.43,1726.84,1729.7,170.6695
1781980200000,2026-06-20 18:30:00,1729.71,1730.5,1726.1,1726.9,182.6155
1781982000000,2026-06-20 19:00:00,1726.91,1728.36,1725.24,1726.66,331.6003
1781983800000,2026-06-20 19:30:00,1726.8,1730.18,1726.43,1729.34,160.0743
1781985600000,2026-06-20 20:00:00,1729.33,1730.97,1728.51,1728.82,163.3156
1781987400000,2026-06-20 20:30:00,1728.82,1758.18,1726.53,1730.75,129.8853
1781989200000,2026-06-20 21:00:00,1730.75,1737.11,1730.37,1732.98,183.7465
1781991000000,2026-06-20 21:30:00,1732.98,1737.97,1732.4,1735.65,356.8951
1781992800000,2026-06-20 22:00:00,1735.66,1744.1,1732.98,1742.88,400.9628
1781994600000,2026-06-20 22:30:00,1742.89,1745.09,1741.28,1744.28,470.0266
1781996400000,2026-06-20 23:00:00,1743.8,1743.8,1740.94,1740.95,110.3057
1781998200000,2026-06-20 23:30:00,1740.99,1742.73,1740.67,1741.17,94.1682
1782000000000,2026-06-21 00:00:00,1741.19,1741.19,1736.2,1737.67,131.5641
1782001800000,2026-06-21 00:30:00,1737.67,1739.34,1736.77,1737.57,299.7073
1782003600000,2026-06-21 01:00:00,1737.57,1738.21,1734.51,1735.18,89.3666
1782005400000,2026-06-21 01:30:00,1735.17,1740.0,1734.71,1737.19,113.7236
1782007200000,2026-06-21 02:00:00,1737.18,1738.0,1735.91,1736.75,75.8375
1782009000000,2026-06-21 02:30:00,1736.76,1737.82,1735.86,1735.89,94.8444
1782010800000,2026-06-21 03:00:00,1735.88,1740.61,1734.0,1736.78,125.2949
1782012600000,2026-06-21 03:30:00,1736.77,1739.71,1736.01,1738.08,54.2095
1782014400000,2026-06-21 04:00:00,1737.99,1740.21,1735.32,1739.16,37.5662
1782016200000,2026-06-21 04:30:00,1738.8,1740.8,1731.79,1732.85,91.2633
1782018000000,2026-06-21 05:00:00,1732.84,1735.31,1731.01,1735.25,185.3962
1782019800000,2026-06-21 05:30:00,1735.08,1736.2,1732.16,1733.21,93.0405
1782021600000,2026-06-21 06:00:00,1733.47,1736.62,1732.63,1736.36,177.4153
1782023400000,2026-06-21 06:30:00,1736.36,1738.65,1735.21,1736.01,90.584
1782025200000,2026-06-21 07:00:00,1736.01,1736.44,1733.12,1733.3,94.5174
1782027000000,2026-06-21 07:30:00,1733.0,1734.37,1731.79,1732.37,166.0383
1782028800000,2026-06-21 08:00:00,1732.36,1732.99,1729.23,1729.51,159.3656
1782030600000,2026-06-21 08:30:00,1729.41,1730.17,1724.54,1728.99,198.9593
1782032400000,2026-06-21 09:00:00,1728.99,1730.78,1725.89,1728.79,251.1374
1782034200000,2026-06-21 09:30:00,1728.87,1738.22,1728.87,1732.77,138.1836
1782036000000,2026-06-21 10:00:00,1732.78,1738.22,1731.69,1734.66,114.2965
1782037800000,2026-06-21 10:30:00,1734.52,1734.53,1731.03,1731.2,132.6348
1782039600000,2026-06-21 11:00:00,1731.2,1734.6,1721.46,1727.88,196.1029
1782041400000,2026-06-21 11:30:00,1727.89,1728.25,1723.59,1724.91,181.0004
1782043200000,2026-06-21 12:00:00,1725.24,1726.4,1717.58,1718.94,256.954
1782045000000,2026-06-21 12:30:00,1718.95,1732.7,1717.66,1726.0,193.1729
1782046800000,2026-06-21 13:00:00,1726.0,1727.88,1724.13,1726.07,111.8774
1782048600000,2026-06-21 13:30:00,1726.08,1726.71,1722.2,1724.97,163.4275
1782050400000,2026-06-21 14:00:00,1725.16,1725.99,1722.0,1722.4,165.0876
1782052200000,2026-06-21 14:30:00,1722.39,1728.45,1722.25,1728.45,91.7772
1782054000000,2026-06-21 15:00:00,1728.45,1732.14,1727.19,1731.63,140.5196
1782055800000,2026-06-21 15:30:00,1731.63,1731.71,1729.69,1730.72,75.0346
1782057600000,2026-06-21 16:00:00,1730.71,1760.09,1726.22,1726.68,210.6343
1782059400000,2026-06-21 16:30:00,1726.67,1729.48,1722.64,1727.99,305.6401
1782061200000,2026-06-21 17:00:00,1728.0,1731.37,1726.7,1726.87,322.0784
1782063000000,2026-06-21 17:30:00,1726.79,1729.18,1725.97,1727.36,82.5926
1782064800000,2026-06-21 18:00:00,1727.36,1727.49,1722.18,1725.82,138.8513
1782066600000,2026-06-21 18:30:00,1725.82,1737.93,1725.69,1734.7,245.7389
1782068400000,2026-06-21 19:00:00,1734.7,1739.28,1733.63,1734.28,177.6098
1782070200000,2026-06-21 19:30:00,1734.28,1736.11,1733.76,1734.14,142.4396
1782072000000,2026-06-21 20:00:00,1734.13,1735.07,1729.28,1730.68,111.5698
1782073800000,2026-06-21 20:30:00,1730.69,1731.11,1717.6,1721.08,239.7737
1782075600000,2026-06-21 21:00:00,1720.93,1722.38,1703.52,1714.93,291.3212
1782077400000,2026-06-21 21:30:00,1714.93,1724.18,1714.93,1718.75,248.2549
1782079200000,2026-06-21 22:00:00,1718.76,1740.0,1708.03,1714.45,292.6441
1782081000000,2026-06-21 22:30:00,1714.44,1719.72,1709.23,1717.64,157.5226
1782082800000,2026-06-21 23:00:00,1717.65,1717.65,1710.0,1713.25,152.8442
1782084600000,2026-06-21 23:30:00,1713.55,1714.16,1704.8,1707.64,204.5274
1782086400000,2026-06-22 00:00:00,1707.17,1721.09,1707.17,1720.22,228.6186
1782088200000,2026-06-22 00:30:00,1720.23,1731.94,1719.52,1727.11,279.8936
1782090000000,2026-06-22 01:00:00,1726.72,1758.63,1724.56,1751.79,262.3371
1782091800000,2026-06-22 01:30:00,1751.79,1754.42,1742.18,1743.96,259.3289
1782093600000,2026-06-22 02:00:00,1743.97,1745.0,1739.19,1741.81,182.2956
1782095400000,2026-06-22 02:30:00,1741.81,1745.0,1737.45,1737.8,185.8191
1782097200000,2026-06-22 03:00:00,1737.51,1739.94,1728.25,1736.33,240.1296
1782099000000,2026-06-22 03:30:00,1736.4,1740.28,1727.68,1730.26,139.3844
1782100800000,2026-06-22 04:00:00,1730.0,1734.68,1670.0,1734.51,175.8894
1782102600000,2026-06-22 04:30:00,1734.52,1735.68,1731.12,1735.52,99.3219
1782104400000,2026-06-22 05:00:00,1735.31,1739.42,1734.2,1738.39,117.4067
1782106200000,2026-06-22 05:30:00,1737.77,1739.36,1735.88,1736.66,93.2494
1782108000000,2026-06-22 06:00:00,1736.84,1739.88,1734.18,1736.65,126.9191
1782109800000,2026-06-22 06:30:00,1736.52,1736.61,1733.22,1735.73,137.0178
1782111600000,2026-06-22 07:00:00,1735.07,1761.41,1734.76,1747.76,232.0096
1782113400000,2026-06-22 07:30:00,1748.11,1751.3,1745.57,1746.49,148.0488
1782115200000,2026-06-22 08:00:00,1746.35,1751.85,1743.69,1746.39,871.6153
1782117000000,2026-06-22 08:30:00,1746.39,1750.8,1743.93,1747.99,358.5718
1782118800000,2026-06-22 09:00:00,1747.99,1750.34,1745.61,1746.22,111.8312
1782120600000,2026-06-22 09:30:00,1746.22,1748.95,1744.29,1746.11,153.2886
1782122400000,2026-06-22 10:00:00,1746.24,1751.32,1745.23,1747.51,187.5887
1782124200000,2026-06-22 10:30:00,1747.52,1750.89,1747.03,1748.82,117.3167
1782126000000,2026-06-22 11:00:00,1748.82,1756.92,1747.48,1752.81,325.9346
1782127800000,2026-06-22 11:30:00,1752.68,1774.4,1752.68,1767.84,370.1263
1782129600000,2026-06-22 12:00:00,1767.68,1769.51,1763.84,1766.87,255.092
1782131400000,2026-06-22 12:30:00,1766.88,1767.07,1761.96,1763.74,198.1308
1782133200000,2026-06-22 13:00:00,1764.0,1766.32,1762.31,1764.43,187.5935
1782135000000,2026-06-22 13:30:00,1764.43,1778.84,1762.4,1777.41,854.2227
1782136800000,2026-06-22 14:00:00,1777.41,1777.42,1755.25,1755.26,381.4262
1782138600000,2026-06-22 14:30:00,1755.4,1758.89,1751.53,1754.61,331.7578
1782140400000,2026-06-22 15:00:00,1754.62,1757.74,1751.89,1753.23,186.7359
1782142200000,2026-06-22 15:30:00,1754.15,1755.95,1742.86,1744.75,255.1703
1782144000000,2026-06-22 16:00:00,1744.75,1744.88,1737.4,1741.94,271.6116
1782145800000,2026-06-22 16:30:00,1741.94,1741.94,1734.35,1740.71,306.0131
1782147600000,2026-06-22 17:00:00,1740.09,1742.97,1734.3,1734.31,244.3451
1782149400000,2026-06-22 17:30:00,1734.39,1742.02,1731.44,1740.93,255.506
1782151200000,2026-06-22 18:00:00,1740.93,1747.71,1740.93,1741.49,491.0162
1782153000000,2026-06-22 18:30:00,1741.72,1742.99,1729.67,1733.01,733.7307
1782154800000,2026-06-22 19:00:00,1733.16,1736.72,1729.69,1731.39,215.0349
1782156600000,2026-06-22 19:30:00,1731.38,1747.53,1730.09,1734.78,226.571
1782158400000,2026-06-22 20:00:00,1735.16,1739.48,1732.04,1733.85,160.2817
1782160200000,2026-06-22 20:30:00,1733.8,1736.49,1731.26,1734.61,98.8286
1782162000000,2026-06-22 21:00:00,1734.61,1747.81,1438.0,1734.01,554.6414
1782163800000,2026-06-22 21:30:00,1734.01,1734.12,1727.81,1732.73,140.4179
1782165600000,2026-06-22 22:00:00,1732.74,1735.83,1718.45,1722.62,38.987
1782167400000,2026-06-22 22:30:00,1722.61,1724.86,1717.85,1724.13,41.7626
1782169200000,2026-06-22 23:00:00,1724.16,1727.39,1721.38,1726.77,42.2476
1782171000000,2026-06-22 23:30:00,1726.77,1730.07,1724.84,1728.36,75.7208
1782172800000,2026-06-23 00:00:00,1728.37,1728.39,1720.4,1721.84,248.7009
1782174600000,2026-06-23 00:30:00,1721.8,1731.07,1721.8,1731.07,119.0615
1782176400000,2026-06-23 01:00:00,1731.27,1735.8,1731.26,1733.22,208.3451
1782178200000,2026-06-23 01:30:00,1733.48,1734.7,1721.44,1731.04,274.8998
1782180000000,2026-06-23 02:00:00,1730.46,1732.97,1726.47,1730.98,204.8137
1782181800000,2026-06-23 02:30:00,1730.99,1734.97,1730.41,1732.79,113.3617
1782183600000,2026-06-23 03:00:00,1732.7,1733.11,1726.33,1729.63,175.2196
1782185400000,2026-06-23 03:30:00,1729.66,1729.98,1726.7,1729.91,102.5812
1782187200000,2026-06-23 04:00:00,1729.91,1731.24,1725.38,1727.98,78.4963
1782189000000,2026-06-23 04:30:00,1727.96,1727.96,1718.65,1720.49,264.6117
1782190800000,2026-06-23 05:00:00,1720.49,1721.38,1710.73,1713.16,271.5848
1782192600000,2026-06-23 05:30:00,1713.16,1714.99,1710.9,1713.36,172.1534
1782194400000,2026-06-23 06:00:00,1713.16,1713.7,1422.59,1687.53,269.7395
1782196200000,2026-06-23 06:30:00,1687.54,1693.05,1684.47,1692.31,458.0044
1782198000000,2026-06-23 07:00:00,1692.31,1699.34,1691.49,1693.6,324.3028
1782199800000,2026-06-23 07:30:00,1693.6,1693.6,1682.44,1682.45,285.4153
1782201600000,2026-06-23 08:00:00,1682.45,1684.56,1639.69,1643.45,460.9023
1782203400000,2026-06-23 08:30:00,1643.45,1652.43,1643.39,1647.92,267.0178
1782205200000,2026-06-23 09:00:00,1648.08,1654.39,1648.07,1653.78,161.0087
1782207000000,2026-06-23 09:30:00,1653.77,1654.19,1648.57,1650.97,171.6047
1782208800000,2026-06-23 10:00:00,1651.5,1658.91,1651.32,1654.23,424.2354
1782210600000,2026-06-23 10:30:00,1654.23,1654.23,1649.37,1652.7,181.2096
1782212400000,2026-06-23 11:00:00,1652.79,1666.43,1652.78,1660.32,246.5875
1782214200000,2026-06-23 11:30:00,1660.5,1663.51,1658.35,1660.9,225.6405
1782216000000,2026-06-23 12:00:00,1660.89,1662.18,1656.34,1658.53,425.6099
1782217800000,2026-06-23 12:30:00,1658.64,1660.85,1653.92,1654.81,232.965
1782219600000,2026-06-23 13:00:00,1654.8,1655.0,1390.04,1649.2,228.9402
1782221400000,2026-06-23 13:30:00,1649.19,1663.8,1647.08,1662.17,266.3764
1782223200000,2026-06-23 14:00:00,1662.82,1670.09,1658.55,1662.08,261.0223
1782225000000,2026-06-23 14:30:00,1662.73,1672.0,1659.85,1661.77,254.2072
1782226800000,2026-06-23 15:00:00,1661.77,1662.51,1652.03,1654.41,213.0796
1782228600000,2026-06-23 15:30:00,1654.41,1660.91,1651.59,1659.61,204.3838
1782230400000,2026-06-23 16:00:00,1659.61,1673.24,1658.08,1662.36,230.4314
1782232200000,2026-06-23 16:30:00,1662.36,1662.91,1658.64,1660.01,206.9177
1782234000000,2026-06-23 17:00:00,1659.43,1663.45,1656.56,1662.59,317.4557
1782235800000,2026-06-23 17:30:00,1662.6,1664.86,1654.67,1657.1,223.6642
1782237600000,2026-06-23 18:00:00,1657.38,1660.64,1655.61,1658.21,229.6669
1782239400000,2026-06-23 18:30:00,1658.21,1664.46,1650.0,1655.3,181.7352
1782241200000,2026-06-23 19:00:00,1655.3,1661.82,1655.3,1661.56,194.9232
1782243000000,2026-06-23 19:30:00,1661.87,1665.24,1657.43,1662.94,199.463
1782244800000,2026-06-23 20:00:00,1662.94,1666.93,1662.62,1664.22,196.0331
1782246600000,2026-06-23 20:30:00,1664.22,1673.96,1653.14,1664.1,355.984
1782248400000,2026-06-23 21:00:00,1664.13,1666.93,1663.7,1666.61,146.6262
1782250200000,2026-06-23 21:30:00,1666.62,1668.35,1666.07,1666.75,105.11
1782252000000,2026-06-23 22:00:00,1667.48,1672.78,1664.17,1665.33,64.3839
1782253800000,2026-06-23 22:30:00,1665.33,1666.32,1663.03,1664.58,61.6278
1782255600000,2026-06-23 23:00:00,1664.51,1667.55,1660.4,1664.22,84.6271
1782257400000,2026-06-23 23:30:00,1664.23,1673.1,1662.27,1667.26,59.0533
1782259200000,2026-06-24 00:00:00,1667.27,1672.26,1667.12,1668.52,186.1768
1782261000000,2026-06-24 00:30:00,1668.78,1674.04,1667.59,1670.83,230.3941
1782262800000,2026-06-24 01:00:00,1670.83,1672.49,1666.32,1671.15,257.8432
1782264600000,2026-06-24 01:30:00,1671.16,1679.65,1671.16,1672.35,299.5499
1782266400000,2026-06-24 02:00:00,1672.35,1673.53,1665.18,1667.8,187.4001
1782268200000,2026-06-24 02:30:00,1667.8,1669.25,1663.78,1664.04,211.7995
1782270000000,2026-06-24 03:00:00,1664.03,1665.95,1658.29,1664.0,181.3585
1782271800000,2026-06-24 03:30:00,1664.16,1669.83,1664.16,1666.47,173.7091
1782273600000,2026-06-24 04:00:00,1666.47,1667.41,1658.23,1660.03,131.0248
1782275400000,2026-06-24 04:30:00,1659.58,1670.83,1659.58,1669.47,194.6837
1782277200000,2026-06-24 05:00:00,1669.47,1673.33,1667.97,1673.33,222.0451
1782279000000,2026-06-24 05:30:00,1673.2,1679.74,1672.51,1674.32,321.5324
1782280800000,2026-06-24 06:00:00,1674.33,1676.99,1670.77,1674.97,359.9909
1782282600000,2026-06-24 06:30:00,1675.69,1676.97,1673.06,1674.82,255.7434
1782284400000,2026-06-24 07:00:00,1674.82,1678.53,1672.93,1673.41,209.5181
1782286200000,2026-06-24 07:30:00,1673.13,1675.78,1671.06,1672.89,300.1722
1782288000000,2026-06-24 08:00:00,1673.66,1674.43,1669.48,1670.0,181.6085
1782289800000,2026-06-24 08:30:00,1669.99,1675.2,1669.99,1673.53,147.2337
1782291600000,2026-06-24 09:00:00,1673.53,1673.53,1667.51,1667.51,197.5746
1782293400000,2026-06-24 09:30:00,1667.85,1668.23,1665.39,1667.44,169.9515
1782295200000,2026-06-24 10:00:00,1667.43,1667.76,1663.29,1665.57,188.9475
1782297000000,2026-06-24 10:30:00,1665.56,1667.99,1663.53,1664.02,164.9062
1782298800000,2026-06-24 11:00:00,1664.12,1669.27,1656.26,1657.9,231.4059
1782300600000,2026-06-24 11:30:00,1657.89,1760.0,1657.89,1679.5,308.0231
1782302400000,2026-06-24 12:00:00,1679.53,1680.87,1675.98,1676.83,291.1089
1782304200000,2026-06-24 12:30:00,1676.82,1678.02,1670.66,1671.63,255.0223
1782306000000,2026-06-24 13:00:00,1671.52,1672.08,1378.83,1653.16,371.9679
1782307800000,2026-06-24 13:30:00,1653.16,1663.78,1642.66,1645.07,418.6348
1782309600000,2026-06-24 14:00:00,1645.06,1670.0,1638.66,1648.88,302.2413
1782311400000,2026-06-24 14:30:00,1648.89,1658.1,1643.86,1647.3,296.5446
1782313200000,2026-06-24 15:00:00,1646.55,1650.0,1630.91,1644.69,372.7879
1782315000000,2026-06-24 15:30:00,1644.69,1644.69,1617.39,1618.47,719.0851
1782316800000,2026-06-24 16:00:00,1618.47,1635.65,1616.61,1632.51,332.2097
1782318600000,2026-06-24 16:30:00,1632.5,1722.01,1586.16,1591.11,664.6357
1782320400000,2026-06-24 17:00:00,1591.11,1628.29,1568.7,1576.47,528.7161
1782322200000,2026-06-24 17:30:00,1576.47,1578.66,1554.72,1560.54,435.7063
1782324000000,2026-06-24 18:00:00,1561.73,1584.56,1557.69,1578.09,342.2133
1782325800000,2026-06-24 18:30:00,1578.08,1579.63,1568.69,1571.92,334.9381
1782327600000,2026-06-24 19:00:00,1571.91,1576.48,1567.34,1575.67,228.3179
1782329400000,2026-06-24 19:30:00,1575.67,1585.25,1572.58,1585.25,68.2005
1782331200000,2026-06-24 20:00:00,1583.73,1640.0,1580.31,1613.27,221.9701
1782333000000,2026-06-24 20:30:00,1613.24,1621.98,1609.45,1613.82,80.9545
1782334800000,2026-06-24 21:00:00,1614.51,1615.08,1606.19,1611.83,61.0185
1782336600000,2026-06-24 21:30:00,1611.82,1621.58,1610.2,1621.58,126.1459
1782338400000,2026-06-24 22:00:00,1621.59,1627.77,1615.3,1615.68,106.6898
1782340200000,2026-06-24 22:30:00,1615.68,1618.0,1613.81,1615.45,81.307
1782342000000,2026-06-24 23:00:00,1615.46,1622.21,1614.21,1619.4,103.9106
1782343800000,2026-06-24 23:30:00,1619.57,1623.21,1618.12,1622.1,93.3452
1782345600000,2026-06-25 00:00:00,1622.09,1626.16,1620.22,1620.54,214.889
1782347400000,2026-06-25 00:30:00,1620.54,1622.48,1617.12,1617.89,243.3439
1782349200000,2026-06-25 01:00:00,1617.89,1621.77,1614.83,1619.03,201.8305
1782351000000,2026-06-25 01:30:00,1619.14,1624.04,1618.38,1620.75,297.4019
1782352800000,2026-06-25 02:00:00,1621.34,1621.35,1615.06,1620.35,136.741
1782354600000,2026-06-25 02:30:00,1620.34,1621.33,1615.77,1621.33,218.6871
1782356400000,2026-06-25 03:00:00,1621.33,1623.44,1617.01,1620.28,300.7195
1782358200000,2026-06-25 03:30:00,1619.57,1620.45,1616.51,1619.61,137.3533
1782360000000,2026-06-25 04:00:00,1619.61,1620.97,1617.37,1619.47,153.9222
1782361800000,2026-06-25 04:30:00,1619.36,1635.62,1617.13,1635.24,404.8543
1782363600000,2026-06-25 05:00:00,1635.14,1650.39,1633.78,1648.16,353.4347
1782365400000,2026-06-25 05:30:00,1647.83,1651.81,1644.3,1645.89,243.9479
1782367200000,2026-06-25 06:00:00,1645.88,1650.34,1644.58,1648.51,225.6416
1782369000000,2026-06-25 06:30:00,1648.75,1659.25,1647.64,1653.94,204.2282
1782370800000,2026-06-25 07:00:00,1653.95,1656.45,1651.59,1654.93,228.088
1782372600000,2026-06-25 07:30:00,1654.94,1659.61,1654.85,1656.63,289.1291
1782374400000,2026-06-25 08:00:00,1657.2,1658.44,1651.13,1653.48,125.7297
1782376200000,2026-06-25 08:30:00,1653.43,1654.35,1651.61,1652.24,119.2801
1782378000000,2026-06-25 09:00:00,1652.25,1655.41,1647.76,1648.25,187.3942
1782379800000,2026-06-25 09:30:00,1648.38,1650.25,1647.0,1648.88,151.8319
1782381600000,2026-06-25 10:00:00,1648.89,1649.6,1643.34,1643.45,196.0234
1782383400000,2026-06-25 10:30:00,1643.97,1644.02,1634.41,1636.58,216.573
1782385200000,2026-06-25 11:00:00,1636.57,1638.16,1629.03,1630.72,236.3439
1782387000000,2026-06-25 11:30:00,1630.89,1634.8,1629.11,1633.28,179.4719
1782388800000,2026-06-25 12:00:00,1633.28,1634.58,1625.48,1626.91,188.6604
1782390600000,2026-06-25 12:30:00,1626.91,1645.05,1626.91,1635.82,283.8682
1782392400000,2026-06-25 13:00:00,1635.82,1639.2,1633.89,1635.22,236.8787
1782394200000,2026-06-25 13:30:00,1636.61,1636.63,1535.88,1537.03,428.4963
1782396000000,2026-06-25 14:00:00,1537.04,1574.53,1537.03,1564.2,377.0918
1782397800000,2026-06-25 14:30:00,1563.93,1589.14,1560.77,1568.47,431.5594
1782399600000,2026-06-25 15:00:00,1568.47,1568.47,1545.83,1561.14,381.4406
1782401400000,2026-06-25 15:30:00,1561.06,1571.61,1555.84,1569.91,351.9503
1782403200000,2026-06-25 16:00:00,1569.91,1587.7,1568.78,1576.51,370.4039
1782405000000,2026-06-25 16:30:00,1574.08,1574.08,1558.18,1561.97,311.4791
1782406800000,2026-06-25 17:00:00,1561.97,1574.91,1558.09,1570.29,282.0766
1782408600000,2026-06-25 17:30:00,1570.29,1574.88,1566.51,1574.88,305.4472
1782410400000,2026-06-25 18:00:00,1574.88,1577.37,1565.01,1573.35,258.94
1782412200000,2026-06-25 18:30:00,1572.61,1572.61,1561.38,1566.87,304.4868
1782414000000,2026-06-25 19:00:00,1567.01,1580.81,1291.04,1559.19,470.3447
1782415800000,2026-06-25 19:30:00,1559.54,1562.02,1555.56,1559.79,148.2648
1782417600000,2026-06-25 20:00:00,1561.05,1629.79,1561.05,1568.19,101.2992
1782419400000,2026-06-25 20:30:00,1567.05,1567.05,1556.74,1560.61,28.9271
1782421200000,2026-06-25 21:00:00,1560.62,1568.53,1560.35,1567.81,25.409
1782423000000,2026-06-25 21:30:00,1568.06,1582.26,1567.88,1580.99,42.9695
1782424800000,2026-06-25 22:00:00,1581.0,1582.92,1567.05,1568.82,170.3943
1782426600000,2026-06-25 22:30:00,1568.82,1573.16,1568.19,1570.29,85.9867
1782428400000,2026-06-25 23:00:00,1571.1,1579.06,1567.82,1578.12,31.1344
1782430200000,2026-06-25 23:30:00,1578.24,1579.34,1564.88,1567.24,15.5836
1782432000000,2026-06-26 00:00:00,1567.48,1571.65,1566.89,1568.99,226.0544
1782433800000,2026-06-26 00:30:00,1568.99,1571.29,1564.01,1564.73,184.8452
1782435600000,2026-06-26 01:00:00,1564.73,1568.21,1557.77,1557.77,296.3325
1782437400000,2026-06-26 01:30:00,1557.98,1562.55,1555.93,1560.12,261.6394
1782439200000,2026-06-26 02:00:00,1560.13,1560.9,1307.1,1537.25,571.6334
1782441000000,2026-06-26 02:30:00,1537.67,1541.26,1523.12,1524.54,290.9296
1782442800000,2026-06-26 03:00:00,1524.54,1534.84,1512.52,1533.43,317.4987
1782444600000,2026-06-26 03:30:00,1531.4,1563.61,1529.6,1558.41,296.4687
1782446400000,2026-06-26 04:00:00,1558.15,1560.0,1550.28,1552.75,302.5625
1782448200000,2026-06-26 04:30:00,1553.04,1554.25,1548.11,1549.78,185.8892
1782450000000,2026-06-26 05:00:00,1549.78,1558.09,1548.8,1557.48,213.4548
1782451800000,2026-06-26 05:30:00,1557.03,1559.01,1552.19,1555.94,174.3441
1782453600000,2026-06-26 06:00:00,1555.69,1560.36,1544.3,1560.36,220.6216
1782455400000,2026-06-26 06:30:00,1560.37,1573.09,1557.87,1570.54,214.2181
1782457200000,2026-06-26 07:00:00,1571.14,1580.41,1570.81,1578.69,188.0785
1782459000000,2026-06-26 07:30:00,1578.67,1585.98,1578.67,1581.93,285.5708
1782460800000,2026-06-26 08:00:00,1581.13,1582.24,1570.46,1572.65,271.8161
1782462600000,2026-06-26 08:30:00,1572.9,1573.12,1563.71,1565.64,171.6327
1782464400000,2026-06-26 09:00:00,1566.32,1566.32,1560.37,1562.62,229.6262
1782466200000,2026-06-26 09:30:00,1562.69,1566.22,1549.92,1552.66,323.4862
1782468000000,2026-06-26 10:00:00,1553.1,1600.0,1549.52,1553.03,246.6614
1782469800000,2026-06-26 10:30:00,1553.14,1554.92,1545.49,1547.85,315.802
1782471600000,2026-06-26 11:00:00,1548.36,1554.94,1545.62,1545.82,308.9635
1782473400000,2026-06-26 11:30:00,1546.45,1549.75,1541.99,1545.15,265.9846
1782475200000,2026-06-26 12:00:00,1545.15,1551.84,1543.28,1551.83,318.4874
1782477000000,2026-06-26 12:30:00,1551.14,1587.33,1529.18,1536.01,572.4867
1782478800000,2026-06-26 13:00:00,1536.01,1540.9,1524.48,1533.64,911.7128
1782480600000,2026-06-26 13:30:00,1533.83,1569.85,1529.63,1569.17,865.276
1782482400000,2026-06-26 14:00:00,1569.17,1574.85,1559.56,1569.95,844.2145
1782484200000,2026-06-26 14:30:00,1569.95,1569.95,1553.66,1559.85,637.3166
1782486000000,2026-06-26 15:00:00,1559.85,1602.64,1559.85,1580.5,682.3317
1782487800000,2026-06-26 15:30:00,1580.03,1587.05,1573.99,1580.33,899.8287
1782489600000,2026-06-26 16:00:00,1580.34,1590.97,1572.91,1575.69,572.7591
1782491400000,2026-06-26 16:30:00,1575.65,1586.99,1575.65,1577.71,550.9369
1782493200000,2026-06-26 17:00:00,1577.89,1588.42,1576.66,1586.34,526.2967
1782495000000,2026-06-26 17:30:00,1587.33,1588.05,1580.04,1582.48,333.2217
1782496800000,2026-06-26 18:00:00,1581.92,1585.48,1575.24,1575.55,349.5731
1782498600000,2026-06-26 18:30:00,1575.55,1600.0,1498.71,1573.65,785.5552
1782500400000,2026-06-26 19:00:00,1573.34,1583.52,1570.56,1578.21,349.1882
1782502200000,2026-06-26 19:30:00,1578.6,1582.21,1577.25,1578.49,297.3855
1782504000000,2026-06-26 20:00:00,1578.06,1581.42,1574.61,1578.79,510.1445
1782505800000,2026-06-26 20:30:00,1578.79,1578.79,1568.06,1570.87,380.383
1782507600000,2026-06-26 21:00:00,1571.03,1574.88,1568.66,1574.88,190.8088
1782509400000,2026-06-26 21:30:00,1574.61,1578.53,1573.62,1575.99,227.6682
1782511200000,2026-06-26 22:00:00,1575.25,1576.22,1569.68,1573.37,195.4734
1782513000000,2026-06-26 22:30:00,1573.37,1579.29,1571.6,1577.62,123.9358
1782514800000,2026-06-26 23:00:00,1577.84,1580.17,1575.84,1575.84,119.4333
1782516600000,2026-06-26 23:30:00,1575.73,1580.7,1574.52,1578.56,115.0895
1782518400000,2026-06-27 00:00:00,1578.68,1581.8,1577.07,1577.57,198.302
1782520200000,2026-06-27 00:30:00,1577.22,1577.41,1571.56,1576.83,249.5777
1782522000000,2026-06-27 01:00:00,1576.83,1577.13,1574.3,1576.72,55.6284
1782523800000,2026-06-27 01:30:00,1577.13,1577.67,1575.16,1576.0,112.7612
1782525600000,2026-06-27 02:00:00,1575.8,1586.56,1574.65,1584.89,245.3573
1782527400000,2026-06-27 02:30:00,1584.89,1585.47,1582.06,1584.08,238.5194
1782529200000,2026-06-27 03:00:00,1584.08,1585.02,1578.68,1582.09,141.3611
1782531000000,2026-06-27 03:30:00,1582.35,1583.0,1579.02,1580.46,151.8128
1782532800000,2026-06-27 04:00:00,1580.55,1585.1,1580.55,1582.48,160.051
1782534600000,2026-06-27 04:30:00,1582.65,1584.15,1579.01,1579.01,92.0043
1782536400000,2026-06-27 05:00:00,1579.48,1581.12,1577.33,1577.5,109.7869
1782538200000,2026-06-27 05:30:00,1577.43,1580.59,1577.0,1578.9,168.8553
1782540000000,2026-06-27 06:00:00,1578.65,1579.54,1575.4,1579.35,86.2024
1782541800000,2026-06-27 06:30:00,1578.93,1584.48,1578.93,1582.71,118.9637
1782543600000,2026-06-27 07:00:00,1582.7,1583.85,1580.71,1583.08,69.7942
1782545400000,2026-06-27 07:30:00,1582.95,1586.38,1582.19,1585.73,75.5747
1782547200000,2026-06-27 08:00:00,1585.72,1585.95,1583.26,1583.6,113.7655
1782549000000,2026-06-27 08:30:00,1583.72,1585.3,1582.05,1584.33,52.4355
1782550800000,2026-06-27 09:00:00,1584.18,1584.44,1579.53,1580.78,92.0186
1782552600000,2026-06-27 09:30:00,1580.95,1583.02,1580.95,1582.94,36.2216
1782554400000,2026-06-27 10:00:00,1582.94,1584.72,1582.19,1583.08,44.6458
1782556200000,2026-06-27 10:30:00,1583.09,1584.97,1582.23,1584.31,218.144
1782558000000,2026-06-27 11:00:00,1584.31,1585.12,1579.62,1580.48,112.0534
1782559800000,2026-06-27 11:30:00,1580.58,1584.88,1579.49,1584.01,114.2306
1782561600000,2026-06-27 12:00:00,1584.01,1584.44,1581.62,1583.85,284.3799
1782563400000,2026-06-27 12:30:00,1584.02,1586.29,1581.82,1585.88,80.4627
1782565200000,2026-06-27 13:00:00,1585.96,1588.49,1584.98,1586.96,153.6356
1782567000000,2026-06-27 13:30:00,1586.84,1592.88,1585.74,1592.87,195.7085
1782568800000,2026-06-27 14:00:00,1592.88,1597.2,1589.61,1594.54,248.7618
1782570600000,2026-06-27 14:30:00,1594.54,1596.59,1592.43,1594.4,110.7995
1782572400000,2026-06-27 15:00:00,1594.83,1608.67,1594.09,1602.49,287.2224
1782574200000,2026-06-27 15:30:00,1602.71,1610.3,1602.01,1605.34,217.1826
1782576000000,2026-06-27 16:00:00,1605.68,1605.97,1601.84,1603.02,158.7987
1782577800000,2026-06-27 16:30:00,1603.18,1607.27,1602.16,1606.57,111.3503
1782579600000,2026-06-27 17:00:00,1606.98,1606.98,1589.71,1594.85,474.3276
1782581400000,2026-06-27 17:30:00,1594.85,1596.6,1591.42,1593.88,203.7207
1782583200000,2026-06-27 18:00:00,1593.88,1602.55,1320.0,1592.57,567.1445
1782585000000,2026-06-27 18:30:00,1592.71,1594.7,1592.41,1593.64,67.2483
1782586800000,2026-06-27 19:00:00,1593.78,1595.25,1578.2,1581.81,278.5423
1782588600000,2026-06-27 19:30:00,1581.8,1581.8,1574.21,1578.52,333.2821
1782590400000,2026-06-27 20:00:00,1578.51,1582.85,1578.51,1581.56,228.8741
1782592200000,2026-06-27 20:30:00,1581.56,1582.59,1580.37,1580.84,111.1162
1782594000000,2026-06-27 21:00:00,1580.84,1584.84,1580.83,1584.83,131.1694
1782595800000,2026-06-27 21:30:00,1584.83,1585.05,1574.93,1575.39,292.2577
1782597600000,2026-06-27 22:00:00,1575.38,1576.36,1560.0,1575.16,374.1732
1782599400000,2026-06-27 22:30:00,1575.32,1579.53,1575.24,1578.99,164.5501
1782601200000,2026-06-27 23:00:00,1578.99,1581.41,1570.91,1572.51,225.9631
1782603000000,2026-06-27 23:30:00,1572.59,1575.29,1571.8,1573.99,110.7734
1782604800000,2026-06-28 00:00:00,1574.0,1577.85,1572.86,1577.85,118.0727
1782606600000,2026-06-28 00:30:00,1577.72,1577.72,1573.82,1575.5,247.0328
1782608400000,2026-06-28 01:00:00,1575.49,1576.16,1570.42,1575.55,276.2669
1782610200000,2026-06-28 01:30:00,1575.55,1576.91,1574.64,1575.05,141.126
1782612000000,2026-06-28 02:00:00,1575.06,1579.85,1569.67,1571.71,223.5954
1782613800000,2026-06-28 02:30:00,1571.71,1573.02,1571.01,1572.41,108.2403
1782615600000,2026-06-28 03:00:00,1572.41,1576.05,1572.4,1574.82,82.5044
1782617400000,2026-06-28 03:30:00,1574.71,1575.46,1573.12,1575.09,56.1032
1782619200000,2026-06-28 04:00:00,1575.09,1575.69,1572.87,1574.28,139.1409
1782621000000,2026-06-28 04:30:00,1574.04,1577.34,1570.94,1574.32,109.2288
1782622800000,2026-06-28 05:00:00,1574.33,1574.33,1565.76,1566.93,346.9868
1782624600000,2026-06-28 05:30:00,1566.93,1570.81,1564.61,1569.18,154.1846
1782626400000,2026-06-28 06:00:00,1569.18,1570.64,1562.61,1565.17,274.7443
1782628200000,2026-06-28 06:30:00,1565.78,1569.2,1565.78,1568.39,145.0913
1782630000000,2026-06-28 07:00:00,1568.39,1573.37,1567.85,1571.25,166.8537
1782631800000,2026-06-28 07:30:00,1571.39,1576.73,1571.0,1575.58,184.7653
1782633600000,2026-06-28 08:00:00,1575.96,1578.3,1573.75,1575.07,81.6986
1782635400000,2026-06-28 08:30:00,1575.08,1584.99,1575.08,1581.59,224.9098
1782637200000,2026-06-28 09:00:00,1581.59,1584.93,1580.58,1582.16,113.4369
1782639000000,2026-06-28 09:30:00,1582.17,1584.3,1578.6,1579.09,193.4595
1782640800000,2026-06-28 10:00:00,1579.08,1581.3,1573.11,1573.41,254.8647
1782642600000,2026-06-28 10:30:00,1573.58,1577.44,1573.58,1577.16,102.0253
1782644400000,2026-06-28 11:00:00,1577.16,1583.33,1575.9,1582.16,334.0902
1782646200000,2026-06-28 11:30:00,1582.14,1583.73,1579.16,1582.75,258.1
1782648000000,2026-06-28 12:00:00,1582.75,1584.73,1578.24,1584.73,153.3699
1782649800000,2026-06-28 12:30:00,1584.72,1587.71,1579.46,1583.57,217.4008
1782651600000,2026-06-28 13:00:00,1583.56,1583.74,1575.47,1580.49,340.875
1782653400000,2026-06-28 13:30:00,1580.13,1583.15,1578.36,1579.76,247.4932
1782655200000,2026-06-28 14:00:00,1579.67,1585.98,1578.06,1582.41,406.8346
1782657000000,2026-06-28 14:30:00,1582.44,1585.69,1581.0,1581.84,380.2468
1782658800000,2026-06-28 15:00:00,1581.84,1585.12,1577.97,1582.42,672.5624
1782660600000,2026-06-28 15:30:00,1582.38,1584.38,1577.8,1580.65,321.003
1782662400000,2026-06-28 16:00:00,1580.65,1581.94,1573.83,1576.18,183.3425
1782664200000,2026-06-28 16:30:00,1576.18,1576.88,1552.93,1572.94,381.837
1782666000000,2026-06-28 17:00:00,1573.0,1577.36,1567.49,1567.66,454.6931
1782667800000,2026-06-28 17:30:00,1567.66,1573.1,1563.67,1572.34,272.6251
1782669600000,2026-06-28 18:00:00,1571.66,1574.78,1569.62,1570.22,167.9648
1782671400000,2026-06-28 18:30:00,1570.22,1572.83,1569.09,1571.99,116.7349
1782673200000,2026-06-28 19:00:00,1571.98,1571.98,1567.55,1570.3,126.8263
1782675000000,2026-06-28 19:30:00,1570.32,1573.65,1557.2,1565.1,281.8053
1782676800000,2026-06-28 20:00:00,1564.52,1575.91,1564.52,1573.64,200.5855
1782678600000,2026-06-28 20:30:00,1573.64,1574.79,1572.08,1573.13,127.2615
1782680400000,2026-06-28 21:00:00,1573.08,1573.08,1569.35,1570.51,71.721
1782682200000,2026-06-28 21:30:00,1570.5,1573.46,1559.53,1563.08,243.9702
1782684000000,2026-06-28 22:00:00,1563.09,1581.44,1560.22,1567.54,599.7743
1782685800000,2026-06-28 22:30:00,1567.54,1569.71,1320.0,1557.55,624.1929
1782687600000,2026-06-28 23:00:00,1557.55,1570.94,1555.51,1570.04,309.5695
1782689400000,2026-06-28 23:30:00,1569.8,1579.85,1569.8,1571.96,269.8395
1782691200000,2026-06-29 00:00:00,1571.96,1574.2,1560.79,1560.86,426.7845
1782693000000,2026-06-29 00:30:00,1560.86,1574.66,1552.79,1573.94,503.7021
1782694800000,2026-06-29 01:00:00,1573.95,1573.95,1560.84,1563.09,412.615
1782696600000,2026-06-29 01:30:00,1562.92,1573.95,1561.28,1568.6,314.5317
1782698400000,2026-06-29 02:00:00,1568.61,1587.29,1550.95,1573.29,544.526
1782700200000,2026-06-29 02:30:00,1573.29,1578.45,1569.71,1576.37,337.1749
1782702000000,2026-06-29 03:00:00,1576.59,1588.21,1576.59,1587.32,302.2645
1782703800000,2026-06-29 03:30:00,1587.21,1587.21,1577.69,1584.98,237.2129
1782705600000,2026-06-29 04:00:00,1584.63,1584.83,1579.07,1582.3,229.4156
1782707400000,2026-06-29 04:30:00,1582.53,1582.53,1575.07,1575.26,168.507
1782709200000,2026-06-29 05:00:00,1575.49,1576.29,1563.16,1570.14,334.2929
1782711000000,2026-06-29 05:30:00,1570.48,1582.95,1569.2,1582.2,245.7204
1782712800000,2026-06-29 06:00:00,1583.09,1588.27,1583.09,1583.16,257.9769
1782714600000,2026-06-29 06:30:00,1583.53,1584.19,1579.86,1583.09,137.8344
1782716400000,2026-06-29 07:00:00,1582.82,1583.96,1578.14,1582.5,200.2418
1782718200000,2026-06-29 07:30:00,1582.06,1582.88,1580.01,1580.18,165.0175
1782720000000,2026-06-29 08:00:00,1580.17,1581.86,1573.2,1573.74,250.5071
1782721800000,2026-06-29 08:30:00,1573.74,1576.66,1570.22,1573.32,464.2497
1782723600000,2026-06-29 09:00:00,1573.32,1579.34,1571.1,1576.48,411.9824
1782725400000,2026-06-29 09:30:00,1576.39,1578.16,1573.43,1576.05,421.3296
1782727200000,2026-06-29 10:00:00,1576.06,1586.07,1576.06,1581.64,287.3467
1782729000000,2026-06-29 10:30:00,1581.75,1581.75,1577.77,1578.68,105.4677
1782730800000,2026-06-29 11:00:00,1578.6,1578.81,1570.68,1574.21,292.094
1782732600000,2026-06-29 11:30:00,1573.77,1580.0,1570.6,1574.4,339.789
1782734400000,2026-06-29 12:00:00,1574.4,1596.58,1568.66,1590.47,658.5466
1782736200000,2026-06-29 12:30:00,1590.33,1590.56,1571.4,1575.9,325.3531
1782738000000,2026-06-29 13:00:00,1575.89,1587.94,1575.89,1576.26,422.9624
1782739800000,2026-06-29 13:30:00,1576.25,1583.18,1565.72,1571.95,715.2625
1782741600000,2026-06-29 14:00:00,1571.94,1573.01,1557.85,1571.17,588.6571
1782743400000,2026-06-29 14:30:00,1571.17,1578.1,1565.14,1572.7,616.7188
1782745200000,2026-06-29 15:00:00,1572.59,1573.35,1561.97,1573.35,574.1909
1782747000000,2026-06-29 15:30:00,1573.74,1583.72,1341.83,1580.65,756.1018
1782748800000,2026-06-29 16:00:00,1580.58,1583.81,1576.74,1577.06,853.4554
1782750600000,2026-06-29 16:30:00,1577.06,1586.83,1553.73,1585.38,655.5052
1782752400000,2026-06-29 17:00:00,1585.37,1629.75,1585.37,1626.88,779.5085
1782754200000,2026-06-29 17:30:00,1627.05,1635.89,1623.36,1628.16,525.8348
1782756000000,2026-06-29 18:00:00,1628.04,1628.61,1618.91,1618.91,450.832
1782757800000,2026-06-29 18:30:00,1618.92,1624.0,1618.91,1620.97,235.1918
1782759600000,2026-06-29 19:00:00,1620.98,1626.98,1616.54,1626.22,261.7891
1782761400000,2026-06-29 19:30:00,1626.02,1626.97,1621.53,1625.44,258.7145
1782763200000,2026-06-29 20:00:00,1625.44,1626.46,1621.35,1622.84,408.9543
1782765000000,2026-06-29 20:30:00,1622.84,1625.66,1348.37,1617.65,500.8138
1782766800000,2026-06-29 21:00:00,1617.65,1620.05,1613.07,1616.12,197.9089
1782768600000,2026-06-29 21:30:00,1616.11,1622.6,1616.11,1619.87,161.4676
1782770400000,2026-06-29 22:00:00,1620.0,1621.76,1617.4,1617.88,165.6265
1782772200000,2026-06-29 22:30:00,1617.82,1618.18,1612.84,1612.9,165.6374
1782774000000,2026-06-29 23:00:00,1612.91,1613.98,1608.13,1608.98,252.7333
1782775800000,2026-06-29 23:30:00,1608.98,1613.3,1607.82,1613.29,145.2915
1782777600000,2026-06-30 00:00:00,1613.29,1614.02,1602.83,1602.83,333.2817
1782779400000,2026-06-30 00:30:00,1602.82,1602.83,1592.93,1594.32,636.6282
1782781200000,2026-06-30 01:00:00,1594.42,1599.71,1591.11,1599.05,508.4313
1782783000000,2026-06-30 01:30:00,1599.19,1599.26,1360.0,1593.92,287.3501
1782784800000,2026-06-30 02:00:00,1593.92,1593.93,1586.54,1591.8,304.1229
1782786600000,2026-06-30 02:30:00,1591.44,1593.74,1589.84,1590.57,189.8397
1782788400000,2026-06-30 03:00:00,1590.56,1596.11,1590.56,1592.38,139.1739
1782790200000,2026-06-30 03:30:00,1592.24,1592.24,1586.98,1587.19,149.4603
1782792000000,2026-06-30 04:00:00,1587.19,1588.56,1579.79,1587.39,290.0473
1782793800000,2026-06-30 04:30:00,1587.38,1590.82,1586.91,1588.13,276.6471
1782795600000,2026-06-30 05:00:00,1588.1,1590.42,1585.6,1585.79,528.0067
1782797400000,2026-06-30 05:30:00,1585.78,1760.0,1553.5,1591.61,672.0175
1782799200000,2026-06-30 06:00:00,1591.61,1594.28,1589.15,1594.28,274.5786
1782801000000,2026-06-30 06:30:00,1594.27,1594.65,1592.08,1593.57,132.0561
1782802800000,2026-06-30 07:00:00,1593.72,1595.69,1590.26,1591.49,147.9648
1782804600000,2026-06-30 07:30:00,1591.37,1594.2,1591.37,1592.5,128.2505
1782806400000,2026-06-30 08:00:00,1592.51,1594.19,1587.62,1589.27,197.2557
1782808200000,2026-06-30 08:30:00,1589.67,1589.68,1579.85,1584.13,303.0767
1782810000000,2026-06-30 09:00:00,1583.98,1586.89,1582.29,1583.63,248.6156
1782811800000,2026-06-30 09:30:00,1583.63,1586.74,1581.49,1585.33,188.8128
1782813600000,2026-06-30 10:00:00,1585.35,1586.7,1583.0,1583.9,176.7726
1782815400000,2026-06-30 10:30:00,1583.61,1586.53,1582.48,1584.52,154.8339
1782817200000,2026-06-30 11:00:00,1584.52,1585.9,1578.22,1578.82,301.8835
1782819000000,2026-06-30 11:30:00,1578.82,1583.26,1576.29,1578.29,250.9007
1782820800000,2026-06-30 12:00:00,1578.57,1578.58,1564.12,1564.5,319.6436
1782822600000,2026-06-30 12:30:00,1565.31,1565.47,1552.71,1552.72,472.2917
1782824400000,2026-06-30 13:00:00,1552.72,1562.3,1551.64,1560.9,383.3402
1782826200000,2026-06-30 13:30:00,1560.9,1567.51,1552.12,1567.51,599.9513
1782828000000,2026-06-30 14:00:00,1567.29,1577.8,1566.27,1573.74,500.9519
1782829800000,2026-06-30 14:30:00,1574.05,1575.43,1561.35,1563.72,449.5222
1782831600000,2026-06-30 15:00:00,1563.52,1567.55,1320.0,1566.37,431.8391
1782833400000,2026-06-30 15:30:00,1565.95,1576.94,1562.94,1564.87,373.1779
1782835200000,2026-06-30 16:00:00,1565.18,1571.84,1562.36,1563.6,371.841
1782837000000,2026-06-30 16:30:00,1563.32,1574.89,1561.95,1572.37,380.6788
1782838800000,2026-06-30 17:00:00,1572.38,1576.7,1570.32,1570.91,330.3673
1782840600000,2026-06-30 17:30:00,1571.07,1572.89,1568.64,1570.81,221.6858
1782842400000,2026-06-30 18:00:00,1570.86,1580.05,1569.87,1577.05,312.5776
1782844200000,2026-06-30 18:30:00,1576.93,1580.24,1573.13,1579.42,185.7833
1782846000000,2026-06-30 19:00:00,1579.11,1581.04,1575.68,1577.3,208.8007
1782847800000,2026-06-30 19:30:00,1577.79,1581.43,1577.71,1580.31,243.5492
1782849600000,2026-06-30 20:00:00,1580.54,1582.12,1575.92,1577.28,371.4165
1782851400000,2026-06-30 20:30:00,1577.29,1578.28,1574.09,1576.0,325.7435
1782853200000,2026-06-30 21:00:00,1575.99,1576.89,1570.07,1572.14,223.6321
1782855000000,2026-06-30 21:30:00,1571.76,1573.02,1570.15,1571.37,133.8799
1782856800000,2026-06-30 22:00:00,1571.67,1574.66,1570.7,1570.7,193.1261
1782858600000,2026-06-30 22:30:00,1571.02,1571.02,1566.9,1567.97,166.7745
1782860400000,2026-06-30 23:00:00,1567.67,1570.93,1566.0,1569.82,373.8868
1782862200000,2026-06-30 23:30:00,1569.91,1572.6,1568.84,1572.49,186.8293
1782864000000,2026-07-01 00:00:00,1572.01,1575.42,1566.35,1568.7,325.9802
1782865800000,2026-07-01 00:30:00,1568.69,1576.64,1568.69,1574.7,194.2761
1782867600000,2026-07-01 01:00:00,1575.07,1575.3,1553.62,1570.55,554.7589
1782869400000,2026-07-01 01:30:00,1569.82,1584.06,1569.81,1578.26,445.6799
1782871200000,2026-07-01 02:00:00,1577.91,1584.42,1574.63,1582.86,348.0513
1782873000000,2026-07-01 02:30:00,1582.94,1589.36,1582.06,1586.22,276.1494
1782874800000,2026-07-01 03:00:00,1586.3,1590.0,1582.73,1583.99,174.5847
1782876600000,2026-07-01 03:30:00,1584.44,1599.15,1582.54,1594.67,485.4663
1782878400000,2026-07-01 04:00:00,1594.8,1594.81,1590.9,1593.91,201.411
1782880200000,2026-07-01 04:30:00,1594.01,1601.48,1592.52,1600.17,587.1578
1782882000000,2026-07-01 05:00:00,1600.17,1600.2,1589.4,1593.73,850.0192
1782883800000,2026-07-01 05:30:00,1593.73,1594.41,1591.26,1592.73,151.3129
1782885600000,2026-07-01 06:00:00,1592.74,1593.04,1578.33,1580.69,310.8959
1782887400000,2026-07-01 06:30:00,1580.85,1581.71,1571.77,1575.74,376.5403
1782889200000,2026-07-01 07:00:00,1575.74,1579.73,1572.52,1577.85,264.8995
1782891000000,2026-07-01 07:30:00,1577.71,1581.08,1575.01,1578.0,173.1184
1782892800000,2026-07-01 08:00:00,1577.88,1578.66,1571.28,1572.01,341.8466
1782894600000,2026-07-01 08:30:00,1571.94,1582.14,1569.0,1582.14,274.7581
1782896400000,2026-07-01 09:00:00,1582.97,1584.73,1579.65,1579.84,241.5341
1782898200000,2026-07-01 09:30:00,1579.85,1582.84,1578.92,1581.26,157.9446
1782900000000,2026-07-01 10:00:00,1580.72,1581.39,1573.41,1575.49,190.4089
1782901800000,2026-07-01 10:30:00,1575.54,1575.82,1572.26,1573.8,109.0694
1782903600000,2026-07-01 11:00:00,1573.63,1575.95,1571.21,1572.74,179.9186
1782905400000,2026-07-01 11:30:00,1572.36,1573.71,1567.8,1570.03,190.5016
1782907200000,2026-07-01 12:00:00,1570.12,1572.01,1566.77,1570.5,233.5103
1782909000000,2026-07-01 12:30:00,1570.21,1570.54,1565.95,1570.18,212.6384
1782910800000,2026-07-01 13:00:00,1570.18,1578.42,1570.17,1576.84,204.0208
1782912600000,2026-07-01 13:30:00,1576.85,1625.22,1570.47,1596.75,702.7602
1782914400000,2026-07-01 14:00:00,1596.75,1616.36,1591.2,1605.73,650.3376
1782916200000,2026-07-01 14:30:00,1605.67,1606.56,1592.51,1600.5,490.0748
1782918000000,2026-07-01 15:00:00,1600.5,1630.53,1578.02,1623.36,584.4745
1782919800000,2026-07-01 15:30:00,1623.35,1627.04,1617.69,1620.17,327.782
1782921600000,2026-07-01 16:00:00,1620.17,1626.92,1615.33,1623.96,375.2989
1782923400000,2026-07-01 16:30:00,1623.96,1623.96,1612.77,1613.97,240.3669
1782925200000,2026-07-01 17:00:00,1614.66,1624.79,1607.61,1621.35,441.1434
1782927000000,2026-07-01 17:30:00,1621.35,1624.63,1618.97,1622.72,257.3761
1782928800000,2026-07-01 18:00:00,1622.72,1624.1,1617.29,1617.75,278.7764
1782930600000,2026-07-01 18:30:00,1617.89,1620.23,1613.04,1616.85,306.3533
1782932400000,2026-07-01 19:00:00,1616.59,1623.36,1616.55,1618.66,213.1137
1782934200000,2026-07-01 19:30:00,1618.83,1621.91,1614.73,1617.78,231.4835
1782936000000,2026-07-01 20:00:00,1617.63,1617.91,1610.77,1615.78,304.8199
1782937800000,2026-07-01 20:30:00,1615.79,1620.07,1614.8,1617.56,138.2473
1782939600000,2026-07-01 21:00:00,1617.68,1626.0,1617.68,1624.17,302.3803
1782941400000,2026-07-01 21:30:00,1624.6,1636.11,1624.6,1632.52,269.2658
1782943200000,2026-07-01 22:00:00,1632.52,1642.35,1628.7,1629.01,376.632
1782945000000,2026-07-01 22:30:00,1629.01,1629.42,1620.77,1622.53,228.1004
1782946800000,2026-07-01 23:00:00,1621.3,1621.3,1614.22,1614.63,234.3145
1782948600000,2026-07-01 23:30:00,1614.99,1616.48,1608.43,1609.68,318.651
1782950400000,2026-07-02 00:00:00,1609.67,1609.68,1602.38,1602.71,291.9029
1782952200000,2026-07-02 00:30:00,1602.92,1605.11,1597.23,1602.95,280.9675
1782954000000,2026-07-02 01:00:00,1603.3,1612.51,1602.84,1611.18,229.4561
1782955800000,2026-07-02 01:30:00,1611.36,1623.87,1611.36,1620.3,391.0138
1782957600000,2026-07-02 02:00:00,1620.31,1620.59,1614.9,1618.56,250.3429
1782959400000,2026-07-02 02:30:00,1618.8,1624.34,1618.1,1621.02,255.4061
1782961200000,2026-07-02 03:00:00,1621.18,1635.33,1618.82,1629.35,299.5338
1782963000000,2026-07-02 03:30:00,1628.34,1641.75,1627.33,1639.64,530.5016
1782964800000,2026-07-02 04:00:00,1639.64,1639.64,1634.67,1635.63,357.9361
1782966600000,2026-07-02 04:30:00,1635.63,1642.22,1568.06,1632.61,301.0747
1782968400000,2026-07-02 05:00:00,1632.61,1634.63,1628.97,1632.14,166.593
1782970200000,2026-07-02 05:30:00,1632.14,1632.32,1625.27,1626.51,86.6781
1782972000000,2026-07-02 06:00:00,1626.51,1629.11,1622.45,1624.52,157.7522
1782973800000,2026-07-02 06:30:00,1624.51,1629.36,1617.52,1619.65,173.5544
1782975600000,2026-07-02 07:00:00,1619.37,1619.75,1615.35,1616.72,153.6899
1782977400000,2026-07-02 07:30:00,1616.71,1617.73,1614.45,1615.71,187.4152
1782979200000,2026-07-02 08:00:00,1615.8,1620.9,1615.29,1619.56,160.7582
1782981000000,2026-07-02 08:30:00,1618.44,1625.86,1618.43,1624.97,136.0439
1782982800000,2026-07-02 09:00:00,1624.97,1629.43,1620.49,1629.43,201.2958
1782984600000,2026-07-02 09:30:00,1629.43,1650.65,1629.43,1643.96,698.9365
1782986400000,2026-07-02 10:00:00,1643.95,1647.88,1641.73,1645.81,319.5003
1782988200000,2026-07-02 10:30:00,1645.81,1661.41,1643.48,1646.0,229.0008
1782990000000,2026-07-02 11:00:00,1646.0,1654.46,1645.66,1647.61,214.87
1782991800000,2026-07-02 11:30:00,1647.77,1652.18,1645.28,1650.95,218.4364
1782993600000,2026-07-02 12:00:00,1650.94,1662.66,1647.93,1662.66,314.1743
1782995400000,2026-07-02 12:30:00,1662.66,1666.23,1648.38,1662.87,569.4907
1782997200000,2026-07-02 13:00:00,1662.82,1689.68,1661.06,1681.3,795.8279
1782999000000,2026-07-02 13:30:00,1681.3,1713.33,1678.53,1710.26,1105.8584
1783000800000,2026-07-02 14:00:00,1710.26,1721.84,1694.08,1702.85,711.1468
1783002600000,2026-07-02 14:30:00,1702.86,1706.84,1693.9,1700.72,697.2233
1783004400000,2026-07-02 15:00:00,1700.97,1703.03,1689.5,1699.74,393.4514
1783006200000,2026-07-02 15:30:00,1699.74,1703.4,1695.23,1697.4,348.3428
1783008000000,2026-07-02 16:00:00,1697.36,1701.53,1687.21,1688.75,463.8024
1783009800000,2026-07-02 16:30:00,1688.75,1703.3,1688.74,1699.75,325.2194
1783011600000,2026-07-02 17:00:00,1699.66,1705.12,1696.33,1704.38,239.5959
1783013400000,2026-07-02 17:30:00,1703.49,1703.49,1694.99,1695.77,306.6498
1783015200000,2026-07-02 18:00:00,1695.89,1710.64,1695.88,1703.9,246.7334
1783017000000,2026-07-02 18:30:00,1703.9,1706.93,1700.46,1702.05,190.4078
1783018800000,2026-07-02 19:00:00,1702.22,1702.74,1695.07,1699.35,213.0747
1783020600000,2026-07-02 19:30:00,1699.63,1705.33,1697.52,1699.95,258.4156
1783022400000,2026-07-02 20:00:00,1699.95,1702.4,1696.78,1696.78,117.912
1783024200000,2026-07-02 20:30:00,1696.76,1706.38,1696.08,1705.9,127.9526
1783026000000,2026-07-02 21:00:00,1705.9,1705.9,1703.51,1703.9,73.9004
1783027800000,2026-07-02 21:30:00,1703.97,1703.97,1697.56,1700.29,198.8894
1783029600000,2026-07-02 22:00:00,1700.29,1700.53,1696.47,1696.99,87.1136
1783031400000,2026-07-02 22:30:00,1696.58,1700.55,1694.57,1697.45,169.8543
1783033200000,2026-07-02 23:00:00,1697.44,1699.43,1692.14,1698.38,340.3318
1783035000000,2026-07-02 23:30:00,1698.26,1701.02,1696.01,1700.43,166.3516
1783036800000,2026-07-03 00:00:00,1700.43,1702.8,1697.6,1697.6,307.4196
1783038600000,2026-07-03 00:30:00,1697.6,1700.34,1694.73,1696.51,264.0537
1783040400000,2026-07-03 01:00:00,1696.93,1716.21,1695.34,1708.8,424.0438
1783042200000,2026-07-03 01:30:00,1708.8,1717.57,1707.67,1712.19,266.5324
1783044000000,2026-07-03 02:00:00,1712.19,1715.18,1703.14,1703.27,270.1639
1783045800000,2026-07-03 02:30:00,1703.26,1705.43,1685.68,1704.74,346.3561
1783047600000,2026-07-03 03:00:00,1704.98,1711.82,1699.72,1710.99,178.7201
1783049400000,2026-07-03 03:30:00,1710.83,1711.27,1704.6,1707.17,1006.2032
1783051200000,2026-07-03 04:00:00,1707.17,1709.45,1694.34,1705.07,366.746
1783053000000,2026-07-03 04:30:00,1705.07,1707.42,1702.5,1703.41,130.6546
1783054800000,2026-07-03 05:00:00,1702.91,1711.08,1702.62,1709.91,239.966
1783056600000,2026-07-03 05:30:00,1709.75,1719.62,1709.75,1714.93,357.2784
1783058400000,2026-07-03 06:00:00,1714.73,1720.94,1713.97,1716.63,166.9847
1783060200000,2026-07-03 06:30:00,1716.63,1719.31,1713.08,1716.5,196.3979
1783062000000,2026-07-03 07:00:00,1716.02,1718.61,1714.0,1717.33,221.4709
1783063800000,2026-07-03 07:30:00,1717.33,1721.59,1716.05,1717.76,424.443
1783065600000,2026-07-03 08:00:00,1717.76,1722.76,1715.87,1719.93,170.1984
1783067400000,2026-07-03 08:30:00,1720.15,1733.76,1621.67,1719.77,475.9539
1783069200000,2026-07-03 09:00:00,1719.9,1749.35,1717.5,1726.25,262.5258
1783071000000,2026-07-03 09:30:00,1726.25,1730.61,1720.99,1726.48,227.1688
1783072800000,2026-07-03 10:00:00,1726.47,1738.68,1726.47,1736.92,372.5712
1783074600000,2026-07-03 10:30:00,1736.32,1748.61,1735.01,1742.33,371.0785
1783076400000,2026-07-03 11:00:00,1742.02,1747.41,1739.1,1742.52,310.8122
1783078200000,2026-07-03 11:30:00,1742.51,1745.0,1739.3,1742.6,209.9834
1783080000000,2026-07-03 12:00:00,1742.59,1744.55,1731.74,1734.12,280.0452
1783081800000,2026-07-03 12:30:00,1734.5,1736.6,1732.2,1736.38,157.2858
1783083600000,2026-07-03 13:00:00,1736.43,1747.52,1736.21,1745.12,203.2367
1783085400000,2026-07-03 13:30:00,1744.84,1751.63,1743.64,1748.78,212.0584
1783087200000,2026-07-03 14:00:00,1748.15,1748.15,1725.0,1733.29,331.915
1783089000000,2026-07-03 14:30:00,1733.79,1739.81,1730.73,1737.2,258.7193
1783090800000,2026-07-03 15:00:00,1737.2,1745.25,1732.49,1733.29,289.6935
1783092600000,2026-07-03 15:30:00,1733.35,1737.16,1729.98,1731.24,191.4354
1783094400000,2026-07-03 16:00:00,1731.24,1735.16,1728.07,1734.36,175.3286
1783096200000,2026-07-03 16:30:00,1734.04,1734.83,1730.67,1733.87,246.963
1783098000000,2026-07-03 17:00:00,1733.62,1738.3,1732.83,1736.74,82.7422
1783099800000,2026-07-03 17:30:00,1736.58,1755.04,1735.41,1737.66,185.6134
1783101600000,2026-07-03 18:00:00,1737.95,1738.69,1736.47,1738.09,77.3419
1783103400000,2026-07-03 18:30:00,1738.22,1740.15,1738.04,1738.78,78.9692
1783105200000,2026-07-03 19:00:00,1738.77,1747.04,1737.37,1746.64,191.2021
1783107000000,2026-07-03 19:30:00,1746.61,1751.09,1721.19,1745.78,231.7239
1783108800000,2026-07-03 20:00:00,1745.58,1755.68,1743.84,1753.79,250.9322
1783110600000,2026-07-03 20:30:00,1754.16,1771.83,1752.47,1766.52,530.7725
1783112400000,2026-07-03 21:00:00,1766.52,1772.9,1763.8,1764.11,336.8965
1783114200000,2026-07-03 21:30:00,1764.1,1766.79,1756.77,1764.03,264.3511
1783116000000,2026-07-03 22:00:00,1763.67,1763.67,1756.98,1760.3,204.6756
1783117800000,2026-07-03 22:30:00,1760.12,1761.19,1756.0,1757.53,127.9028
1783119600000,2026-07-03 23:00:00,1757.47,1761.72,1756.02,1758.3,136.8214
1783121400000,2026-07-03 23:30:00,1758.3,1760.87,1756.93,1758.75,90.5255
1783123200000,2026-07-04 00:00:00,1758.83,1763.91,1757.46,1758.73,174.4103
1783125000000,2026-07-04 00:30:00,1759.36,1760.29,1756.5,1758.86,101.5518
1783126800000,2026-07-04 01:00:00,1758.85,1758.85,1746.44,1749.06,940.529
1783128600000,2026-07-04 01:30:00,1749.06,1750.61,1746.1,1748.15,78.6848
1783130400000,2026-07-04 02:00:00,1748.06,1749.88,1747.02,1747.64,79.4657
1783132200000,2026-07-04 02:30:00,1747.63,1750.83,1744.09,1749.31,153.2077
1783134000000,2026-07-04 03:00:00,1749.31,1813.83,1710.99,1748.75,282.1433
1783135800000,2026-07-04 03:30:00,1748.75,1756.29,1748.0,1753.9,178.6071
1783137600000,2026-07-04 04:00:00,1753.99,1757.01,1752.0,1754.25,240.8228
1783139400000,2026-07-04 04:30:00,1754.01,1764.04,1753.71,1761.98,252.6099
1783141200000,2026-07-04 05:00:00,1761.99,1761.99,1753.29,1754.98,186.8489
1783143000000,2026-07-04 05:30:00,1754.98,1759.51,1754.74,1755.99,163.8518
1783144800000,2026-07-04 06:00:00,1755.99,1761.06,1752.13,1754.22,192.5732
1783146600000,2026-07-04 06:30:00,1754.22,1756.88,1753.43,1754.78,206.229
1783148400000,2026-07-04 07:00:00,1754.78,1757.47,1752.87,1755.67,236.0515
1783150200000,2026-07-04 07:30:00,1755.67,1759.53,1754.41,1758.39,198.3494
1783152000000,2026-07-04 08:00:00,1758.4,1760.72,1757.65,1757.65,128.5649
1783153800000,2026-07-04 08:30:00,1757.65,1764.96,1757.39,1762.31,253.3886
1783155600000,2026-07-04 09:00:00,1762.31,1762.36,1758.97,1759.65,125.8075
1783157400000,2026-07-04 09:30:00,1759.72,1759.72,1755.0,1758.12,122.3018
1783159200000,2026-07-04 10:00:00,1758.12,1760.87,1757.13,1759.32,130.0238
1783161000000,2026-07-04 10:30:00,1759.41,1760.55,1757.51,1759.14,73.3068
1783162800000,2026-07-04 11:00:00,1759.14,1759.14,1756.38,1757.84,412.5974
1783164600000,2026-07-04 11:30:00,1757.83,1760.15,1757.53,1758.23,831.344
1783166400000,2026-07-04 12:00:00,1758.24,1763.4,1758.23,1763.19,246.3109
1783168200000,2026-07-04 12:30:00,1762.87,1765.89,1762.28,1764.12,189.09
1783170000000,2026-07-04 13:00:00,1764.12,1774.83,1762.01,1768.69,259.7391
1783171800000,2026-07-04 13:30:00,1768.69,1768.7,1761.98,1764.34,533.5001
1783173600000,2026-07-04 14:00:00,1764.05,1774.84,1763.95,1770.76,433.3621
1783175400000,2026-07-04 14:30:00,1771.06,2050.0,1768.36,1772.75,412.6302
1783177200000,2026-07-04 15:00:00,1772.22,1796.24,1772.22,1793.55,777.9773
1783179000000,2026-07-04 15:30:00,1793.55,1794.79,1789.2,1791.09,274.5563
1783180800000,2026-07-04 16:00:00,1791.09,1791.42,1440.0,1787.51,531.8906
1783182600000,2026-07-04 16:30:00,1787.51,1791.05,1786.39,1786.95,135.2148
1783184400000,2026-07-04 17:00:00,1786.82,1787.4,1779.23,1787.17,275.7468
1783186200000,2026-07-04 17:30:00,1787.21,2000.0,1787.21,1799.32,456.6568
1783188000000,2026-07-04 18:00:00,1799.31,1839.38,1795.55,1796.66,319.4486
1783189800000,2026-07-04 18:30:00,1796.66,1796.67,1709.44,1793.89,346.1606
1783191600000,2026-07-04 19:00:00,1793.63,1796.04,1788.99,1795.34,273.2495
1783193400000,2026-07-04 19:30:00,1795.35,1797.29,1791.41,1792.86,275.0855
1783195200000,2026-07-04 20:00:00,1792.84,1795.81,1784.02,1784.55,428.466
1783197000000,2026-07-04 20:30:00,1784.55,1805.37,1784.54,1787.09,210.9675
1783198800000,2026-07-04 21:00:00,1787.15,1793.11,1786.43,1792.64,130.2524
1783200600000,2026-07-04 21:30:00,1792.63,1794.25,1788.73,1789.26,117.9964
1783202400000,2026-07-04 22:00:00,1789.26,1789.3,1784.13,1785.15,149.6278
1783204200000,2026-07-04 22:30:00,1785.42,1786.22,1782.39,1784.44,63.9843
1783206000000,2026-07-04 23:00:00,1784.45,1785.42,1772.7,1778.87,180.8021
1783207800000,2026-07-04 23:30:00,1778.87,1782.72,1778.87,1780.63,78.1856
1783209600000,2026-07-05 00:00:00,1780.64,1780.75,1773.48,1775.17,154.4034
1783211400000,2026-07-05 00:30:00,1775.43,1776.7,1770.25,1772.71,144.0513
1783213200000,2026-07-05 01:00:00,1772.7,1774.63,1764.28,1768.48,231.366
1783215000000,2026-07-05 01:30:00,1768.71,1768.72,1762.0,1766.6,214.8679
1783216800000,2026-07-05 02:00:00,1766.75,1767.72,1757.39,1764.56,356.2339
1783218600000,2026-07-05 02:30:00,1764.55,1800.0,1500.0,1760.88,572.4597
1783220400000,2026-07-05 03:00:00,1760.87,1763.88,1758.09,1758.37,149.7999
1783222200000,2026-07-05 03:30:00,1758.73,1762.98,1758.58,1761.49,110.7587
1783224000000,2026-07-05 04:00:00,1761.49,1768.47,1760.13,1767.29,193.3427
1783225800000,2026-07-05 04:30:00,1767.24,1772.33,1767.08,1767.45,204.4485
1783227600000,2026-07-05 05:00:00,1767.45,1767.86,1763.58,1765.01,139.0699
1783229400000,2026-07-05 05:30:00,1764.98,1767.07,1760.63,1765.01,216.5008
1783231200000,2026-07-05 06:00:00,1765.01,1766.09,1762.37,1764.69,220.775
1783233000000,2026-07-05 06:30:00,1765.0,1767.6,1763.33,1764.89,180.3353
1783234800000,2026-07-05 07:00:00,1764.69,1765.52,1761.76,1763.09,160.2599
1783236600000,2026-07-05 07:30:00,1763.33,1772.35,1763.33,1770.4,205.0879
1783238400000,2026-07-05 08:00:00,1770.1,1772.68,1766.78,1767.49,304.0469
1783240200000,2026-07-05 08:30:00,1767.49,1770.33,1766.75,1768.52,238.922
1783242000000,2026-07-05 09:00:00,1768.52,1768.52,1761.01,1761.57,203.5774
1783243800000,2026-07-05 09:30:00,1761.53,1762.74,1750.78,1758.12,423.9686
1783245600000,2026-07-05 10:00:00,1757.95,1761.51,1755.23,1758.88,139.6905
1783247400000,2026-07-05 10:30:00,1758.88,1761.69,1758.55,1761.39,107.0681
1783249200000,2026-07-05 11:00:00,1761.39,1777.14,1758.99,1759.68,359.8443
1783251000000,2026-07-05 11:30:00,1758.93,1762.93,1758.7,1760.52,244.9341
1783252800000,2026-07-05 12:00:00,1760.52,1766.76,1756.15,1766.16,282.6537
1783254600000,2026-07-05 12:30:00,1766.16,1769.21,1764.09,1765.11,214.3338
1783256400000,2026-07-05 13:00:00,1765.13,1767.01,1762.13,1763.53,194.2386
1783258200000,2026-07-05 13:30:00,1763.54,1767.06,1762.69,1766.09,119.6176
1783260000000,2026-07-05 14:00:00,1766.1,1768.43,1448.29,1767.44,475.6435
1783261800000,2026-07-05 14:30:00,1767.44,1772.42,1765.25,1772.42,437.2058
1783263600000,2026-07-05 15:00:00,1772.56,2000.0,1480.0,1774.69,608.7988
1783265400000,2026-07-05 15:30:00,1774.69,1778.41,1770.53,1774.54,263.0424
1783267200000,2026-07-05 16:00:00,1774.67,1777.27,1771.43,1771.44,283.7673
1783269000000,2026-07-05 16:30:00,1771.43,1773.5,1770.58,1773.25,150.8691
1783270800000,2026-07-05 17:00:00,1773.59,1787.15,1772.99,1778.98,595.5114
1783272600000,2026-07-05 17:30:00,1778.99,1782.63,1776.51,1779.69,136.3622
1783274400000,2026-07-05 18:00:00,1779.68,1781.52,1778.28,1779.88,302.6663
1783276200000,2026-07-05 18:30:00,1779.49,1785.21,1777.56,1781.3,256.2126
1783278000000,2026-07-05 19:00:00,1781.3,1784.52,1777.76,1779.82,378.5757
1783279800000,2026-07-05 19:30:00,1779.82,1782.88,1779.4,1781.44,138.4139
1783281600000,2026-07-05 20:00:00,1781.43,1783.53,1776.36,1777.49,226.358
1783283400000,2026-07-05 20:30:00,1777.07,1778.2,1776.27,1777.11,140.7648
1783285200000,2026-07-05 21:00:00,1777.1,1781.52,1512.5,1780.79,678.8673
1783287000000,2026-07-05 21:30:00,1780.79,1792.63,1778.53,1786.93,451.147
1783288800000,2026-07-05 22:00:00,1786.93,2054.0,1501.91,1801.59,636.5569
1783290600000,2026-07-05 22:30:00,1802.1,1807.16,1786.3,1789.62,411.5545
1783292400000,2026-07-05 23:00:00,1789.62,1801.2,1506.34,1792.25,644.4906
1783294200000,2026-07-05 23:30:00,1791.28,1793.03,1783.05,1785.37,194.527
1783296000000,2026-07-06 00:00:00,1785.83,1789.61,1778.65,1778.65,505.0787
1783297800000,2026-07-06 00:30:00,1777.44,1793.46,1775.12,1793.3,342.1091
1783299600000,2026-07-06 01:00:00,1793.3,1795.13,1512.5,1789.66,467.5121
1783301400000,2026-07-06 01:30:00,1789.66,1798.9,1786.29,1786.37,440.556
1783303200000,2026-07-06 02:00:00,1786.37,1790.23,1780.87,1784.99,2022.8899
1783305000000,2026-07-06 02:30:00,1784.99,1787.85,1780.08,1784.52,364.5591
1783306800000,2026-07-06 03:00:00,1784.52,1784.98,1775.66,1777.07,281.8167
1783308600000,2026-07-06 03:30:00,1777.57,1780.05,1773.28,1779.86,356.2672
1783310400000,2026-07-06 04:00:00,1779.34,1782.27,1776.51,1778.07,166.3535
1783312200000,2026-07-06 04:30:00,1778.06,1784.26,1480.0,1777.82,437.5522
1783314000000,2026-07-06 05:00:00,1777.82,1778.05,1767.23,1768.2,369.301
1783315800000,2026-07-06 05:30:00,1768.21,1775.84,1765.8,1774.3,405.632
1783317600000,2026-07-06 06:00:00,1774.3,1775.19,1770.28,1772.64,434.3787
1783319400000,2026-07-06 06:30:00,1772.64,1774.71,1769.39,1769.79,415.108
1783321200000,2026-07-06 07:00:00,1769.79,1773.31,1767.01,1771.18,295.2951
1783323000000,2026-07-06 07:30:00,1771.08,1775.0,1768.88,1772.32,363.2301
1783324800000,2026-07-06 08:00:00,1772.32,1777.43,1771.08,1772.18,205.8724
1783326600000,2026-07-06 08:30:00,1771.77,1771.77,1763.75,1765.54,313.6141
1783328400000,2026-07-06 09:00:00,1765.54,1765.97,1761.39,1762.27,270.9584
1783330200000,2026-07-06 09:30:00,1762.26,1762.6,1755.96,1758.67,379.6868
1783332000000,2026-07-06 10:00:00,1758.68,1767.82,1758.35,1767.07,435.3364
1783333800000,2026-07-06 10:30:00,1767.09,1773.88,1766.61,1770.79,418.1123
1783335600000,2026-07-06 11:00:00,1770.78,1773.5,1767.77,1769.77,247.7369
1783337400000,2026-07-06 11:30:00,1769.02,1776.32,1761.13,1761.14,686.9453
1783339200000,2026-07-06 12:00:00,1761.13,1761.14,1462.45,1750.08,816.646
1783341000000,2026-07-06 12:30:00,1750.08,1752.54,1736.12,1741.3,683.8179
1783342800000,2026-07-06 13:00:00,1741.3,1741.3,1732.32,1734.95,466.891
1783344600000,2026-07-06 13:30:00,1734.95,1758.68,1730.7,1745.32,624.3256
1783346400000,2026-07-06 14:00:00,1745.31,1761.77,1742.24,1751.99,513.5351
1783348200000,2026-07-06 14:30:00,1752.0,1755.64,1745.74,1750.98,412.7199
1783350000000,2026-07-06 15:00:00,1751.57,2000.0,1751.56,1766.24,554.8374
1783351800000,2026-07-06 15:30:00,1766.24,1788.69,1760.17,1788.44,620.7181
1783353600000,2026-07-06 16:00:00,1788.44,1804.04,1783.2,1788.32,719.6805
1783355400000,2026-07-06 16:30:00,1788.67,1796.45,1788.67,1792.32,333.8334
1783357200000,2026-07-06 17:00:00,1792.33,1799.34,1789.3,1796.09,335.5602
1783359000000,2026-07-06 17:30:00,1796.09,1797.33,1787.53,1788.38,276.5721
1783360800000,2026-07-06 18:00:00,1788.27,1803.9,1787.08,1792.2,231.9436
1783362600000,2026-07-06 18:30:00,1792.45,1795.59,1791.12,1792.21,170.9898
1783364400000,2026-07-06 19:00:00,1792.57,1798.45,1791.45,1797.0,225.8545
1783366200000,2026-07-06 19:30:00,1796.86,1797.35,1792.77,1792.77,190.0474
1783368000000,2026-07-06 20:00:00,1792.77,1792.78,1787.26,1790.91,189.8625
1783369800000,2026-07-06 20:30:00,1790.9,1796.18,1790.9,1793.0,223.3409
1783371600000,2026-07-06 21:00:00,1793.0,1831.68,1512.5,1813.83,598.4423
1783373400000,2026-07-06 21:30:00,1813.22,1819.28,1807.9,1814.24,328.1117
1783375200000,2026-07-06 22:00:00,1814.43,1816.77,1809.16,1809.63,271.5553
1783377000000,2026-07-06 22:30:00,1809.71,1809.71,1804.93,1806.17,166.5323
1783378800000,2026-07-06 23:00:00,1806.36,1809.95,1802.52,1803.51,226.1138
1783380600000,2026-07-06 23:30:00,1803.63,1804.58,1797.78,1799.35,187.8637
1783382400000,2026-07-07 00:00:00,1799.36,1809.99,1796.15,1806.08,322.2224
1783384200000,2026-07-07 00:30:00,1806.09,1807.11,1799.22,1803.76,231.432
1783386000000,2026-07-07 01:00:00,1803.74,1803.75,1789.41,1793.16,657.6372
1783387800000,2026-07-07 01:30:00,1793.16,1805.46,1790.03,1792.51,444.179
1783389600000,2026-07-07 02:00:00,1792.51,1794.15,1780.32,1780.33,236.2486
1783391400000,2026-07-07 02:30:00,1780.32,1784.7,1777.04,1778.5,306.0607
1783393200000,2026-07-07 03:00:00,1778.57,1781.48,1773.42,1773.9,217.5798
1783395000000,2026-07-07 03:30:00,1773.9,1775.42,1769.66,1771.54,208.5861
1783396800000,2026-07-07 04:00:00,1771.55,1773.49,1769.08,1771.92,272.8281
1783398600000,2026-07-07 04:30:00,1771.37,1772.14,1762.97,1766.7,264.4602
1783400400000,2026-07-07 05:00:00,1766.52,1767.23,1757.84,1761.41,319.7395
1783402200000,2026-07-07 05:30:00,1762.13,1782.84,1762.13,1770.57,255.642
1783404000000,2026-07-07 06:00:00,1770.58,1773.91,1765.2,1771.21,378.9991
1783405800000,2026-07-07 06:30:00,1769.91,1781.85,1769.83,1779.1,340.962
1783407600000,2026-07-07 07:00:00,1779.11,1782.39,1714.55,1778.31,334.1493
1783409400000,2026-07-07 07:30:00,1778.31,1778.94,1771.11,1771.32,426.9341
1783411200000,2026-07-07 08:00:00,1771.18,1775.06,1768.71,1771.84,372.1349
1783413000000,2026-07-07 08:30:00,1772.13,1772.28,1768.37,1771.0,444.8116
1783414800000,2026-07-07 09:00:00,1770.87,1774.49,1768.91,1773.25,277.8424
1783416600000,2026-07-07 09:30:00,1773.71,1781.43,1773.14,1778.36,209.2955
1783418400000,2026-07-07 10:00:00,1778.15,1783.96,1778.0,1779.77,183.7453
1783420200000,2026-07-07 10:30:00,1779.76,1779.76,1774.43,1775.78,278.1008
1783422000000,2026-07-07 11:00:00,1775.79,1778.89,1772.05,1777.14,211.5416
1783423800000,2026-07-07 11:30:00,1777.13,1836.36,1775.31,1780.6,331.0555
1783425600000,2026-07-07 12:00:00,1780.78,1794.4,1780.41,1791.26,315.467
1783427400000,2026-07-07 12:30:00,1791.13,1791.15,1781.52,1781.81,178.1987
1783429200000,2026-07-07 13:00:00,1781.97,1783.28,1770.09,1771.26,371.6523
1783431000000,2026-07-07 13:30:00,1771.27,1780.74,1766.6,1769.11,731.1906
1783432800000,2026-07-07 14:00:00,1769.11,1782.21,1763.87,1770.96,691.8812
1783434600000,2026-07-07 14:30:00,1770.96,1793.62,1762.01,1789.8,728.1022
1783436400000,2026-07-07 15:00:00,1789.79,1793.99,1783.16,1792.66,409.0048
1783438200000,2026-07-07 15:30:00,1792.67,1802.71,1791.59,1797.46,385.4688
1783440000000,2026-07-07 16:00:00,1797.46,1804.97,1793.15,1802.53,398.3248
1783441800000,2026-07-07 16:30:00,1802.53,1811.23,1798.99,1802.01,537.2622
1783443600000,2026-07-07 17:00:00,1801.77,1806.81,1799.0,1806.3,237.5895
1783445400000,2026-07-07 17:30:00,1806.0,1810.37,1804.25,1810.15,271.6882
1783447200000,2026-07-07 18:00:00,1809.99,1809.99,1800.5,1800.98,217.8233
1783449000000,2026-07-07 18:30:00,1800.5,1804.94,1786.46,1786.46,363.6454
1783450800000,2026-07-07 19:00:00,1786.45,1788.81,1773.76,1783.24,527.0001
1783452600000,2026-07-07 19:30:00,1783.23,1791.63,1783.23,1789.65,210.3797
1783454400000,2026-07-07 20:00:00,1789.74,1792.91,1786.33,1787.41,228.5339
1783456200000,2026-07-07 20:30:00,1787.47,1787.67,1781.39,1784.12,236.0647
1783458000000,2026-07-07 21:00:00,1784.13,1788.59,1775.78,1778.26,320.8631
1783459800000,2026-07-07 21:30:00,1778.26,1778.26,1772.31,1773.84,215.1156
1783461600000,2026-07-07 22:00:00,1773.83,1777.02,1765.63,1772.16,449.1469
1783463400000,2026-07-07 22:30:00,1772.31,1778.56,1771.83,1775.56,146.1213
1783465200000,2026-07-07 23:00:00,1774.76,1780.56,1774.75,1779.84,124.32
1783467000000,2026-07-07 23:30:00,1779.99,1780.69,1768.6,1768.77,135.3589
1783468800000,2026-07-08 00:00:00,1768.77,1781.76,1768.76,1778.98,286.6604
1783470600000,2026-07-08 00:30:00,1778.98,1783.39,1480.0,1779.71,792.0634
1783472400000,2026-07-08 01:00:00,1779.9,1780.75,1773.2,1773.2,205.3435
1783474200000,2026-07-08 01:30:00,1773.13,1773.13,1750.4,1756.0,428.2261
1783476000000,2026-07-08 02:00:00,1756.09,1756.9,1749.41,1752.4,319.3816
1783477800000,2026-07-08 02:30:00,1752.4,1759.33,1742.61,1757.62,333.4737
1783479600000,2026-07-08 03:00:00,1757.62,1763.48,1757.62,1763.39,205.5407
1783481400000,2026-07-08 03:30:00,1763.44,1763.45,1749.86,1751.28,198.2947
1783483200000,2026-07-08 04:00:00,1751.28,1757.99,1749.71,1756.98,202.0805
1783485000000,2026-07-08 04:30:00,1757.07,1757.99,1752.03,1756.5,219.4453
1783486800000,2026-07-08 05:00:00,1756.51,1759.69,1754.47,1755.45,216.6472
1783488600000,2026-07-08 05:30:00,1755.77,1756.09,1750.65,1753.71,205.7129
1783490400000,2026-07-08 06:00:00,1754.14,1754.21,1750.05,1751.52,193.8308
1783492200000,2026-07-08 06:30:00,1751.41,1754.53,1746.35,1751.44,251.9976
1783494000000,2026-07-08 07:00:00,1751.81,1753.21,1745.61,1752.83,235.8749
1783495800000,2026-07-08 07:30:00,1753.2,1757.4,1752.48,1756.73,289.6678
1783497600000,2026-07-08 08:00:00,1756.73,1758.43,1731.14,1731.14,622.4671
1783499400000,2026-07-08 08:30:00,1731.15,1742.31,1726.25,1734.72,479.2901
1783501200000,2026-07-08 09:00:00,1735.31,1737.55,1729.9,1735.18,367.2553
1783503000000,2026-07-08 09:30:00,1735.18,1740.76,1735.09,1735.83,305.861
1783504800000,2026-07-08 10:00:00,1736.06,1739.39,1732.89,1739.39,237.5773
1783506600000,2026-07-08 10:30:00,1739.3,1741.67,1738.57,1738.63,297.008
1783508400000,2026-07-08 11:00:00,1739.34,1740.24,1736.03,1738.1,318.0154
1783510200000,2026-07-08 11:30:00,1738.57,1836.8,1736.5,1747.8,396.5166
1783512000000,2026-07-08 12:00:00,1747.95,1751.03,1745.65,1746.54,326.6498
1783513800000,2026-07-08 12:30:00,1747.62,1747.8,1738.29,1738.44,255.6059
1783515600000,2026-07-08 13:00:00,1738.44,1742.92,1733.89,1735.44,428.4411
1783517400000,2026-07-08 13:30:00,1736.3,1744.25,1732.27,1737.61,520.2453
1783519200000,2026-07-08 14:00:00,1737.61,1740.51,1726.68,1732.83,484.4921
1783521000000,2026-07-08 14:30:00,1732.83,1733.29,1723.66,1729.13,409.8739
1783522800000,2026-07-08 15:00:00,1729.62,1730.37,1713.72,1718.73,448.7047
1783524600000,2026-07-08 15:30:00,1718.72,1723.94,1716.69,1723.26,376.1943
1783526400000,2026-07-08 16:00:00,1723.12,1733.05,1722.96,1731.51,530.8664
1783528200000,2026-07-08 16:30:00,1731.22,1738.05,1727.12,1736.14,361.7354
1783530000000,2026-07-08 17:00:00,1736.39,1742.96,1732.92,1742.96,269.126
1783531800000,2026-07-08 17:30:00,1742.96,1746.34,1731.2,1732.77,274.3904
1783533600000,2026-07-08 18:00:00,1732.77,1740.26,1732.75,1737.03,297.9204
1783535400000,2026-07-08 18:30:00,1737.0,1741.2,1730.03,1737.46,243.0085
1783537200000,2026-07-08 19:00:00,1737.46,1740.05,1733.88,1738.17,211.6887
1783539000000,2026-07-08 19:30:00,1738.17,1741.43,1734.23,1741.29,241.6051
1783540800000,2026-07-08 20:00:00,1740.98,1740.99,1734.71,1739.35,194.3043
1783542600000,2026-07-08 20:30:00,1739.35,1739.4,1734.93,1736.58,157.0124
1783544400000,2026-07-08 21:00:00,1736.34,1737.42,1731.55,1734.48,194.961
1783546200000,2026-07-08 21:30:00,1735.59,1739.8,1733.78,1738.35,143.3408
1783548000000,2026-07-08 22:00:00,1738.07,1960.0,1736.83,1739.65,327.9371
1783549800000,2026-07-08 22:30:00,1740.38,1741.29,1738.39,1741.29,99.665
1783551600000,2026-07-08 23:00:00,1741.48,1743.37,1739.66,1740.45,91.6697
1783553400000,2026-07-08 23:30:00,1740.55,1744.49,1739.22,1743.9,99.302
1783555200000,2026-07-09 00:00:00,1743.55,1748.31,1736.52,1741.97,416.4548
1783557000000,2026-07-09 00:30:00,1741.96,1744.12,1736.98,1738.12,202.1976
1783558800000,2026-07-09 01:00:00,1738.12,1753.45,1738.01,1746.81,332.9208
1783560600000,2026-07-09 01:30:00,1746.66,1747.23,1731.03,1732.01,303.6312
1783562400000,2026-07-09 02:00:00,1732.0,1739.1,1729.63,1734.91,269.4001
1783564200000,2026-07-09 02:30:00,1735.45,1735.45,1723.83,1727.31,202.0175
1783566000000,2026-07-09 03:00:00,1727.31,1729.93,1722.56,1728.74,303.4363
1783567800000,2026-07-09 03:30:00,1728.75,1734.14,1727.76,1730.49,132.0198
1783569600000,2026-07-09 04:00:00,1730.71,1734.0,1730.7,1733.29,293.0674
1783571400000,2026-07-09 04:30:00,1733.65,1743.19,1733.65,1742.71,257.6167
1783573200000,2026-07-09 05:00:00,1742.71,1747.75,1738.51,1739.04,267.4897
1783575000000,2026-07-09 05:30:00,1739.34,1749.23,1737.76,1749.23,184.5603
1783576800000,2026-07-09 06:00:00,1749.39,1755.05,1746.58,1752.28,273.4165
1783578600000,2026-07-09 06:30:00,1752.93,1755.36,1751.64,1754.42,227.9838
1783580400000,2026-07-09 07:00:00,1755.26,1761.01,1750.69,1752.81,190.552
1783582200000,2026-07-09 07:30:00,1752.81,1759.34,1751.12,1753.36,220.4857
1783584000000,2026-07-09 08:00:00,1753.3,1758.05,1751.03,1757.97,236.3349
1783585800000,2026-07-09 08:30:00,1757.98,1758.39,1753.43,1754.35,547.9394
1783587600000,2026-07-09 09:00:00,1754.46,1754.92,1751.44,1753.59,561.9047
1783589400000,2026-07-09 09:30:00,1753.65,1756.51,1749.47,1755.78,298.3414
1783591200000,2026-07-09 10:00:00,1755.59,1757.33,1752.38,1752.55,208.1011
1783593000000,2026-07-09 10:30:00,1752.69,1754.47,1744.48,1746.34,254.7124
1783594800000,2026-07-09 11:00:00,1746.34,1748.4,1741.6,1742.51,205.9395
1783596600000,2026-07-09 11:30:00,1742.5,1745.23,1741.54,1744.24,141.6412
1783598400000,2026-07-09 12:00:00,1744.23,1745.45,1739.2,1741.44,200.1258
1783600200000,2026-07-09 12:30:00,1741.16,1746.52,1735.31,1741.99,330.0814
1783602000000,2026-07-09 13:00:00,1741.81,1749.9,1741.8,1743.84,454.3333
1783603800000,2026-07-09 13:30:00,1743.92,1750.19,1737.32,1747.19,472.9829
1783605600000,2026-07-09 14:00:00,1747.19,1750.25,1726.53,1740.05,352.0901
1783607400000,2026-07-09 14:30:00,1740.05,1743.88,1736.66,1743.33,354.9555
1783609200000,2026-07-09 15:00:00,1743.34,1748.3,1443.19,1742.75,394.7061
1783611000000,2026-07-09 15:30:00,1742.91,1745.43,1737.99,1739.94,201.2607
1783612800000,2026-07-09 16:00:00,1739.51,1743.83,1732.35,1734.88,229.9821
1783614600000,2026-07-09 16:30:00,1735.78,1740.24,1735.26,1739.17,177.4919
1783616400000,2026-07-09 17:00:00,1739.02,1744.41,1738.78,1742.42,210.2815
1783618200000,2026-07-09 17:30:00,1742.43,1752.5,1740.47,1748.53,229.6002
1783620000000,2026-07-09 18:00:00,1748.53,1766.66,1714.02,1754.2,348.8479
1783621800000,2026-07-09 18:30:00,1754.73,1754.82,1749.76,1751.56,181.4151
1783623600000,2026-07-09 19:00:00,1751.55,1751.7,1747.32,1749.95,132.8249
1783625400000,2026-07-09 19:30:00,1749.86,1752.76,1747.62,1748.21,160.7051
1783627200000,2026-07-09 20:00:00,1748.22,1749.61,1745.61,1748.07,194.8042
1783629000000,2026-07-09 20:30:00,1748.07,1750.36,1747.18,1748.89,116.7451
1783630800000,2026-07-09 21:00:00,1748.77,1750.96,1746.15,1746.15,156.157
1783632600000,2026-07-09 21:30:00,1746.27,1748.57,1745.56,1748.3,150.3425
1783634400000,2026-07-09 22:00:00,1748.17,1750.79,1747.35,1749.54,311.0745
1783636200000,2026-07-09 22:30:00,1749.25,1751.03,1746.4,1747.85,160.4134
1783638000000,2026-07-09 23:00:00,1747.68,1749.07,1742.43,1747.99,589.5294
1783639800000,2026-07-09 23:30:00,1747.99,1752.52,1745.4,1745.4,418.3937
1783641600000,2026-07-10 00:00:00,1745.4,1746.41,1740.51,1741.37,198.5838
1783643400000,2026-07-10 00:30:00,1741.37,1743.68,1738.15,1742.76,212.2983
1783645200000,2026-07-10 01:00:00,1742.75,1751.69,1738.25,1750.62,223.267
1783647000000,2026-07-10 01:30:00,1750.62,1777.11,1748.25,1766.88,427.6971
1783648800000,2026-07-10 02:00:00,1766.88,1770.3,1753.77,1766.92,409.8011
1783650600000,2026-07-10 02:30:00,1766.91,1774.51,1765.77,1773.11,242.186
1783652400000,2026-07-10 03:00:00,1773.11,1773.42,1769.65,1770.53,236.5004
1783654200000,2026-07-10 03:30:00,1770.52,1779.36,1769.47,1775.38,222.9323
1783656000000,2026-07-10 04:00:00,1775.41,1780.03,1774.0,1774.0,171.4451
1783657800000,2026-07-10 04:30:00,1774.0,1777.95,1772.02,1774.59,145.9335
1783659600000,2026-07-10 05:00:00,1774.74,1775.0,1772.56,1773.77,108.5547
1783661400000,2026-07-10 05:30:00,1774.11,1779.29,1773.1,1778.84,238.127
1783663200000,2026-07-10 06:00:00,1779.29,1779.88,1718.57,1770.54,267.3051
1783665000000,2026-07-10 06:30:00,1770.54,1774.18,1770.54,1770.85,78.0007
1783666800000,2026-07-10 07:00:00,1770.89,1777.26,1768.83,1776.03,139.4896
1783668600000,2026-07-10 07:30:00,1776.02,1776.03,1771.49,1773.27,65.9115
1783670400000,2026-07-10 08:00:00,1773.56,1790.77,1772.63,1785.81,225.1203
1783672200000,2026-07-10 08:30:00,1785.81,1789.2,1783.39,1783.99,161.1633
1783674000000,2026-07-10 09:00:00,1783.99,1788.61,1781.45,1788.6,206.3254
1783675800000,2026-07-10 09:30:00,1788.61,1794.43,1788.61,1792.68,354.0935
1783677600000,2026-07-10 10:00:00,1792.68,1800.81,1789.47,1800.81,385.9857
1783679400000,2026-07-10 10:30:00,1800.81,1802.21,1796.53,1797.0,156.0457
1783681200000,2026-07-10 11:00:00,1797.03,1801.78,1796.36,1797.5,167.1718
1783683000000,2026-07-10 11:30:00,1797.51,1803.05,1794.4,1801.17,216.3771
1783684800000,2026-07-10 12:00:00,1801.17,1806.65,1798.42,1801.27,189.0886
1783686600000,2026-07-10 12:30:00,1800.51,1801.0,1793.35,1794.55,187.2549
1783688400000,2026-07-10 13:00:00,1794.32,1798.75,1793.94,1795.44,271.4185
1783690200000,2026-07-10 13:30:00,1795.27,1810.8,1795.2,1804.51,421.7266
1783692000000,2026-07-10 14:00:00,1804.19,1804.33,1780.38,1789.24,446.3463
1783693800000,2026-07-10 14:30:00,1789.23,1794.11,1778.6,1784.57,446.4346
1783695600000,2026-07-10 15:00:00,1785.06,1796.44,1784.82,1793.26,343.4836
1783697400000,2026-07-10 15:30:00,1794.02,1794.04,1787.08,1790.78,217.1551
1783699200000,2026-07-10 16:00:00,1790.68,1796.15,1788.29,1791.26,213.5887
1783701000000,2026-07-10 16:30:00,1791.02,1799.19,1786.25,1797.92,293.3897
1783702800000,2026-07-10 17:00:00,1797.93,1798.5,1789.71,1793.55,217.4058
1783704600000,2026-07-10 17:30:00,1793.55,1793.55,1788.03,1788.03,286.57
1783706400000,2026-07-10 18:00:00,1788.03,1793.22,1787.7,1790.14,282.7099
1783708200000,2026-07-10 18:30:00,1789.41,1789.82,1781.9,1784.81,285.6311
1783710000000,2026-07-10 19:00:00,1784.81,1789.21,1784.21,1788.4,196.9472
1783711800000,2026-07-10 19:30:00,1788.19,1796.9,1788.19,1791.92,261.143
1783713600000,2026-07-10 20:00:00,1791.92,1794.11,1789.7,1791.66,181.8601
1783715400000,2026-07-10 20:30:00,1791.66,1806.43,1790.13,1790.13,111.812
1783717200000,2026-07-10 21:00:00,1789.88,1793.35,1789.87,1793.35,98.8441
1783719000000,2026-07-10 21:30:00,1793.37,1796.99,1793.37,1794.41,156.6118
1783720800000,2026-07-10 22:00:00,1794.41,1796.4,1792.96,1794.95,130.2315
1783722600000,2026-07-10 22:30:00,1795.21,1796.61,1793.57,1795.38,156.367
1783724400000,2026-07-10 23:00:00,1795.38,2055.26,1782.13,1796.27,697.6359
1783726200000,2026-07-10 23:30:00,1796.26,1797.42,1795.4,1796.86,93.3721
1783728000000,2026-07-11 00:00:00,1796.86,1797.18,1791.0,1793.65,267.8293
1783729800000,2026-07-11 00:30:00,1793.64,1794.23,1790.11,1793.47,154.3655
1783731600000,2026-07-11 01:00:00,1793.51,1798.78,1792.02,1796.41,171.7956
1783733400000,2026-07-11 01:30:00,1796.17,1797.33,1788.58,1789.21,223.943
1783735200000,2026-07-11 02:00:00,1789.2,1791.95,1788.17,1791.8,98.772
1783737000000,2026-07-11 02:30:00,1791.73,1796.14,1791.44,1795.69,80.9181
1783738800000,2026-07-11 03:00:00,1795.68,1797.3,1793.54,1795.09,95.1891
1783740600000,2026-07-11 03:30:00,1795.16,1798.2,1794.86,1796.9,75.2107
1783742400000,2026-07-11 04:00:00,1796.76,1798.22,1795.76,1796.85,103.4243
1783744200000,2026-07-11 04:30:00,1796.85,1800.18,1795.96,1796.25,127.2972
1783746000000,2026-07-11 05:00:00,1796.24,1800.18,1795.08,1798.88,105.3846
1783747800000,2026-07-11 05:30:00,1798.96,1801.52,1797.87,1799.45,82.3925
1783749600000,2026-07-11 06:00:00,1799.45,1803.01,1795.76,1799.96,98.4792
1783751400000,2026-07-11 06:30:00,1799.96,1802.4,1798.84,1799.31,62.1889
1783753200000,2026-07-11 07:00:00,1799.05,1801.99,1798.31,1801.14,53.0649
1783755000000,2026-07-11 07:30:00,1801.05,1801.82,1799.35,1800.0,68.9957
1783756800000,2026-07-11 08:00:00,1799.99,1802.0,1799.65,1801.63,79.9003
1783758600000,2026-07-11 08:30:00,1801.32,1803.37,1800.52,1801.26,44.3177
1783760400000,2026-07-11 09:00:00,1801.48,1802.42,1798.15,1799.8,110.2111
1783762200000,2026-07-11 09:30:00,1799.8,1800.85,1795.31,1795.89,190.0028
1783764000000,2026-07-11 10:00:00,1795.89,1798.28,1795.23,1798.2,181.206
1783765800000,2026-07-11 10:30:00,1798.21,1799.27,1796.75,1798.29,92.6283
1783767600000,2026-07-11 11:00:00,1798.3,1799.36,1797.2,1799.14,92.1944
1783769400000,2026-07-11 11:30:00,1799.04,1800.91,1799.04,1800.35,98.4606
1783771200000,2026-07-11 12:00:00,1800.48,1801.11,1798.65,1800.31,118.5488
1783773000000,2026-07-11 12:30:00,1800.05,1801.07,1798.58,1800.09,90.2952
1783774800000,2026-07-11 13:00:00,1800.1,1802.57,1799.15,1801.7,115.5104
1783776600000,2026-07-11 13:30:00,1801.78,1806.2,1801.5,1802.62,110.9358
1783778400000,2026-07-11 14:00:00,1802.62,1807.18,1802.61,1805.95,253.2453
1783780200000,2026-07-11 14:30:00,1805.95,1816.19,1805.95,1810.71,354.8223
1783782000000,2026-07-11 15:00:00,1810.9,1840.22,1810.89,1824.13,377.0073
1783783800000,2026-07-11 15:30:00,1824.26,1824.41,1809.21,1814.57,416.1529
1783785600000,2026-07-11 16:00:00,1814.82,1820.01,1811.13,1820.0,307.9418
1783787400000,2026-07-11 16:30:00,1820.0,1823.74,1816.51,1822.68,353.6383
1783789200000,2026-07-11 17:00:00,1823.19,1823.71,1818.45,1822.63,139.0652
1783791000000,2026-07-11 17:30:00,1822.63,1828.93,1822.51,1824.37,192.9208
1783792800000,2026-07-11 18:00:00,1824.63,1828.39,1823.91,1826.04,185.1102
1783794600000,2026-07-11 18:30:00,1826.04,1828.87,1824.43,1826.4,179.565
1783796400000,2026-07-11 19:00:00,1826.4,1826.73,1818.99,1820.16,304.4828
1783798200000,2026-07-11 19:30:00,1820.17,1824.43,1819.1,1824.39,267.9817
1783800000000,2026-07-11 20:00:00,1824.38,1825.86,1824.04,1825.55,93.273
1783801800000,2026-07-11 20:30:00,1826.05,1828.57,1825.41,1826.18,213.6796
1783803600000,2026-07-11 21:00:00,1825.97,1829.17,1825.44,1825.76,227.7852
1783805400000,2026-07-11 21:30:00,1825.86,1835.59,1822.8,1824.14,92.3741
1783807200000,2026-07-11 22:00:00,1823.96,1827.25,1811.11,1813.91,298.2589
1783809000000,2026-07-11 22:30:00,1813.91,1817.19,1812.24,1813.72,389.2682
1783810800000,2026-07-11 23:00:00,1813.72,1815.86,1793.44,1795.59,487.0898
1783812600000,2026-07-11 23:30:00,1795.72,1795.79,1786.77,1787.77,502.0409
1783814400000,2026-07-12 00:00:00,1787.77,1790.47,1783.09,1787.64,424.2391
1783816200000,2026-07-12 00:30:00,1787.64,1790.67,1779.75,1788.57,463.3052
1783818000000,2026-07-12 01:00:00,1788.78,1801.37,1788.41,1800.92,639.9396
1783819800000,2026-07-12 01:30:00,1800.9,1808.3,1800.47,1806.69,742.1056
1783821600000,2026-07-12 02:00:00,1806.69,1807.54,1802.97,1805.45,530.7954
1783823400000,2026-07-12 02:30:00,1805.46,1806.84,1804.36,1805.67,227.7807
1783825200000,2026-07-12 03:00:00,1805.67,1807.99,1803.09,1806.89,148.4458
1783827000000,2026-07-12 03:30:00,1807.12,1812.17,1807.11,1811.43,211.5157
1783828800000,2026-07-12 04:00:00,1811.53,1812.62,1808.23,1809.8,163.8446
1783830600000,2026-07-12 04:30:00,1809.76,1810.25,1804.34,1805.91,365.5214
1783832400000,2026-07-12 05:00:00,1805.92,1807.15,1801.36,1801.6,163.3155
1783834200000,2026-07-12 05:30:00,1801.61,1805.8,1801.32,1803.26,184.424
1783836000000,2026-07-12 06:00:00,1803.26,1803.26,1790.02,1790.85,418.6037
1783837800000,2026-07-12 06:30:00,1790.9,1795.9,1790.05,1795.13,261.206
1783839600000,2026-07-12 07:00:00,1795.14,1798.89,1794.21,1796.9,200.1939
1783841400000,2026-07-12 07:30:00,1796.9,1798.92,1796.5,1798.64,149.7362
1783843200000,2026-07-12 08:00:00,1798.64,1808.72,1798.64,1804.13,343.9947
1783845000000,2026-07-12 08:30:00,1803.9,1805.7,1803.55,1805.21,123.701
1783846800000,2026-07-12 09:00:00,1805.21,1805.98,1796.92,1799.59,239.3619
1783848600000,2026-07-12 09:30:00,1799.67,1804.36,1799.61,1802.29,228.252
1783850400000,2026-07-12 10:00:00,1802.4,1802.57,1799.83,1801.13,261.5518
1783852200000,2026-07-12 10:30:00,1800.77,1801.64,1799.02,1799.61,210.1215
1783854000000,2026-07-12 11:00:00,1799.74,1800.99,1796.64,1800.42,221.5959
1783855800000,2026-07-12 11:30:00,1800.82,1806.77,1800.82,1803.77,90.5628
1783857600000,2026-07-12 12:00:00,1803.77,1807.74,1803.0,1807.46,129.8341
1783859400000,2026-07-12 12:30:00,1807.46,1808.7,1805.19,1807.22,211.3577
1783861200000,2026-07-12 13:00:00,1806.83,1809.2,1785.07,1807.6,191.8699
1783863000000,2026-07-12 13:30:00,1807.66,1808.97,1805.53,1806.05,202.795
1783864800000,2026-07-12 14:00:00,1805.96,1807.0,1804.22,1805.58,156.9794
1783866600000,2026-07-12 14:30:00,1805.59,1822.0,1805.59,1819.66,237.0192
1783868400000,2026-07-12 15:00:00,1819.5,1825.6,1816.57,1825.59,440.9285
1783870200000,2026-07-12 15:30:00,1825.6,1826.25,1819.23,1820.93,419.8264
1783872000000,2026-07-12 16:00:00,1820.93,1835.69,1817.6,1822.92,632.1198
1783873800000,2026-07-12 16:30:00,1822.67,1822.77,1819.13,1822.0,365.0573
1783875600000,2026-07-12 17:00:00,1822.0,1822.54,1818.69,1818.73,267.4733
1783877400000,2026-07-12 17:30:00,1818.72,1822.3,1815.47,1818.51,295.5816
1783879200000,2026-07-12 18:00:00,1818.51,1821.0,1815.26,1819.08,308.5928
1783881000000,2026-07-12 18:30:00,1819.08,1822.34,1818.73,1821.42,208.637
1783882800000,2026-07-12 19:00:00,1821.41,1822.8,1820.4,1821.61,252.4225
1783884600000,2026-07-12 19:30:00,1821.69,1822.68,1818.74,1821.22,328.5293
1783886400000,2026-07-12 20:00:00,1821.4,1822.3,1818.81,1819.89,268.4815
1783888200000,2026-07-12 20:30:00,1819.9,1823.58,1818.8,1821.04,340.7361
1783890000000,2026-07-12 21:00:00,1821.18,1823.63,1813.95,1815.24,584.0692
1783891800000,2026-07-12 21:30:00,1815.24,1835.69,1808.39,1812.28,995.5484
1783893600000,2026-07-12 22:00:00,1812.28,1835.69,1797.99,1802.2,1064.9478
1783895400000,2026-07-12 22:30:00,1802.39,1806.58,1798.0,1805.06,436.3278
1783897200000,2026-07-12 23:00:00,1805.05,1805.33,1801.44,1804.68,205.515
1783899000000,2026-07-12 23:30:00,1804.67,1808.86,1804.35,1806.79,315.8286
1783900800000,2026-07-13 00:00:00,1806.8,2057.9,1804.42,1831.82,953.7507
1783902600000,2026-07-13 00:30:00,1831.86,1832.74,1803.9,1826.6,654.1576
1783904400000,2026-07-13 01:00:00,1826.6,1829.94,1815.01,1816.93,548.9685
1783906200000,2026-07-13 01:30:00,1816.75,1820.38,1805.93,1807.29,521.8658
1783908000000,2026-07-13 02:00:00,1806.84,1811.46,1790.4,1810.13,359.0634
1783909800000,2026-07-13 02:30:00,1810.13,1814.66,1806.6,1807.3,286.1628
1783911600000,2026-07-13 03:00:00,1807.0,1807.01,1785.71,1795.41,452.0303
1783913400000,2026-07-13 03:30:00,1795.22,1795.22,1775.68,1780.51,483.1091
1783915200000,2026-07-13 04:00:00,1780.5,1785.16,1776.53,1785.15,194.1691
1783917000000,2026-07-13 04:30:00,1784.86,1784.86,1778.51,1778.51,106.6495
1783918800000,2026-07-13 05:00:00,1778.88,1786.43,1776.11,1779.34,246.9289
1783920600000,2026-07-13 05:30:00,1779.41,1784.46,1775.52,1781.16,167.7908
1783922400000,2026-07-13 06:00:00,1781.64,1783.41,1776.23,1779.57,125.0409
1783924200000,2026-07-13 06:30:00,1779.58,1780.7,1776.12,1777.6,127.3578
1783926000000,2026-07-13 07:00:00,1777.85,1788.13,1776.45,1787.34,238.009
1783927800000,2026-07-13 07:30:00,1787.41,1790.9,1785.72,1787.26,158.2207
1783929600000,2026-07-13 08:00:00,1787.48,1789.33,1784.05,1786.47,245.9555
1783931400000,2026-07-13 08:30:00,1786.47,1793.52,1784.48,1790.13,182.6358
1783933200000,2026-07-13 09:00:00,1790.18,1790.18,1785.86,1787.49,107.905
1783935000000,2026-07-13 09:30:00,1787.5,1787.85,1785.4,1785.8,50.1165
1783936800000,2026-07-13 10:00:00,1786.2,1786.89,1781.34,1781.72,90.8964
1783938600000,2026-07-13 10:30:00,1782.22,1784.19,1777.62,1779.29,129.1284
1783940400000,2026-07-13 11:00:00,1779.43,1784.8,1779.43,1782.25,176.8449
1783942200000,2026-07-13 11:30:00,1782.17,1783.7,1780.7,1780.74,102.934
1783944000000,2026-07-13 12:00:00,1780.74,1782.88,1776.97,1776.97,288.7401
1783945800000,2026-07-13 12:30:00,1776.98,1778.29,1768.8,1772.03,297.9514
1783947600000,2026-07-13 13:00:00,1772.33,1773.31,1765.59,1769.47,240.9236
1783949400000,2026-07-13 13:30:00,1769.47,1776.31,1764.36,1771.31,526.2922
1783951200000,2026-07-13 14:00:00,1771.3,1775.6,1766.29,1771.85,492.6766
1783953000000,2026-07-13 14:30:00,1771.85,1781.84,1769.82,1781.84,294.9199
1783954800000,2026-07-13 15:00:00,1781.73,1786.11,1777.65,1783.18,192.6391
1783956600000,2026-07-13 15:30:00,1782.73,1783.07,1775.69,1776.75,186.3588
1783958400000,2026-07-13 16:00:00,1777.0,1780.11,1771.37,1772.44,166.5617
1783960200000,2026-07-13 16:30:00,1772.43,1776.0,1767.56,1771.96,210.6751
1783962000000,2026-07-13 17:00:00,1772.04,1775.65,1770.1,1771.32,154.0861
1783963800000,2026-07-13 17:30:00,1771.53,1772.31,1753.93,1753.93,348.7735
1783965600000,2026-07-13 18:00:00,1753.76,1760.56,1751.99,1758.55,268.4717
1783967400000,2026-07-13 18:30:00,1758.55,1767.16,1757.38,1764.44,189.8886
1783969200000,2026-07-13 19:00:00,1764.9,1768.51,1764.54,1765.04,381.6715
1783971000000,2026-07-13 19:30:00,1765.15,1775.01,1765.15,1775.01,422.5809
1783972800000,2026-07-13 20:00:00,1774.92,1776.3,1765.13,1769.96,456.7274
1783974600000,2026-07-13 20:30:00,1769.95,1769.99,1762.76,1767.53,325.6
1783976400000,2026-07-13 21:00:00,1767.53,1787.7,1757.22,1760.84,1203.7656
1783978200000,2026-07-13 21:30:00,1760.58,1762.0,1753.83,1761.41,227.2505
1783980000000,2026-07-13 22:00:00,1761.41,1768.45,1761.41,1766.06,151.2458
1783981800000,2026-07-13 22:30:00,1766.06,1766.82,1756.41,1758.39,129.047
1783983600000,2026-07-13 23:00:00,1758.39,1770.79,1756.77,1767.51,257.6759
1783985400000,2026-07-13 23:30:00,1767.52,1777.99,1765.99,1776.79,496.7779
1783987200000,2026-07-14 00:00:00,1776.8,1780.83,1773.88,1778.99,893.1291
1783989000000,2026-07-14 00:30:00,1779.0,1788.04,1778.86,1785.34,744.6879
1783990800000,2026-07-14 01:00:00,1785.34,1802.51,1784.14,1787.64,812.6047
1783992600000,2026-07-14 01:30:00,1787.65,1787.95,1783.54,1784.81,682.201
1783994400000,2026-07-14 02:00:00,1784.8,1788.77,1774.95,1777.91,769.8419
1783996200000,2026-07-14 02:30:00,1777.91,1786.03,1777.91,1782.49,626.4066
1783998000000,2026-07-14 03:00:00,1782.5,1783.96,1774.75,1779.79,382.193
1783999800000,2026-07-14 03:30:00,1779.79,1783.87,1779.01,1783.87,128.8734
1784001600000,2026-07-14 04:00:00,1783.88,1788.69,1782.25,1787.5,472.6288
1784003400000,2026-07-14 04:30:00,1787.53,1789.77,1784.62,1785.93,382.6715
1784005200000,2026-07-14 05:00:00,1785.46,1792.21,1784.53,1790.7,583.6549
1784007000000,2026-07-14 05:30:00,1790.7,1791.77,1785.65,1786.55,333.0636
1784008800000,2026-07-14 06:00:00,1786.55,1787.34,1784.65,1785.61,350.1758
1784010600000,2026-07-14 06:30:00,1785.61,1787.3,1781.92,1783.18,352.1791
1784012400000,2026-07-14 07:00:00,1783.18,1786.23,1781.27,1785.75,558.5649
1784014200000,2026-07-14 07:30:00,1785.76,1785.76,1779.41,1781.2,505.2348
1784016000000,2026-07-14 08:00:00,1781.2,1787.63,1779.56,1786.66,304.0005
1784017800000,2026-07-14 08:30:00,1786.66,1789.34,1784.8,1785.93,116.1453
1784019600000,2026-07-14 09:00:00,1785.94,1789.57,1785.27,1788.11,109.8978
1784021400000,2026-07-14 09:30:00,1787.92,1788.39,1783.05,1786.19,116.4918
1784023200000,2026-07-14 10:00:00,1786.19,1791.42,1786.11,1788.12,91.6826
1784025000000,2026-07-14 10:30:00,1788.13,1805.0,1786.32,1800.0,403.1214
1784026800000,2026-07-14 11:00:00,1800.0,1802.75,1795.82,1800.78,186.709
1784028600000,2026-07-14 11:30:00,1800.79,1800.79,1797.66,1798.09,76.98
1784030400000,2026-07-14 12:00:00,1798.1,1805.98,1794.26,1800.6,283.8125
1784032200000,2026-07-14 12:30:00,1801.11,1861.81,1757.22,1860.3,1104.222
1784034000000,2026-07-14 13:00:00,1860.3,1882.05,1855.22,1880.0,729.1719
1784035800000,2026-07-14 13:30:00,1880.0,1882.05,1857.41,1871.66,1169.0172
1784037600000,2026-07-14 14:00:00,1870.97,1882.05,1860.03,1865.11,1285.3802
1784039400000,2026-07-14 14:30:00,1865.55,1901.2,1703.18,1882.03,1080.1849
1784041200000,2026-07-14 15:00:00,1882.03,1884.18,1859.61,1883.34,1059.528
1784043000000,2026-07-14 15:30:00,1881.34,2034.49,1575.0,1875.63,1027.9877
1784044800000,2026-07-14 16:00:00,1875.63,1877.01,1869.49,1875.61,528.3083
1784046600000,2026-07-14 16:30:00,1875.62,1876.81,1872.53,1873.79,477.7553
1784048400000,2026-07-14 17:00:00,1873.8,1873.8,1772.94,1869.75,776.2314
1784050200000,2026-07-14 17:30:00,1869.59,1872.56,1865.95,1871.33,550.6171
1784052000000,2026-07-14 18:00:00,1871.34,1872.27,1868.4,1870.41,426.3167
1784053800000,2026-07-14 18:30:00,1870.3,1876.58,1868.95,1874.84,226.7702
1784055600000,2026-07-14 19:00:00,1874.97,1881.05,1874.44,1876.63,478.6628
1784057400000,2026-07-14 19:30:00,1876.64,1880.95,1875.18,1876.27,506.8603
1784059200000,2026-07-14 20:00:00,1876.27,1878.55,1874.63,1875.8,341.978
1784061000000,2026-07-14 20:30:00,1876.06,1877.08,1873.94,1875.42,786.9976
1784062800000,2026-07-14 21:00:00,1875.41,1882.57,1575.0,1878.3,648.2729
1784064600000,2026-07-14 21:30:00,1877.75,1879.37,1875.35,1876.38,143.1465
1784066400000,2026-07-14 22:00:00,1876.57,1884.28,1872.06,1881.99,164.3356
1784068200000,2026-07-14 22:30:00,1881.44,1895.16,1881.44,1882.52,242.044
1784070000000,2026-07-14 23:00:00,1882.51,1887.73,1879.19,1884.86,148.9986
1784071800000,2026-07-14 23:30:00,1885.81,1892.77,1884.88,1890.67,178.6833
1784073600000,2026-07-15 00:00:00,1891.32,1893.3,1879.43,1880.88,221.2979
1784075400000,2026-07-15 00:30:00,1880.88,1882.35,1878.27,1881.58,170.6077
1784077200000,2026-07-15 01:00:00,1881.59,1881.86,1874.59,1878.94,512.4171
1784079000000,2026-07-15 01:30:00,1878.86,1879.11,1867.35,1870.39,598.2656
1784080800000,2026-07-15 02:00:00,1870.39,1872.39,1864.83,1864.84,570.0428
1784082600000,2026-07-15 02:30:00,1864.84,1867.58,1864.45,1864.6,359.7508
1784084400000,2026-07-15 03:00:00,1864.59,1870.78,1864.5,1868.78,232.5901
1784086200000,2026-07-15 03:30:00,1868.79,1878.96,1868.78,1876.71,157.5268
1784088000000,2026-07-15 04:00:00,1876.71,1879.14,1875.53,1875.54,102.7251
1784089800000,2026-07-15 04:30:00,1875.54,1880.15,1873.71,1876.16,90.9419
1784091600000,2026-07-15 05:00:00,1876.23,1878.5,1871.92,1873.05,142.3282
1784093400000,2026-07-15 05:30:00,1872.71,1883.58,1872.66,1882.68,99.7881
1784095200000,2026-07-15 06:00:00,1882.69,1889.45,1881.7,1885.76,256.5428
1784097000000,2026-07-15 06:30:00,1885.76,1891.8,1875.86,1875.87,187.5628
1784098800000,2026-07-15 07:00:00,1875.87,1877.01,1864.91,1866.17,300.9183
1784100600000,2026-07-15 07:30:00,1866.17,1893.71,1865.81,1870.02,204.7357
1784102400000,2026-07-15 08:00:00,1870.02,1875.23,1870.02,1874.75,145.8342
1784104200000,2026-07-15 08:30:00,1874.76,1879.52,1873.6,1879.0,61.4082
1784106000000,2026-07-15 09:00:00,1879.0,1885.96,1878.99,1883.23,151.5262
1784107800000,2026-07-15 09:30:00,1883.09,1883.09,1879.3,1879.83,67.0584
1784109600000,2026-07-15 10:00:00,1879.83,1886.1,1875.72,1876.42,166.2808
1784111400000,2026-07-15 10:30:00,1876.42,1879.71,1875.13,1878.39,116.3959
1784113200000,2026-07-15 11:00:00,1878.11,1882.36,1877.79,1878.14,130.3325
1784115000000,2026-07-15 11:30:00,1878.53,1885.64,1878.52,1884.74,130.9131
1784116800000,2026-07-15 12:00:00,1884.74,1885.53,1879.55,1885.53,238.8837
1784118600000,2026-07-15 12:30:00,1885.54,1928.65,1885.53,1926.74,601.256
1784120400000,2026-07-15 13:00:00,1926.74,1944.99,1926.73,1936.85,624.5942
1784122200000,2026-07-15 13:30:00,1936.84,1941.68,1917.55,1925.73,527.3691
1784124000000,2026-07-15 14:00:00,1925.73,1934.21,1920.5,1929.92,431.4057
1784125800000,2026-07-15 14:30:00,1929.92,1934.47,1925.28,1933.41,745.3197
1784127600000,2026-07-15 15:00:00,1933.4,1936.44,1926.33,1931.65,925.0072
1784129400000,2026-07-15 15:30:00,1931.66,1935.95,1928.37,1931.97,719.0038
1784131200000,2026-07-15 16:00:00,1931.97,1932.59,1786.75,1921.81,691.9548
1784133000000,2026-07-15 16:30:00,1922.05,1922.44,1904.49,1919.56,343.3513
1784134800000,2026-07-15 17:00:00,1919.56,1924.68,1919.44,1923.21,269.3624
1784136600000,2026-07-15 17:30:00,1923.22,1930.14,1922.03,1927.94,276.6441
1784138400000,2026-07-15 18:00:00,1927.93,1936.75,1927.61,1930.9,294.6619
1784140200000,2026-07-15 18:30:00,1930.9,1934.94,1922.95,1924.01,200.175
1784142000000,2026-07-15 19:00:00,1924.01,1929.06,1919.85,1924.31,284.3786
1784143800000,2026-07-15 19:30:00,1924.28,1927.73,1923.13,1923.44,217.9246
1784145600000,2026-07-15 20:00:00,1923.44,2244.46,1626.13,1926.3,1154.2199
1784147400000,2026-07-15 20:30:00,1926.2,1929.75,1923.75,1923.75,332.7567
1784149200000,2026-07-15 21:00:00,1923.76,1925.73,1921.4,1923.76,228.233
1784151000000,2026-07-15 21:30:00,1923.75,1923.76,1920.09,1922.0,331.928
1784152800000,2026-07-15 22:00:00,1921.99,1924.2,1918.42,1923.94,555.281
1784154600000,2026-07-15 22:30:00,1923.94,1926.2,1921.94,1923.43,183.9587
1784156400000,2026-07-15 23:00:00,1923.43,1927.28,1921.05,1921.53,158.7933
1784158200000,2026-07-15 23:30:00,1921.84,1922.35,1915.41,1917.99,199.8706
1784160000000,2026-07-16 00:00:00,1918.0,1924.71,1915.17,1915.75,230.0135
1784161800000,2026-07-16 00:30:00,1915.75,1918.21,1911.69,1915.18,203.4589
1784163600000,2026-07-16 01:00:00,1914.86,1918.07,1908.42,1914.49,225.8802
1784165400000,2026-07-16 01:30:00,1914.49,1925.99,1914.35,1922.7,175.7419
1784167200000,2026-07-16 02:00:00,1922.69,1923.6,1918.97,1922.04,148.6466
1784169000000,2026-07-16 02:30:00,1922.04,1925.99,1920.53,1925.38,112.7693
1784170800000,2026-07-16 03:00:00,1925.38,1928.72,1923.02,1925.52,108.9148
1784172600000,2026-07-16 03:30:00,1925.52,1926.9,1917.39,1918.7,273.4715
1784174400000,2026-07-16 04:00:00,1918.7,1920.98,1914.43,1919.04,263.0338
1784176200000,2026-07-16 04:30:00,1919.03,1919.77,1917.75,1917.76,144.6425
1784178000000,2026-07-16 05:00:00,1917.75,1926.2,1917.12,1925.17,232.5266
1784179800000,2026-07-16 05:30:00,1925.18,1927.63,1921.85,1925.32,173.8092
1784181600000,2026-07-16 06:00:00,1925.34,1927.96,1921.84,1922.62,200.9434
1784183400000,2026-07-16 06:30:00,1922.57,1922.69,1915.56,1922.52,117.566
1784185200000,2026-07-16 07:00:00,1922.53,1922.53,1916.87,1916.87,277.906
1784187000000,2026-07-16 07:30:00,1917.13,1928.77,1905.2,1910.64,345.6252
1784188800000,2026-07-16 08:00:00,1910.78,1912.49,1877.91,1891.77,619.1691
1784190600000,2026-07-16 08:30:00,1891.77,1895.99,1882.45,1885.53,299.1848
1784192400000,2026-07-16 09:00:00,1886.09,1889.09,1882.34,1883.25,171.3458
1784194200000,2026-07-16 09:30:00,1883.25,1885.75,1881.1,1884.41,267.8688
1784196000000,2026-07-16 10:00:00,1884.67,1889.35,1883.91,1888.72,131.9528
1784197800000,2026-07-16 10:30:00,1888.73,1891.76,1886.36,1888.74,77.5856
1784199600000,2026-07-16 11:00:00,1888.57,1888.57,1882.71,1883.21,135.616
1784201400000,2026-07-16 11:30:00,1883.22,1887.48,1879.76,1885.33,212.6325
1784203200000,2026-07-16 12:00:00,1885.29,1885.29,1878.41,1882.54,247.1282
1784205000000,2026-07-16 12:30:00,1882.55,1883.12,1868.23,1872.56,261.7647
1784206800000,2026-07-16 13:00:00,1872.56,1884.27,1871.38,1883.97,192.841
1784208600000,2026-07-16 13:30:00,1883.97,1890.02,1875.97,1882.75,356.026
1784210400000,2026-07-16 14:00:00,1882.42,1892.73,1882.37,1887.52,404.7924
1784212200000,2026-07-16 14:30:00,1887.53,1890.92,1868.53,1882.74,295.0913
1784214000000,2026-07-16 15:00:00,1883.39,1891.97,1871.12,1891.42,481.7882
1784215800000,2026-07-16 15:30:00,1891.42,1891.42,1879.25,1881.69,377.7541
1784217600000,2026-07-16 16:00:00,1881.69,1881.69,1875.04,1879.91,319.3991
1784219400000,2026-07-16 16:30:00,1879.92,1882.99,1874.98,1878.91,389.3846
1784221200000,2026-07-16 17:00:00,1878.91,1878.91,1867.22,1871.86,424.2576
1784223000000,2026-07-16 17:30:00,1871.85,1874.5,1864.96,1868.71,282.1686
1784224800000,2026-07-16 18:00:00,1868.92,1879.08,1868.79,1875.44,287.2304
1784226600000,2026-07-16 18:30:00,1875.44,1877.67,1871.59,1876.39,313.6778
1784228400000,2026-07-16 19:00:00,1876.35,1877.58,1871.51,1874.96,243.7327
1784230200000,2026-07-16 19:30:00,1874.95,1876.22,1874.01,1875.61,591.7826
1784232000000,2026-07-16 20:00:00,1875.61,1889.39,1868.53,1873.44,290.8494
1784233800000,2026-07-16 20:30:00,1873.45,1874.68,1871.83,1871.91,156.6948
1784235600000,2026-07-16 21:00:00,1871.92,1879.53,1871.81,1878.24,97.8974
1784237400000,2026-07-16 21:30:00,1877.91,1881.01,1876.91,1878.64,71.8878
1784239200000,2026-07-16 22:00:00,1878.67,1881.46,1873.96,1874.55,79.1192
1784241000000,2026-07-16 22:30:00,1874.55,1877.1,1868.36,1868.67,198.1835
1784242800000,2026-07-16 23:00:00,1868.88,1870.16,1857.71,1861.51,249.8299
1784244600000,2026-07-16 23:30:00,1861.5,1866.24,1858.85,1864.21,236.1798
1784246400000,2026-07-17 00:00:00,1864.72,1866.69,1859.8,1860.95,470.6021
1784248200000,2026-07-17 00:30:00,1860.95,1865.79,1850.29,1865.77,734.1036
1784250000000,2026-07-17 01:00:00,1865.78,1870.55,1860.01,1864.05,539.8964
1784251800000,2026-07-17 01:30:00,1864.06,1864.47,1848.13,1851.21,563.3383
1784253600000,2026-07-17 02:00:00,1851.22,1855.06,1845.45,1851.12,341.0136
1784255400000,2026-07-17 02:30:00,1851.12,1851.75,1843.6,1848.08,290.754
1784257200000,2026-07-17 03:00:00,1848.1,1858.6,1847.32,1857.96,206.0478
1784259000000,2026-07-17 03:30:00,1857.96,1858.7,1851.43,1852.53,176.0454
1784260800000,2026-07-17 04:00:00,1852.52,1852.83,1844.29,1847.01,185.0176
1784262600000,2026-07-17 04:30:00,1847.29,1852.72,1844.28,1850.67,216.3762
1784264400000,2026-07-17 05:00:00,1850.47,1850.47,1837.91,1837.92,321.4646
1784266200000,2026-07-17 05:30:00,1837.92,1839.82,1822.76,1823.5,372.2351
1784268000000,2026-07-17 06:00:00,1823.93,1834.65,1821.72,1834.39,290.2638
1784269800000,2026-07-17 06:30:00,1834.38,1836.22,1830.44,1832.03,237.9623
1784271600000,2026-07-17 07:00:00,1832.18,1832.49,1827.18,1831.75,155.4552
1784273400000,2026-07-17 07:30:00,1831.69,1833.37,1827.13,1828.49,141.3686
1784275200000,2026-07-17 08:00:00,1828.5,1830.79,1824.6,1825.35,195.4891
1784277000000,2026-07-17 08:30:00,1825.35,1832.5,1821.41,1830.15,155.1523
1784278800000,2026-07-17 09:00:00,1830.15,1832.9,1829.42,1831.71,116.7769
1784280600000,2026-07-17 09:30:00,1831.72,1836.27,1831.01,1835.09,73.3018
1784282400000,2026-07-17 10:00:00,1835.09,1840.32,1834.46,1838.2,189.7723
1784284200000,2026-07-17 10:30:00,1837.87,1839.52,1836.83,1836.84,140.535
1784286000000,2026-07-17 11:00:00,1836.97,1838.16,1833.6,1837.06,206.1153
1784287800000,2026-07-17 11:30:00,1836.6,1842.94,1835.91,1839.05,163.6513
1784289600000,2026-07-17 12:00:00,1839.04,1840.57,1833.21,1833.92,162.555
1784291400000,2026-07-17 12:30:00,1833.93,1834.48,1827.95,1828.44,151.2364
1784293200000,2026-07-17 13:00:00,1828.54,1829.19,1809.52,1815.83,429.1414
1784295000000,2026-07-17 13:30:00,1815.83,1826.76,1804.36,1825.04,595.9905
1784296800000,2026-07-17 14:00:00,1825.04,1833.07,1823.04,1823.04,433.0496
1784298600000,2026-07-17 14:30:00,1823.55,1828.6,1817.94,1822.16,433.6529
1784300400000,2026-07-17 15:00:00,1822.16,1822.16,1811.24,1821.73,597.6251
1784302200000,2026-07-17 15:30:00,1821.74,1831.3,1818.53,1830.89,490.7004
1784304000000,2026-07-17 16:00:00,1830.89,1836.83,1826.91,1835.56,418.6928
1784305800000,2026-07-17 16:30:00,1835.56,1840.38,1832.48,1835.91,449.8047
1784307600000,2026-07-17 17:00:00,1835.9,1863.57,1835.9,1846.7,693.2791
1784309400000,2026-07-17 17:30:00,1846.69,1847.65,1842.64,1843.72,501.5839
1784311200000,2026-07-17 18:00:00,1843.72,1844.38,1821.49,1837.4,484.3035
1784313000000,2026-07-17 18:30:00,1837.4,1849.6,1837.39,1846.99,391.4029
1784314800000,2026-07-17 19:00:00,1846.99,1846.99,1831.03,1841.0,561.0558
1784316600000,2026-07-17 19:30:00,1840.99,1846.26,1840.25,1844.27,351.2483
1784318400000,2026-07-17 20:00:00,1844.21,1844.21,1837.38,1841.16,345.4338
1784320200000,2026-07-17 20:30:00,1841.16,1846.17,1838.42,1842.9,199.4417
1784322000000,2026-07-17 21:00:00,1842.77,1846.65,1842.77,1845.37,162.1489
1784323800000,2026-07-17 21:30:00,1844.86,1844.86,1841.22,1842.22,132.6775
1784325600000,2026-07-17 22:00:00,1842.23,1843.52,1838.92,1839.32,167.7376
1784327400000,2026-07-17 22:30:00,1839.32,1840.2,1837.62,1839.84,253.8906
1784329200000,2026-07-17 23:00:00,1839.95,1841.17,1835.5,1841.17,125.8258
1784331000000,2026-07-17 23:30:00,1841.17,1844.47,1841.17,1841.77,173.2744
1784332800000,2026-07-18 00:00:00,1841.76,1844.94,1840.12,1843.34,146.0884
1784334600000,2026-07-18 00:30:00,1842.86,1843.29,1840.0,1840.88,201.8969
1784336400000,2026-07-18 01:00:00,1840.88,1843.38,1839.38,1843.14,168.995
1784338200000,2026-07-18 01:30:00,1843.14,1843.15,1839.61,1842.37,145.0496
1784340000000,2026-07-18 02:00:00,1842.67,1845.3,1841.29,1844.08,164.3487
1784341800000,2026-07-18 02:30:00,1843.97,1846.51,1841.73,1842.18,145.344
1784343600000,2026-07-18 03:00:00,1841.92,1844.58,1841.46,1843.42,195.744
1784345400000,2026-07-18 03:30:00,1843.43,1846.48,1842.68,1846.09,219.3017
1784347200000,2026-07-18 04:00:00,1846.09,1846.18,1843.02,1844.86,136.2197
1784349000000,2026-07-18 04:30:00,1844.45,1844.93,1842.57,1844.69,151.1156
1784350800000,2026-07-18 05:00:00,1844.7,1846.67,1843.19,1845.92,238.0367
1784352600000,2026-07-18 05:30:00,1845.93,1849.36,1844.87,1845.86,332.4542
1784354400000,2026-07-18 06:00:00,1845.86,1847.49,1844.54,1845.79,678.8452
1784356200000,2026-07-18 06:30:00,1845.79,1846.0,1843.11,1844.97,397.8868
1784358000000,2026-07-18 07:00:00,1844.97,1846.04,1843.04,1845.2,522.6668
1784359800000,2026-07-18 07:30:00,1845.2,1845.49,1843.5,1844.2,260.5526
1784361600000,2026-07-18 08:00:00,1844.2,1846.95,1842.3,1846.8,323.7111
1784363400000,2026-07-18 08:30:00,1846.7,1849.36,1846.7,1847.13,154.2526
1784365200000,2026-07-18 09:00:00,1847.65,1847.99,1842.93,1844.52,298.2724
1784367000000,2026-07-18 09:30:00,1844.51,1845.44,1843.45,1845.08,310.4628
1784368800000,2026-07-18 10:00:00,1844.88,1846.55,1844.37,1846.55,178.7689
1784370600000,2026-07-18 10:30:00,1846.63,1846.72,1844.2,1845.57,111.9313
1784372400000,2026-07-18 11:00:00,1845.57,1845.91,1845.0,1845.53,171.1632
1784374200000,2026-07-18 11:30:00,1845.54,1846.7,1844.37,1845.57,96.0316
1784376000000,2026-07-18 12:00:00,1845.57,1850.42,1841.53,1841.54,241.4198
1784377800000,2026-07-18 12:30:00,1841.53,1847.33,1840.76,1845.31,233.5842
1784379600000,2026-07-18 13:00:00,1845.32,1845.32,1837.67,1841.34,335.0697
1784381400000,2026-07-18 13:30:00,1841.36,1842.47,1840.24,1841.61,185.3924
1784383200000,2026-07-18 14:00:00,1841.61,1845.53,1840.95,1845.53,131.5353
1784385000000,2026-07-18 14:30:00,1845.53,1846.26,1844.74,1845.92,351.6089
1784386800000,2026-07-18 15:00:00,1845.95,1846.35,1825.86,1843.73,296.3054
1784388600000,2026-07-18 15:30:00,1843.63,1845.84,1842.21,1844.14,276.5638
1784390400000,2026-07-18 16:00:00,1844.14,1844.63,1841.99,1843.47,317.8965
1784392200000,2026-07-18 16:30:00,1843.46,1846.71,1842.2,1845.85,269.612
1784394000000,2026-07-18 17:00:00,1845.84,1847.62,1843.54,1844.04,266.1479
1784395800000,2026-07-18 17:30:00,1844.03,1853.46,1844.03,1852.52,312.4106
1784397600000,2026-07-18 18:00:00,1852.53,1860.84,1850.01,1860.83,451.5081
1784399400000,2026-07-18 18:30:00,1860.83,2159.61,1826.93,1857.58,1290.3642
1784401200000,2026-07-18 19:00:00,1857.57,1861.3,1856.28,1856.91,454.931
1784403000000,2026-07-18 19:30:00,1856.92,1859.06,1856.28,1858.25,310.1905
1784404800000,2026-07-18 20:00:00,1858.44,1862.62,1857.15,1859.46,354.8752
1784406600000,2026-07-18 20:30:00,1859.46,1859.46,1855.47,1857.34,293.9414
1784408400000,2026-07-18 21:00:00,1857.35,1862.96,1856.26,1859.78,315.6609
1784410200000,2026-07-18 21:30:00,1859.77,1879.46,1857.0,1861.12,454.3624
1784412000000,2026-07-18 22:00:00,1861.12,1865.23,1860.09,1861.52,418.2298
1784413800000,2026-07-18 22:30:00,1861.52,1864.62,1860.63,1863.92,369.7213
1784415600000,2026-07-18 23:00:00,1863.92,1864.44,1860.1,1863.34,283.1559
1784417400000,2026-07-18 23:30:00,1863.32,1863.33,1861.12,1862.61,227.813
1784419200000,2026-07-19 00:00:00,1862.62,1863.41,1859.36,1859.5,241.7671
1784421000000,2026-07-19 00:30:00,1859.5,1863.12,1859.22,1860.95,125.1609
1784422800000,2026-07-19 01:00:00,1860.95,1861.44,1859.48,1861.43,156.1442
1784424600000,2026-07-19 01:30:00,1861.43,1861.44,1858.69,1859.19,158.0194
1784426400000,2026-07-19 02:00:00,1859.19,1872.56,1859.18,1868.3,344.0563
1784428200000,2026-07-19 02:30:00,1868.31,1876.28,1868.31,1871.45,262.0857
1784430000000,2026-07-19 03:00:00,1871.44,1872.99,1863.84,1865.51,277.8267
1784431800000,2026-07-19 03:30:00,1865.51,1867.08,1864.49,1867.08,133.0952
1784433600000,2026-07-19 04:00:00,1867.08,1868.32,1864.22,1866.75,166.9034
1784435400000,2026-07-19 04:30:00,1866.83,1871.84,1866.3,1867.32,172.3403
1784437200000,2026-07-19 05:00:00,1867.33,1870.2,1867.33,1868.31,95.4386
1784439000000,2026-07-19 05:30:00,1868.3,1870.1,1865.75,1868.55,117.328
1784440800000,2026-07-19 06:00:00,1868.4,1870.8,1868.3,1869.35,162.1139
1784442600000,2026-07-19 06:30:00,1869.4,1871.43,1868.7,1869.38,246.8747
1784444400000,2026-07-19 07:00:00,1869.38,1869.68,1867.14,1869.68,133.487
1784446200000,2026-07-19 07:30:00,1869.36,1871.95,1868.68,1869.28,152.2987
1784448000000,2026-07-19 08:00:00,1869.19,1871.16,1867.81,1869.03,170.3964
1784449800000,2026-07-19 08:30:00,1869.02,1874.49,1868.05,1873.22,192.5401
1784451600000,2026-07-19 09:00:00,1873.22,1874.13,1866.38,1868.85,229.1253
1784453400000,2026-07-19 09:30:00,1868.84,1870.23,1865.47,1866.64,188.0168
1784455200000,2026-07-19 10:00:00,1866.64,1868.48,1864.26,1868.48,163.3432
1784457000000,2026-07-19 10:30:00,1868.34,1877.27,1867.3,1872.08,199.0966
1784458800000,2026-07-19 11:00:00,1872.08,1879.46,1870.32,1876.25,226.0081
1784460600000,2026-07-19 11:30:00,1876.25,1877.48,1870.94,1871.34,168.5932
1784462400000,2026-07-19 12:00:00,1871.33,1874.34,1864.49,1868.36,258.4709
1784464200000,2026-07-19 12:30:00,1868.35,1873.38,1868.35,1870.29,150.8723
1784466000000,2026-07-19 13:00:00,1870.39,1870.4,1866.05,1869.36,215.6298
1784467800000,2026-07-19 13:30:00,1869.0,1873.32,1868.26,1872.02,181.4822
1784469600000,2026-07-19 14:00:00,1871.93,1874.39,1868.89,1871.62,153.5919
1784471400000,2026-07-19 14:30:00,1871.61,1877.86,1871.2,1874.72,166.8992
1784473200000,2026-07-19 15:00:00,1874.73,1875.95,1869.87,1869.87,363.6769
1784475000000,2026-07-19 15:30:00,1869.86,1873.86,1869.71,1870.94,199.3741
1784476800000,2026-07-19 16:00:00,1870.9,1873.59,1868.28,1870.32,180.475
1784478600000,2026-07-19 16:30:00,1870.46,1870.46,1866.0,1866.87,385.5377
1784480400000,2026-07-19 17:00:00,1866.79,1872.92,1537.5,1869.7,713.2863
1784482200000,2026-07-19 17:30:00,1869.7,1873.48,1867.89,1868.93,633.4279
1784484000000,2026-07-19 18:00:00,1868.93,1883.74,1501.09,1857.96,1147.3894
1784485800000,2026-07-19 18:30:00,1857.96,1861.19,1856.79,1860.67,362.7606
1784487600000,2026-07-19 19:00:00,1860.67,1861.03,1855.36,1860.48,169.8981
1784489400000,2026-07-19 19:30:00,1860.41,1862.74,1858.89,1862.37,86.1067
1784491200000,2026-07-19 20:00:00,1862.36,1865.65,1862.36,1864.19,190.7964
1784493000000,2026-07-19 20:30:00,1863.98,1866.62,1863.98,1866.62,77.4227
1784494800000,2026-07-19 21:00:00,1866.62,1867.71,1862.71,1864.4,136.2957
1784496600000,2026-07-19 21:30:00,1864.32,1864.4,1857.5,1862.13,192.6155
1784498400000,2026-07-19 22:00:00,1862.13,1876.55,1858.36,1871.44,461.1733
1784500200000,2026-07-19 22:30:00,1871.44,1874.65,1867.63,1870.44,248.3052
1784502000000,2026-07-19 23:00:00,1870.44,1871.72,1865.54,1869.04,264.5396
1784503800000,2026-07-19 23:30:00,1868.87,1874.48,1868.11,1872.23,237.4285
1784505600000,2026-07-20 00:00:00,1872.24,1891.57,1866.79,1879.78,511.1373
1784507400000,2026-07-20 00:30:00,1879.92,1885.27,1863.17,1871.82,385.6839
1784509200000,2026-07-20 01:00:00,1872.16,1888.92,1871.0,1881.04,465.2944
1784511000000,2026-07-20 01:30:00,1880.66,1881.06,1865.84,1869.62,348.058
1784512800000,2026-07-20 02:00:00,1869.3,1881.96,1868.12,1872.04,614.7857
1784514600000,2026-07-20 02:30:00,1872.04,1883.03,1860.9,1879.33,724.2367
1784516400000,2026-07-20 03:00:00,1879.06,1886.24,1871.04,1873.37,834.0968
1784518200000,2026-07-20 03:30:00,1873.24,1880.46,1871.97,1879.41,271.2162
1784520000000,2026-07-20 04:00:00,1879.41,1879.98,1869.28,1873.87,265.9257
1784521800000,2026-07-20 04:30:00,1874.03,1878.43,1869.2,1869.43,264.6897
1784523600000,2026-07-20 05:00:00,1869.43,1869.73,1852.09,1859.15,457.7295
1784525400000,2026-07-20 05:30:00,1858.69,1860.68,1854.74,1855.0,460.3814
1784527200000,2026-07-20 06:00:00,1855.35,1860.0,1852.52,1857.28,306.0036
1784529000000,2026-07-20 06:30:00,1857.21,1857.41,1844.17,1849.72,327.2682
1784530800000,2026-07-20 07:00:00,1849.73,1859.03,1849.66,1858.07,315.3643
1784532600000,2026-07-20 07:30:00,1858.07,1865.32,1857.26,1863.96,280.7031
1784534400000,2026-07-20 08:00:00,1863.95,1868.43,1861.43,1864.44,267.0391
1784536200000,2026-07-20 08:30:00,1864.44,1865.21,1854.87,1861.02,365.5222
1784538000000,2026-07-20 09:00:00,1861.01,1864.35,1857.95,1863.75,288.7656
1784539800000,2026-07-20 09:30:00,1863.74,1867.56,1862.93,1864.15,263.7394
1784541600000,2026-07-20 10:00:00,1864.15,1871.25,1862.79,1870.45,291.489
1784543400000,2026-07-20 10:30:00,1870.46,1870.46,1867.2,1868.86,245.0183
1784545200000,2026-07-20 11:00:00,1868.86,1876.75,1868.06,1874.34,417.1454
1784547000000,2026-07-20 11:30:00,1874.34,1896.2,1874.33,1893.11,670.1373
1784548800000,2026-07-20 12:00:00,1893.11,1893.11,1876.98,1876.98,371.7259
1784550600000,2026-07-20 12:30:00,1877.24,1878.58,1872.18,1873.18,281.2866
1784552400000,2026-07-20 13:00:00,1873.3,1875.3,1868.83,1869.71,300.5931
1784554200000,2026-07-20 13:30:00,1869.58,1880.21,1858.11,1862.62,849.4224
1784556000000,2026-07-20 14:00:00,1862.61,1867.23,1853.65,1867.23,1432.2989
1784557800000,2026-07-20 14:30:00,1867.23,1870.56,1863.76,1868.18,1219.6667
1784559600000,2026-07-20 15:00:00,1868.19,1886.28,1867.65,1884.67,1374.6386
1784561400000,2026-07-20 15:30:00,1885.08,1903.5,1881.81,1902.34,1078.1331
1784563200000,2026-07-20 16:00:00,1902.35,1906.11,1893.95,1900.61,594.9766
1784565000000,2026-07-20 16:30:00,1900.6,1903.93,1895.82,1899.12,748.7438
1784566800000,2026-07-20 17:00:00,1899.12,1903.47,1897.38,1900.15,1321.6447
1784568600000,2026-07-20 17:30:00,1900.15,1921.87,1540.0,1907.65,1017.1833
1784570400000,2026-07-20 18:00:00,1907.79,1918.06,1907.07,1908.16,512.7095
1784572200000,2026-07-20 18:30:00,1908.16,1933.59,1897.66,1899.52,903.3987
1784574000000,2026-07-20 19:00:00,1899.52,1899.68,1891.09,1896.7,628.5185
1784575800000,2026-07-20 19:30:00,1896.7,1900.92,1893.85,1898.21,627.2528
1784577600000,2026-07-20 20:00:00,1898.2,1903.16,1896.21,1901.46,345.4061
1784579400000,2026-07-20 20:30:00,1901.46,1906.3,1901.29,1904.84,213.1209
1784581200000,2026-07-20 21:00:00,1904.84,1907.57,1904.07,1904.86,180.4808
1784583000000,2026-07-20 21:30:00,1904.86,1906.76,1902.01,1902.45,249.2188
1784584800000,2026-07-20 22:00:00,1902.45,1902.45,1896.44,1896.45,201.5407
1784586600000,2026-07-20 22:30:00,1896.45,1897.94,1894.62,1895.72,239.206
1784588400000,2026-07-20 23:00:00,1895.71,1903.5,1895.33,1903.49,175.2806
1784590200000,2026-07-20 23:30:00,1903.49,1905.08,1899.95,1904.78,171.6016
1784592000000,2026-07-21 00:00:00,1904.78,1910.02,1900.74,1907.81,433.1314
1784593800000,2026-07-21 00:30:00,1907.57,1917.67,1907.57,1915.27,289.6473
1784595600000,2026-07-21 01:00:00,1915.26,1917.76,1909.61,1910.12,256.2526
1784597400000,2026-07-21 01:30:00,1910.13,1915.23,1907.18,1907.39,344.4288
1784599200000,2026-07-21 02:00:00,1907.4,1913.77,1904.69,1907.85,302.2853
1784601000000,2026-07-21 02:30:00,1907.83,1921.0,1907.71,1917.41,351.659
1784602800000,2026-07-21 03:00:00,1917.41,1927.5,1917.4,1924.89,405.1605
1784604600000,2026-07-21 03:30:00,1924.9,1927.97,1922.91,1927.03,259.9755
1784606400000,2026-07-21 04:00:00,1926.83,1930.95,1923.11,1923.11,261.4796
1784608200000,2026-07-21 04:30:00,1923.1,1925.81,1922.7,1924.48,197.7917
1784610000000,2026-07-21 05:00:00,1924.59,1926.46,1922.0,1924.73,145.4447
1784611800000,2026-07-21 05:30:00,1925.11,1933.21,1923.35,1931.16,264.5884
1784613600000,2026-07-21 06:00:00,1930.56,1933.94,1927.8,1932.55,275.4703
1784615400000,2026-07-21 06:30:00,1932.55,1939.68,1932.54,1935.02,250.261
1784617200000,2026-07-21 07:00:00,1935.02,1938.18,1933.94,1935.52,290.4222
1784619000000,2026-07-21 07:30:00,1935.51,1938.62,1933.43,1934.08,269.6565
1784620800000,2026-07-21 08:00:00,1934.08,1949.4,1931.64,1940.01,558.2329
1784622600000,2026-07-21 08:30:00,1940.04,1942.66,1938.35,1940.12,326.109
1784624400000,2026-07-21 09:00:00,1939.8,1941.31,1937.41,1938.51,278.0417
1784626200000,2026-07-21 09:30:00,1938.5,1943.63,1938.47,1942.22,320.9409
1784628000000,2026-07-21 10:00:00,1942.22,1946.69,1941.99,1942.41,220.4107
1784629800000,2026-07-21 10:30:00,1942.4,1943.0,1932.36,1934.18,331.1876
1784631600000,2026-07-21 11:00:00,1934.19,1934.47,1927.89,1928.9,335.5819
1784633400000,2026-07-21 11:30:00,1929.29,1937.16,1929.28,1935.15,152.9333
1784635200000,2026-07-21 12:00:00,1935.68,1943.4,1932.85,1940.29,334.0299
1784637000000,2026-07-21 12:30:00,1940.28,1945.23,1939.52,1943.03,269.5046
1784638800000,2026-07-21 13:00:00,1943.03,1943.77,1935.98,1937.19,161.3419
1784640600000,2026-07-21 13:30:00,1936.98,1941.26,1928.2,1940.22,475.4276
1784642400000,2026-07-21 14:00:00,1940.3,1943.35,1928.0,1932.69,780.8549
1784644200000,2026-07-21 14:30:00,1932.69,1938.14,1931.08,1931.53,578.2649
1784646000000,2026-07-21 15:00:00,1931.53,1931.53,1925.16,1925.55,667.6071
1784647800000,2026-07-21 15:30:00,1925.55,1932.39,1924.01,1931.81,459.9367
1784649600000,2026-07-21 16:00:00,1931.8,1935.24,1924.34,1924.34,286.6108
1784651400000,2026-07-21 16:30:00,1924.69,1927.7,1923.45,1926.26,856.6593
1784653200000,2026-07-21 17:00:00,1926.26,1940.56,1859.71,1925.08,846.8689
1784655000000,2026-07-21 17:30:00,1925.08,1927.48,1916.86,1918.7,279.386
1784656800000,2026-07-21 18:00:00,1918.7,1922.65,1915.61,1920.5,281.5442
1784658600000,2026-07-21 18:30:00,1920.49,1922.53,1915.39,1919.9,231.8052
1784660400000,2026-07-21 19:00:00,1919.94,1924.46,1918.2,1924.21,249.373
1784662200000,2026-07-21 19:30:00,1924.35,1926.13,1922.65,1923.39,195.8807
1784664000000,2026-07-21 20:00:00,1923.39,1924.24,1921.68,1923.17,218.6545
1784665800000,2026-07-21 20:30:00,1923.17,1926.27,1923.16,1923.24,133.0594
1784667600000,2026-07-21 21:00:00,1923.24,1924.97,1919.85,1924.08,191.8767
1784669400000,2026-07-21 21:30:00,1924.08,1926.52,1923.56,1924.27,295.7136
1784671200000,2026-07-21 22:00:00,1923.81,1940.56,1920.13,1921.68,497.1058
1784673000000,2026-07-21 22:30:00,1921.65,1923.58,1918.44,1920.86,327.1392
1784674800000,2026-07-21 23:00:00,1920.76,1922.36,1916.72,1922.36,383.7607
1784676600000,2026-07-21 23:30:00,1922.46,1930.98,1921.01,1929.86,481.6885
1784678400000,2026-07-22 00:00:00,1930.09,1944.26,1906.58,1937.09,637.5088
1784680200000,2026-07-22 00:30:00,1937.09,1942.63,1935.08,1936.32,205.043
