timestamp,datetime,open,high,low,close,volume
1780493400000,2026-06-03 13:30:00,1874.67,1874.67,1863.95,1864.76,16.6873
1780494300000,2026-06-03 13:45:00,1864.76,1872.4,1861.86,1867.52,75.1385
1780495200000,2026-06-03 14:00:00,1867.53,1868.38,1862.19,1866.03,218.6516
1780496100000,2026-06-03 14:15:00,1866.02,1866.03,1854.84,1856.65,32.1803
1780497000000,2026-06-03 14:30:00,1857.31,1861.68,1853.29,1853.6,29.5655
1780497900000,2026-06-03 14:45:00,1853.6,1858.82,1853.2,1857.74,30.3941
1780498800000,2026-06-03 15:00:00,1857.74,1858.74,1848.36,1851.04,21.6244
1780499700000,2026-06-03 15:15:00,1851.19,1854.85,1845.01,1853.72,36.8325
1780500600000,2026-06-03 15:30:00,1853.47,1855.68,1843.49,1846.62,73.4102
1780501500000,2026-06-03 15:45:00,1845.01,1846.27,1836.37,1836.4,28.6285
1780502400000,2026-06-03 16:00:00,1836.41,1843.07,1831.98,1836.38,20.0393
1780503300000,2026-06-03 16:15:00,1836.11,1837.84,1812.29,1818.83,37.861
1780504200000,2026-06-03 16:30:00,1820.93,1828.8,1817.86,1828.23,12.2496
1780505100000,2026-06-03 16:45:00,1828.76,1833.03,1826.24,1832.64,18.7338
1780506000000,2026-06-03 17:00:00,1832.65,1833.28,1819.67,1821.19,18.5573
1780506900000,2026-06-03 17:15:00,1820.1,1829.27,1820.09,1829.27,12.5165
1780507800000,2026-06-03 17:30:00,1829.46,1838.95,1827.41,1836.18,25.0089
1780508700000,2026-06-03 17:45:00,1836.13,1836.13,1823.96,1828.53,33.2181
1780509600000,2026-06-03 18:00:00,1828.54,1832.42,1825.67,1828.97,50.7422
1780510500000,2026-06-03 18:15:00,1827.17,1827.88,1821.77,1825.43,171.9088
1780511400000,2026-06-03 18:30:00,1825.84,1832.19,1823.24,1830.48,19.9519
1780512300000,2026-06-03 18:45:00,1830.23,1834.18,1830.23,1832.52,17.8482
1780513200000,2026-06-03 19:00:00,1832.53,1833.64,1826.51,1827.61,21.8552
1780514100000,2026-06-03 19:15:00,1827.6,1827.94,1815.05,1815.49,26.4121
1780515000000,2026-06-03 19:30:00,1815.99,1822.94,1813.91,1820.0,16.4086
1780515900000,2026-06-03 19:45:00,1820.0,1823.17,1796.68,1803.66,25.0109
1780516800000,2026-06-03 20:00:00,1803.66,1812.6,1794.29,1811.38,27.4588
1780517700000,2026-06-03 20:15:00,1811.37,1811.38,1797.22,1810.51,10.4579
1780518600000,2026-06-03 20:30:00,1810.5,1810.5,1793.79,1793.79,21.7111
1780519500000,2026-06-03 20:45:00,1793.79,1795.08,1773.58,1781.35,17.5717
1780520400000,2026-06-03 21:00:00,1781.35,1802.64,1778.04,1799.18,10.3034
1780521300000,2026-06-03 21:15:00,1798.74,1802.71,1798.21,1802.16,5.7586
1780522200000,2026-06-03 21:30:00,1800.89,1836.22,1800.89,1826.51,20.2361
1780523100000,2026-06-03 21:45:00,1829.43,1849.32,1826.22,1848.07,17.7707
1780524000000,2026-06-03 22:00:00,1849.29,1849.82,1837.31,1838.56,25.6688
1780524900000,2026-06-03 22:15:00,1838.44,1838.44,1827.58,1829.28,10.6899
1780525800000,2026-06-03 22:30:00,1828.9,1834.57,1825.9,1830.88,12.0749
1780526700000,2026-06-03 22:45:00,1830.93,1831.31,1823.52,1827.65,14.5962
1780527600000,2026-06-03 23:00:00,1827.65,1830.25,1817.69,1825.23,20.21
1780528500000,2026-06-03 23:15:00,1823.57,1824.12,1816.78,1822.18,21.523
1780529400000,2026-06-03 23:30:00,1821.92,1825.48,1814.88,1816.18,26.7523
1780530300000,2026-06-03 23:45:00,1816.5,1820.59,1812.84,1813.8,12.3531
1780531200000,2026-06-04 00:00:00,1813.81,1820.5,1810.58,1817.45,35.218
1780532100000,2026-06-04 00:15:00,1817.45,1818.89,1788.47,1788.47,68.1523
1780533000000,2026-06-04 00:30:00,1788.47,1802.91,1784.01,1800.03,79.5952
1780533900000,2026-06-04 00:45:00,1800.02,1800.02,1787.11,1793.61,95.7869
1780534800000,2026-06-04 01:00:00,1793.78,1800.69,1785.17,1787.15,55.0013
1780535700000,2026-06-04 01:15:00,1787.15,1787.15,1767.59,1772.92,105.0737
1780536600000,2026-06-04 01:30:00,1772.92,1789.16,1767.01,1782.56,83.7585
1780537500000,2026-06-04 01:45:00,1782.56,1782.56,1755.72,1759.04,117.0735
1780538400000,2026-06-04 02:00:00,1759.05,1764.37,1722.04,1746.03,181.0547
1780539300000,2026-06-04 02:15:00,1745.68,1771.62,1737.61,1767.26,97.6891
1780540200000,2026-06-04 02:30:00,1763.5,1776.9,1763.37,1775.01,51.5862
1780541100000,2026-06-04 02:45:00,1774.0,1777.92,1766.06,1766.34,40.1728
1780542000000,2026-06-04 03:00:00,1766.34,1796.7,1766.33,1793.73,68.9621
1780542900000,2026-06-04 03:15:00,1793.72,1800.03,1793.55,1794.47,153.9027
1780543800000,2026-06-04 03:30:00,1794.48,1811.61,1794.47,1809.08,79.7671
1780544700000,2026-06-04 03:45:00,1809.07,1811.4,1806.29,1809.23,73.2166
1780545600000,2026-06-04 04:00:00,1809.23,1816.19,1808.33,1813.93,46.0628
1780546500000,2026-06-04 04:15:00,1813.6,1817.11,1809.5,1811.31,102.9918
1780547400000,2026-06-04 04:30:00,1811.31,1812.59,1804.5,1807.0,122.0493
1780548300000,2026-06-04 04:45:00,1807.0,1807.86,1802.69,1804.74,136.5145
1780549200000,2026-06-04 05:00:00,1805.0,1805.22,1785.16,1792.33,167.1734
1780550100000,2026-06-04 05:15:00,1792.33,1794.74,1784.54,1785.2,164.5354
1780551000000,2026-06-04 05:30:00,1785.2,1794.5,1782.06,1793.54,107.7307
1780551900000,2026-06-04 05:45:00,1793.79,1793.8,1781.59,1784.64,128.0168
1780552800000,2026-06-04 06:00:00,1784.64,1790.3,1782.35,1789.95,130.3955
1780553700000,2026-06-04 06:15:00,1789.95,1799.43,1788.85,1797.69,116.1096
1780554600000,2026-06-04 06:30:00,1797.69,1800.55,1791.36,1798.1,134.5578
1780555500000,2026-06-04 06:45:00,1796.87,1797.99,1787.5,1789.62,111.794
1780556400000,2026-06-04 07:00:00,1789.96,1790.72,1778.25,1782.47,126.1403
1780557300000,2026-06-04 07:15:00,1782.48,1783.77,1773.53,1778.11,98.6462
1780558200000,2026-06-04 07:30:00,1778.06,1786.56,1778.06,1784.54,116.5621
1780559100000,2026-06-04 07:45:00,1784.52,1784.53,1777.17,1777.17,144.5091
1780560000000,2026-06-04 08:00:00,1777.16,1782.91,1768.04,1768.62,118.3265
1780560900000,2026-06-04 08:15:00,1768.42,1773.52,1764.17,1771.93,153.6427
1780561800000,2026-06-04 08:30:00,1771.92,1778.38,1768.04,1769.57,86.7901
1780562700000,2026-06-04 08:45:00,1769.58,1775.79,1769.18,1773.49,109.4732
1780563600000,2026-06-04 09:00:00,1773.81,1773.81,1760.08,1761.66,107.7492
1780564500000,2026-06-04 09:15:00,1761.65,1761.66,1747.29,1749.43,277.497
1780565400000,2026-06-04 09:30:00,1749.43,1785.65,1720.0,1752.41,145.9983
1780566300000,2026-06-04 09:45:00,1752.57,1766.28,1752.56,1766.28,115.9427
1780567200000,2026-06-04 10:00:00,1766.28,1766.28,1754.32,1755.64,98.6084
1780568100000,2026-06-04 10:15:00,1755.64,1760.64,1752.59,1755.71,102.9236
1780569000000,2026-06-04 10:30:00,1755.7,1763.08,1753.2,1754.18,140.9739
1780569900000,2026-06-04 10:45:00,1754.18,1754.18,1731.35,1737.3,157.9087
1780570800000,2026-06-04 11:00:00,1737.3,1743.81,1733.0,1736.31,117.6873
1780571700000,2026-06-04 11:15:00,1736.31,1760.0,1731.99,1748.45,151.8987
1780572600000,2026-06-04 11:30:00,1748.45,1754.05,1739.48,1741.15,131.2256
1780573500000,2026-06-04 11:45:00,1741.14,1751.38,1741.14,1750.21,87.3089
1780574400000,2026-06-04 12:00:00,1751.5,1757.16,1744.37,1746.98,125.5008
1780575300000,2026-06-04 12:15:00,1746.98,1767.81,1746.97,1766.72,133.6107
1780576200000,2026-06-04 12:30:00,1766.72,1781.52,1765.7,1775.61,140.5284
1780577100000,2026-06-04 12:45:00,1775.6,1781.18,1772.26,1778.55,130.9151
1780578000000,2026-06-04 13:00:00,1778.55,1779.76,1773.9,1773.9,154.5007
1780578900000,2026-06-04 13:15:00,1773.9,1773.9,1756.48,1763.31,132.4122
1780579800000,2026-06-04 13:30:00,1763.31,1789.27,1762.29,1778.25,138.9882
1780580700000,2026-06-04 13:45:00,1778.26,1785.38,1776.0,1785.05,149.3518
1780581600000,2026-06-04 14:00:00,1785.06,1794.33,1778.07,1790.14,171.928
1780582500000,2026-06-04 14:15:00,1789.41,1791.18,1780.9,1782.38,134.2387
1780583400000,2026-06-04 14:30:00,1782.38,1782.38,1770.84,1771.64,279.8248
1780584300000,2026-06-04 14:45:00,1771.64,1775.37,1766.72,1773.75,141.3035
1780585200000,2026-06-04 15:00:00,1773.75,1790.76,1771.38,1788.79,131.1037
1780586100000,2026-06-04 15:15:00,1789.02,1790.0,1773.79,1778.8,146.3259
1780587000000,2026-06-04 15:30:00,1778.61,1779.65,1774.83,1776.5,159.8113
1780587900000,2026-06-04 15:45:00,1775.66,1779.15,1771.35,1778.19,132.8598
1780588800000,2026-06-04 16:00:00,1777.51,1777.53,1771.68,1772.24,114.0002
1780589700000,2026-06-04 16:15:00,1772.46,1778.04,1770.71,1771.5,152.9585
1780590600000,2026-06-04 16:30:00,1770.18,1778.82,1766.3,1777.71,161.7699
1780591500000,2026-06-04 16:45:00,1777.71,1778.96,1769.78,1772.2,129.7106
1780592400000,2026-06-04 17:00:00,1771.94,1775.76,1769.23,1772.69,112.8182
1780593300000,2026-06-04 17:15:00,1772.69,1772.69,1762.74,1764.12,117.7112
1780594200000,2026-06-04 17:30:00,1764.06,1766.04,1755.16,1757.64,46.4605
1780595100000,2026-06-04 17:45:00,1757.63,1773.58,1756.02,1768.14,31.8517
1780596000000,2026-06-04 18:00:00,1768.88,1769.76,1760.43,1760.43,26.5073
1780596900000,2026-06-04 18:15:00,1760.44,1778.25,1760.43,1778.25,59.4369
1780597800000,2026-06-04 18:30:00,1778.24,1783.16,1773.53,1775.1,49.2075
1780598700000,2026-06-04 18:45:00,1775.1,1780.82,1772.8,1776.82,38.0812
1780599600000,2026-06-04 19:00:00,1776.82,1776.89,1771.1,1776.89,26.2446
1780600500000,2026-06-04 19:15:00,1776.9,1785.18,1776.9,1785.17,38.0709
1780601400000,2026-06-04 19:30:00,1785.17,1785.57,1778.19,1778.97,54.5824
1780602300000,2026-06-04 19:45:00,1778.21,1779.19,1773.58,1778.18,21.6012
1780603200000,2026-06-04 20:00:00,1778.18,1778.18,1764.66,1772.59,34.1255
1780604100000,2026-06-04 20:15:00,1772.59,1774.86,1767.42,1768.99,30.2071
1780605000000,2026-06-04 20:30:00,1768.99,1774.79,1768.99,1773.0,34.9945
1780605900000,2026-06-04 20:45:00,1773.0,1774.61,1769.01,1774.09,19.5709
1780606800000,2026-06-04 21:00:00,1774.6,1782.58,1773.31,1777.91,31.6153
1780607700000,2026-06-04 21:15:00,1777.91,1778.66,1768.62,1769.93,34.5945
1780608600000,2026-06-04 21:30:00,1770.52,1770.53,1757.67,1767.17,32.7657
1780609500000,2026-06-04 21:45:00,1767.76,1769.21,1761.13,1761.24,23.0082
1780610400000,2026-06-04 22:00:00,1761.24,1768.35,1754.74,1757.29,42.0532
1780611300000,2026-06-04 22:15:00,1756.8,1800.0,1756.8,1760.3,73.6279
1780612200000,2026-06-04 22:30:00,1759.33,1763.44,1753.43,1760.8,23.2301
1780613100000,2026-06-04 22:45:00,1760.46,1769.78,1757.15,1769.61,27.1571
1780614000000,2026-06-04 23:00:00,1769.61,1777.02,1767.85,1770.2,26.0607
1780614900000,2026-06-04 23:15:00,1770.21,1770.21,1754.3,1761.49,35.7976
1780615800000,2026-06-04 23:30:00,1761.48,1770.18,1760.53,1769.75,28.0064
1780616700000,2026-06-04 23:45:00,1769.87,1772.14,1766.9,1772.09,19.5292
1780617600000,2026-06-05 00:00:00,1770.73,1770.73,1763.8,1763.8,131.99
1780618500000,2026-06-05 00:15:00,1764.16,1772.5,1760.52,1772.5,148.4162
1780619400000,2026-06-05 00:30:00,1772.5,1773.91,1767.72,1768.69,107.5932
1780620300000,2026-06-05 00:45:00,1769.93,1772.1,1759.08,1759.63,125.8264
1780621200000,2026-06-05 01:00:00,1759.63,1759.64,1748.13,1755.05,131.151
1780622100000,2026-06-05 01:15:00,1755.01,1757.94,1748.22,1754.09,164.6288
1780623000000,2026-06-05 01:30:00,1754.09,1761.92,1752.13,1756.99,176.4495
1780623900000,2026-06-05 01:45:00,1757.71,1757.71,1752.25,1754.0,140.9182
1780624800000,2026-06-05 02:00:00,1753.19,1753.73,1743.86,1747.9,161.4199
1780625700000,2026-06-05 02:15:00,1747.9,1750.75,1737.26,1737.89,156.6264
1780626600000,2026-06-05 02:30:00,1737.89,1741.8,1729.97,1736.17,200.4833
1780627500000,2026-06-05 02:45:00,1736.16,1740.0,1730.59,1731.14,142.0124
1780628400000,2026-06-05 03:00:00,1730.89,1731.1,1722.93,1724.64,212.838
1780629300000,2026-06-05 03:15:00,1724.64,1738.45,1724.64,1730.06,150.9302
1780630200000,2026-06-05 03:30:00,1730.06,1738.49,1729.18,1731.56,99.4537
1780631100000,2026-06-05 03:45:00,1731.86,1734.59,1728.24,1728.69,110.2596
1780632000000,2026-06-05 04:00:00,1728.69,1733.38,1720.32,1726.15,124.5444
1780632900000,2026-06-05 04:15:00,1726.29,1736.08,1718.94,1735.75,174.0207
1780633800000,2026-06-05 04:30:00,1735.75,1735.75,1728.05,1729.12,103.9545
1780634700000,2026-06-05 04:45:00,1729.73,1746.0,1725.38,1743.9,150.3328
1780635600000,2026-06-05 05:00:00,1743.89,1746.37,1732.06,1732.99,124.1102
1780636500000,2026-06-05 05:15:00,1732.99,1736.4,1726.44,1734.94,154.7171
1780637400000,2026-06-05 05:30:00,1734.95,1734.95,1700.05,1700.45,211.3164
1780638300000,2026-06-05 05:45:00,1700.46,1703.37,1682.09,1683.53,253.9927
1780639200000,2026-06-05 06:00:00,1683.54,1688.74,1668.29,1672.03,266.1861
1780640100000,2026-06-05 06:15:00,1672.04,1806.01,1621.96,1643.28,608.9098
1780641000000,2026-06-05 06:30:00,1643.66,1667.39,1643.65,1666.42,180.2712
1780641900000,2026-06-05 06:45:00,1665.03,1665.1,1654.46,1656.58,152.5458
1780642800000,2026-06-05 07:00:00,1656.4,1658.06,1634.38,1637.61,157.8447
1780643700000,2026-06-05 07:15:00,1637.61,1663.0,1637.6,1657.61,161.8849
1780644600000,2026-06-05 07:30:00,1657.61,1674.2,1653.66,1674.2,139.9186
1780645500000,2026-06-05 07:45:00,1674.21,1678.54,1671.93,1678.12,138.8476
1780646400000,2026-06-05 08:00:00,1678.12,1678.12,1667.25,1669.03,148.5652
1780647300000,2026-06-05 08:15:00,1669.04,1673.27,1663.43,1672.56,135.3859
1780648200000,2026-06-05 08:30:00,1672.55,1675.56,1667.38,1667.38,131.2103
1780649100000,2026-06-05 08:45:00,1667.38,1669.31,1660.09,1663.47,164.1586
1780650000000,2026-06-05 09:00:00,1663.46,1685.87,1663.44,1684.86,172.2727
1780650900000,2026-06-05 09:15:00,1684.86,1688.0,1677.15,1685.34,160.4794
1780651800000,2026-06-05 09:30:00,1685.33,1685.34,1677.16,1678.09,185.1792
1780652700000,2026-06-05 09:45:00,1678.08,1684.2,1678.08,1682.52,108.5199
1780653600000,2026-06-05 10:00:00,1682.52,1684.9,1672.4,1676.75,106.6239
1780654500000,2026-06-05 10:15:00,1676.75,1677.38,1672.22,1677.21,114.6023
1780655400000,2026-06-05 10:30:00,1677.22,1689.27,1672.99,1679.56,101.604
1780656300000,2026-06-05 10:45:00,1679.56,1679.65,1672.97,1676.34,80.8679
1780657200000,2026-06-05 11:00:00,1676.33,1677.39,1668.15,1670.33,142.7974
1780658100000,2026-06-05 11:15:00,1670.32,1681.79,1668.71,1677.28,143.211
1780659000000,2026-06-05 11:30:00,1677.63,1678.94,1668.0,1668.01,156.2197
1780659900000,2026-06-05 11:45:00,1668.29,1670.44,1663.01,1663.55,123.5572
1780660800000,2026-06-05 12:00:00,1664.04,1668.13,1652.07,1660.85,166.1892
1780661700000,2026-06-05 12:15:00,1660.51,1670.07,1660.51,1662.11,128.1369
1780662600000,2026-06-05 12:30:00,1662.11,1666.64,1646.35,1656.8,162.8746
1780663500000,2026-06-05 12:45:00,1656.8,1658.99,1652.06,1657.27,141.6079
1780664400000,2026-06-05 13:00:00,1657.27,1670.52,1657.27,1667.52,153.4389
1780665300000,2026-06-05 13:15:00,1666.9,1673.47,1664.44,1668.24,43.3318
1780666200000,2026-06-05 13:30:00,1664.06,1676.9,1652.46,1652.46,37.2675
1780667100000,2026-06-05 13:45:00,1654.9,1655.31,1482.0,1616.08,131.7245
1780668000000,2026-06-05 14:00:00,1616.08,1624.07,1600.49,1613.21,78.1532
1780668900000,2026-06-05 14:15:00,1613.95,1621.2,1597.08,1601.94,53.6635
1780669800000,2026-06-05 14:30:00,1601.95,1621.58,1598.88,1606.77,43.6326
1780670700000,2026-06-05 14:45:00,1610.24,1617.53,1596.16,1601.39,37.8992
1780671600000,2026-06-05 15:00:00,1600.31,1602.82,1581.01,1582.35,66.9313
1780672500000,2026-06-05 15:15:00,1583.09,1603.49,1580.19,1593.76,50.9617
1780673400000,2026-06-05 15:30:00,1593.87,1598.07,1574.19,1583.76,52.4402
1780674300000,2026-06-05 15:45:00,1584.41,1588.84,1575.75,1585.12,52.5021
1780675200000,2026-06-05 16:00:00,1584.49,1590.67,1550.39,1586.19,67.4497
1780676100000,2026-06-05 16:15:00,1586.19,1608.19,1584.0,1595.86,55.4815
1780677000000,2026-06-05 16:30:00,1595.34,1596.0,1579.34,1583.54,48.7089
1780677900000,2026-06-05 16:45:00,1583.54,1610.73,1580.0,1608.75,73.2129
1780678800000,2026-06-05 17:00:00,1608.75,1612.59,1596.19,1599.57,40.5014
1780679700000,2026-06-05 17:15:00,1599.57,1599.58,1588.48,1589.28,45.8461
1780680600000,2026-06-05 17:30:00,1589.94,1602.32,1589.35,1593.17,48.4129
1780681500000,2026-06-05 17:45:00,1594.27,1595.35,1589.51,1593.38,32.9972
1780682400000,2026-06-05 18:00:00,1594.38,1598.66,1589.54,1589.54,38.1608
1780683300000,2026-06-05 18:15:00,1589.55,1590.15,1564.81,1566.01,54.1589
1780684200000,2026-06-05 18:30:00,1566.02,1574.27,1559.67,1564.41,103.7091
1780685100000,2026-06-05 18:45:00,1564.79,1564.79,1547.61,1553.16,76.1811
1780686000000,2026-06-05 19:00:00,1552.84,1559.41,1545.03,1550.51,61.5183
1780686900000,2026-06-05 19:15:00,1550.5,1561.23,1540.54,1560.46,58.7766
1780687800000,2026-06-05 19:30:00,1560.47,1560.95,1546.17,1554.33,42.891
1780688700000,2026-06-05 19:45:00,1555.02,1578.75,1555.02,1574.15,41.5209
1780689600000,2026-06-05 20:00:00,1574.15,1588.23,1558.26,1581.69,65.5942
1780690500000,2026-06-05 20:15:00,1585.13,1600.25,1581.77,1596.35,59.2003
1780691400000,2026-06-05 20:30:00,1596.05,1601.92,1591.17,1600.18,40.4691
1780692300000,2026-06-05 20:45:00,1600.17,1606.1,1595.86,1604.43,46.7158
1780693200000,2026-06-05 21:00:00,1604.71,1614.74,1603.43,1613.54,52.0998
1780694100000,2026-06-05 21:15:00,1613.36,1615.65,1608.05,1611.96,44.3772
1780695000000,2026-06-05 21:30:00,1611.14,1616.04,1607.73,1613.15,28.4784
1780695900000,2026-06-05 21:45:00,1613.99,1618.5,1609.66,1609.66,65.3083
1780696800000,2026-06-05 22:00:00,1609.93,1610.25,1591.43,1594.07,69.2564
1780697700000,2026-06-05 22:15:00,1594.06,1602.32,1592.5,1593.56,44.9321
1780698600000,2026-06-05 22:30:00,1595.83,1604.49,1593.63,1599.91,24.3466
1780699500000,2026-06-05 22:45:00,1598.9,1601.87,1593.77,1597.33,32.3039
1780700400000,2026-06-05 23:00:00,1597.35,1603.06,1594.36,1594.84,22.0688
1780701300000,2026-06-05 23:15:00,1591.27,1591.27,1571.54,1575.76,51.2725
1780702200000,2026-06-05 23:30:00,1574.93,1574.93,1561.55,1570.79,28.4158
1780703100000,2026-06-05 23:45:00,1569.36,1583.75,1568.69,1583.75,29.9499
1780704000000,2026-06-06 00:00:00,1583.75,1600.55,1364.77,1598.32,172.0355
1780704900000,2026-06-06 00:15:00,1598.7,1600.2,1590.49,1595.98,109.8169
1780705800000,2026-06-06 00:30:00,1595.91,1598.85,1592.17,1593.6,95.7187
1780706700000,2026-06-06 00:45:00,1593.6,1598.5,1591.28,1593.15,171.9224
1780707600000,2026-06-06 01:00:00,1592.77,1596.65,1584.73,1584.73,136.193
1780708500000,2026-06-06 01:15:00,1584.73,1592.73,1578.36,1592.73,120.8378
1780709400000,2026-06-06 01:30:00,1591.76,1591.76,1583.24,1584.46,105.5525
1780710300000,2026-06-06 01:45:00,1584.41,1587.8,1580.35,1583.9,105.5841
1780711200000,2026-06-06 02:00:00,1583.87,1583.87,1575.67,1576.3,139.0334
1780712100000,2026-06-06 02:15:00,1575.66,1578.22,1566.78,1572.86,182.0441
1780713000000,2026-06-06 02:30:00,1572.86,1580.71,1571.29,1577.1,122.0009
1780713900000,2026-06-06 02:45:00,1576.36,1585.15,1575.92,1576.22,158.4873
1780714800000,2026-06-06 03:00:00,1576.22,1576.22,1568.59,1570.18,162.0399
1780715700000,2026-06-06 03:15:00,1570.18,1571.92,1564.12,1566.83,151.7748
1780716600000,2026-06-06 03:30:00,1566.83,1566.83,1556.69,1562.16,187.0607
1780717500000,2026-06-06 03:45:00,1562.17,1567.16,1560.0,1563.66,162.2416
1780718400000,2026-06-06 04:00:00,1563.66,1568.64,1539.0,1543.14,183.0877
1780719300000,2026-06-06 04:15:00,1543.13,1546.23,1300.0,1533.77,196.5928
1780720200000,2026-06-06 04:30:00,1533.78,1534.51,1511.75,1520.66,150.7326
1780721100000,2026-06-06 04:45:00,1520.53,1529.73,1516.41,1522.27,134.1623
1780722000000,2026-06-06 05:00:00,1522.27,1530.36,1506.93,1520.08,176.96
1780722900000,2026-06-06 05:15:00,1520.07,1570.77,1519.26,1550.84,177.3068
1780723800000,2026-06-06 05:30:00,1549.96,1562.52,1549.96,1560.0,170.01
1780724700000,2026-06-06 05:45:00,1559.62,1567.89,1557.9,1566.58,164.9682
1780725600000,2026-06-06 06:00:00,1566.59,1576.08,1566.59,1575.52,144.0826
1780726500000,2026-06-06 06:15:00,1575.52,1581.24,1571.78,1574.89,96.9684
1780727400000,2026-06-06 06:30:00,1574.94,1578.53,1564.79,1564.8,129.9563
1780728300000,2026-06-06 06:45:00,1564.79,1566.32,1556.72,1560.11,127.524
1780729200000,2026-06-06 07:00:00,1560.1,1574.46,1556.93,1574.46,134.1758
1780730100000,2026-06-06 07:15:00,1574.47,1579.05,1566.3,1567.86,144.1438
1780731000000,2026-06-06 07:30:00,1567.05,1577.39,1567.05,1577.14,138.2573
1780731900000,2026-06-06 07:45:00,1577.15,1578.36,1575.0,1575.14,106.7651
1780732800000,2026-06-06 08:00:00,1575.04,1578.89,1570.48,1578.89,106.0508
1780733700000,2026-06-06 08:15:00,1578.29,1587.17,1573.96,1586.88,86.8488
1780734600000,2026-06-06 08:30:00,1586.88,1592.34,1584.13,1587.57,140.9696
1780735500000,2026-06-06 08:45:00,1587.31,1588.22,1581.92,1581.92,120.6563
1780736400000,2026-06-06 09:00:00,1581.93,1587.2,1577.95,1581.38,147.3227
1780737300000,2026-06-06 09:15:00,1580.84,1587.27,1577.51,1587.2,119.6956
1780738200000,2026-06-06 09:30:00,1587.19,1588.09,1584.49,1586.22,168.9301
1780739100000,2026-06-06 09:45:00,1586.22,1587.45,1560.0,1570.08,144.8754
1780740000000,2026-06-06 10:00:00,1570.08,1570.27,1556.26,1556.26,199.3095
1780740900000,2026-06-06 10:15:00,1556.25,1561.13,1552.88,1555.18,131.2982
1780741800000,2026-06-06 10:30:00,1555.18,1555.19,1538.12,1544.48,204.5594
1780742700000,2026-06-06 10:45:00,1544.39,1548.87,1536.56,1548.87,198.2027
1780743600000,2026-06-06 11:00:00,1548.87,1556.56,1547.49,1554.74,161.776
1780744500000,2026-06-06 11:15:00,1554.75,1564.21,1553.54,1564.2,187.6104
1780745400000,2026-06-06 11:30:00,1564.21,1565.84,1559.67,1560.93,131.8258
1780746300000,2026-06-06 11:45:00,1560.62,1566.57,1556.84,1558.89,92.9765
1780747200000,2026-06-06 12:00:00,1558.9,1565.54,1558.9,1563.97,169.3825
1780748100000,2026-06-06 12:15:00,1563.77,1564.66,1555.33,1555.34,167.2785
1780749000000,2026-06-06 12:30:00,1555.14,1562.89,1551.87,1562.0,138.0564
1780749900000,2026-06-06 12:45:00,1561.99,1574.36,1560.6,1571.25,156.6863
1780750800000,2026-06-06 13:00:00,1571.37,1572.81,1527.71,1568.4,176.7065
1780751700000,2026-06-06 13:15:00,1568.41,1571.17,1561.63,1561.63,154.246
1780752600000,2026-06-06 13:30:00,1561.63,1562.73,1554.19,1562.73,165.1173
1780753500000,2026-06-06 13:45:00,1562.73,1566.92,1556.1,1556.38,128.7854
1780754400000,2026-06-06 14:00:00,1556.39,1563.9,1556.38,1560.7,194.2634
1780755300000,2026-06-06 14:15:00,1560.7,1565.93,1558.4,1561.51,160.8152
1780756200000,2026-06-06 14:30:00,1561.51,1565.01,1559.24,1563.66,61.8731
1780757100000,2026-06-06 14:45:00,1563.77,1566.64,1557.64,1557.71,30.7738
1780758000000,2026-06-06 15:00:00,1558.72,1560.9,1550.0,1552.76,48.7929
1780758900000,2026-06-06 15:15:00,1551.56,1555.7,1546.92,1555.56,42.2836
1780759800000,2026-06-06 15:30:00,1555.58,1564.99,1553.29,1564.99,33.7785
1780760700000,2026-06-06 15:45:00,1564.03,1565.35,1558.58,1560.44,34.3517
1780761600000,2026-06-06 16:00:00,1558.9,1572.8,1555.92,1560.75,45.8843
1780762500000,2026-06-06 16:15:00,1559.9,1561.6,1555.26,1556.46,50.2265
1780763400000,2026-06-06 16:30:00,1556.46,1561.57,1554.5,1561.57,26.4132
1780764300000,2026-06-06 16:45:00,1561.57,1565.15,1560.6,1563.01,33.8554
1780765200000,2026-06-06 17:00:00,1563.19,1565.86,1558.36,1563.57,37.0898
1780766100000,2026-06-06 17:15:00,1562.05,1562.94,1557.81,1559.54,23.4575
1780767000000,2026-06-06 17:30:00,1559.75,1564.42,1553.24,1555.6,49.1634
1780767900000,2026-06-06 17:45:00,1556.14,1556.23,1549.58,1552.92,27.9927
1780768800000,2026-06-06 18:00:00,1553.03,1555.13,1550.62,1552.21,10.1828
1780769700000,2026-06-06 18:15:00,1551.85,1565.6,1551.39,1564.28,40.6529
1780770600000,2026-06-06 18:30:00,1564.28,1564.28,1556.44,1557.22,24.7772
1780771500000,2026-06-06 18:45:00,1557.4,1558.44,1552.76,1556.43,29.7341
1780772400000,2026-06-06 19:00:00,1556.58,1562.86,1555.04,1560.49,34.8569
1780773300000,2026-06-06 19:15:00,1560.49,1560.49,1555.97,1556.14,21.0035
1780774200000,2026-06-06 19:30:00,1556.13,1556.95,1553.56,1555.46,19.5369
1780775100000,2026-06-06 19:45:00,1555.03,1557.69,1554.35,1554.44,17.962
1780776000000,2026-06-06 20:00:00,1554.44,1556.13,1551.44,1553.5,31.9033
1780776900000,2026-06-06 20:15:00,1553.12,1554.67,1551.41,1552.01,22.7241
1780777800000,2026-06-06 20:30:00,1552.65,1559.53,1551.13,1559.27,53.1658
1780778700000,2026-06-06 20:45:00,1559.01,1559.66,1555.67,1558.74,35.9034
1780779600000,2026-06-06 21:00:00,1556.99,1562.6,1556.99,1560.02,13.4079
1780780500000,2026-06-06 21:15:00,1560.77,1563.69,1559.44,1561.71,30.4631
1780781400000,2026-06-06 21:30:00,1562.94,1564.73,1560.4,1561.84,23.6315
1780782300000,2026-06-06 21:45:00,1561.19,1562.14,1557.91,1557.92,15.9074
1780783200000,2026-06-06 22:00:00,1558.22,1560.83,1553.35,1555.32,31.2808
1780784100000,2026-06-06 22:15:00,1555.04,1561.55,1552.24,1553.47,24.1074
1780785000000,2026-06-06 22:30:00,1554.02,1557.9,1554.02,1556.78,14.7568
1780785900000,2026-06-06 22:45:00,1558.4,1561.7,1558.4,1559.51,17.7724
1780786800000,2026-06-06 23:00:00,1559.52,1563.88,1558.0,1563.88,45.4456
1780787700000,2026-06-06 23:15:00,1563.89,1563.89,1556.91,1560.06,23.2541
1780788600000,2026-06-06 23:30:00,1560.62,1568.28,1560.61,1567.64,31.7195
1780789500000,2026-06-06 23:45:00,1567.64,1569.75,1566.67,1569.64,39.9322
1780790400000,2026-06-07 00:00:00,1569.73,1572.13,1565.66,1566.17,159.5397
1780791300000,2026-06-07 00:15:00,1566.08,1569.45,1564.21,1566.52,86.1834
1780792200000,2026-06-07 00:30:00,1566.53,1571.41,1565.57,1565.57,110.7792
1780793100000,2026-06-07 00:45:00,1565.51,1567.35,1565.02,1565.12,87.1258
1780794000000,2026-06-07 01:00:00,1565.29,1586.83,1564.17,1586.7,203.8026
1780794900000,2026-06-07 01:15:00,1586.7,1596.16,1584.94,1596.16,173.1228
1780795800000,2026-06-07 01:30:00,1596.16,1596.17,1585.89,1588.48,102.3708
1780796700000,2026-06-07 01:45:00,1588.99,1592.07,1585.61,1590.35,94.2748
1780797600000,2026-06-07 02:00:00,1590.03,1593.35,1589.24,1590.19,115.0097
1780798500000,2026-06-07 02:15:00,1589.27,1589.54,1583.61,1585.14,82.7675
1780799400000,2026-06-07 02:30:00,1585.26,1586.45,1582.71,1586.45,121.7725
1780800300000,2026-06-07 02:45:00,1586.46,1594.22,1586.46,1592.44,93.6141
1780801200000,2026-06-07 03:00:00,1592.52,1593.07,1589.73,1593.07,76.1968
1780802100000,2026-06-07 03:15:00,1593.06,1599.35,1591.61,1595.9,129.4383
1780803000000,2026-06-07 03:30:00,1596.16,1597.78,1591.12,1594.37,106.1846
1780803900000,2026-06-07 03:45:00,1594.56,1595.19,1592.83,1595.0,81.0168
1780804800000,2026-06-07 04:00:00,1595.01,1595.66,1587.78,1589.09,101.5513
1780805700000,2026-06-07 04:15:00,1589.09,1591.09,1585.1,1586.84,122.1354
1780806600000,2026-06-07 04:30:00,1587.04,1598.81,1587.04,1596.08,132.7317
1780807500000,2026-06-07 04:45:00,1596.73,1597.94,1594.45,1597.46,93.3054
1780808400000,2026-06-07 05:00:00,1597.41,1604.8,1593.62,1600.3,116.4543
1780809300000,2026-06-07 05:15:00,1600.3,1608.41,1598.27,1603.63,181.6054
1780810200000,2026-06-07 05:30:00,1603.63,1607.96,1600.34,1605.86,129.4164
1780811100000,2026-06-07 05:45:00,1605.86,1607.85,1603.07,1604.22,80.8033
1780812000000,2026-06-07 06:00:00,1604.09,1604.09,1598.63,1601.04,120.1554
1780812900000,2026-06-07 06:15:00,1600.12,1620.54,1598.58,1618.67,184.7845
1780813800000,2026-06-07 06:30:00,1618.22,1622.22,1613.37,1614.29,207.4499
1780814700000,2026-06-07 06:45:00,1614.75,1615.88,1611.18,1612.48,130.549
1780815600000,2026-06-07 07:00:00,1612.47,1614.91,1607.57,1611.3,109.4614
1780816500000,2026-06-07 07:15:00,1610.93,1613.61,1608.54,1613.4,81.0725
1780817400000,2026-06-07 07:30:00,1613.4,1615.17,1610.5,1612.34,71.4732
1780818300000,2026-06-07 07:45:00,1611.79,1616.07,1611.22,1615.13,56.547
1780819200000,2026-06-07 08:00:00,1615.07,1616.2,1608.76,1613.26,80.0486
1780820100000,2026-06-07 08:15:00,1613.27,1618.63,1610.28,1618.13,75.5576
1780821000000,2026-06-07 08:30:00,1618.27,1622.0,1615.49,1621.95,89.9469
1780821900000,2026-06-07 08:45:00,1622.02,1641.77,1358.25,1640.85,199.2517
1780822800000,2026-06-07 09:00:00,1641.07,1642.84,1637.58,1642.84,103.9871
1780823700000,2026-06-07 09:15:00,1642.95,1647.93,1637.62,1641.18,143.9323
1780824600000,2026-06-07 09:30:00,1641.49,1641.49,1633.21,1634.62,85.1831
1780825500000,2026-06-07 09:45:00,1634.27,1636.49,1629.68,1633.52,100.6912
1780826400000,2026-06-07 10:00:00,1633.9,1634.71,1627.98,1628.58,121.4485
1780827300000,2026-06-07 10:15:00,1628.9,1635.48,1628.76,1633.29,76.824
1780828200000,2026-06-07 10:30:00,1633.58,1634.94,1628.76,1629.67,87.9293
1780829100000,2026-06-07 10:45:00,1629.67,1629.7,1624.98,1625.84,131.8615
1780830000000,2026-06-07 11:00:00,1625.78,1627.89,1622.92,1626.43,133.0542
1780830900000,2026-06-07 11:15:00,1626.28,1630.07,1625.7,1628.74,101.7128
1780831800000,2026-06-07 11:30:00,1628.72,1633.08,1626.5,1631.86,89.0085
1780832700000,2026-06-07 11:45:00,1631.86,1633.86,1629.4,1629.96,50.0682
1780833600000,2026-06-07 12:00:00,1629.96,1630.66,1611.21,1612.36,206.2979
1780834500000,2026-06-07 12:15:00,1612.36,1618.28,1610.35,1611.01,140.3909
1780835400000,2026-06-07 12:30:00,1610.31,1617.7,1608.96,1616.03,128.0438
1780836300000,2026-06-07 12:45:00,1615.58,1639.59,1615.58,1620.36,98.5267
1780837200000,2026-06-07 13:00:00,1620.36,1620.81,1613.42,1618.76,107.7141
1780838100000,2026-06-07 13:15:00,1618.77,1622.06,1615.9,1620.91,77.5631
1780839000000,2026-06-07 13:30:00,1621.02,1622.34,1616.49,1617.66,100.9967
1780839900000,2026-06-07 13:45:00,1617.53,1619.59,1615.26,1617.78,89.034
1780840800000,2026-06-07 14:00:00,1617.11,1620.99,1616.92,1618.4,139.8148
1780841700000,2026-06-07 14:15:00,1618.4,1632.82,1617.66,1630.27,179.6521
1780842600000,2026-06-07 14:30:00,1630.28,1637.91,1625.58,1626.3,160.7169
1780843500000,2026-06-07 14:45:00,1626.3,1628.61,1621.87,1628.61,106.6199
1780844400000,2026-06-07 15:00:00,1628.6,1628.61,1621.02,1626.92,102.6608
1780845300000,2026-06-07 15:15:00,1626.92,1632.28,1623.64,1632.28,129.4976
1780846200000,2026-06-07 15:30:00,1631.86,1636.09,1630.42,1632.72,130.1573
1780847100000,2026-06-07 15:45:00,1632.72,1632.75,1627.43,1629.64,91.197
1780848000000,2026-06-07 16:00:00,1630.07,1630.81,1623.63,1628.75,223.0752
1780848900000,2026-06-07 16:15:00,1628.76,1874.3,1627.29,1628.3,224.322
1780849800000,2026-06-07 16:30:00,1628.39,1631.69,1627.73,1629.47,184.4857
1780850700000,2026-06-07 16:45:00,1629.61,1633.28,1626.1,1628.52,100.4714
1780851600000,2026-06-07 17:00:00,1628.52,1636.59,1627.89,1634.64,103.1657
1780852500000,2026-06-07 17:15:00,1634.63,1637.45,1633.22,1635.29,16.1608
1780853400000,2026-06-07 17:30:00,1635.33,1637.76,1633.52,1634.29,12.5933
1780854300000,2026-06-07 17:45:00,1633.2,1633.56,1629.13,1631.69,20.132
1780855200000,2026-06-07 18:00:00,1631.39,1635.55,1631.07,1635.06,11.3119
1780856100000,2026-06-07 18:15:00,1634.98,1634.98,1629.84,1633.43,15.9597
1780857000000,2026-06-07 18:30:00,1633.62,1636.57,1633.5,1634.39,25.4312
1780857900000,2026-06-07 18:45:00,1634.25,1635.82,1629.63,1630.85,19.4757
1780858800000,2026-06-07 19:00:00,1629.92,1630.51,1614.27,1616.55,46.1934
1780859700000,2026-06-07 19:15:00,1616.54,1616.55,1606.19,1610.98,37.9387
1780860600000,2026-06-07 19:30:00,1611.06,1611.79,1607.29,1607.3,22.0236
1780861500000,2026-06-07 19:45:00,1607.29,1617.43,1606.89,1612.8,32.1233
1780862400000,2026-06-07 20:00:00,1613.11,1622.61,1609.69,1620.95,25.3625
1780863300000,2026-06-07 20:15:00,1620.15,1631.03,1618.54,1624.98,31.1299
1780864200000,2026-06-07 20:30:00,1624.93,1627.07,1622.93,1624.37,15.8807
1780865100000,2026-06-07 20:45:00,1624.37,1630.2,1624.36,1628.56,26.0849
1780866000000,2026-06-07 21:00:00,1628.14,1631.68,1624.01,1630.36,39.1736
1780866900000,2026-06-07 21:15:00,1630.19,1630.88,1627.66,1628.36,22.9501
1780867800000,2026-06-07 21:30:00,1628.36,1630.15,1625.4,1625.7,49.263
1780868700000,2026-06-07 21:45:00,1626.87,1634.1,1626.86,1634.09,38.0489
1780869600000,2026-06-07 22:00:00,1634.31,1694.7,1629.17,1693.56,79.3654
1780870500000,2026-06-07 22:15:00,1693.56,1713.71,1550.49,1675.39,148.3736
1780871400000,2026-06-07 22:30:00,1677.52,1689.3,1670.31,1681.15,42.3889
1780872300000,2026-06-07 22:45:00,1681.16,1685.85,1672.45,1672.46,31.4641
1780873200000,2026-06-07 23:00:00,1672.56,1680.75,1670.79,1680.37,38.0758
1780874100000,2026-06-07 23:15:00,1680.36,1684.78,1672.62,1684.69,38.5144
1780875000000,2026-06-07 23:30:00,1685.19,1685.2,1679.35,1684.55,27.2884
1780875900000,2026-06-07 23:45:00,1684.56,1690.42,1681.01,1690.42,21.2408
1780876800000,2026-06-08 00:00:00,1690.42,1691.0,1684.05,1686.55,176.2306
1780877700000,2026-06-08 00:15:00,1686.06,1697.39,1684.21,1697.39,140.8007
1780878600000,2026-06-08 00:30:00,1697.97,1711.01,1694.83,1703.1,169.6878
1780879500000,2026-06-08 00:45:00,1702.69,1707.34,1693.98,1697.44,174.758
1780880400000,2026-06-08 01:00:00,1697.59,1699.02,1684.48,1684.48,154.3954
1780881300000,2026-06-08 01:15:00,1684.31,1684.31,1674.37,1674.38,149.3933
1780882200000,2026-06-08 01:30:00,1674.36,1683.95,1671.8,1683.03,126.3287
1780883100000,2026-06-08 01:45:00,1682.79,1687.5,1680.92,1686.48,122.1661
1780884000000,2026-06-08 02:00:00,1687.33,1689.28,1680.85,1686.25,142.2459
1780884900000,2026-06-08 02:15:00,1685.51,1688.06,1680.0,1685.15,125.5666
1780885800000,2026-06-08 02:30:00,1684.72,1686.49,1679.13,1683.98,122.9135
1780886700000,2026-06-08 02:45:00,1683.78,1684.82,1679.92,1683.42,104.601
1780887600000,2026-06-08 03:00:00,1683.42,1691.94,1679.43,1688.05,107.4686
1780888500000,2026-06-08 03:15:00,1688.05,1688.49,1680.82,1680.82,112.473
1780889400000,2026-06-08 03:30:00,1680.93,1683.08,1677.27,1678.52,74.0823
1780890300000,2026-06-08 03:45:00,1678.52,1680.31,1677.0,1678.91,75.4345
1780891200000,2026-06-08 04:00:00,1679.85,1680.89,1665.82,1669.21,173.1585
1780892100000,2026-06-08 04:15:00,1669.2,1669.8,1663.15,1666.46,87.9367
1780893000000,2026-06-08 04:30:00,1666.85,1668.05,1656.16,1657.02,126.734
1780893900000,2026-06-08 04:45:00,1657.02,1664.53,1657.02,1660.83,110.3072
1780894800000,2026-06-08 05:00:00,1660.82,1660.82,1649.04,1649.04,149.3539
1780895700000,2026-06-08 05:15:00,1649.03,1656.89,1648.36,1656.41,117.8097
1780896600000,2026-06-08 05:30:00,1656.68,1656.68,1645.27,1647.55,118.6426
1780897500000,2026-06-08 05:45:00,1647.49,1653.6,1647.28,1653.23,84.7807
1780898400000,2026-06-08 06:00:00,1653.68,1693.62,1653.67,1663.7,141.7869
1780899300000,2026-06-08 06:15:00,1662.77,1669.57,1661.18,1668.54,144.7344
1780900200000,2026-06-08 06:30:00,1668.54,1668.54,1662.61,1666.63,77.8365
1780901100000,2026-06-08 06:45:00,1666.63,1667.66,1663.95,1666.47,104.2891
1780902000000,2026-06-08 07:00:00,1666.54,1671.7,1661.92,1668.45,114.0872
1780902900000,2026-06-08 07:15:00,1668.46,1676.21,1665.86,1673.1,124.3604
1780903800000,2026-06-08 07:30:00,1673.09,1678.03,1672.23,1672.54,116.9563
1780904700000,2026-06-08 07:45:00,1672.54,1677.31,1672.26,1672.63,121.2298
1780905600000,2026-06-08 08:00:00,1672.62,1675.56,1635.72,1669.38,169.873
1780906500000,2026-06-08 08:15:00,1669.38,1670.13,1662.95,1666.81,127.6142
1780907400000,2026-06-08 08:30:00,1666.93,1669.63,1663.81,1665.06,101.8621
1780908300000,2026-06-08 08:45:00,1665.05,1665.05,1659.2,1661.59,156.0071
1780909200000,2026-06-08 09:00:00,1661.17,1665.81,1658.4,1664.53,127.2807
1780910100000,2026-06-08 09:15:00,1665.11,1668.85,1662.43,1663.75,85.4855
1780911000000,2026-06-08 09:30:00,1662.83,1667.38,1657.44,1663.48,115.1264
1780911900000,2026-06-08 09:45:00,1663.49,1671.4,1662.79,1671.01,74.7719
1780912800000,2026-06-08 10:00:00,1671.1,1671.94,1667.94,1669.62,111.5091
1780913700000,2026-06-08 10:15:00,1669.61,1670.44,1664.05,1664.89,74.8518
1780914600000,2026-06-08 10:30:00,1665.21,1674.84,1663.81,1671.76,103.1961
1780915500000,2026-06-08 10:45:00,1671.77,1672.97,1669.47,1672.19,76.8079
1780916400000,2026-06-08 11:00:00,1672.37,1681.32,1667.88,1679.74,205.8179
1780917300000,2026-06-08 11:15:00,1679.75,1693.97,1679.75,1688.43,293.6657
1780918200000,2026-06-08 11:30:00,1689.87,1696.67,1684.57,1688.89,141.2403
1780919100000,2026-06-08 11:45:00,1688.95,1689.15,1682.09,1684.85,156.601
1780920000000,2026-06-08 12:00:00,1684.85,1688.84,1668.81,1671.13,370.6596
1780920900000,2026-06-08 12:15:00,1671.13,1715.45,1671.06,1679.52,683.9906
1780921800000,2026-06-08 12:30:00,1679.53,1906.54,1678.32,1692.39,686.3636
1780922700000,2026-06-08 12:45:00,1692.38,1696.0,1429.54,1694.65,1045.383
1780923600000,2026-06-08 13:00:00,1694.66,1959.29,1600.0,1691.99,1370.1261
1780924500000,2026-06-08 13:15:00,1691.99,1710.0,1687.24,1688.74,659.1214
1780925400000,2026-06-08 13:30:00,1688.8,1690.86,1451.2,1682.77,965.5377
1780926300000,2026-06-08 13:45:00,1682.76,1687.97,1678.74,1683.09,695.9905
1780927200000,2026-06-08 14:00:00,1683.09,1696.97,1677.9,1687.6,750.7573
1780928100000,2026-06-08 14:15:00,1687.6,1694.75,1682.21,1684.71,764.2303
1780929000000,2026-06-08 14:30:00,1684.71,1697.23,1682.95,1687.03,766.9106
1780929900000,2026-06-08 14:45:00,1687.03,1694.0,1683.99,1690.39,704.8584
1780930800000,2026-06-08 15:00:00,1690.39,1704.34,1690.38,1703.62,788.5074
1780931700000,2026-06-08 15:15:00,1703.63,1705.05,1680.0,1696.58,666.0241
1780932600000,2026-06-08 15:30:00,1696.58,1707.69,1690.27,1693.91,756.3305
1780933500000,2026-06-08 15:45:00,1693.91,1700.55,1690.0,1690.8,663.6585
1780934400000,2026-06-08 16:00:00,1690.8,1698.0,1688.34,1695.12,665.9281
1780935300000,2026-06-08 16:15:00,1695.12,1703.85,1695.12,1698.48,664.0871
1780936200000,2026-06-08 16:30:00,1698.48,1698.51,1690.67,1692.77,696.2473
1780937100000,2026-06-08 16:45:00,1692.77,1693.14,1682.94,1682.95,666.304
1780938000000,2026-06-08 17:00:00,1682.95,1687.3,1676.23,1678.33,645.9581
1780938900000,2026-06-08 17:15:00,1678.34,1693.33,1678.33,1686.09,643.9481
1780939800000,2026-06-08 17:30:00,1686.1,1686.7,1677.55,1680.58,641.4458
1780940700000,2026-06-08 17:45:00,1680.59,1693.12,1680.41,1686.49,662.8108
1780941600000,2026-06-08 18:00:00,1686.5,1700.0,1686.25,1687.82,637.7871
1780942500000,2026-06-08 18:15:00,1687.81,1688.69,1685.12,1688.0,636.5518
1780943400000,2026-06-08 18:30:00,1688.0,1691.43,1681.34,1683.38,662.8724
1780944300000,2026-06-08 18:45:00,1683.37,1686.65,1679.42,1684.71,612.9093
1780945200000,2026-06-08 19:00:00,1684.72,1688.72,1681.57,1684.38,652.6468
1780946100000,2026-06-08 19:15:00,1684.39,1688.94,1681.91,1686.58,633.2537
1780947000000,2026-06-08 19:30:00,1686.59,1690.24,1678.98,1689.23,380.5298
1780947900000,2026-06-08 19:45:00,1689.77,1689.78,1683.59,1685.35,102.214
1780948800000,2026-06-08 20:00:00,1685.35,1688.79,1681.72,1682.94,83.4432
1780949700000,2026-06-08 20:15:00,1682.94,1685.98,1679.49,1679.49,118.6262
1780950600000,2026-06-08 20:30:00,1679.5,1688.79,1679.5,1687.08,107.5619
1780951500000,2026-06-08 20:45:00,1687.08,1691.48,1686.01,1688.59,60.3952
1780952400000,2026-06-08 21:00:00,1688.58,1713.23,1688.58,1709.74,214.1164
1780953300000,2026-06-08 21:15:00,1709.39,1721.9,1705.0,1709.44,138.1397
1780954200000,2026-06-08 21:30:00,1709.44,1714.09,1707.77,1714.09,131.6616
1780955100000,2026-06-08 21:45:00,1714.08,1714.09,1703.77,1703.77,55.4192
1780956000000,2026-06-08 22:00:00,1703.77,1705.0,1685.83,1691.33,297.6338
1780956900000,2026-06-08 22:15:00,1691.33,1696.08,1689.28,1695.08,125.0397
1780957800000,2026-06-08 22:30:00,1695.08,1697.12,1692.39,1696.88,87.4761
1780958700000,2026-06-08 22:45:00,1696.87,1704.05,1695.22,1703.19,108.2589
1780959600000,2026-06-08 23:00:00,1703.19,1713.91,1702.57,1712.5,220.1861
1780960500000,2026-06-08 23:15:00,1712.5,1712.5,1695.51,1697.99,93.7516
1780961400000,2026-06-08 23:30:00,1697.99,1699.69,1686.36,1696.68,94.234
1780962300000,2026-06-08 23:45:00,1696.68,1696.68,1687.6,1690.48,176.3567
1780963200000,2026-06-09 00:00:00,1690.48,1714.24,1684.31,1685.69,721.8892
1780964100000,2026-06-09 00:15:00,1685.69,1695.87,1673.68,1675.01,757.3262
1780965000000,2026-06-09 00:30:00,1675.0,1714.24,1658.96,1672.03,720.7063
1780965900000,2026-06-09 00:45:00,1672.03,1720.0,1654.83,1663.6,709.5658
1780966800000,2026-06-09 01:00:00,1663.6,1673.87,1657.57,1664.57,728.1154
1780967700000,2026-06-09 01:15:00,1664.57,1681.06,1664.56,1670.91,738.5967
1780968600000,2026-06-09 01:30:00,1670.74,1708.23,1660.0,1669.55,697.9978
1780969500000,2026-06-09 01:45:00,1669.63,1671.89,1666.51,1669.83,679.7461
1780970400000,2026-06-09 02:00:00,1669.84,1729.24,1667.43,1667.43,668.9002
1780971300000,2026-06-09 02:15:00,1667.43,1760.0,1661.0,1664.58,725.4721
1780972200000,2026-06-09 02:30:00,1664.58,1666.12,1655.69,1660.83,767.596
1780973100000,2026-06-09 02:45:00,1660.83,1740.0,1659.99,1667.58,701.5878
1780974000000,2026-06-09 03:00:00,1667.58,1669.29,1665.3,1668.98,670.6341
1780974900000,2026-06-09 03:15:00,1668.9,1703.46,1667.15,1668.64,683.5604
1780975800000,2026-06-09 03:30:00,1668.65,1669.98,1606.41,1668.48,666.8889
1780976700000,2026-06-09 03:45:00,1668.49,1882.86,1665.37,1669.69,649.9407
1780977600000,2026-06-09 04:00:00,1669.41,1672.25,1665.7,1669.96,659.1135
1780978500000,2026-06-09 04:15:00,1669.83,1715.84,1422.63,1666.18,715.0214
1780979400000,2026-06-09 04:30:00,1666.18,1912.06,1420.62,1685.55,757.4252
1780980300000,2026-06-09 04:45:00,1685.71,1841.28,1620.64,1687.1,708.9021
1780981200000,2026-06-09 05:00:00,1687.1,1688.64,1435.96,1687.46,671.2823
1780982100000,2026-06-09 05:15:00,1687.47,1691.52,1687.46,1688.03,658.9283
1780983000000,2026-06-09 05:30:00,1688.04,1695.57,1436.42,1690.84,1148.8746
1780983900000,2026-06-09 05:45:00,1690.65,1692.54,1470.85,1688.14,1539.0793
1780984800000,2026-06-09 06:00:00,1688.14,1691.0,1686.36,1689.25,681.6191
1780985700000,2026-06-09 06:15:00,1689.26,1695.25,1437.93,1692.13,784.8554
1780986600000,2026-06-09 06:30:00,1692.13,1695.57,1454.16,1688.59,662.9207
1780987500000,2026-06-09 06:45:00,1688.65,1690.49,1684.07,1685.98,595.4848
1780988400000,2026-06-09 07:00:00,1685.98,1691.53,1685.98,1690.87,713.0637
1780989300000,2026-06-09 07:15:00,1690.87,1697.23,1457.74,1676.12,717.4699
1780990200000,2026-06-09 07:30:00,1676.12,1740.0,1676.11,1680.7,714.7747
1780991100000,2026-06-09 07:45:00,1680.71,1681.58,1678.11,1679.68,609.3995
1780992000000,2026-06-09 08:00:00,1679.67,1680.31,1669.71,1674.82,721.6751
1780992900000,2026-06-09 08:15:00,1674.83,1705.0,1672.38,1675.56,698.204
1780993800000,2026-06-09 08:30:00,1675.56,1705.0,1674.16,1677.95,693.0859
1780994700000,2026-06-09 08:45:00,1677.95,1700.0,1674.52,1675.43,602.0703
1780995600000,2026-06-09 09:00:00,1675.44,1677.04,1673.12,1677.04,528.0109
1780996500000,2026-06-09 09:15:00,1677.22,1680.16,1675.33,1675.76,95.8339
1780997400000,2026-06-09 09:30:00,1675.76,1675.76,1665.99,1669.3,134.0097
1780998300000,2026-06-09 09:45:00,1669.21,1671.3,1669.11,1670.6,72.1493
1780999200000,2026-06-09 10:00:00,1670.88,1673.42,1667.74,1672.75,107.9712
1781000100000,2026-06-09 10:15:00,1672.74,1673.99,1670.7,1673.2,76.4273
1781001000000,2026-06-09 10:30:00,1673.2,1673.54,1669.4,1671.64,56.7138
1781001900000,2026-06-09 10:45:00,1671.64,1675.77,1671.04,1674.35,116.4938
1781002800000,2026-06-09 11:00:00,1674.78,1675.46,1668.65,1668.66,182.8653
1781003700000,2026-06-09 11:15:00,1668.66,1669.73,1666.12,1668.72,179.7515
1781004600000,2026-06-09 11:30:00,1668.6,1672.92,1667.71,1671.21,162.0158
1781005500000,2026-06-09 11:45:00,1671.36,1673.51,1669.14,1671.67,177.1648
1781006400000,2026-06-09 12:00:00,1671.67,1682.91,1671.66,1679.54,221.4977
1781007300000,2026-06-09 12:15:00,1679.54,1680.49,1675.89,1677.06,168.9815
1781008200000,2026-06-09 12:30:00,1676.76,1678.37,1674.07,1674.08,127.6919
1781009100000,2026-06-09 12:45:00,1673.89,1676.28,1671.58,1675.19,130.9689
1781010000000,2026-06-09 13:00:00,1675.2,1680.21,1675.19,1675.92,156.1855
1781010900000,2026-06-09 13:15:00,1675.92,1676.86,1668.01,1670.64,187.3433
1781011800000,2026-06-09 13:30:00,1670.63,1674.19,1664.31,1672.68,184.3596
1781012700000,2026-06-09 13:45:00,1672.85,1677.79,1668.22,1668.23,240.9496
1781013600000,2026-06-09 14:00:00,1668.22,1670.41,1657.0,1658.31,281.1465
1781014500000,2026-06-09 14:15:00,1657.05,1658.68,1639.01,1639.93,370.7585
1781015400000,2026-06-09 14:30:00,1639.93,1697.23,1637.25,1637.58,263.6845
1781016300000,2026-06-09 14:45:00,1636.98,1645.52,1634.72,1645.52,251.3602
1781017200000,2026-06-09 15:00:00,1645.52,1652.9,1642.03,1652.51,254.6664
1781018100000,2026-06-09 15:15:00,1651.02,1652.96,1639.58,1640.0,149.4907
1781019000000,2026-06-09 15:30:00,1639.99,1644.84,1637.48,1642.79,213.095
1781019900000,2026-06-09 15:45:00,1641.29,1643.66,1635.27,1637.5,191.5438
1781020800000,2026-06-09 16:00:00,1637.5,1638.89,1625.36,1629.97,352.6559
1781021700000,2026-06-09 16:15:00,1629.41,1632.49,1622.57,1630.35,246.5823
1781022600000,2026-06-09 16:30:00,1630.35,1634.82,1615.42,1628.48,302.0087
1781023500000,2026-06-09 16:45:00,1628.48,1633.88,1625.26,1631.78,228.9696
1781024400000,2026-06-09 17:00:00,1631.78,1643.2,1631.78,1640.53,203.5392
1781025300000,2026-06-09 17:15:00,1641.51,1649.1,1640.97,1644.17,191.2525
1781026200000,2026-06-09 17:30:00,1644.17,1649.2,1643.8,1643.85,189.7126
1781027100000,2026-06-09 17:45:00,1643.85,1646.05,1639.77,1642.95,171.9354
1781028000000,2026-06-09 18:00:00,1642.95,1646.68,1640.92,1645.68,133.5122
1781028900000,2026-06-09 18:15:00,1645.68,1655.11,1632.88,1649.09,224.8961
1781029800000,2026-06-09 18:30:00,1648.89,1653.31,1647.43,1647.43,163.2533
1781030700000,2026-06-09 18:45:00,1646.98,1658.74,1646.98,1652.55,149.4416
1781031600000,2026-06-09 19:00:00,1652.56,1654.79,1648.92,1649.63,163.104
1781032500000,2026-06-09 19:15:00,1649.43,1652.82,1648.24,1651.6,117.7354
1781033400000,2026-06-09 19:30:00,1651.47,1658.49,1648.57,1652.85,229.5093
1781034300000,2026-06-09 19:45:00,1652.65,1658.33,1648.24,1657.13,162.1793
1781035200000,2026-06-09 20:00:00,1657.12,1661.98,1655.93,1661.86,110.1656
1781036100000,2026-06-09 20:15:00,1661.86,1663.21,1656.07,1658.88,31.9013
1781037000000,2026-06-09 20:30:00,1657.95,1661.97,1655.35,1660.65,49.7386
1781037900000,2026-06-09 20:45:00,1660.5,1660.71,1658.33,1660.57,37.4661
1781038800000,2026-06-09 21:00:00,1660.59,1661.47,1658.11,1659.75,113.9623
1781039700000,2026-06-09 21:15:00,1659.76,1660.15,1406.1,1651.39,167.9233
1781040600000,2026-06-09 21:30:00,1651.4,1653.16,1650.14,1651.01,40.617
1781041500000,2026-06-09 21:45:00,1651.01,1651.67,1648.02,1649.86,62.241
1781042400000,2026-06-09 22:00:00,1649.85,1652.26,1645.61,1652.26,31.0989
1781043300000,2026-06-09 22:15:00,1652.27,1654.6,1647.78,1648.4,25.4007
1781044200000,2026-06-09 22:30:00,1648.39,1650.4,1644.83,1646.37,24.0342
1781045100000,2026-06-09 22:45:00,1646.03,1646.75,1639.62,1640.15,32.3347
1781046000000,2026-06-09 23:00:00,1640.15,1641.44,1636.91,1639.26,17.7733
1781046900000,2026-06-09 23:15:00,1639.05,1642.26,1635.12,1635.62,10.7093
1781047800000,2026-06-09 23:30:00,1635.63,1637.32,1631.83,1636.52,11.264
1781048700000,2026-06-09 23:45:00,1637.32,1641.0,1636.15,1639.52,10.8195
1781049600000,2026-06-10 00:00:00,1639.52,1644.86,1633.93,1641.02,607.0392
1781050500000,2026-06-10 00:15:00,1642.59,1657.0,1638.94,1643.45,653.1571
1781051400000,2026-06-10 00:30:00,1643.0,1657.54,1630.39,1632.09,719.3208
1781052300000,2026-06-10 00:45:00,1632.1,1657.54,1626.23,1646.06,713.4521
1781053200000,2026-06-10 01:00:00,1646.05,1657.98,1460.44,1642.31,1635.3124
1781054100000,2026-06-10 01:15:00,1642.89,1679.0,1402.9,1642.27,678.4656
1781055000000,2026-06-10 01:30:00,1642.26,1670.0,1413.57,1634.8,690.1489
1781055900000,2026-06-10 01:45:00,1660.0,1679.0,1402.9,1639.12,647.3117
1781056800000,2026-06-10 02:00:00,1639.11,1650.0,1416.77,1634.27,611.7562
1781057700000,2026-06-10 02:15:00,1634.02,1677.12,1425.49,1630.83,729.7146
1781058600000,2026-06-10 02:30:00,1630.88,1632.34,1386.99,1625.09,1107.514
1781059500000,2026-06-10 02:45:00,1625.09,1626.14,1515.68,1624.7,528.7045
1781060400000,2026-06-10 03:00:00,1624.69,1630.0,1623.72,1628.28,93.0183
1781061300000,2026-06-10 03:15:00,1628.22,1635.96,1626.11,1635.95,135.9817
1781062200000,2026-06-10 03:30:00,1635.96,1635.96,1629.18,1631.09,162.6994
1781063100000,2026-06-10 03:45:00,1631.07,1632.99,1629.27,1630.67,98.4014
1781064000000,2026-06-10 04:00:00,1630.62,1631.24,1626.89,1630.26,98.8258
1781064900000,2026-06-10 04:15:00,1630.26,1632.92,1629.11,1630.69,133.1321
1781065800000,2026-06-10 04:30:00,1630.69,1630.7,1622.69,1624.19,143.7264
1781066700000,2026-06-10 04:45:00,1624.61,1627.67,1623.32,1625.88,134.9451
1781067600000,2026-06-10 05:00:00,1625.88,1639.91,1621.77,1622.06,146.1097
1781068500000,2026-06-10 05:15:00,1622.48,1625.67,1616.34,1625.66,217.9752
1781069400000,2026-06-10 05:30:00,1625.77,1626.59,1622.38,1625.29,142.0297
1781070300000,2026-06-10 05:45:00,1625.29,1629.87,1622.37,1628.0,109.3324
1781071200000,2026-06-10 06:00:00,1628.0,1630.57,1625.96,1628.75,181.3636
1781072100000,2026-06-10 06:15:00,1628.7,1631.98,1627.73,1627.73,190.7086
1781073000000,2026-06-10 06:30:00,1627.74,1632.36,1627.73,1631.12,388.9208
1781073900000,2026-06-10 06:45:00,1631.13,1677.12,1357.0,1632.23,128.4259
1781074800000,2026-06-10 07:00:00,1631.43,1634.98,1630.84,1633.83,209.8577
1781075700000,2026-06-10 07:15:00,1633.83,1638.59,1633.7,1636.91,148.0331
1781076600000,2026-06-10 07:30:00,1636.9,1643.05,1636.24,1641.08,93.0411
1781077500000,2026-06-10 07:45:00,1641.07,1642.49,1638.67,1640.1,203.1011
1781078400000,2026-06-10 08:00:00,1640.1,1640.65,1635.33,1636.77,184.1919
1781079300000,2026-06-10 08:15:00,1636.56,1639.04,1632.79,1633.46,130.3934
1781080200000,2026-06-10 08:30:00,1633.83,1635.47,1621.93,1621.93,162.0437
1781081100000,2026-06-10 08:45:00,1622.2,1622.8,1618.55,1621.05,223.7992
1781082000000,2026-06-10 09:00:00,1621.04,1632.25,1614.56,1614.57,353.4259
1781082900000,2026-06-10 09:15:00,1614.57,1619.78,1607.2,1618.73,269.1874
1781083800000,2026-06-10 09:30:00,1618.73,1623.21,1618.43,1621.42,74.7058
1781084700000,2026-06-10 09:45:00,1621.05,1625.62,1617.05,1623.66,139.0441
1781085600000,2026-06-10 10:00:00,1623.66,1623.91,1619.17,1621.07,122.1895
1781086500000,2026-06-10 10:15:00,1621.07,1625.35,1618.11,1624.59,93.3493
1781087400000,2026-06-10 10:30:00,1624.59,1628.7,1624.51,1625.84,131.6532
1781088300000,2026-06-10 10:45:00,1625.85,1630.0,1625.29,1628.23,94.035
1781089200000,2026-06-10 11:00:00,1628.23,1630.22,1613.82,1621.39,233.9831
1781090100000,2026-06-10 11:15:00,1621.68,1624.41,1614.07,1616.7,191.9406
1781091000000,2026-06-10 11:30:00,1616.73,1621.11,1616.01,1620.18,148.6855
1781091900000,2026-06-10 11:45:00,1620.0,1623.44,1619.64,1619.92,290.4654
1781092800000,2026-06-10 12:00:00,1619.84,1625.04,1616.0,1623.32,219.5143
1781093700000,2026-06-10 12:15:00,1623.48,1625.44,1620.59,1624.77,193.7174
1781094600000,2026-06-10 12:30:00,1625.13,1642.0,1379.82,1638.5,248.7003
1781095500000,2026-06-10 12:45:00,1638.5,1641.38,1635.61,1635.61,226.8815
1781096400000,2026-06-10 13:00:00,1635.6,1636.61,1632.58,1634.55,197.8167
1781097300000,2026-06-10 13:15:00,1634.17,1638.56,1632.63,1637.12,190.7018
1781098200000,2026-06-10 13:30:00,1637.13,1666.58,1617.43,1666.02,371.9509
1781099100000,2026-06-10 13:45:00,1666.02,1666.47,1650.95,1651.52,200.9853
1781100000000,2026-06-10 14:00:00,1651.52,1654.98,1646.64,1646.64,164.5203
1781100900000,2026-06-10 14:15:00,1646.63,1650.66,1643.01,1646.59,187.5607
1781101800000,2026-06-10 14:30:00,1645.95,1648.26,1639.1,1644.01,170.8329
1781102700000,2026-06-10 14:45:00,1644.0,1646.6,1638.12,1646.46,253.3304
1781103600000,2026-06-10 15:00:00,1646.65,1652.32,1636.6,1640.6,224.8227
1781104500000,2026-06-10 15:15:00,1640.6,1650.78,1636.93,1649.07,255.6577
1781105400000,2026-06-10 15:30:00,1649.07,1654.98,1647.28,1654.97,477.9609
1781106300000,2026-06-10 15:45:00,1654.97,1664.74,1643.49,1657.76,406.895
1781107200000,2026-06-10 16:00:00,1657.91,1658.38,1651.25,1651.25,317.68
1781108100000,2026-06-10 16:15:00,1651.24,1653.8,1644.23,1648.35,178.9119
1781109000000,2026-06-10 16:30:00,1648.89,1651.4,1644.67,1645.68,155.7512
1781109900000,2026-06-10 16:45:00,1645.67,1645.67,1633.13,1641.98,177.5953
1781110800000,2026-06-10 17:00:00,1641.98,1647.43,1638.0,1639.19,240.3842
1781111700000,2026-06-10 17:15:00,1639.18,1642.56,1628.32,1628.32,233.1502
1781112600000,2026-06-10 17:30:00,1628.32,1631.31,1622.79,1624.97,259.5711
1781113500000,2026-06-10 17:45:00,1624.97,1636.03,1623.58,1632.31,238.9125
1781114400000,2026-06-10 18:00:00,1632.32,1635.34,1628.6,1630.82,223.3202
1781115300000,2026-06-10 18:15:00,1630.81,1635.56,1627.17,1635.56,185.7458
1781116200000,2026-06-10 18:30:00,1635.57,1635.76,1625.79,1625.79,210.9355
1781117100000,2026-06-10 18:45:00,1626.21,1634.6,1623.72,1630.89,397.861
1781118000000,2026-06-10 19:00:00,1630.88,1639.3,1620.8,1627.0,468.2139
1781118900000,2026-06-10 19:15:00,1627.03,1632.41,1617.4,1627.95,431.9473
1781119800000,2026-06-10 19:30:00,1627.95,1637.72,1627.63,1631.86,298.2856
1781120700000,2026-06-10 19:45:00,1631.86,1632.65,1628.15,1630.22,310.9742
1781121600000,2026-06-10 20:00:00,1630.19,1630.22,1623.65,1626.87,241.4049
1781122500000,2026-06-10 20:15:00,1626.87,1636.22,1623.9,1633.06,210.6827
1781123400000,2026-06-10 20:30:00,1632.91,1632.99,1630.2,1630.24,163.4696
1781124300000,2026-06-10 20:45:00,1630.25,1631.26,1625.82,1630.82,139.1145
1781125200000,2026-06-10 21:00:00,1630.73,1630.73,1615.62,1617.13,177.8359
1781126100000,2026-06-10 21:15:00,1617.83,1623.51,1617.23,1619.09,210.5764
1781127000000,2026-06-10 21:30:00,1619.09,1624.88,1619.09,1623.9,205.1475
1781127900000,2026-06-10 21:45:00,1623.9,1653.99,1607.35,1611.23,292.6905
1781128800000,2026-06-10 22:00:00,1611.23,1613.01,1605.51,1610.84,256.2491
1781129700000,2026-06-10 22:15:00,1610.83,1629.76,1605.18,1610.84,293.7018
1781130600000,2026-06-10 22:30:00,1610.67,1623.18,1607.26,1620.49,290.9839
1781131500000,2026-06-10 22:45:00,1620.5,1631.59,1616.52,1616.52,244.8803
1781132400000,2026-06-10 23:00:00,1616.51,1617.21,1611.87,1612.57,173.0032
1781133300000,2026-06-10 23:15:00,1612.57,1622.3,1609.39,1622.3,190.3515
1781134200000,2026-06-10 23:30:00,1622.02,1624.74,1619.71,1623.07,150.3227
1781135100000,2026-06-10 23:45:00,1623.04,1624.0,1613.12,1621.79,123.5513
1781136000000,2026-06-11 00:00:00,1621.78,1632.92,1621.78,1626.1,438.8653
1781136900000,2026-06-11 00:15:00,1626.1,1697.0,1626.09,1630.73,503.8013
1781137800000,2026-06-11 00:30:00,1630.84,1631.35,1619.49,1627.65,339.075
1781138700000,2026-06-11 00:45:00,1628.1,1637.17,1627.65,1628.64,288.2464
1781139600000,2026-06-11 01:00:00,1628.64,1639.47,1626.02,1638.43,401.6337
1781140500000,2026-06-11 01:15:00,1638.43,1641.65,1637.48,1640.68,376.7718
1781141400000,2026-06-11 01:30:00,1640.54,1647.2,1638.79,1644.48,410.7812
1781142300000,2026-06-11 01:45:00,1644.47,1646.31,1642.22,1642.69,379.1602
1781143200000,2026-06-11 02:00:00,1642.69,1644.48,1639.89,1640.63,390.5658
1781144100000,2026-06-11 02:15:00,1641.13,1642.56,1360.0,1634.77,336.106
1781145000000,2026-06-11 02:30:00,1634.77,1635.87,1630.96,1635.18,150.9305
1781145900000,2026-06-11 02:45:00,1635.18,1644.46,1633.15,1640.81,285.6242
1781146800000,2026-06-11 03:00:00,1640.8,1643.18,1636.09,1637.35,141.2731
1781147700000,2026-06-11 03:15:00,1637.34,1640.19,1636.89,1639.72,88.6995
1781148600000,2026-06-11 03:30:00,1639.72,1649.68,1639.72,1645.79,125.3035
1781149500000,2026-06-11 03:45:00,1645.8,1659.66,1645.48,1655.71,160.5731
1781150400000,2026-06-11 04:00:00,1654.27,1654.28,1651.36,1652.91,118.8378
1781151300000,2026-06-11 04:15:00,1652.58,1653.56,1650.83,1651.45,103.5437
1781152200000,2026-06-11 04:30:00,1651.3,1656.15,1650.18,1655.47,109.463
1781153100000,2026-06-11 04:45:00,1655.46,1659.4,1655.46,1656.89,215.3813
1781154000000,2026-06-11 05:00:00,1656.89,1656.9,1650.49,1651.42,92.5515
1781154900000,2026-06-11 05:15:00,1651.42,1653.29,1647.64,1649.25,109.0938
1781155800000,2026-06-11 05:30:00,1649.26,1652.02,1648.1,1651.57,118.779
1781156700000,2026-06-11 05:45:00,1651.68,1652.0,1648.0,1648.01,113.2209
1781157600000,2026-06-11 06:00:00,1648.01,1666.04,1361.98,1656.88,227.3568
1781158500000,2026-06-11 06:15:00,1657.06,1661.96,1657.06,1659.12,178.9173
1781159400000,2026-06-11 06:30:00,1658.87,1663.11,1658.57,1660.15,149.2459
1781160300000,2026-06-11 06:45:00,1660.33,1660.34,1654.63,1655.05,69.3998
1781161200000,2026-06-11 07:00:00,1654.81,1655.46,1652.24,1654.21,97.515
1781162100000,2026-06-11 07:15:00,1653.86,1658.0,1653.85,1656.98,63.7171
1781163000000,2026-06-11 07:30:00,1657.75,1657.97,1651.86,1653.03,76.9806
1781163900000,2026-06-11 07:45:00,1653.32,1655.15,1653.06,1654.49,30.6639
1781164800000,2026-06-11 08:00:00,1654.48,1659.0,1654.48,1657.82,136.123
1781165700000,2026-06-11 08:15:00,1658.08,1661.41,1656.91,1660.92,71.2167
1781166600000,2026-06-11 08:30:00,1660.92,1663.4,1660.77,1660.87,91.9676
1781167500000,2026-06-11 08:45:00,1660.87,1663.63,1659.25,1659.97,76.1143
1781168400000,2026-06-11 09:00:00,1659.97,1660.87,1657.32,1658.72,75.2779
1781169300000,2026-06-11 09:15:00,1658.73,1658.79,1656.6,1657.22,75.9295
1781170200000,2026-06-11 09:30:00,1657.69,1660.57,1657.69,1659.69,85.4078
1781171100000,2026-06-11 09:45:00,1659.76,1661.63,1658.93,1659.67,76.6099
1781172000000,2026-06-11 10:00:00,1659.21,1660.21,1657.6,1658.37,63.5048
1781172900000,2026-06-11 10:15:00,1658.37,1658.73,1654.29,1656.99,74.1198
1781173800000,2026-06-11 10:30:00,1656.91,1658.75,1656.54,1657.11,76.378
1781174700000,2026-06-11 10:45:00,1656.86,1661.32,1656.85,1659.58,65.6652
1781175600000,2026-06-11 11:00:00,1659.2,1662.45,1656.74,1662.44,84.2665
1781176500000,2026-06-11 11:15:00,1662.11,1664.14,1659.64,1663.3,95.4284
1781177400000,2026-06-11 11:30:00,1663.62,1665.91,1661.13,1662.62,128.42
1781178300000,2026-06-11 11:45:00,1662.61,1671.54,1662.5,1666.87,129.9843
1781179200000,2026-06-11 12:00:00,1666.85,1666.85,1659.8,1660.68,117.3144
1781180100000,2026-06-11 12:15:00,1660.69,1661.84,1647.42,1648.59,165.1548
1781181000000,2026-06-11 12:30:00,1648.59,1652.51,1643.76,1652.51,213.2866
1781181900000,2026-06-11 12:45:00,1652.51,1654.23,1649.5,1651.85,163.3582
1781182800000,2026-06-11 13:00:00,1651.19,1651.29,1648.24,1649.83,108.3549
1781183700000,2026-06-11 13:15:00,1649.83,1654.49,1647.71,1648.78,136.5682
1781184600000,2026-06-11 13:30:00,1648.79,1652.5,1640.45,1650.56,207.1979
1781185500000,2026-06-11 13:45:00,1650.82,1659.33,1640.45,1653.41,196.3999
1781186400000,2026-06-11 14:00:00,1653.24,1655.11,1644.87,1645.42,239.2695
1781187300000,2026-06-11 14:15:00,1645.43,1649.67,1639.35,1649.67,240.9878
1781188200000,2026-06-11 14:30:00,1649.67,1653.26,1645.75,1651.05,213.1189
1781189100000,2026-06-11 14:45:00,1651.04,1655.33,1643.05,1643.05,195.8204
1781190000000,2026-06-11 15:00:00,1643.05,1647.76,1636.49,1645.14,213.6613
1781190900000,2026-06-11 15:15:00,1645.15,1649.33,1643.45,1646.48,147.1769
1781191800000,2026-06-11 15:30:00,1646.48,1650.24,1643.68,1644.8,199.124
1781192700000,2026-06-11 15:45:00,1644.8,1645.42,1641.1,1645.42,168.3046
1781193600000,2026-06-11 16:00:00,1645.56,1649.18,1643.12,1649.0,124.4924
1781194500000,2026-06-11 16:15:00,1649.01,1649.23,1640.0,1642.34,153.7026
1781195400000,2026-06-11 16:30:00,1641.82,1647.86,1639.15,1642.88,216.5317
1781196300000,2026-06-11 16:45:00,1642.85,1643.68,1639.53,1639.83,128.5392
1781197200000,2026-06-11 17:00:00,1639.74,1641.44,1634.84,1637.17,155.7885
1781198100000,2026-06-11 17:15:00,1637.17,1650.1,1633.74,1650.09,168.4815
1781199000000,2026-06-11 17:30:00,1650.13,1679.0,1650.13,1677.33,376.2333
1781199900000,2026-06-11 17:45:00,1677.31,1692.54,1675.26,1688.69,326.0454
1781200800000,2026-06-11 18:00:00,1688.69,1691.29,1676.98,1683.68,230.5961
1781201700000,2026-06-11 18:15:00,1683.69,1687.75,1678.64,1681.04,227.4083
1781202600000,2026-06-11 18:30:00,1680.55,1686.66,1680.11,1686.66,170.3682
1781203500000,2026-06-11 18:45:00,1686.66,1686.76,1683.45,1683.8,92.3968
1781204400000,2026-06-11 19:00:00,1683.98,1685.89,1676.93,1679.13,215.6822
1781205300000,2026-06-11 19:15:00,1679.12,1684.1,1678.89,1680.25,210.9572
1781206200000,2026-06-11 19:30:00,1679.97,1692.07,1679.97,1685.9,278.2448
1781207100000,2026-06-11 19:45:00,1685.9,1685.9,1681.19,1682.09,172.2131
1781208000000,2026-06-11 20:00:00,1682.09,1682.9,1678.55,1679.75,131.98
1781208900000,2026-06-11 20:15:00,1679.56,1679.56,1669.99,1670.59,115.6046
1781209800000,2026-06-11 20:30:00,1670.64,1672.81,1667.44,1668.32,131.4665
1781210700000,2026-06-11 20:45:00,1668.31,1672.38,1668.31,1672.3,41.7744
1781211600000,2026-06-11 21:00:00,1672.36,1682.59,1672.14,1681.87,79.7776
1781212500000,2026-06-11 21:15:00,1681.35,1682.33,1677.97,1678.43,53.6004
1781213400000,2026-06-11 21:30:00,1678.79,1680.53,1677.93,1680.24,110.7062
1781214300000,2026-06-11 21:45:00,1680.24,1680.61,1676.01,1676.24,79.4216
1781215200000,2026-06-11 22:00:00,1677.0,1682.92,1677.0,1681.37,147.3534
1781216100000,2026-06-11 22:15:00,1680.94,1682.59,1675.94,1678.17,108.9273
1781217000000,2026-06-11 22:30:00,1677.84,1681.02,1676.1,1676.62,79.3828
1781217900000,2026-06-11 22:45:00,1676.29,1678.55,1675.49,1676.41,74.034
1781218800000,2026-06-11 23:00:00,1676.16,1676.16,1671.39,1673.61,238.3015
1781219700000,2026-06-11 23:15:00,1673.62,1673.91,1670.32,1670.32,163.435
1781220600000,2026-06-11 23:30:00,1670.34,1679.04,1670.34,1676.97,146.4858
1781221500000,2026-06-11 23:45:00,1676.98,1677.5,1672.13,1673.1,111.9973
1781222400000,2026-06-12 00:00:00,1673.46,1677.57,1670.71,1675.71,135.9615
1781223300000,2026-06-12 00:15:00,1675.71,1675.71,1669.86,1673.07,164.1213
1781224200000,2026-06-12 00:30:00,1672.91,1676.75,1671.85,1674.11,88.0672
1781225100000,2026-06-12 00:45:00,1674.1,1676.34,1672.84,1672.85,61.4737
1781226000000,2026-06-12 01:00:00,1672.74,1672.74,1668.44,1668.84,113.8245
1781226900000,2026-06-12 01:15:00,1668.84,1671.67,1662.34,1663.8,121.1044
1781227800000,2026-06-12 01:30:00,1663.14,1665.6,1662.32,1664.95,125.9687
1781228700000,2026-06-12 01:45:00,1664.94,1667.08,1664.86,1667.08,77.1676
1781229600000,2026-06-12 02:00:00,1667.08,1676.47,1667.08,1675.16,79.3701
1781230500000,2026-06-12 02:15:00,1675.16,1675.69,1672.18,1672.73,110.0701
1781231400000,2026-06-12 02:30:00,1673.0,1677.5,1672.64,1677.24,86.8195
1781232300000,2026-06-12 02:45:00,1677.24,1677.7,1675.0,1676.22,73.0722
1781233200000,2026-06-12 03:00:00,1675.6,1676.6,1673.61,1674.01,53.3704
1781234100000,2026-06-12 03:15:00,1674.11,1674.12,1669.19,1671.79,93.0753
1781235000000,2026-06-12 03:30:00,1671.64,1673.89,1670.58,1671.88,82.5339
1781235900000,2026-06-12 03:45:00,1672.06,1673.34,1671.26,1673.34,60.4196
1781236800000,2026-06-12 04:00:00,1673.24,1673.41,1669.32,1670.54,113.0234
1781237700000,2026-06-12 04:15:00,1670.46,1678.57,1670.46,1677.37,123.219
1781238600000,2026-06-12 04:30:00,1677.51,1900.0,1677.51,1678.99,114.7709
1781239500000,2026-06-12 04:45:00,1678.98,1679.84,1677.48,1677.49,50.17
1781240400000,2026-06-12 05:00:00,1677.43,1677.43,1671.97,1672.04,85.82
1781241300000,2026-06-12 05:15:00,1672.04,1679.19,1667.73,1668.67,63.5967
1781242200000,2026-06-12 05:30:00,1668.66,1669.58,1663.33,1664.91,135.0027
1781243100000,2026-06-12 05:45:00,1664.9,1665.52,1662.56,1664.24,107.0176
1781244000000,2026-06-12 06:00:00,1664.13,1666.62,1662.0,1662.03,97.4436
1781244900000,2026-06-12 06:15:00,1662.03,1662.92,1659.21,1660.31,142.935
1781245800000,2026-06-12 06:30:00,1660.31,1660.32,1652.37,1654.97,223.4797
1781246700000,2026-06-12 06:45:00,1655.12,1659.13,1655.12,1657.84,179.3769
1781247600000,2026-06-12 07:00:00,1657.35,1661.26,1657.34,1657.51,40.9312
1781248500000,2026-06-12 07:15:00,1657.12,1659.73,1656.28,1658.7,76.114
1781249400000,2026-06-12 07:30:00,1658.82,1661.5,1658.81,1660.83,54.8453
1781250300000,2026-06-12 07:45:00,1660.61,1663.46,1659.82,1662.52,61.1342
1781251200000,2026-06-12 08:00:00,1662.12,1668.28,1662.12,1667.88,188.5341
1781252100000,2026-06-12 08:15:00,1667.91,1677.6,1667.15,1674.88,203.7395
1781253000000,2026-06-12 08:30:00,1674.98,1675.41,1670.85,1670.85,92.5757
1781253900000,2026-06-12 08:45:00,1670.85,1674.26,1670.08,1673.88,147.3899
1781254800000,2026-06-12 09:00:00,1673.54,1675.09,1671.91,1674.96,136.9725
1781255700000,2026-06-12 09:15:00,1674.96,1680.36,1674.96,1680.27,182.9342
1781256600000,2026-06-12 09:30:00,1680.03,1683.0,1680.03,1683.0,128.1666
1781257500000,2026-06-12 09:45:00,1683.0,1685.53,1680.28,1680.28,100.6739
1781258400000,2026-06-12 10:00:00,1680.17,1683.05,1678.0,1679.5,180.807
1781259300000,2026-06-12 10:15:00,1679.5,1679.62,1671.91,1673.05,111.1243
1781260200000,2026-06-12 10:30:00,1673.01,1676.95,1673.0,1674.89,75.6396
1781261100000,2026-06-12 10:45:00,1674.89,1676.78,1674.05,1675.07,104.451
1781262000000,2026-06-12 11:00:00,1674.85,1678.04,1674.41,1676.52,210.1907
1781262900000,2026-06-12 11:15:00,1676.53,1678.42,1674.46,1676.73,270.5074
1781263800000,2026-06-12 11:30:00,1676.21,1676.22,1672.3,1675.21,594.0412
1781264700000,2026-06-12 11:45:00,1675.22,1676.83,1673.94,1673.95,393.1213
1781265600000,2026-06-12 12:00:00,1673.89,1673.89,1387.17,1670.53,495.8354
1781266500000,2026-06-12 12:15:00,1670.65,1671.83,1427.78,1667.3,205.5642
1781267400000,2026-06-12 12:30:00,1666.88,1670.0,1664.81,1666.02,92.3507
1781268300000,2026-06-12 12:45:00,1666.01,1668.1,1664.23,1666.79,111.3505
1781269200000,2026-06-12 13:00:00,1666.55,1667.86,1664.59,1666.87,111.0097
1781270100000,2026-06-12 13:15:00,1666.85,1668.66,1663.97,1666.07,135.881
1781271000000,2026-06-12 13:30:00,1666.28,1666.28,1653.78,1657.41,234.9334
1781271900000,2026-06-12 13:45:00,1657.4,1659.91,1654.31,1657.89,223.742
1781272800000,2026-06-12 14:00:00,1657.88,1667.85,1657.24,1666.78,349.0612
1781273700000,2026-06-12 14:15:00,1666.77,1671.25,1662.36,1670.79,182.2235
1781274600000,2026-06-12 14:30:00,1670.81,1676.0,1668.24,1668.83,172.9389
1781275500000,2026-06-12 14:45:00,1668.64,1685.71,1503.72,1685.11,631.4405
1781276400000,2026-06-12 15:00:00,1685.11,1690.91,1473.26,1690.09,870.6904
1781277300000,2026-06-12 15:15:00,1690.1,1690.84,1682.4,1682.41,155.2484
1781278200000,2026-06-12 15:30:00,1682.41,1682.55,1669.45,1671.15,218.1802
1781279100000,2026-06-12 15:45:00,1671.15,1672.3,1658.81,1658.84,217.0505
1781280000000,2026-06-12 16:00:00,1658.8,1673.44,1658.06,1671.22,251.7583
1781280900000,2026-06-12 16:15:00,1671.22,1900.0,1667.08,1670.4,842.7661
1781281800000,2026-06-12 16:30:00,1670.4,1674.97,1666.72,1668.68,192.483
1781282700000,2026-06-12 16:45:00,1668.67,1672.9,1667.37,1672.9,122.0322
1781283600000,2026-06-12 17:00:00,1672.95,1676.7,1670.54,1670.89,180.6644
1781284500000,2026-06-12 17:15:00,1670.89,1672.37,1667.37,1670.18,148.037
1781285400000,2026-06-12 17:30:00,1670.18,1672.18,1667.98,1669.16,120.9181
1781286300000,2026-06-12 17:45:00,1669.16,1670.61,1667.84,1668.75,95.2777
1781287200000,2026-06-12 18:00:00,1668.85,1671.45,1664.11,1668.19,162.0587
1781288100000,2026-06-12 18:15:00,1668.2,1668.29,1663.76,1667.2,141.4721
1781289000000,2026-06-12 18:30:00,1667.02,1673.26,1666.13,1671.99,125.4144
1781289900000,2026-06-12 18:45:00,1671.77,1672.48,1666.87,1666.87,120.7939
1781290800000,2026-06-12 19:00:00,1666.96,1669.96,1666.96,1669.01,98.0409
1781291700000,2026-06-12 19:15:00,1669.18,1671.0,1667.6,1669.52,118.9884
1781292600000,2026-06-12 19:30:00,1669.53,1671.72,1665.57,1666.55,121.316
1781293500000,2026-06-12 19:45:00,1667.33,1668.26,1665.0,1666.32,109.1617
1781294400000,2026-06-12 20:00:00,1666.17,1667.82,1664.49,1667.19,154.2854
1781295300000,2026-06-12 20:15:00,1667.19,1667.19,1665.15,1666.52,42.0509
1781296200000,2026-06-12 20:30:00,1666.36,1667.39,1665.75,1666.12,62.3056
1781297100000,2026-06-12 20:45:00,1666.11,1666.36,1662.02,1665.13,130.4208
1781298000000,2026-06-12 21:00:00,1665.09,1667.63,1663.47,1666.96,92.1453
1781298900000,2026-06-12 21:15:00,1666.96,1667.82,1666.16,1666.17,24.9119
1781299800000,2026-06-12 21:30:00,1666.16,1667.18,1665.43,1665.44,31.2151
1781300700000,2026-06-12 21:45:00,1665.4,1665.82,1663.21,1664.56,31.3317
1781301600000,2026-06-12 22:00:00,1664.8,1665.13,1663.14,1663.89,40.7688
1781302500000,2026-06-12 22:15:00,1664.33,1667.48,1663.31,1665.09,55.6109
1781303400000,2026-06-12 22:30:00,1665.11,1665.79,1661.88,1662.55,40.7351
1781304300000,2026-06-12 22:45:00,1662.54,1662.9,1661.47,1662.61,63.5325
1781305200000,2026-06-12 23:00:00,1662.61,1662.61,1659.7,1661.4,239.0723
1781306100000,2026-06-12 23:15:00,1661.09,1663.03,1660.41,1662.23,61.6234
1781307000000,2026-06-12 23:30:00,1662.23,1665.0,1661.42,1663.01,121.5493
1781307900000,2026-06-12 23:45:00,1663.46,1666.37,1663.21,1666.37,72.6549
1781308800000,2026-06-13 00:00:00,1666.36,1667.94,1665.31,1667.42,43.2487
1781309700000,2026-06-13 00:15:00,1667.43,1669.14,1666.49,1666.83,84.6832
1781310600000,2026-06-13 00:30:00,1666.63,1668.87,1666.22,1667.02,118.6066
1781311500000,2026-06-13 00:45:00,1666.55,1668.55,1665.89,1667.78,68.4344
1781312400000,2026-06-13 01:00:00,1667.78,1669.0,1667.54,1668.85,84.8747
1781313300000,2026-06-13 01:15:00,1668.84,1669.51,1666.58,1668.09,113.8982
1781314200000,2026-06-13 01:30:00,1668.28,1675.14,1667.6,1672.77,108.3318
1781315100000,2026-06-13 01:45:00,1672.77,1675.28,1672.76,1673.52,75.6154
1781316000000,2026-06-13 02:00:00,1674.19,1674.52,1671.94,1672.43,103.8532
1781316900000,2026-06-13 02:15:00,1672.66,1673.11,1670.06,1670.06,111.5064
1781317800000,2026-06-13 02:30:00,1670.48,1670.48,1667.35,1667.36,50.7266
1781318700000,2026-06-13 02:45:00,1667.28,1668.18,1665.69,1668.13,66.8837
1781319600000,2026-06-13 03:00:00,1668.43,1669.57,1667.9,1667.91,88.3669
1781320500000,2026-06-13 03:15:00,1668.26,1668.26,1663.66,1664.54,126.1314
1781321400000,2026-06-13 03:30:00,1664.69,1665.42,1664.17,1665.32,61.2346
1781322300000,2026-06-13 03:45:00,1665.31,1666.13,1665.24,1665.25,240.1532
1781323200000,2026-06-13 04:00:00,1665.25,1665.65,1663.52,1664.36,62.9347
1781324100000,2026-06-13 04:15:00,1664.36,1690.0,1637.24,1665.78,142.2479
1781325000000,2026-06-13 04:30:00,1665.51,1668.28,1665.51,1667.64,67.309
1781325900000,2026-06-13 04:45:00,1667.64,1667.97,1664.51,1664.51,140.2605
1781326800000,2026-06-13 05:00:00,1664.83,1665.37,1663.88,1664.81,159.6908
1781327700000,2026-06-13 05:15:00,1664.44,1665.42,1663.52,1665.01,106.3596
1781328600000,2026-06-13 05:30:00,1665.0,1665.55,1664.5,1664.61,45.7661
1781329500000,2026-06-13 05:45:00,1664.58,1665.17,1662.23,1665.17,70.3184
1781330400000,2026-06-13 06:00:00,1665.18,1665.92,1664.27,1664.62,64.4363
1781331300000,2026-06-13 06:15:00,1664.61,1666.77,1663.88,1666.77,78.2809
1781332200000,2026-06-13 06:30:00,1666.78,1667.67,1666.28,1667.23,27.8952
1781333100000,2026-06-13 06:45:00,1667.09,1670.25,1667.08,1669.96,46.1151
1781334000000,2026-06-13 07:00:00,1669.95,1670.72,1668.47,1670.01,108.912
1781334900000,2026-06-13 07:15:00,1670.0,1674.86,1668.87,1673.79,78.5217
1781335800000,2026-06-13 07:30:00,1673.79,1674.04,1672.66,1673.74,51.2465
1781336700000,2026-06-13 07:45:00,1673.45,1677.52,1673.32,1676.39,110.8627
1781337600000,2026-06-13 08:00:00,1676.38,1679.07,1673.64,1675.77,160.2971
1781338500000,2026-06-13 08:15:00,1675.78,1676.9,1674.38,1675.48,77.4026
1781339400000,2026-06-13 08:30:00,1675.4,1678.07,1675.02,1676.47,106.5123
1781340300000,2026-06-13 08:45:00,1676.46,1676.62,1674.33,1674.56,9.5197
1781341200000,2026-06-13 09:00:00,1674.56,1676.05,1674.56,1674.96,58.9508
1781342100000,2026-06-13 09:15:00,1674.95,1676.01,1673.43,1673.49,32.6884
1781343000000,2026-06-13 09:30:00,1673.77,1675.03,1673.61,1674.34,51.1779
1781343900000,2026-06-13 09:45:00,1674.78,1674.79,1673.18,1674.02,38.5023
1781344800000,2026-06-13 10:00:00,1673.69,1674.57,1672.8,1673.76,26.5628
1781345700000,2026-06-13 10:15:00,1673.76,1674.53,1672.94,1673.57,27.0583
1781346600000,2026-06-13 10:30:00,1673.71,1675.7,1673.7,1675.23,27.3467
1781347500000,2026-06-13 10:45:00,1675.24,1676.37,1673.28,1674.19,50.5416
1781348400000,2026-06-13 11:00:00,1674.18,1677.09,1673.55,1677.08,91.014
1781349300000,2026-06-13 11:15:00,1677.59,1678.61,1677.03,1678.6,81.9415
1781350200000,2026-06-13 11:30:00,1678.44,1678.56,1677.35,1677.36,103.8544
1781351100000,2026-06-13 11:45:00,1677.36,1678.49,1677.15,1678.33,125.9427
1781352000000,2026-06-13 12:00:00,1678.07,1678.09,1677.28,1677.52,132.1363
1781352900000,2026-06-13 12:15:00,1677.53,1678.44,1676.99,1677.03,33.7801
1781353800000,2026-06-13 12:30:00,1677.02,1679.3,1677.02,1678.31,50.5292
1781354700000,2026-06-13 12:45:00,1678.32,1682.82,1678.31,1680.75,116.8019
1781355600000,2026-06-13 13:00:00,1680.52,1680.53,1678.76,1679.69,41.9565
1781356500000,2026-06-13 13:15:00,1679.41,1681.24,1678.66,1680.36,40.8175
1781357400000,2026-06-13 13:30:00,1680.73,1681.16,1679.11,1679.7,51.8925
1781358300000,2026-06-13 13:45:00,1679.69,1680.79,1676.83,1678.16,81.7927
1781359200000,2026-06-13 14:00:00,1678.03,1681.45,1677.82,1680.42,122.6277
1781360100000,2026-06-13 14:15:00,1680.42,1681.0,1678.24,1678.85,70.3482
1781361000000,2026-06-13 14:30:00,1678.86,1680.72,1678.85,1679.63,80.6877
1781361900000,2026-06-13 14:45:00,1679.63,1680.75,1679.5,1679.88,62.5664
1781362800000,2026-06-13 15:00:00,1679.87,1681.41,1678.68,1681.15,133.7913
1781363700000,2026-06-13 15:15:00,1681.15,1683.64,1680.93,1683.22,108.6093
1781364600000,2026-06-13 15:30:00,1683.3,1686.06,1679.43,1679.49,217.123
1781365500000,2026-06-13 15:45:00,1679.48,1682.87,1679.2,1682.34,94.3627
1781366400000,2026-06-13 16:00:00,1682.14,1682.14,1674.87,1674.88,149.563
1781367300000,2026-06-13 16:15:00,1674.87,1674.96,1671.54,1673.2,175.1033
1781368200000,2026-06-13 16:30:00,1673.2,1674.76,1672.14,1674.6,59.9641
1781369100000,2026-06-13 16:45:00,1674.61,1680.27,1673.44,1676.6,135.8779
1781370000000,2026-06-13 17:00:00,1676.74,1677.23,1673.87,1675.16,108.2031
1781370900000,2026-06-13 17:15:00,1675.16,1677.55,1674.07,1677.3,54.7556
1781371800000,2026-06-13 17:30:00,1677.58,1678.22,1676.77,1677.49,43.5892
1781372700000,2026-06-13 17:45:00,1677.62,1678.15,1673.46,1674.68,103.7776
1781373600000,2026-06-13 18:00:00,1674.38,1676.98,1674.33,1676.83,37.4339
1781374500000,2026-06-13 18:15:00,1676.84,1679.86,1676.27,1679.82,42.2868
1781375400000,2026-06-13 18:30:00,1679.83,1682.49,1679.78,1681.8,61.5784
1781376300000,2026-06-13 18:45:00,1681.98,1682.37,1676.72,1678.53,42.7651
1781377200000,2026-06-13 19:00:00,1678.53,1679.4,1677.91,1677.98,33.5077
1781378100000,2026-06-13 19:15:00,1678.27,1678.28,1675.95,1676.89,44.2122
1781379000000,2026-06-13 19:30:00,1676.88,1679.83,1676.73,1679.62,71.2288
1781379900000,2026-06-13 19:45:00,1679.62,1679.9,1678.54,1678.55,32.6003
1781380800000,2026-06-13 20:00:00,1678.55,1678.55,1676.2,1677.33,49.6348
1781381700000,2026-06-13 20:15:00,1677.33,1678.22,1676.2,1676.27,47.622
1781382600000,2026-06-13 20:30:00,1676.26,1676.5,1675.12,1675.43,55.6517
1781383500000,2026-06-13 20:45:00,1675.43,1676.7,1675.18,1676.53,44.78
1781384400000,2026-06-13 21:00:00,1676.52,1677.14,1674.91,1675.4,49.1223
1781385300000,2026-06-13 21:15:00,1675.73,1677.34,1675.09,1676.72,23.844
1781386200000,2026-06-13 21:30:00,1676.41,1692.36,1676.4,1687.6,119.535
1781387100000,2026-06-13 21:45:00,1687.6,1688.98,1685.39,1686.43,158.8633
1781388000000,2026-06-13 22:00:00,1686.43,1686.44,1682.85,1683.63,92.0473
1781388900000,2026-06-13 22:15:00,1683.63,1685.08,1682.36,1684.78,56.2936
1781389800000,2026-06-13 22:30:00,1684.82,1685.49,1683.21,1683.21,73.782
1781390700000,2026-06-13 22:45:00,1683.2,1683.63,1681.68,1681.84,27.8306
1781391600000,2026-06-13 23:00:00,1681.62,1682.03,1680.94,1681.66,48.9201
1781392500000,2026-06-13 23:15:00,1681.6,1684.17,1680.1,1680.14,41.5276
1781393400000,2026-06-13 23:30:00,1680.14,1681.61,1680.01,1680.23,61.2644
1781394300000,2026-06-13 23:45:00,1680.23,1681.18,1678.15,1681.18,84.6103
1781395200000,2026-06-14 00:00:00,1681.18,1681.19,1679.27,1679.66,87.0649
1781396100000,2026-06-14 00:15:00,1679.65,1681.57,1678.83,1680.01,97.9859
1781397000000,2026-06-14 00:30:00,1680.0,1683.42,1679.8,1682.69,90.9964
1781397900000,2026-06-14 00:45:00,1682.69,1683.47,1681.38,1681.91,93.334
1781398800000,2026-06-14 01:00:00,1681.9,1686.0,1680.44,1684.75,125.7273
1781399700000,2026-06-14 01:15:00,1684.74,1689.85,1684.69,1686.47,108.0513
1781400600000,2026-06-14 01:30:00,1686.72,1686.72,1684.78,1684.81,50.9758
1781401500000,2026-06-14 01:45:00,1684.94,1686.4,1683.74,1683.74,39.5137
1781402400000,2026-06-14 02:00:00,1683.74,1685.65,1683.3,1685.42,85.7643
1781403300000,2026-06-14 02:15:00,1685.43,1685.69,1682.69,1683.06,30.0177
1781404200000,2026-06-14 02:30:00,1683.07,1684.0,1681.92,1682.11,88.5308
1781405100000,2026-06-14 02:45:00,1682.11,1683.07,1681.59,1682.77,38.2017
1781406000000,2026-06-14 03:00:00,1682.46,1683.28,1681.87,1682.3,55.8282
1781406900000,2026-06-14 03:15:00,1682.29,1683.03,1682.0,1682.7,60.199
1781407800000,2026-06-14 03:30:00,1682.71,1682.71,1386.71,1679.85,134.2828
1781408700000,2026-06-14 03:45:00,1679.89,1682.11,1679.89,1681.74,70.8716
1781409600000,2026-06-14 04:00:00,1681.74,1682.66,1680.16,1681.02,40.4444
1781410500000,2026-06-14 04:15:00,1681.02,1682.0,1680.6,1680.63,23.4399
1781411400000,2026-06-14 04:30:00,1680.63,1680.63,1676.92,1677.55,35.523
1781412300000,2026-06-14 04:45:00,1677.56,1678.85,1676.35,1678.84,52.3471
1781413200000,2026-06-14 05:00:00,1677.95,1679.14,1677.2,1677.52,51.0784
1781414100000,2026-06-14 05:15:00,1677.52,1677.91,1675.23,1675.68,40.0513
1781415000000,2026-06-14 05:30:00,1675.68,1678.58,1674.28,1678.22,83.7306
1781415900000,2026-06-14 05:45:00,1678.21,1678.95,1677.95,1678.69,20.8094
1781416800000,2026-06-14 06:00:00,1678.13,1682.23,1678.13,1681.38,58.7596
1781417700000,2026-06-14 06:15:00,1681.32,1681.53,1677.03,1678.34,52.3576
1781418600000,2026-06-14 06:30:00,1678.34,1679.44,1676.51,1677.01,52.6364
1781419500000,2026-06-14 06:45:00,1677.01,1677.01,1675.57,1676.4,56.5397
1781420400000,2026-06-14 07:00:00,1676.39,1676.59,1674.09,1674.86,41.4622
1781421300000,2026-06-14 07:15:00,1674.65,1677.55,1674.65,1676.84,41.1407
1781422200000,2026-06-14 07:30:00,1676.55,1676.55,1674.01,1674.01,12.3908
1781423100000,2026-06-14 07:45:00,1674.01,1676.51,1674.01,1675.91,115.7651
1781424000000,2026-06-14 08:00:00,1675.9,1676.96,1674.8,1676.49,52.9599
1781424900000,2026-06-14 08:15:00,1676.86,1678.68,1676.83,1677.62,88.8379
1781425800000,2026-06-14 08:30:00,1677.97,1678.81,1677.0,1677.28,108.8088
1781426700000,2026-06-14 08:45:00,1677.29,1677.67,1675.13,1675.59,59.6201
1781427600000,2026-06-14 09:00:00,1675.58,1676.67,1674.69,1674.86,147.2224
1781428500000,2026-06-14 09:15:00,1674.87,1674.87,1669.45,1670.93,144.7867
1781429400000,2026-06-14 09:30:00,1671.11,1677.68,1671.01,1677.68,81.3002
1781430300000,2026-06-14 09:45:00,1677.69,1678.64,1676.91,1678.5,31.9077
1781431200000,2026-06-14 10:00:00,1678.49,1678.49,1675.43,1676.08,27.6151
1781432100000,2026-06-14 10:15:00,1676.08,1678.17,1675.53,1676.74,61.2201
1781433000000,2026-06-14 10:30:00,1676.6,1677.69,1676.29,1676.29,46.9931
1781433900000,2026-06-14 10:45:00,1676.17,1676.17,1673.14,1673.14,115.1152
1781434800000,2026-06-14 11:00:00,1673.14,1674.79,1672.56,1674.74,162.577
1781435700000,2026-06-14 11:15:00,1674.75,1674.88,1672.9,1674.88,50.4842
1781436600000,2026-06-14 11:30:00,1674.95,1676.99,1674.87,1676.32,57.6973
1781437500000,2026-06-14 11:45:00,1676.17,1676.17,1673.64,1673.64,39.2828
1781438400000,2026-06-14 12:00:00,1673.92,1674.58,1672.82,1673.28,25.3121
1781439300000,2026-06-14 12:15:00,1673.27,1681.0,1672.97,1672.98,114.9194
1781440200000,2026-06-14 12:30:00,1672.98,1673.04,1667.14,1668.88,128.2696
1781441100000,2026-06-14 12:45:00,1668.8,1668.8,1665.86,1666.93,78.0539
1781442000000,2026-06-14 13:00:00,1666.9,1668.92,1666.21,1667.99,175.3739
1781442900000,2026-06-14 13:15:00,1667.99,1669.03,1665.6,1665.6,42.1021
1781443800000,2026-06-14 13:30:00,1666.11,1668.4,1664.86,1668.39,92.1062
1781444700000,2026-06-14 13:45:00,1668.12,1668.13,1665.48,1666.27,102.5104
1781445600000,2026-06-14 14:00:00,1666.53,1666.98,1664.5,1666.56,127.1302
1781446500000,2026-06-14 14:15:00,1666.51,1693.36,1664.06,1665.26,191.3406
1781447400000,2026-06-14 14:30:00,1665.01,1665.01,1426.29,1656.04,303.3115
1781448300000,2026-06-14 14:45:00,1656.04,1659.35,1656.0,1659.35,191.8789
1781449200000,2026-06-14 15:00:00,1659.36,1663.95,1659.36,1663.26,144.5495
1781450100000,2026-06-14 15:15:00,1663.26,1664.29,1661.46,1663.39,211.243
1781451000000,2026-06-14 15:30:00,1663.07,1664.31,1661.37,1663.18,159.3522
1781451900000,2026-06-14 15:45:00,1663.18,1664.49,1662.14,1662.95,105.8185
1781452800000,2026-06-14 16:00:00,1662.63,1666.23,1662.62,1665.39,197.7361
1781453700000,2026-06-14 16:15:00,1665.38,1668.1,1665.0,1667.3,69.0825
1781454600000,2026-06-14 16:30:00,1667.31,1668.5,1666.91,1666.92,118.2136
1781455500000,2026-06-14 16:45:00,1666.93,1666.94,1659.85,1661.57,124.7058
1781456400000,2026-06-14 17:00:00,1661.24,1664.94,1660.92,1664.94,116.2053
1781457300000,2026-06-14 17:15:00,1664.76,1666.22,1664.31,1664.32,154.0996
1781458200000,2026-06-14 17:30:00,1664.2,1666.51,1426.63,1664.38,120.7012
1781459100000,2026-06-14 17:45:00,1664.37,1664.8,1661.36,1662.09,158.9059
1781460000000,2026-06-14 18:00:00,1662.35,1663.27,1661.13,1662.29,81.5839
1781460900000,2026-06-14 18:15:00,1662.28,1662.89,1658.95,1659.94,165.5836
1781461800000,2026-06-14 18:30:00,1659.94,1661.39,1659.38,1660.88,32.4716
1781462700000,2026-06-14 18:45:00,1660.88,1662.28,1660.34,1662.18,29.2234
1781463600000,2026-06-14 19:00:00,1662.02,1665.4,1661.35,1665.18,82.1869
1781464500000,2026-06-14 19:15:00,1665.18,1667.93,1665.18,1666.33,53.9581
1781465400000,2026-06-14 19:30:00,1666.34,1667.84,1590.69,1665.73,194.4357
1781466300000,2026-06-14 19:45:00,1665.73,1665.76,1665.1,1665.44,50.7978
1781467200000,2026-06-14 20:00:00,1665.6,1666.85,1662.67,1663.44,73.4334
1781468100000,2026-06-14 20:15:00,1663.29,1667.86,1663.29,1667.18,62.2462
1781469000000,2026-06-14 20:30:00,1667.18,1673.31,1653.93,1671.54,164.8463
1781469900000,2026-06-14 20:45:00,1671.55,1672.47,1670.48,1670.48,103.8693
1781470800000,2026-06-14 21:00:00,1670.49,1672.47,1669.97,1672.47,50.4652
1781471700000,2026-06-14 21:15:00,1672.47,1709.86,1672.47,1695.88,400.1634
1781472600000,2026-06-14 21:30:00,1695.88,1724.34,1695.88,1716.69,366.9685
1781473500000,2026-06-14 21:45:00,1716.91,1729.85,1715.91,1719.44,265.2631
1781474400000,2026-06-14 22:00:00,1719.44,1726.64,1712.7,1721.47,253.5001
1781475300000,2026-06-14 22:15:00,1721.09,1724.34,1716.82,1720.87,282.4541
1781476200000,2026-06-14 22:30:00,1721.06,1726.93,1718.87,1726.93,137.6599
1781477100000,2026-06-14 22:45:00,1725.91,1727.07,1720.64,1721.44,208.6114
1781478000000,2026-06-14 23:00:00,1721.44,1725.51,1717.0,1723.71,131.0399
1781478900000,2026-06-14 23:15:00,1724.43,1725.84,1720.7,1724.41,155.0863
1781479800000,2026-06-14 23:30:00,1724.0,1725.87,1719.57,1719.67,193.4083
1781480700000,2026-06-14 23:45:00,1719.66,1726.3,1719.66,1725.9,90.187
1781481600000,2026-06-15 00:00:00,1725.89,1731.38,1725.09,1731.38,158.9336
1781482500000,2026-06-15 00:15:00,1731.38,1731.39,1724.37,1725.65,170.3185
1781483400000,2026-06-15 00:30:00,1726.06,1726.07,1720.2,1720.48,109.4535
1781484300000,2026-06-15 00:45:00,1720.71,1722.01,1719.78,1720.45,107.1063
1781485200000,2026-06-15 01:00:00,1720.44,1720.5,1712.67,1717.64,176.7079
1781486100000,2026-06-15 01:15:00,1717.69,1717.7,1709.67,1712.26,117.4527
1781487000000,2026-06-15 01:30:00,1712.01,1721.6,1711.21,1721.6,156.9641
1781487900000,2026-06-15 01:45:00,1721.61,1721.61,1715.26,1715.9,141.1697
1781488800000,2026-06-15 02:00:00,1715.9,1721.0,1714.35,1720.48,133.735
1781489700000,2026-06-15 02:15:00,1720.58,1726.51,1720.57,1720.91,138.7215
1781490600000,2026-06-15 02:30:00,1720.99,1722.31,1719.85,1721.14,539.5042
1781491500000,2026-06-15 02:45:00,1721.14,1729.8,1415.51,1716.67,421.8517
1781492400000,2026-06-15 03:00:00,1716.77,1723.38,1715.75,1722.75,201.0498
1781493300000,2026-06-15 03:15:00,1722.75,1723.26,1720.08,1721.12,119.5296
1781494200000,2026-06-15 03:30:00,1721.12,1723.46,1719.86,1723.46,144.3632
1781495100000,2026-06-15 03:45:00,1723.46,1723.98,1720.23,1720.45,108.4924
1781496000000,2026-06-15 04:00:00,1720.46,1720.51,1717.58,1718.51,122.2951
1781496900000,2026-06-15 04:15:00,1718.5,1720.28,1717.55,1718.55,96.2742
1781497800000,2026-06-15 04:30:00,1718.55,1718.99,1716.04,1717.27,107.9732
1781498700000,2026-06-15 04:45:00,1717.28,1718.95,1716.69,1717.25,81.666
1781499600000,2026-06-15 05:00:00,1717.24,1718.32,1715.95,1717.91,74.0292
1781500500000,2026-06-15 05:15:00,1717.91,1722.28,1717.71,1721.09,37.3921
1781501400000,2026-06-15 05:30:00,1721.09,1721.5,1717.09,1717.21,98.2025
1781502300000,2026-06-15 05:45:00,1717.2,1720.86,1717.19,1720.81,76.6282
1781503200000,2026-06-15 06:00:00,1720.8,1722.79,1719.89,1721.44,58.6364
1781504100000,2026-06-15 06:15:00,1721.44,1723.29,1719.84,1722.47,116.1534
1781505000000,2026-06-15 06:30:00,1722.51,1722.84,1718.34,1718.86,83.4628
1781505900000,2026-06-15 06:45:00,1719.2,1722.23,1719.14,1719.87,96.4634
1781506800000,2026-06-15 07:00:00,1719.87,1723.12,1716.83,1721.23,170.4484
1781507700000,2026-06-15 07:15:00,1721.09,1723.37,1720.89,1722.03,145.9498
1781508600000,2026-06-15 07:30:00,1722.02,1722.02,1717.5,1718.49,77.2176
1781509500000,2026-06-15 07:45:00,1718.48,1719.27,1716.49,1716.6,129.063
1781510400000,2026-06-15 08:00:00,1716.59,1720.46,1715.68,1719.83,151.7951
1781511300000,2026-06-15 08:15:00,1719.82,1720.62,1716.61,1718.79,113.5585
1781512200000,2026-06-15 08:30:00,1718.54,1721.91,1718.53,1720.81,117.4427
1781513100000,2026-06-15 08:45:00,1720.81,1721.19,1719.0,1720.61,139.4984
1781514000000,2026-06-15 09:00:00,1720.61,1721.31,1719.52,1720.0,43.6963
1781514900000,2026-06-15 09:15:00,1719.99,1726.63,1719.99,1721.82,153.9168
1781515800000,2026-06-15 09:30:00,1721.81,1721.83,1712.7,1715.73,365.6481
1781516700000,2026-06-15 09:45:00,1715.73,1718.63,1714.11,1718.63,165.5685
1781517600000,2026-06-15 10:00:00,1718.64,1723.13,1718.27,1722.93,86.2559
1781518500000,2026-06-15 10:15:00,1722.92,1726.08,1722.75,1724.56,141.0764
1781519400000,2026-06-15 10:30:00,1724.55,1728.14,1724.27,1728.1,125.4416
1781520300000,2026-06-15 10:45:00,1728.19,1742.2,1727.26,1737.22,167.6941
1781521200000,2026-06-15 11:00:00,1737.21,1742.87,1734.29,1741.01,243.6581
1781522100000,2026-06-15 11:15:00,1741.01,1766.15,1741.0,1760.38,266.8068
1781523000000,2026-06-15 11:30:00,1760.39,1765.0,1759.93,1761.68,279.0541
1781523900000,2026-06-15 11:45:00,1761.68,1766.17,1760.33,1764.56,192.9255
1781524800000,2026-06-15 12:00:00,1764.56,1765.93,1761.61,1765.68,207.2836
1781525700000,2026-06-15 12:15:00,1765.68,1765.76,1760.42,1765.42,109.3009
1781526600000,2026-06-15 12:30:00,1765.41,1775.06,1763.67,1774.51,248.0568
1781527500000,2026-06-15 12:45:00,1774.51,1777.1,1773.22,1777.1,300.0793
1781528400000,2026-06-15 13:00:00,1777.1,1797.6,1774.63,1794.08,438.9852
1781529300000,2026-06-15 13:15:00,1794.07,1827.14,1794.07,1818.98,411.1032
1781530200000,2026-06-15 13:30:00,1819.08,1820.49,1491.17,1811.89,884.1004
1781531100000,2026-06-15 13:45:00,1811.89,1816.71,1811.56,1814.55,422.2052
1781532000000,2026-06-15 14:00:00,1814.55,1815.01,1805.62,1809.87,272.0494
1781532900000,2026-06-15 14:15:00,1810.55,1814.55,1808.06,1812.02,314.6064
1781533800000,2026-06-15 14:30:00,1812.03,1814.04,1809.66,1813.0,251.4465
1781534700000,2026-06-15 14:45:00,1812.19,1818.55,1812.18,1815.08,140.516
1781535600000,2026-06-15 15:00:00,1814.92,1827.9,1813.77,1815.96,221.8093
1781536500000,2026-06-15 15:15:00,1815.76,1819.13,1814.89,1816.63,88.7316
1781537400000,2026-06-15 15:30:00,1816.63,1831.84,1814.13,1829.4,224.3078
1781538300000,2026-06-15 15:45:00,1830.04,1849.0,1830.03,1844.77,265.9147
1781539200000,2026-06-15 16:00:00,1844.77,1846.17,1838.7,1845.22,286.817
1781540100000,2026-06-15 16:15:00,1845.22,1845.22,1837.68,1841.38,224.0952
1781541000000,2026-06-15 16:30:00,1841.39,1846.15,1839.95,1844.0,236.5951
1781541900000,2026-06-15 16:45:00,1844.14,1846.27,1840.01,1842.8,184.7142
1781542800000,2026-06-15 17:00:00,1842.8,1842.8,1827.33,1831.65,220.7329
1781543700000,2026-06-15 17:15:00,1832.12,1833.0,1826.99,1829.77,134.1213
1781544600000,2026-06-15 17:30:00,1829.78,1831.99,1824.2,1831.09,276.3861
1781545500000,2026-06-15 17:45:00,1830.37,1831.69,1827.35,1828.92,170.0107
1781546400000,2026-06-15 18:00:00,1829.07,1831.26,1826.21,1830.58,103.71
1781547300000,2026-06-15 18:15:00,1830.57,1831.48,1828.11,1830.09,139.7041
1781548200000,2026-06-15 18:30:00,1830.09,1831.0,1826.21,1830.17,235.4009
1781549100000,2026-06-15 18:45:00,1829.62,1835.54,1828.36,1828.36,203.2396
1781550000000,2026-06-15 19:00:00,1828.36,1832.96,1826.5,1832.34,137.1051
1781550900000,2026-06-15 19:15:00,1832.57,1834.44,1813.62,1819.37,279.669
1781551800000,2026-06-15 19:30:00,1819.36,1829.25,1819.0,1829.25,103.8657
1781552700000,2026-06-15 19:45:00,1829.5,1830.1,1818.75,1821.0,191.5679
1781553600000,2026-06-15 20:00:00,1821.0,1825.72,1818.5,1824.04,87.5497
1781554500000,2026-06-15 20:15:00,1823.87,1824.31,1820.25,1821.74,63.1449
1781555400000,2026-06-15 20:30:00,1821.59,1823.72,1819.25,1819.79,117.1503
1781556300000,2026-06-15 20:45:00,1819.23,1819.23,1815.7,1816.11,117.3995
1781557200000,2026-06-15 21:00:00,1816.94,1822.04,1815.75,1819.86,133.8644
1781558100000,2026-06-15 21:15:00,1820.34,1820.35,1815.26,1815.59,90.4874
1781559000000,2026-06-15 21:30:00,1815.59,1818.33,1812.9,1816.14,161.5842
1781559900000,2026-06-15 21:45:00,1816.14,1816.14,1809.56,1810.96,190.1402
1781560800000,2026-06-15 22:00:00,1811.24,1813.33,1809.1,1809.1,190.3524
1781561700000,2026-06-15 22:15:00,1809.26,1848.08,1789.43,1792.25,232.6346
1781562600000,2026-06-15 22:30:00,1792.24,1797.31,1476.98,1793.13,248.6605
1781563500000,2026-06-15 22:45:00,1794.52,1794.76,1788.47,1790.01,120.4505
1781564400000,2026-06-15 23:00:00,1790.71,1791.74,1787.74,1790.6,205.9424
1781565300000,2026-06-15 23:15:00,1790.3,1791.51,1786.01,1789.98,193.0601
1781566200000,2026-06-15 23:30:00,1789.44,1791.01,1783.69,1791.01,101.9717
1781567100000,2026-06-15 23:45:00,1791.06,1796.78,1790.68,1796.59,18.5035
1781568000000,2026-06-16 00:00:00,1796.58,1798.95,1793.62,1797.01,324.6864
1781568900000,2026-06-16 00:15:00,1797.19,1798.37,1791.54,1792.63,293.251
1781569800000,2026-06-16 00:30:00,1792.62,1801.27,1792.62,1798.56,230.7852
1781570700000,2026-06-16 00:45:00,1798.63,1798.63,1789.01,1789.02,279.2642
1781571600000,2026-06-16 01:00:00,1789.58,1795.5,1789.13,1791.65,218.8786
1781572500000,2026-06-16 01:15:00,1791.65,1796.45,1790.74,1796.06,301.4951
1781573400000,2026-06-16 01:30:00,1795.79,1797.24,1794.95,1795.57,201.9962
1781574300000,2026-06-16 01:45:00,1795.63,1797.14,1791.5,1792.2,198.6104
1781575200000,2026-06-16 02:00:00,1792.26,1793.23,1784.32,1784.32,326.7374
1781576100000,2026-06-16 02:15:00,1784.32,1786.91,1773.7,1774.05,283.2892
1781577000000,2026-06-16 02:30:00,1774.04,1775.54,1768.61,1774.89,166.6658
1781577900000,2026-06-16 02:45:00,1774.67,1775.41,1768.5,1769.8,106.7478
1781578800000,2026-06-16 03:00:00,1769.8,1774.32,1768.86,1774.31,203.2501
1781579700000,2026-06-16 03:15:00,1774.34,1779.67,1765.2,1777.99,187.8492
1781580600000,2026-06-16 03:30:00,1778.07,1780.37,1777.0,1780.3,123.4654
1781581500000,2026-06-16 03:45:00,1780.3,1780.3,1777.88,1779.16,62.7905
1781582400000,2026-06-16 04:00:00,1779.17,1782.99,1776.49,1777.01,303.7171
1781583300000,2026-06-16 04:15:00,1777.01,1777.01,1768.48,1768.48,292.7239
1781584200000,2026-06-16 04:30:00,1767.49,1767.49,1762.03,1763.43,272.2261
1781585100000,2026-06-16 04:45:00,1763.43,1764.17,1758.65,1761.33,308.8574
1781586000000,2026-06-16 05:00:00,1761.33,1793.83,1760.79,1763.03,341.9787
1781586900000,2026-06-16 05:15:00,1762.46,1765.55,1761.39,1763.6,517.5285
1781587800000,2026-06-16 05:30:00,1763.59,1764.18,1761.01,1762.62,426.3564
1781588700000,2026-06-16 05:45:00,1762.95,1764.57,1761.66,1762.44,298.4419
1781589600000,2026-06-16 06:00:00,1762.39,1765.64,1762.39,1765.64,271.8302
1781590500000,2026-06-16 06:15:00,1765.97,1769.28,1763.83,1767.99,256.1353
1781591400000,2026-06-16 06:30:00,1768.42,1773.04,1766.28,1770.72,188.5871
1781592300000,2026-06-16 06:45:00,1770.38,1773.64,1770.18,1771.53,98.7042
1781593200000,2026-06-16 07:00:00,1771.53,1773.81,1769.25,1770.19,177.3415
1781594100000,2026-06-16 07:15:00,1769.71,1773.94,1769.64,1772.9,123.9724
1781595000000,2026-06-16 07:30:00,1772.89,1776.12,1771.88,1772.5,128.5554
1781595900000,2026-06-16 07:45:00,1772.35,1775.19,1771.76,1774.25,133.9855
1781596800000,2026-06-16 08:00:00,1774.25,1778.31,1773.28,1777.65,105.4998
1781597700000,2026-06-16 08:15:00,1777.84,1785.67,1777.13,1783.5,89.1761
1781598600000,2026-06-16 08:30:00,1783.0,1793.83,1781.96,1786.38,172.3468
1781599500000,2026-06-16 08:45:00,1786.38,1827.68,1785.66,1802.51,269.7364
1781600400000,2026-06-16 09:00:00,1802.51,1804.73,1798.37,1799.86,273.3433
1781601300000,2026-06-16 09:15:00,1799.86,1800.63,1789.04,1791.31,310.2227
1781602200000,2026-06-16 09:30:00,1790.91,1794.57,1788.85,1792.55,271.9636
1781603100000,2026-06-16 09:45:00,1792.55,1793.87,1787.83,1789.75,286.5298
1781604000000,2026-06-16 10:00:00,1789.63,1791.82,1788.83,1789.29,223.154
1781604900000,2026-06-16 10:15:00,1789.31,1799.72,1789.31,1799.72,227.5192
1781605800000,2026-06-16 10:30:00,1799.71,1799.72,1794.91,1796.45,145.9
1781606700000,2026-06-16 10:45:00,1796.78,1798.8,1793.06,1794.11,190.8875
1781607600000,2026-06-16 11:00:00,1793.98,1799.83,1793.85,1794.99,377.4824
1781608500000,2026-06-16 11:15:00,1795.0,1798.44,1791.43,1793.51,323.8682
1781609400000,2026-06-16 11:30:00,1793.45,1795.42,1791.8,1795.41,341.5011
1781610300000,2026-06-16 11:45:00,1795.84,1799.37,1787.43,1799.29,275.4287
1781611200000,2026-06-16 12:00:00,1799.3,1809.03,1796.9,1807.61,275.0117
1781612100000,2026-06-16 12:15:00,1807.61,1823.1,1807.6,1820.36,375.5821
1781613000000,2026-06-16 12:30:00,1820.37,1839.34,1815.31,1817.84,552.2265
1781613900000,2026-06-16 12:45:00,1817.84,1996.59,1810.69,1814.89,327.4476
1781614800000,2026-06-16 13:00:00,1814.89,1816.56,1793.21,1801.45,388.481
1781615700000,2026-06-16 13:15:00,1801.45,1809.03,1801.45,1802.47,290.9615
1781616600000,2026-06-16 13:30:00,1802.47,1808.11,1796.12,1804.13,405.1883
1781617500000,2026-06-16 13:45:00,1804.14,1806.24,1500.0,1797.99,1111.6139
1781618400000,2026-06-16 14:00:00,1797.99,1805.28,1794.23,1795.03,398.888
1781619300000,2026-06-16 14:15:00,1795.03,1797.57,1772.98,1772.98,450.514
1781620200000,2026-06-16 14:30:00,1772.63,1781.24,1765.72,1779.45,411.2877
1781621100000,2026-06-16 14:45:00,1778.87,1783.82,1778.28,1780.48,381.9195
1781622000000,2026-06-16 15:00:00,1780.47,1786.49,1778.78,1785.8,492.7474
1781622900000,2026-06-16 15:15:00,1785.81,2100.0,1776.52,1780.23,301.3333
1781623800000,2026-06-16 15:30:00,1779.98,1786.68,1500.0,1780.01,469.6355
1781624700000,2026-06-16 15:45:00,1780.0,1787.3,1775.5,1783.43,304.8549
1781625600000,2026-06-16 16:00:00,1783.0,1784.73,1778.82,1778.93,142.3661
1781626500000,2026-06-16 16:15:00,1778.91,1779.76,1773.31,1779.71,150.5756
1781627400000,2026-06-16 16:30:00,1779.7,1780.49,1773.82,1779.63,102.3605
1781628300000,2026-06-16 16:45:00,1779.62,1780.17,1776.35,1777.51,93.6063
1781629200000,2026-06-16 17:00:00,1777.59,1782.34,1777.59,1780.36,87.3565
1781630100000,2026-06-16 17:15:00,1780.07,1784.55,1779.54,1781.54,71.6357
1781631000000,2026-06-16 17:30:00,1781.53,1785.34,1780.28,1784.56,101.8973
1781631900000,2026-06-16 17:45:00,1784.03,1799.35,1784.03,1795.18,141.649
1781632800000,2026-06-16 18:00:00,1795.19,1808.15,1793.64,1805.04,125.6626
1781633700000,2026-06-16 18:15:00,1805.04,1805.04,1793.18,1795.34,162.9452
1781634600000,2026-06-16 18:30:00,1795.34,1798.49,1793.0,1796.45,181.4475
1781635500000,2026-06-16 18:45:00,1796.45,1802.88,1795.78,1798.82,115.4269
1781636400000,2026-06-16 19:00:00,1798.82,1798.82,1791.0,1794.19,142.9124
1781637300000,2026-06-16 19:15:00,1794.12,1797.36,1791.03,1797.36,119.1722
1781638200000,2026-06-16 19:30:00,1797.38,1800.41,1795.64,1797.84,85.3021
1781639100000,2026-06-16 19:45:00,1798.89,1800.71,1793.08,1795.33,90.3585
1781640000000,2026-06-16 20:00:00,1794.99,1795.48,1790.36,1794.56,24.4282
1781640900000,2026-06-16 20:15:00,1794.56,1797.64,1789.69,1789.95,27.9758
1781641800000,2026-06-16 20:30:00,1790.08,1798.2,1789.88,1798.16,24.6188
1781642700000,2026-06-16 20:45:00,1798.15,1798.49,1796.46,1797.79,45.6851
1781643600000,2026-06-16 21:00:00,1797.78,1800.2,1795.31,1799.18,16.7218
1781644500000,2026-06-16 21:15:00,1799.38,1800.27,1793.67,1794.09,13.5407
1781645400000,2026-06-16 21:30:00,1794.08,1794.46,1790.97,1794.19,11.2507
1781646300000,2026-06-16 21:45:00,1795.44,1796.88,1794.58,1796.52,6.7827
1781647200000,2026-06-16 22:00:00,1796.53,1799.07,1793.29,1798.05,85.4618
1781648100000,2026-06-16 22:15:00,1798.05,1798.7,1791.39,1794.31,66.1985
1781649000000,2026-06-16 22:30:00,1794.32,1795.27,1792.35,1792.47,34.5703
1781649900000,2026-06-16 22:45:00,1792.47,1796.47,1791.33,1796.2,11.0624
1781650800000,2026-06-16 23:00:00,1796.2,1798.73,1794.03,1795.93,30.1467
1781651700000,2026-06-16 23:15:00,1795.93,1795.97,1792.11,1795.48,10.826
1781652600000,2026-06-16 23:30:00,1795.48,1797.29,1793.1,1793.76,23.9646
1781653500000,2026-06-16 23:45:00,1793.77,1793.83,1791.25,1792.99,32.5791
1781654400000,2026-06-17 00:00:00,1793.0,1796.38,1792.99,1794.17,109.6127
1781655300000,2026-06-17 00:15:00,1794.18,1795.71,1793.21,1793.91,101.004
1781656200000,2026-06-17 00:30:00,1794.09,1798.15,1792.55,1797.67,74.5134
1781657100000,2026-06-17 00:45:00,1797.47,1798.87,1497.09,1794.22,98.5446
1781658000000,2026-06-17 01:00:00,1793.81,1796.74,1792.94,1793.32,69.4283
1781658900000,2026-06-17 01:15:00,1793.33,1793.61,1783.99,1785.78,222.4857
1781659800000,2026-06-17 01:30:00,1785.79,1793.77,1782.78,1790.84,168.2176
1781660700000,2026-06-17 01:45:00,1790.74,1799.12,1790.74,1797.63,77.1446
1781661600000,2026-06-17 02:00:00,1797.56,1798.35,1795.93,1797.86,100.3439
1781662500000,2026-06-17 02:15:00,1797.86,1810.17,1796.57,1805.39,167.4297
1781663400000,2026-06-17 02:30:00,1805.39,1810.74,1788.86,1794.7,193.4256
1781664300000,2026-06-17 02:45:00,1794.68,1796.08,1792.56,1795.26,131.4274
1781665200000,2026-06-17 03:00:00,1795.59,1795.59,1791.57,1791.57,122.6758
1781666100000,2026-06-17 03:15:00,1791.44,1791.5,1787.66,1790.94,107.0818
1781667000000,2026-06-17 03:30:00,1790.93,1796.52,1790.93,1792.59,67.903
1781667900000,2026-06-17 03:45:00,1792.6,1795.28,1791.56,1793.49,86.1719
1781668800000,2026-06-17 04:00:00,1793.58,1796.3,1792.7,1793.79,120.2842
1781669700000,2026-06-17 04:15:00,1792.99,1795.86,1792.0,1794.95,65.4138
1781670600000,2026-06-17 04:30:00,1794.95,1795.99,1793.86,1795.42,94.0745
1781671500000,2026-06-17 04:45:00,1795.42,1800.78,1794.28,1794.4,104.071
1781672400000,2026-06-17 05:00:00,1794.29,1799.38,1791.38,1791.62,87.5505
1781673300000,2026-06-17 05:15:00,1791.62,1794.32,1789.44,1794.09,58.8487
1781674200000,2026-06-17 05:30:00,1793.34,1796.93,1792.73,1796.77,33.9098
1781675100000,2026-06-17 05:45:00,1796.6,1797.49,1791.88,1793.98,96.1267
1781676000000,2026-06-17 06:00:00,1793.98,1795.76,1792.69,1795.73,120.0639
1781676900000,2026-06-17 06:15:00,1795.35,1797.09,1788.85,1789.25,84.4742
1781677800000,2026-06-17 06:30:00,1789.06,1792.26,1786.64,1789.05,161.0624
1781678700000,2026-06-17 06:45:00,1789.26,1791.99,1787.75,1790.37,117.3466
1781679600000,2026-06-17 07:00:00,1790.4,1792.24,1786.41,1791.5,140.7372
1781680500000,2026-06-17 07:15:00,1791.5,1792.01,1784.52,1785.29,141.9879
1781681400000,2026-06-17 07:30:00,1785.36,1788.4,1784.41,1787.32,163.5667
1781682300000,2026-06-17 07:45:00,1787.33,1787.67,1779.76,1785.15,121.5773
1781683200000,2026-06-17 08:00:00,1785.09,1785.94,1779.3,1779.3,113.2375
1781684100000,2026-06-17 08:15:00,1779.3,1780.26,1774.94,1775.84,144.8916
1781685000000,2026-06-17 08:30:00,1775.04,1775.04,1762.28,1762.82,200.2712
1781685900000,2026-06-17 08:45:00,1762.82,1767.55,1761.85,1765.41,149.2092
1781686800000,2026-06-17 09:00:00,1765.3,1770.29,1765.3,1769.42,90.3266
1781687700000,2026-06-17 09:15:00,1769.41,1777.77,1768.59,1775.03,112.2661
1781688600000,2026-06-17 09:30:00,1775.04,1775.39,1772.0,1772.64,91.2041
1781689500000,2026-06-17 09:45:00,1772.48,1775.76,1770.04,1772.99,81.7993
1781690400000,2026-06-17 10:00:00,1773.07,1774.95,1769.54,1772.4,128.3671
1781691300000,2026-06-17 10:15:00,1772.4,1774.26,1770.55,1772.33,84.1529
1781692200000,2026-06-17 10:30:00,1772.31,1773.95,1771.2,1772.71,81.4401
1781693100000,2026-06-17 10:45:00,1772.83,1773.89,1767.27,1768.38,109.048
1781694000000,2026-06-17 11:00:00,1768.38,1769.6,1760.48,1764.82,117.3
1781694900000,2026-06-17 11:15:00,1764.97,1767.74,1760.86,1766.43,135.6461
1781695800000,2026-06-17 11:30:00,1766.43,1767.56,1764.4,1764.92,104.8628
1781696700000,2026-06-17 11:45:00,1765.62,1767.47,1763.92,1763.93,114.0091
1781697600000,2026-06-17 12:00:00,1763.92,1765.88,1761.34,1764.69,126.1694
1781698500000,2026-06-17 12:15:00,1764.69,1764.69,1744.09,1747.01,200.4606
1781699400000,2026-06-17 12:30:00,1747.0,1756.14,1743.48,1756.14,201.0346
1781700300000,2026-06-17 12:45:00,1756.15,1759.68,1754.65,1759.68,75.5929
1781701200000,2026-06-17 13:00:00,1759.68,1762.59,1757.12,1761.49,91.9781
1781702100000,2026-06-17 13:15:00,1761.49,1761.49,1755.33,1757.96,61.4218
1781703000000,2026-06-17 13:30:00,1757.97,1770.15,1755.11,1765.78,252.2229
1781703900000,2026-06-17 13:45:00,1766.33,1771.89,1760.54,1762.08,168.7125
1781704800000,2026-06-17 14:00:00,1761.92,1761.97,1755.72,1761.19,229.3629
1781705700000,2026-06-17 14:15:00,1761.19,1765.27,1752.61,1756.34,253.7116
1781706600000,2026-06-17 14:30:00,1756.34,1758.49,1752.67,1755.47,135.381
1781707500000,2026-06-17 14:45:00,1755.46,1759.88,1744.04,1754.82,180.792
1781708400000,2026-06-17 15:00:00,1754.82,1759.23,1751.78,1759.23,175.0691
1781709300000,2026-06-17 15:15:00,1759.23,1764.92,1757.56,1762.82,134.0679
1781710200000,2026-06-17 15:30:00,1763.06,1767.99,1761.57,1767.01,116.917
1781711100000,2026-06-17 15:45:00,1767.01,1775.87,1766.53,1773.13,170.506
1781712000000,2026-06-17 16:00:00,1773.42,1776.55,1770.83,1774.93,162.7919
1781712900000,2026-06-17 16:15:00,1774.94,1789.03,1773.48,1786.74,260.2302
1781713800000,2026-06-17 16:30:00,1785.22,1785.22,1773.39,1775.37,201.2534
1781714700000,2026-06-17 16:45:00,1775.31,1775.66,1770.0,1771.91,145.1325
1781715600000,2026-06-17 17:00:00,1772.11,1774.35,1769.03,1772.5,153.7489
1781716500000,2026-06-17 17:15:00,1772.49,1779.18,1771.73,1777.93,93.5169
1781717400000,2026-06-17 17:30:00,1777.92,1779.85,1774.3,1774.56,99.6136
1781718300000,2026-06-17 17:45:00,1774.56,1794.75,1773.65,1788.48,155.324
1781719200000,2026-06-17 18:00:00,1788.48,1788.49,1748.3,1764.62,298.6342
1781720100000,2026-06-17 18:15:00,1764.62,1773.7,1763.5,1765.89,154.7967
1781721000000,2026-06-17 18:30:00,1767.03,1785.94,1763.96,1785.13,160.2424
1781721900000,2026-06-17 18:45:00,1784.99,1784.99,1766.86,1770.53,160.6072
1781722800000,2026-06-17 19:00:00,1770.53,1775.01,1763.29,1772.36,134.8287
1781723700000,2026-06-17 19:15:00,1772.36,1772.37,1737.37,1740.59,118.9604
1781724600000,2026-06-17 19:30:00,1740.59,1762.81,1497.09,1734.07,155.4129
1781725500000,2026-06-17 19:45:00,1734.08,1738.99,1729.26,1734.92,73.1473
1781726400000,2026-06-17 20:00:00,1734.92,1743.48,1733.13,1738.44,66.9998
1781727300000,2026-06-17 20:15:00,1738.44,1741.4,1737.39,1739.39,44.5356
1781728200000,2026-06-17 20:30:00,1739.58,1754.55,1736.56,1736.56,65.48
1781729100000,2026-06-17 20:45:00,1736.07,1747.83,1736.06,1747.01,74.0657
1781730000000,2026-06-17 21:00:00,1747.37,1747.8,1743.06,1743.06,33.6826
1781730900000,2026-06-17 21:15:00,1742.77,1745.76,1742.59,1743.88,26.6738
1781731800000,2026-06-17 21:30:00,1743.88,1745.86,1739.29,1740.84,27.3759
1781732700000,2026-06-17 21:45:00,1740.84,1740.84,1736.48,1738.61,24.7031
1781733600000,2026-06-17 22:00:00,1738.9,1740.34,1726.38,1735.51,53.6881
1781734500000,2026-06-17 22:15:00,1735.52,1744.22,1735.24,1743.58,7.5305
1781735400000,2026-06-17 22:30:00,1743.59,1744.83,1742.0,1743.23,8.7898
1781736300000,2026-06-17 22:45:00,1743.22,1746.39,1740.24,1740.25,26.3685
1781737200000,2026-06-17 23:00:00,1740.3,1746.1,1740.11,1743.15,13.338
1781738100000,2026-06-17 23:15:00,1743.48,1751.28,1743.48,1750.47,11.5984
1781739000000,2026-06-17 23:30:00,1750.13,1750.46,1747.64,1747.84,7.1691
1781739900000,2026-06-17 23:45:00,1747.84,1750.58,1747.16,1750.58,17.082
1781740800000,2026-06-18 00:00:00,1750.67,1757.19,1749.98,1755.41,208.9148
1781741700000,2026-06-18 00:15:00,1755.4,1756.87,1752.98,1754.0,178.4957
1781742600000,2026-06-18 00:30:00,1754.74,1762.81,1753.86,1755.41,485.0088
1781743500000,2026-06-18 00:45:00,1755.41,1760.68,1741.39,1753.02,140.8219
1781744400000,2026-06-18 01:00:00,1753.03,1762.77,1753.03,1761.5,121.8048
1781745300000,2026-06-18 01:15:00,1761.51,1761.56,1756.08,1756.56,74.2557
1781746200000,2026-06-18 01:30:00,1757.01,1761.42,1757.01,1757.49,161.6685
1781747100000,2026-06-18 01:45:00,1757.13,1757.13,1753.21,1754.78,104.5044
1781748000000,2026-06-18 02:00:00,1754.93,1758.45,1754.82,1755.35,229.7634
1781748900000,2026-06-18 02:15:00,1755.35,1758.99,1750.43,1757.72,157.3758
1781749800000,2026-06-18 02:30:00,1757.72,1758.59,1755.28,1757.66,70.3488
1781750700000,2026-06-18 02:45:00,1757.67,1757.67,1755.92,1756.32,60.0788
1781751600000,2026-06-18 03:00:00,1755.86,1755.86,1751.24,1751.73,111.9445
1781752500000,2026-06-18 03:15:00,1751.72,1752.58,1744.78,1745.02,122.0658
1781753400000,2026-06-18 03:30:00,1745.02,1748.28,1741.63,1741.63,167.8725
1781754300000,2026-06-18 03:45:00,1741.64,1747.0,1741.63,1743.87,169.722
1781755200000,2026-06-18 04:00:00,1744.17,1745.72,1730.88,1734.86,197.4487
1781756100000,2026-06-18 04:15:00,1735.25,1739.08,1731.83,1735.47,158.621
1781757000000,2026-06-18 04:30:00,1735.46,1737.29,1732.73,1732.73,138.1239
1781757900000,2026-06-18 04:45:00,1732.73,1733.97,1730.0,1731.97,179.5798
1781758800000,2026-06-18 05:00:00,1731.97,1732.33,1723.47,1728.53,230.9565
1781759700000,2026-06-18 05:15:00,1729.14,1731.36,1727.21,1728.86,147.3873
1781760600000,2026-06-18 05:30:00,1728.67,1731.03,1725.72,1728.72,197.3196
1781761500000,2026-06-18 05:45:00,1728.73,1731.34,1726.96,1730.75,155.1862
1781762400000,2026-06-18 06:00:00,1730.75,1733.05,1726.11,1728.62,197.526
1781763300000,2026-06-18 06:15:00,1728.7,1730.54,1726.2,1730.54,153.4175
1781764200000,2026-06-18 06:30:00,1730.37,1735.79,1730.36,1735.79,131.871
1781765100000,2026-06-18 06:45:00,1735.78,1736.53,1734.2,1736.52,102.3594
1781766000000,2026-06-18 07:00:00,1735.75,1736.25,1732.97,1733.28,121.3827
1781766900000,2026-06-18 07:15:00,1733.29,1746.27,1733.28,1745.53,220.4058
1781767800000,2026-06-18 07:30:00,1745.35,1753.22,1743.77,1749.41,153.7421
1781768700000,2026-06-18 07:45:00,1749.28,1750.96,1747.56,1749.75,110.6745
1781769600000,2026-06-18 08:00:00,1749.92,1753.28,1746.56,1748.15,174.1378
1781770500000,2026-06-18 08:15:00,1748.29,1750.92,1748.28,1749.87,71.0946
1781771400000,2026-06-18 08:30:00,1749.96,1753.22,1749.95,1750.68,95.2212
1781772300000,2026-06-18 08:45:00,1750.67,1750.9,1746.81,1747.56,112.226
1781773200000,2026-06-18 09:00:00,1747.67,1747.68,1745.16,1747.49,126.0873
1781774100000,2026-06-18 09:15:00,1747.5,1751.66,1743.88,1743.88,108.4009
1781775000000,2026-06-18 09:30:00,1743.12,1747.04,1742.87,1747.02,126.2784
1781775900000,2026-06-18 09:45:00,1747.09,1748.78,1745.71,1746.06,102.937
1781776800000,2026-06-18 10:00:00,1746.06,1747.39,1741.33,1741.33,125.7328
1781777700000,2026-06-18 10:15:00,1741.36,1743.05,1739.76,1742.34,128.2536
1781778600000,2026-06-18 10:30:00,1742.18,1743.03,1740.04,1741.1,101.1575
1781779500000,2026-06-18 10:45:00,1740.55,1750.12,1740.15,1746.97,167.2388
1781780400000,2026-06-18 11:00:00,1746.9,1752.62,1744.06,1745.94,116.4316
1781781300000,2026-06-18 11:15:00,1745.94,1746.82,1741.13,1745.78,149.7801
1781782200000,2026-06-18 11:30:00,1745.78,1747.45,1739.34,1743.39,172.3865
1781783100000,2026-06-18 11:45:00,1743.4,1744.37,1739.56,1743.2,175.6693
1781784000000,2026-06-18 12:00:00,1743.81,1746.77,1741.88,1745.41,170.2308
1781784900000,2026-06-18 12:15:00,1745.42,1752.0,1744.33,1751.87,124.3561
1781785800000,2026-06-18 12:30:00,1751.89,1752.44,1748.11,1749.18,76.6148
1781786700000,2026-06-18 12:45:00,1749.19,1750.85,1746.96,1750.41,102.1837
1781787600000,2026-06-18 13:00:00,1750.41,1752.29,1748.34,1750.0,106.0014
1781788500000,2026-06-18 13:15:00,1749.81,1751.97,1748.73,1749.66,90.8322
1781789400000,2026-06-18 13:30:00,1749.65,1750.39,1713.52,1732.4,309.7478
1781790300000,2026-06-18 13:45:00,1732.39,1742.4,1730.52,1734.97,213.8921
1781791200000,2026-06-18 14:00:00,1734.97,1744.88,1731.08,1731.91,165.927
1781792100000,2026-06-18 14:15:00,1731.91,1744.56,1729.79,1734.53,231.9107
1781793000000,2026-06-18 14:30:00,1734.54,1743.64,1732.59,1739.06,205.3102
1781793900000,2026-06-18 14:45:00,1739.06,1742.47,1731.8,1740.64,132.7604
1781794800000,2026-06-18 15:00:00,1739.44,1739.44,1732.6,1733.01,154.2431
1781795700000,2026-06-18 15:15:00,1733.02,1734.51,1719.47,1719.96,210.429
1781796600000,2026-06-18 15:30:00,1719.96,1725.67,1698.42,1700.44,361.1251
1781797500000,2026-06-18 15:45:00,1700.41,1700.41,1652.5,1683.0,411.5683
1781798400000,2026-06-18 16:00:00,1683.01,1691.93,1680.79,1689.63,271.9663
1781799300000,2026-06-18 16:15:00,1689.62,1702.0,1684.47,1686.78,250.2527
1781800200000,2026-06-18 16:30:00,1686.77,1688.57,1683.12,1686.76,231.2303
1781801100000,2026-06-18 16:45:00,1686.75,1688.91,1684.01,1686.49,157.3872
1781802000000,2026-06-18 17:00:00,1687.36,1687.62,1681.62,1683.01,170.0918
1781802900000,2026-06-18 17:15:00,1683.72,1686.36,1673.22,1680.34,258.8702
1781803800000,2026-06-18 17:30:00,1681.18,1686.26,1679.99,1682.05,231.8154
1781804700000,2026-06-18 17:45:00,1682.05,1685.75,1677.1,1679.7,140.6034
1781805600000,2026-06-18 18:00:00,1679.77,1681.59,1677.24,1680.12,241.3507
1781806500000,2026-06-18 18:15:00,1680.11,1689.04,1676.76,1686.88,131.8274
1781807400000,2026-06-18 18:30:00,1686.79,1687.01,1681.41,1685.24,135.2617
1781808300000,2026-06-18 18:45:00,1685.25,1688.53,1683.17,1685.48,136.4065
1781809200000,2026-06-18 19:00:00,1685.46,1686.94,1682.78,1686.23,171.2254
1781810100000,2026-06-18 19:15:00,1686.4,1692.27,1685.79,1691.01,174.5201
1781811000000,2026-06-18 19:30:00,1692.05,1702.92,1690.88,1702.92,174.3834
1781811900000,2026-06-18 19:45:00,1703.25,1707.43,1701.59,1704.93,271.1028
1781812800000,2026-06-18 20:00:00,1704.93,1714.45,1704.93,1712.33,208.9338
1781813700000,2026-06-18 20:15:00,1711.71,1716.94,1708.43,1713.36,133.0129
1781814600000,2026-06-18 20:30:00,1713.37,1714.9,1711.95,1713.19,141.6653
1781815500000,2026-06-18 20:45:00,1713.18,1713.34,1710.2,1710.2,86.1858
1781816400000,2026-06-18 21:00:00,1710.46,1711.89,1703.69,1704.53,139.689
1781817300000,2026-06-18 21:15:00,1704.28,1706.49,1702.34,1705.78,169.0527
1781818200000,2026-06-18 21:30:00,1705.78,1709.75,1705.33,1705.94,122.3899
1781819100000,2026-06-18 21:45:00,1705.94,1709.64,1705.4,1708.4,68.3159
1781820000000,2026-06-18 22:00:00,1707.52,1708.25,1705.65,1706.89,62.6543
1781820900000,2026-06-18 22:15:00,1706.98,1707.23,1701.99,1703.17,67.5707
1781821800000,2026-06-18 22:30:00,1703.34,1704.78,1700.19,1704.78,36.7558
1781822700000,2026-06-18 22:45:00,1704.78,1708.0,1703.58,1706.81,8.3604
1781823600000,2026-06-18 23:00:00,1706.82,1708.01,1702.96,1702.96,19.5199
1781824500000,2026-06-18 23:15:00,1702.96,1709.17,1702.96,1708.9,9.8486
1781825400000,2026-06-18 23:30:00,1709.34,1711.08,1709.07,1709.3,17.3935
1781826300000,2026-06-18 23:45:00,1709.31,1710.81,1708.63,1710.8,10.6514
1781827200000,2026-06-19 00:00:00,1710.8,1721.15,1657.47,1709.92,58.7749
1781828100000,2026-06-19 00:15:00,1710.49,1714.63,1709.61,1712.0,130.9308
1781829000000,2026-06-19 00:30:00,1712.01,1715.81,1712.01,1715.66,134.6171
1781829900000,2026-06-19 00:45:00,1715.67,1716.3,1712.66,1713.38,67.7803
1781830800000,2026-06-19 01:00:00,1713.94,1719.42,1710.4,1711.16,157.41
1781831700000,2026-06-19 01:15:00,1711.15,1716.55,1709.35,1709.35,111.5423
1781832600000,2026-06-19 01:30:00,1709.2,1710.22,1706.42,1710.17,92.2637
1781833500000,2026-06-19 01:45:00,1709.94,1713.61,1709.83,1713.49,73.9832
1781834400000,2026-06-19 02:00:00,1713.5,1715.22,1710.55,1710.55,108.2493
1781835300000,2026-06-19 02:15:00,1710.56,1712.01,1704.35,1704.35,108.3885
1781836200000,2026-06-19 02:30:00,1704.35,1705.88,1702.63,1704.32,114.2865
1781837100000,2026-06-19 02:45:00,1703.85,1708.09,1701.47,1707.15,104.2647
1781838000000,2026-06-19 03:00:00,1707.15,1708.0,1695.22,1695.22,101.6112
1781838900000,2026-06-19 03:15:00,1695.22,1701.34,1682.85,1699.97,327.346
1781839800000,2026-06-19 03:30:00,1699.98,1699.98,1692.98,1696.53,161.8688
1781840700000,2026-06-19 03:45:00,1696.3,1699.09,1695.05,1697.69,199.0993
1781841600000,2026-06-19 04:00:00,1697.69,1700.72,1690.81,1699.84,187.1765
1781842500000,2026-06-19 04:15:00,1699.84,1702.96,1694.61,1694.91,134.3842
1781843400000,2026-06-19 04:30:00,1694.9,1694.9,1688.47,1692.14,181.1869
1781844300000,2026-06-19 04:45:00,1692.15,1693.63,1687.05,1689.25,111.6868
1781845200000,2026-06-19 05:00:00,1689.25,1697.34,1689.25,1697.25,146.6959
1781846100000,2026-06-19 05:15:00,1697.25,1697.25,1692.1,1693.91,90.555
1781847000000,2026-06-19 05:30:00,1693.91,1695.81,1692.23,1695.68,192.1767
1781847900000,2026-06-19 05:45:00,1695.68,1697.75,1694.94,1697.52,101.6894
1781848800000,2026-06-19 06:00:00,1697.51,1700.13,1696.19,1699.84,164.4628
1781849700000,2026-06-19 06:15:00,1699.84,1701.89,1697.86,1701.58,139.0108
1781850600000,2026-06-19 06:30:00,1701.59,1703.4,1696.66,1700.73,152.1784
1781851500000,2026-06-19 06:45:00,1700.6,1701.47,1696.72,1700.63,129.1757
1781852400000,2026-06-19 07:00:00,1700.63,1700.98,1696.12,1696.12,98.2723
1781853300000,2026-06-19 07:15:00,1696.13,1698.28,1694.02,1695.67,83.9158
1781854200000,2026-06-19 07:30:00,1695.67,1699.18,1690.42,1692.55,177.2319
1781855100000,2026-06-19 07:45:00,1692.37,1697.55,1691.95,1695.86,106.6816
1781856000000,2026-06-19 08:00:00,1695.92,1697.19,1694.06,1696.5,142.2545
1781856900000,2026-06-19 08:15:00,1696.66,1699.11,1695.43,1696.08,96.6597
1781857800000,2026-06-19 08:30:00,1696.58,1699.11,1694.04,1695.86,95.0929
1781858700000,2026-06-19 08:45:00,1696.05,1698.31,1695.9,1697.11,47.6642
1781859600000,2026-06-19 09:00:00,1697.11,1699.31,1690.52,1692.05,128.9331
1781860500000,2026-06-19 09:15:00,1692.12,1694.28,1690.0,1691.78,117.5309
1781861400000,2026-06-19 09:30:00,1691.89,1694.91,1691.89,1693.34,105.2268
1781862300000,2026-06-19 09:45:00,1692.88,1692.88,1689.02,1689.2,146.1775
1781863200000,2026-06-19 10:00:00,1689.21,1693.35,1688.82,1691.13,110.4326
1781864100000,2026-06-19 10:15:00,1691.62,1691.62,1687.43,1690.3,137.5675
1781865000000,2026-06-19 10:30:00,1690.08,1690.09,1687.36,1688.33,122.9687
1781865900000,2026-06-19 10:45:00,1688.4,1694.67,1688.39,1692.67,119.9954
1781866800000,2026-06-19 11:00:00,1692.61,1693.56,1689.15,1690.0,117.3548
1781867700000,2026-06-19 11:15:00,1690.0,1694.24,1688.84,1693.09,77.361
1781868600000,2026-06-19 11:30:00,1693.1,1693.71,1692.16,1693.38,57.7839
1781869500000,2026-06-19 11:45:00,1693.5,1694.0,1691.3,1691.58,46.4684
1781870400000,2026-06-19 12:00:00,1691.59,1694.24,1690.58,1690.58,126.0875
1781871300000,2026-06-19 12:15:00,1690.58,1690.58,1687.67,1689.49,116.2564
1781872200000,2026-06-19 12:30:00,1689.33,1690.4,1683.67,1686.9,227.4164
1781873100000,2026-06-19 12:45:00,1686.89,1695.75,1679.4,1695.74,276.656
1781874000000,2026-06-19 13:00:00,1695.87,1699.11,1692.63,1693.84,245.8998
1781874900000,2026-06-19 13:15:00,1693.84,1694.43,1688.26,1691.39,238.3594
1781875800000,2026-06-19 13:30:00,1691.39,1702.26,1690.49,1701.33,296.6852
1781876700000,2026-06-19 13:45:00,1701.33,1708.92,1701.2,1703.47,241.3008
1781877600000,2026-06-19 14:00:00,1703.47,1705.62,1697.56,1698.62,240.8761
1781878500000,2026-06-19 14:15:00,1698.61,1704.87,1696.63,1704.07,188.2857
1781879400000,2026-06-19 14:30:00,1704.08,1707.53,1701.81,1704.87,122.1908
1781880300000,2026-06-19 14:45:00,1704.87,1709.88,1704.87,1706.74,228.1745
1781881200000,2026-06-19 15:00:00,1706.98,1707.52,1704.01,1706.04,126.4789
1781882100000,2026-06-19 15:15:00,1706.06,1707.31,1698.79,1699.55,138.8229
1781883000000,2026-06-19 15:30:00,1699.56,1711.85,1699.55,1708.95,158.2461
1781883900000,2026-06-19 15:45:00,1708.94,1709.58,1706.71,1707.66,156.9599
1781884800000,2026-06-19 16:00:00,1707.53,1711.53,1705.0,1711.53,145.7896
1781885700000,2026-06-19 16:15:00,1711.58,1711.59,1707.4,1708.06,148.0399
1781886600000,2026-06-19 16:30:00,1708.05,1708.05,1704.49,1705.45,134.9485
1781887500000,2026-06-19 16:45:00,1705.45,1705.45,1695.71,1696.16,153.7993
1781888400000,2026-06-19 17:00:00,1696.15,1697.9,1694.85,1696.83,147.7197
1781889300000,2026-06-19 17:15:00,1697.27,1701.96,1694.49,1696.48,137.1076
1781890200000,2026-06-19 17:30:00,1696.63,1702.43,1696.63,1702.05,124.2918
1781891100000,2026-06-19 17:45:00,1702.06,1706.2,1700.43,1705.18,154.4911
1781892000000,2026-06-19 18:00:00,1705.18,1705.43,1702.68,1705.05,63.1329
1781892900000,2026-06-19 18:15:00,1705.06,1705.36,1703.1,1703.23,90.5053
1781893800000,2026-06-19 18:30:00,1703.23,1704.19,1698.79,1701.15,131.3991
1781894700000,2026-06-19 18:45:00,1701.15,1702.92,1701.07,1702.69,96.6476
1781895600000,2026-06-19 19:00:00,1702.69,1704.5,1699.68,1701.99,132.6268
1781896500000,2026-06-19 19:15:00,1702.22,1702.48,1698.15,1700.06,195.3841
1781897400000,2026-06-19 19:30:00,1700.07,1701.36,1698.67,1700.66,153.7816
1781898300000,2026-06-19 19:45:00,1700.62,1704.34,1700.18,1701.12,119.9704
1781899200000,2026-06-19 20:00:00,1701.11,1704.64,1701.11,1703.16,84.0581
1781900100000,2026-06-19 20:15:00,1703.15,1703.16,1698.89,1702.75,69.4364
1781901000000,2026-06-19 20:30:00,1702.74,1704.29,1701.35,1702.71,66.8403
1781901900000,2026-06-19 20:45:00,1702.72,1708.97,1702.71,1708.96,151.0659
1781902800000,2026-06-19 21:00:00,1708.49,1708.59,1705.52,1708.59,66.802
1781903700000,2026-06-19 21:15:00,1708.58,1708.58,1704.64,1704.79,69.5488
1781904600000,2026-06-19 21:30:00,1704.79,1705.61,1702.7,1702.7,49.9074
1781905500000,2026-06-19 21:45:00,1702.69,1704.19,1701.66,1702.03,75.5494
1781906400000,2026-06-19 22:00:00,1702.03,1703.31,1700.45,1702.89,86.8072
1781907300000,2026-06-19 22:15:00,1703.0,1709.74,1702.8,1708.39,174.511
1781908200000,2026-06-19 22:30:00,1708.39,1708.81,1706.12,1708.05,92.5509
1781909100000,2026-06-19 22:45:00,1708.05,1709.3,1706.93,1707.55,101.5795
1781910000000,2026-06-19 23:00:00,1707.55,1708.11,1705.09,1705.64,97.7307
1781910900000,2026-06-19 23:15:00,1705.64,1712.62,1703.07,1707.96,388.7708
1781911800000,2026-06-19 23:30:00,1707.94,1708.68,1707.13,1707.81,35.1544
1781912700000,2026-06-19 23:45:00,1707.81,1715.32,1706.64,1711.3,81.2948
1781913600000,2026-06-20 00:00:00,1711.3,1712.71,1708.41,1709.79,108.4348
1781914500000,2026-06-20 00:15:00,1709.78,1712.22,1708.47,1711.83,106.0393
1781915400000,2026-06-20 00:30:00,1711.83,1716.83,1709.52,1710.87,213.2951
1781916300000,2026-06-20 00:45:00,1710.49,1711.19,1708.75,1708.8,96.2675
1781917200000,2026-06-20 01:00:00,1708.79,1709.35,1706.72,1708.24,44.6795
1781918100000,2026-06-20 01:15:00,1708.24,1710.34,1706.89,1709.22,61.697
1781919000000,2026-06-20 01:30:00,1709.23,1713.05,1708.78,1708.98,127.2564
1781919900000,2026-06-20 01:45:00,1708.98,1710.41,1708.51,1709.85,41.81
1781920800000,2026-06-20 02:00:00,1709.85,1710.09,1707.11,1707.3,101.0927
1781921700000,2026-06-20 02:15:00,1707.3,1707.31,1704.16,1704.16,59.6374
1781922600000,2026-06-20 02:30:00,1704.21,1708.2,1704.21,1705.38,88.2003
1781923500000,2026-06-20 02:45:00,1705.95,1707.56,1704.97,1705.04,30.0085
1781924400000,2026-06-20 03:00:00,1705.04,1707.0,1704.78,1707.0,69.664
1781925300000,2026-06-20 03:15:00,1706.7,1708.49,1706.69,1707.69,48.7062
1781926200000,2026-06-20 03:30:00,1707.96,1709.2,1706.34,1708.18,49.718
1781927100000,2026-06-20 03:45:00,1708.17,1708.66,1707.2,1708.18,24.447
1781928000000,2026-06-20 04:00:00,1708.17,1709.2,1706.51,1707.51,60.1251
1781928900000,2026-06-20 04:15:00,1707.56,1713.0,1707.56,1712.93,49.5886
1781929800000,2026-06-20 04:30:00,1712.92,1715.47,1711.11,1714.79,119.4617
1781930700000,2026-06-20 04:45:00,1714.93,1714.94,1712.74,1713.51,71.1951
1781931600000,2026-06-20 05:00:00,1713.52,1731.31,1712.54,1729.24,282.4523
1781932500000,2026-06-20 05:15:00,1729.23,1729.96,1721.76,1722.33,221.6128
1781933400000,2026-06-20 05:30:00,1722.33,1727.47,1722.32,1723.39,226.3607
1781934300000,2026-06-20 05:45:00,1723.53,1726.7,1722.03,1726.1,192.6926
1781935200000,2026-06-20 06:00:00,1726.11,1727.13,1723.99,1725.57,184.9443
1781936100000,2026-06-20 06:15:00,1726.0,1729.85,1724.89,1727.84,166.1153
1781937000000,2026-06-20 06:30:00,1727.84,1728.03,1724.78,1726.71,112.0297
1781937900000,2026-06-20 06:45:00,1726.72,1728.5,1725.68,1727.83,209.0647
1781938800000,2026-06-20 07:00:00,1727.82,1727.83,1723.15,1725.1,153.0637
1781939700000,2026-06-20 07:15:00,1725.19,1728.2,1724.81,1727.55,109.4306
1781940600000,2026-06-20 07:30:00,1727.56,1729.57,1727.17,1727.66,126.5048
1781941500000,2026-06-20 07:45:00,1727.79,1728.16,1725.37,1725.82,86.6796
1781942400000,2026-06-20 08:00:00,1725.82,1726.72,1723.04,1725.13,162.2891
1781943300000,2026-06-20 08:15:00,1725.13,1726.52,1723.87,1724.21,122.945
1781944200000,2026-06-20 08:30:00,1724.14,1724.16,1722.29,1723.17,134.5522
1781945100000,2026-06-20 08:45:00,1723.18,1723.92,1721.42,1722.82,76.0549
1781946000000,2026-06-20 09:00:00,1722.82,1727.05,1722.82,1725.75,165.8579
1781946900000,2026-06-20 09:15:00,1725.75,1726.14,1723.51,1723.85,133.1371
1781947800000,2026-06-20 09:30:00,1723.86,1729.87,1723.71,1728.78,143.7982
1781948700000,2026-06-20 09:45:00,1728.79,1729.99,1727.69,1728.8,137.5482
1781949600000,2026-06-20 10:00:00,1728.55,1728.69,1726.52,1727.56,125.6765
1781950500000,2026-06-20 10:15:00,1727.57,1729.53,1726.99,1728.1,107.1028
1781951400000,2026-06-20 10:30:00,1728.1,1728.24,1725.26,1726.09,143.7462
1781952300000,2026-06-20 10:45:00,1726.16,1728.2,1726.16,1727.62,105.3576
1781953200000,2026-06-20 11:00:00,1727.63,1728.93,1725.84,1726.76,81.4633
1781954100000,2026-06-20 11:15:00,1726.76,1728.22,1726.31,1727.02,97.8538
1781955000000,2026-06-20 11:30:00,1726.84,1728.3,1726.12,1728.09,81.6284
1781955900000,2026-06-20 11:45:00,1727.92,1730.89,1726.89,1727.18,141.0522
1781956800000,2026-06-20 12:00:00,1727.17,1730.35,1726.92,1729.7,160.1826
1781957700000,2026-06-20 12:15:00,1729.76,1729.87,1727.49,1729.07,123.2783
1781958600000,2026-06-20 12:30:00,1729.07,1729.08,1724.51,1725.49,144.4882
1781959500000,2026-06-20 12:45:00,1725.5,1726.9,1723.61,1726.87,101.1175
1781960400000,2026-06-20 13:00:00,1726.6,1727.21,1724.21,1724.21,65.7355
1781961300000,2026-06-20 13:15:00,1724.21,1725.91,1713.01,1714.76,308.5869
1781962200000,2026-06-20 13:30:00,1714.77,1719.31,1714.74,1718.27,183.7557
1781963100000,2026-06-20 13:45:00,1718.38,1719.51,1716.38,1718.65,177.4564
1781964000000,2026-06-20 14:00:00,1718.65,1718.66,1708.36,1708.37,316.4179
1781964900000,2026-06-20 14:15:00,1708.41,1713.26,1708.41,1713.21,128.3314
1781965800000,2026-06-20 14:30:00,1713.22,1718.01,1712.17,1718.0,149.664
1781966700000,2026-06-20 14:45:00,1719.35,1743.66,1703.24,1733.73,349.8555
1781967600000,2026-06-20 15:00:00,1733.73,1737.59,1730.0,1735.64,278.3161
1781968500000,2026-06-20 15:15:00,1735.65,1749.99,1720.0,1742.56,293.4071
1781969400000,2026-06-20 15:30:00,1742.57,1743.45,1738.53,1739.32,231.2993
1781970300000,2026-06-20 15:45:00,1739.31,1741.18,1737.82,1739.79,90.2187
1781971200000,2026-06-20 16:00:00,1739.78,1740.46,1735.21,1735.79,99.235
1781972100000,2026-06-20 16:15:00,1735.79,1738.5,1732.98,1733.72,150.8853
1781973000000,2026-06-20 16:30:00,1733.71,1734.4,1731.02,1732.32,81.9304
1781973900000,2026-06-20 16:45:00,1732.31,1734.53,1732.0,1733.8,63.0779
1781974800000,2026-06-20 17:00:00,1733.81,1733.81,1729.5,1730.64,75.5401
1781975700000,2026-06-20 17:15:00,1730.78,1730.79,1726.88,1728.67,138.479
1781976600000,2026-06-20 17:30:00,1728.66,1731.03,1721.08,1725.86,216.5576
1781977500000,2026-06-20 17:45:00,1726.29,1728.18,1725.66,1726.99,111.1601
1781978400000,2026-06-20 18:00:00,1726.96,1731.43,1726.84,1727.63,106.5114
1781979300000,2026-06-20 18:15:00,1727.94,1729.92,1727.81,1729.7,64.1581
1781980200000,2026-06-20 18:30:00,1729.71,1730.5,1726.73,1727.55,82.2311
1781981100000,2026-06-20 18:45:00,1727.7,1728.38,1726.1,1726.9,100.3844
1781982000000,2026-06-20 19:00:00,1726.91,1728.29,1725.24,1727.54,188.2607
1781982900000,2026-06-20 19:15:00,1727.86,1728.36,1725.58,1726.66,143.3396
1781983800000,2026-06-20 19:30:00,1726.8,1730.18,1726.43,1729.35,77.7696
1781984700000,2026-06-20 19:45:00,1729.76,1730.05,1728.66,1729.34,82.3047
1781985600000,2026-06-20 20:00:00,1729.33,1730.93,1728.74,1730.01,93.6026
1781986500000,2026-06-20 20:15:00,1730.01,1730.97,1728.51,1728.82,69.713
1781987400000,2026-06-20 20:30:00,1728.82,1758.18,1726.53,1728.28,86.616
1781988300000,2026-06-20 20:45:00,1728.28,1731.34,1728.28,1730.75,43.2693
1781989200000,2026-06-20 21:00:00,1730.75,1737.11,1730.37,1735.3,118.974
1781990100000,2026-06-20 21:15:00,1735.31,1735.31,1732.29,1732.98,64.7725
1781991000000,2026-06-20 21:30:00,1732.98,1736.74,1732.4,1736.44,160.1441
1781991900000,2026-06-20 21:45:00,1736.35,1737.97,1733.93,1735.65,196.751
1781992800000,2026-06-20 22:00:00,1735.66,1740.11,1732.98,1738.52,292.1767
1781993700000,2026-06-20 22:15:00,1738.51,1744.1,1736.57,1742.88,108.7861
1781994600000,2026-06-20 22:30:00,1742.89,1745.0,1742.31,1742.65,378.1974
1781995500000,2026-06-20 22:45:00,1742.86,1745.09,1741.28,1744.28,91.8292
1781996400000,2026-06-20 23:00:00,1743.8,1743.8,1741.78,1741.86,45.7395
1781997300000,2026-06-20 23:15:00,1741.71,1743.76,1740.94,1740.95,64.5662
1781998200000,2026-06-20 23:30:00,1740.99,1742.73,1740.67,1742.25,74.7242
1781999100000,2026-06-20 23:45:00,1742.24,1742.25,1740.72,1741.17,19.444
1782000000000,2026-06-21 00:00:00,1741.19,1741.19,1737.26,1738.4,56.8968
1782000900000,2026-06-21 00:15:00,1738.6,1739.19,1736.2,1737.67,74.6673
1782001800000,2026-06-21 00:30:00,1737.67,1739.34,1736.82,1738.26,187.105
1782002700000,2026-06-21 00:45:00,1738.26,1739.02,1736.77,1737.57,112.6023
1782003600000,2026-06-21 01:00:00,1737.57,1738.21,1735.61,1735.61,63.7308
1782004500000,2026-06-21 01:15:00,1735.4,1736.19,1734.51,1735.18,25.6358
1782005400000,2026-06-21 01:30:00,1735.17,1737.99,1734.71,1736.96,62.4105
1782006300000,2026-06-21 01:45:00,1737.38,1740.0,1737.0,1737.19,51.3131
1782007200000,2026-06-21 02:00:00,1737.18,1738.0,1735.91,1737.31,38.5529
1782008100000,2026-06-21 02:15:00,1737.31,1737.76,1736.21,1736.75,37.2846
1782009000000,2026-06-21 02:30:00,1736.76,1737.54,1735.86,1736.7,68.0493
1782009900000,2026-06-21 02:45:00,1736.71,1737.82,1735.88,1735.89,26.7951
1782010800000,2026-06-21 03:00:00,1735.88,1736.31,1734.0,1735.8,47.9082
1782011700000,2026-06-21 03:15:00,1736.37,1740.61,1735.1,1736.78,77.3867
1782012600000,2026-06-21 03:30:00,1736.77,1739.71,1736.01,1739.0,34.3194
1782013500000,2026-06-21 03:45:00,1739.26,1739.59,1738.06,1738.08,19.8901
1782014400000,2026-06-21 04:00:00,1737.99,1738.04,1735.32,1736.06,21.2477
1782015300000,2026-06-21 04:15:00,1736.26,1740.21,1736.26,1739.16,16.3185
1782016200000,2026-06-21 04:30:00,1738.8,1740.8,1737.47,1737.82,34.1664
1782017100000,2026-06-21 04:45:00,1737.76,1737.77,1731.79,1732.85,57.0969
1782018000000,2026-06-21 05:00:00,1732.84,1733.76,1731.6,1731.87,116.6027
1782018900000,2026-06-21 05:15:00,1732.15,1735.31,1731.01,1735.25,68.7935
1782019800000,2026-06-21 05:30:00,1735.08,1736.2,1733.66,1734.18,50.6269
1782020700000,2026-06-21 05:45:00,1734.17,1734.17,1732.16,1733.21,42.4136
1782021600000,2026-06-21 06:00:00,1733.47,1735.42,1732.63,1735.42,137.9297
1782022500000,2026-06-21 06:15:00,1734.7,1736.62,1734.39,1736.36,39.4856
1782023400000,2026-06-21 06:30:00,1736.36,1738.65,1735.21,1737.6,49.4934
1782024300000,2026-06-21 06:45:00,1737.3,1737.31,1736.0,1736.01,41.0906
1782025200000,2026-06-21 07:00:00,1736.01,1736.44,1734.37,1735.34,50.0895
1782026100000,2026-06-21 07:15:00,1735.34,1735.78,1733.12,1733.3,44.4279
1782027000000,2026-06-21 07:30:00,1733.0,1734.26,1733.0,1733.72,84.107
1782027900000,2026-06-21 07:45:00,1734.16,1734.37,1731.79,1732.37,81.9313
1782028800000,2026-06-21 08:00:00,1732.36,1732.99,1729.8,1730.92,111.4167
1782029700000,2026-06-21 08:15:00,1731.03,1731.06,1729.23,1729.51,47.9489
1782030600000,2026-06-21 08:30:00,1729.41,1730.17,1724.54,1728.45,97.9795
1782031500000,2026-06-21 08:45:00,1728.55,1728.99,1726.77,1728.99,100.9798
1782032400000,2026-06-21 09:00:00,1728.99,1730.07,1727.52,1727.61,126.9479
1782033300000,2026-06-21 09:15:00,1727.37,1730.78,1725.89,1728.79,124.1895
1782034200000,2026-06-21 09:30:00,1728.87,1738.22,1728.87,1731.37,60.6121
1782035100000,2026-06-21 09:45:00,1731.38,1733.36,1731.37,1732.77,77.5715
1782036000000,2026-06-21 10:00:00,1732.78,1735.18,1731.69,1734.39,63.6751
1782036900000,2026-06-21 10:15:00,1734.22,1738.22,1733.42,1734.66,50.6214
1782037800000,2026-06-21 10:30:00,1734.52,1734.53,1732.54,1732.54,59.7751
1782038700000,2026-06-21 10:45:00,1732.53,1733.95,1731.03,1731.2,72.8597
1782039600000,2026-06-21 11:00:00,1731.2,1734.6,1729.84,1732.54,86.5195
1782040500000,2026-06-21 11:15:00,1732.36,1732.37,1721.46,1727.88,109.5834
1782041400000,2026-06-21 11:30:00,1727.89,1728.24,1724.2,1726.64,71.8061
1782042300000,2026-06-21 11:45:00,1726.65,1728.25,1723.59,1724.91,109.1943
1782043200000,2026-06-21 12:00:00,1725.24,1726.4,1722.03,1722.15,100.947
1782044100000,2026-06-21 12:15:00,1721.8,1721.8,1717.58,1718.94,156.007
1782045000000,2026-06-21 12:30:00,1718.95,1721.79,1717.66,1720.74,115.3429
1782045900000,2026-06-21 12:45:00,1721.09,1732.7,1720.59,1726.0,77.83
1782046800000,2026-06-21 13:00:00,1726.0,1727.88,1724.13,1726.01,65.2081
1782047700000,2026-06-21 13:15:00,1726.05,1727.69,1724.77,1726.07,46.6693
1782048600000,2026-06-21 13:30:00,1726.08,1726.71,1722.2,1722.8,81.2423
1782049500000,2026-06-21 13:45:00,1722.7,1724.97,1722.7,1724.97,82.1852
1782050400000,2026-06-21 14:00:00,1725.16,1725.99,1722.63,1723.53,56.5765
1782051300000,2026-06-21 14:15:00,1723.53,1724.59,1722.0,1722.4,108.5111
1782052200000,2026-06-21 14:30:00,1722.39,1726.22,1722.25,1725.36,37.4995
1782053100000,2026-06-21 14:45:00,1725.35,1728.45,1723.92,1728.45,54.2777
1782054000000,2026-06-21 15:00:00,1728.45,1732.14,1727.19,1729.35,95.2388
1782054900000,2026-06-21 15:15:00,1729.0,1732.11,1729.0,1731.63,45.2808
1782055800000,2026-06-21 15:30:00,1731.63,1731.71,1729.69,1730.98,56.9986
1782056700000,2026-06-21 15:45:00,1730.98,1731.17,1730.37,1730.72,18.036
1782057600000,2026-06-21 16:00:00,1730.71,1730.72,1726.22,1727.33,83.8439
1782058500000,2026-06-21 16:15:00,1727.33,1760.09,1726.36,1726.68,126.7904
1782059400000,2026-06-21 16:30:00,1726.67,1726.86,1722.64,1725.28,188.688
1782060300000,2026-06-21 16:45:00,1725.88,1729.48,1725.47,1727.99,116.9521
1782061200000,2026-06-21 17:00:00,1728.0,1731.37,1727.77,1730.25,137.1525
1782062100000,2026-06-21 17:15:00,1730.25,1730.25,1726.7,1726.87,184.9259
1782063000000,2026-06-21 17:30:00,1726.79,1727.48,1725.97,1727.07,52.9268
1782063900000,2026-06-21 17:45:00,1727.07,1729.18,1727.07,1727.36,29.6658
1782064800000,2026-06-21 18:00:00,1727.36,1727.49,1722.18,1723.59,79.9186
1782065700000,2026-06-21 18:15:00,1723.59,1726.08,1723.56,1725.82,58.9327
1782066600000,2026-06-21 18:30:00,1725.82,1737.93,1725.69,1734.39,143.813
1782067500000,2026-06-21 18:45:00,1734.39,1737.59,1732.95,1734.7,101.9259
1782068400000,2026-06-21 19:00:00,1734.7,1739.28,1734.67,1736.7,107.2769
1782069300000,2026-06-21 19:15:00,1736.73,1736.74,1733.63,1734.28,70.3329
1782070200000,2026-06-21 19:30:00,1734.28,1735.49,1733.76,1735.06,71.7433
1782071100000,2026-06-21 19:45:00,1735.32,1736.11,1733.91,1734.14,70.6963
1782072000000,2026-06-21 20:00:00,1734.13,1735.07,1731.4,1731.69,46.2543
1782072900000,2026-06-21 20:15:00,1731.68,1732.46,1729.28,1730.68,65.3155
1782073800000,2026-06-21 20:30:00,1730.69,1731.11,1726.49,1727.89,86.3189
1782074700000,2026-06-21 20:45:00,1727.88,1727.96,1717.6,1721.08,153.4548
1782075600000,2026-06-21 21:00:00,1720.93,1722.38,1703.53,1710.06,182.1951
1782076500000,2026-06-21 21:15:00,1710.07,1717.39,1703.52,1714.93,109.1261
1782077400000,2026-06-21 21:30:00,1714.93,1724.18,1714.93,1720.86,106.4004
1782078300000,2026-06-21 21:45:00,1720.22,1721.55,1718.1,1718.75,141.8545
1782079200000,2026-06-21 22:00:00,1718.76,1740.0,1708.03,1715.82,192.9248
1782080100000,2026-06-21 22:15:00,1715.82,1719.36,1714.45,1714.45,99.7193
1782081000000,2026-06-21 22:30:00,1714.44,1716.58,1709.23,1714.99,94.418
1782081900000,2026-06-21 22:45:00,1714.79,1719.72,1714.53,1717.64,63.1046
1782082800000,2026-06-21 23:00:00,1717.65,1717.65,1710.0,1711.74,83.4137
1782083700000,2026-06-21 23:15:00,1711.73,1716.37,1710.78,1713.25,69.4305
1782084600000,2026-06-21 23:30:00,1713.55,1714.16,1704.8,1705.76,129.7011
1782085500000,2026-06-21 23:45:00,1705.77,1709.34,1705.17,1707.64,74.8263
1782086400000,2026-06-22 00:00:00,1707.17,1715.42,1707.17,1712.84,139.0021
1782087300000,2026-06-22 00:15:00,1712.49,1721.09,1712.49,1720.22,89.6165
1782088200000,2026-06-22 00:30:00,1720.23,1731.94,1719.52,1726.27,167.7835
1782089100000,2026-06-22 00:45:00,1726.27,1728.88,1720.92,1727.11,112.1101
1782090000000,2026-06-22 01:00:00,1726.72,1729.72,1724.56,1725.07,86.5467
1782090900000,2026-06-22 01:15:00,1725.27,1758.63,1725.27,1751.79,175.7904
1782091800000,2026-06-22 01:30:00,1751.79,1754.42,1742.18,1744.57,182.8249
1782092700000,2026-06-22 01:45:00,1744.77,1746.57,1743.39,1743.96,76.504
1782093600000,2026-06-22 02:00:00,1743.97,1744.42,1739.19,1741.77,95.6352
1782094500000,2026-06-22 02:15:00,1741.78,1745.0,1739.32,1741.81,86.6604
1782095400000,2026-06-22 02:30:00,1741.81,1745.0,1740.33,1742.98,88.3015
1782096300000,2026-06-22 02:45:00,1743.15,1743.15,1737.45,1737.8,97.5176
1782097200000,2026-06-22 03:00:00,1737.51,1737.51,1728.25,1731.74,120.8933
1782098100000,2026-06-22 03:15:00,1732.18,1739.94,1732.18,1736.33,119.2363
1782099000000,2026-06-22 03:30:00,1736.4,1740.28,1734.56,1734.58,76.6067
1782099900000,2026-06-22 03:45:00,1735.0,1735.11,1727.68,1730.26,62.7777
1782100800000,2026-06-22 04:00:00,1730.0,1733.64,1670.0,1732.23,92.2974
1782101700000,2026-06-22 04:15:00,1732.18,1734.68,1730.87,1734.51,83.592
1782102600000,2026-06-22 04:30:00,1734.52,1735.29,1731.12,1732.18,61.9919
1782103500000,2026-06-22 04:45:00,1731.95,1735.68,1731.95,1735.52,37.33
1782104400000,2026-06-22 05:00:00,1735.31,1738.07,1734.2,1737.39,65.3
1782105300000,2026-06-22 05:15:00,1737.25,1739.42,1735.96,1738.39,52.1067
1782106200000,2026-06-22 05:30:00,1737.77,1739.36,1736.2,1737.6,72.9629
1782107100000,2026-06-22 05:45:00,1737.41,1737.98,1735.88,1736.66,20.2865
1782108000000,2026-06-22 06:00:00,1736.84,1739.88,1734.18,1738.03,52.6349
1782108900000,2026-06-22 06:15:00,1738.02,1739.8,1735.69,1736.65,74.2842
1782109800000,2026-06-22 06:30:00,1736.52,1736.61,1733.42,1734.78,67.9582
1782110700000,2026-06-22 06:45:00,1734.79,1735.73,1733.22,1735.73,69.0596
1782111600000,2026-06-22 07:00:00,1735.07,1761.41,1734.76,1744.19,103.5622
1782112500000,2026-06-22 07:15:00,1744.2,1748.31,1744.19,1747.76,128.4474
1782113400000,2026-06-22 07:30:00,1748.11,1751.3,1747.64,1748.04,98.2316
1782114300000,2026-06-22 07:45:00,1748.02,1749.3,1745.57,1746.49,49.8172
1782115200000,2026-06-22 08:00:00,1746.35,1750.47,1743.69,1750.47,437.7303
1782116100000,2026-06-22 08:15:00,1750.48,1751.85,1746.38,1746.39,433.885
1782117000000,2026-06-22 08:30:00,1746.39,1749.47,1743.93,1749.47,296.5542
1782117900000,2026-06-22 08:45:00,1749.63,1750.8,1746.11,1747.99,62.0176
1782118800000,2026-06-22 09:00:00,1747.99,1750.34,1747.11,1748.72,61.0531
1782119700000,2026-06-22 09:15:00,1748.73,1749.75,1745.61,1746.22,50.7781
1782120600000,2026-06-22 09:30:00,1746.22,1748.95,1744.29,1747.02,82.24
1782121500000,2026-06-22 09:45:00,1746.97,1747.39,1745.73,1746.11,71.0486
1782122400000,2026-06-22 10:00:00,1746.24,1751.32,1745.23,1749.55,91.5263
1782123300000,2026-06-22 10:15:00,1749.56,1750.81,1747.12,1747.51,96.0624
1782124200000,2026-06-22 10:30:00,1747.52,1750.89,1747.03,1747.03,66.7365
1782125100000,2026-06-22 10:45:00,1747.29,1749.89,1747.28,1748.82,50.5802
1782126000000,2026-06-22 11:00:00,1748.82,1756.92,1747.48,1752.45,136.6526
1782126900000,2026-06-22 11:15:00,1751.97,1754.72,1748.97,1752.81,189.282
1782127800000,2026-06-22 11:30:00,1752.68,1764.15,1752.68,1763.9,197.3198
1782128700000,2026-06-22 11:45:00,1763.9,1774.4,1762.71,1767.84,172.8065
1782129600000,2026-06-22 12:00:00,1767.68,1769.4,1764.54,1766.35,177.9757
1782130500000,2026-06-22 12:15:00,1765.91,1769.51,1763.84,1766.87,77.1163
1782131400000,2026-06-22 12:30:00,1766.88,1766.88,1761.96,1763.97,123.462
1782132300000,2026-06-22 12:45:00,1763.98,1767.07,1762.06,1763.74,74.6688
1782133200000,2026-06-22 13:00:00,1764.0,1766.32,1763.08,1764.43,126.8514
1782134100000,2026-06-22 13:15:00,1764.34,1765.95,1762.31,1764.43,60.7421
1782135000000,2026-06-22 13:30:00,1764.43,1778.84,1762.4,1774.43,346.6239
1782135900000,2026-06-22 13:45:00,1774.44,1778.84,1772.19,1777.41,507.5988
1782136800000,2026-06-22 14:00:00,1777.41,1777.42,1766.84,1767.23,221.0633
1782137700000,2026-06-22 14:15:00,1767.22,1768.19,1755.25,1755.26,160.3629
1782138600000,2026-06-22 14:30:00,1755.4,1758.89,1751.96,1754.26,162.8049
1782139500000,2026-06-22 14:45:00,1754.27,1758.36,1751.53,1754.61,168.9529
1782140400000,2026-06-22 15:00:00,1754.62,1757.74,1752.0,1755.69,92.8042
1782141300000,2026-06-22 15:15:00,1755.68,1756.49,1751.89,1753.23,93.9317
1782142200000,2026-06-22 15:30:00,1754.15,1755.95,1752.61,1754.59,86.0836
1782143100000,2026-06-22 15:45:00,1754.58,1754.75,1742.86,1744.75,169.0867
1782144000000,2026-06-22 16:00:00,1744.75,1744.75,1737.4,1742.07,157.9093
1782144900000,2026-06-22 16:15:00,1742.0,1744.88,1740.0,1741.94,113.7023
1782145800000,2026-06-22 16:30:00,1741.94,1741.94,1736.99,1738.14,129.7632
1782146700000,2026-06-22 16:45:00,1737.55,1741.33,1734.35,1740.71,176.2499
1782147600000,2026-06-22 17:00:00,1740.09,1742.97,1739.38,1741.44,116.4296
1782148500000,2026-06-22 17:15:00,1741.72,1742.13,1734.3,1734.31,127.9155
1782149400000,2026-06-22 17:30:00,1734.39,1736.13,1731.44,1734.84,150.986
1782150300000,2026-06-22 17:45:00,1734.43,1742.02,1734.43,1740.93,104.52
1782151200000,2026-06-22 18:00:00,1740.93,1746.54,1740.93,1745.67,255.0472
1782152100000,2026-06-22 18:15:00,1745.66,1747.71,1741.4,1741.49,235.969
1782153000000,2026-06-22 18:30:00,1741.72,1742.99,1739.72,1739.72,86.1402
1782153900000,2026-06-22 18:45:00,1740.25,1740.26,1729.67,1733.01,647.5905
1782154800000,2026-06-22 19:00:00,1733.16,1735.64,1730.04,1735.01,120.7085
1782155700000,2026-06-22 19:15:00,1735.0,1736.72,1729.69,1731.39,94.3264
1782156600000,2026-06-22 19:30:00,1731.38,1735.58,1730.96,1733.54,113.877
1782157500000,2026-06-22 19:45:00,1732.94,1747.53,1730.09,1734.78,112.694
1782158400000,2026-06-22 20:00:00,1735.16,1739.48,1734.53,1736.61,108.0371
1782159300000,2026-06-22 20:15:00,1736.6,1738.12,1732.04,1733.85,52.2446
1782160200000,2026-06-22 20:30:00,1733.8,1736.49,1733.79,1736.12,28.4602
1782161100000,2026-06-22 20:45:00,1736.11,1736.47,1731.26,1734.61,70.3684
1782162000000,2026-06-22 21:00:00,1734.61,1737.03,1734.22,1734.22,109.9727
1782162900000,2026-06-22 21:15:00,1734.23,1747.81,1438.0,1734.01,444.6687
1782163800000,2026-06-22 21:30:00,1734.01,1734.12,1727.81,1729.62,129.7406
1782164700000,2026-06-22 21:45:00,1729.62,1732.74,1729.0,1732.73,10.6773
1782165600000,2026-06-22 22:00:00,1732.74,1735.83,1732.03,1733.44,13.5167
1782166500000,2026-06-22 22:15:00,1733.28,1733.6,1718.45,1722.62,25.4703
1782167400000,2026-06-22 22:30:00,1722.61,1724.86,1717.85,1718.38,30.4191
1782168300000,2026-06-22 22:45:00,1718.37,1724.81,1718.37,1724.13,11.3435
1782169200000,2026-06-22 23:00:00,1724.16,1726.18,1723.68,1723.68,35.0909
1782170100000,2026-06-22 23:15:00,1723.51,1727.39,1721.38,1726.77,7.1567
1782171000000,2026-06-22 23:30:00,1726.77,1730.07,1724.84,1727.07,46.2076
1782171900000,2026-06-22 23:45:00,1727.07,1729.37,1725.9,1728.36,29.5132
1782172800000,2026-06-23 00:00:00,1728.37,1728.39,1724.32,1724.57,150.5847
1782173700000,2026-06-23 00:15:00,1724.57,1726.91,1720.4,1721.84,98.1162
1782174600000,2026-06-23 00:30:00,1721.8,1729.42,1721.8,1729.42,57.3477
1782175500000,2026-06-23 00:45:00,1729.41,1731.07,1727.08,1731.07,61.7138
1782176400000,2026-06-23 01:00:00,1731.27,1735.8,1731.26,1732.45,141.6778
1782177300000,2026-06-23 01:15:00,1732.45,1735.03,1731.52,1733.22,66.6673
1782178200000,2026-06-23 01:30:00,1733.48,1734.7,1727.69,1727.92,131.0952
1782179100000,2026-06-23 01:45:00,1727.91,1731.1,1721.44,1731.04,143.8046
1782180000000,2026-06-23 02:00:00,1730.46,1731.9,1726.47,1729.27,137.982
1782180900000,2026-06-23 02:15:00,1729.28,1732.97,1729.28,1730.98,66.8317
1782181800000,2026-06-23 02:30:00,1730.99,1733.12,1730.41,1732.81,53.0943
1782182700000,2026-06-23 02:45:00,1732.81,1734.97,1731.39,1732.79,60.2674
1782183600000,2026-06-23 03:00:00,1732.7,1733.11,1726.33,1728.45,106.729
1782184500000,2026-06-23 03:15:00,1728.77,1730.62,1727.62,1729.63,68.4906
1782185400000,2026-06-23 03:30:00,1729.66,1729.67,1726.7,1727.78,52.4699
1782186300000,2026-06-23 03:45:00,1727.78,1729.98,1727.56,1729.91,50.1113
1782187200000,2026-06-23 04:00:00,1729.91,1731.24,1728.51,1730.39,35.1914
1782188100000,2026-06-23 04:15:00,1730.39,1730.59,1725.38,1727.98,43.3049
1782189000000,2026-06-23 04:30:00,1727.96,1727.96,1723.01,1723.35,96.8866
1782189900000,2026-06-23 04:45:00,1723.35,1724.32,1718.65,1720.49,167.7251
1782190800000,2026-06-23 05:00:00,1720.49,1721.38,1717.79,1719.46,136.9043
1782191700000,2026-06-23 05:15:00,1719.47,1719.99,1710.73,1713.16,134.6805
1782192600000,2026-06-23 05:30:00,1713.16,1714.67,1710.9,1714.49,91.6784
1782193500000,2026-06-23 05:45:00,1714.49,1714.99,1712.17,1713.36,80.475
1782194400000,2026-06-23 06:00:00,1713.16,1713.7,1704.28,1706.97,116.3582
1782195300000,2026-06-23 06:15:00,1707.11,1708.42,1422.59,1687.53,153.3813
1782196200000,2026-06-23 06:30:00,1687.54,1692.58,1684.47,1690.52,155.8479
1782197100000,2026-06-23 06:45:00,1690.53,1693.05,1689.51,1692.31,302.1565
1782198000000,2026-06-23 07:00:00,1692.31,1694.68,1691.49,1694.25,170.4772
1782198900000,2026-06-23 07:15:00,1694.08,1699.34,1692.69,1693.6,153.8256
1782199800000,2026-06-23 07:30:00,1693.6,1693.6,1687.59,1687.59,114.9264
1782200700000,2026-06-23 07:45:00,1687.59,1689.91,1682.44,1682.45,170.4889
1782201600000,2026-06-23 08:00:00,1682.45,1684.56,1674.29,1674.7,148.9693
1782202500000,2026-06-23 08:15:00,1674.7,1674.7,1639.69,1643.45,311.933
1782203400000,2026-06-23 08:30:00,1643.45,1652.43,1643.39,1649.53,161.6236
1782204300000,2026-06-23 08:45:00,1649.52,1650.32,1646.38,1647.92,105.3942
1782205200000,2026-06-23 09:00:00,1648.08,1652.14,1648.07,1650.71,100.3965
1782206100000,2026-06-23 09:15:00,1650.71,1654.39,1650.57,1653.78,60.6122
1782207000000,2026-06-23 09:30:00,1653.77,1654.19,1648.57,1649.77,78.071
1782207900000,2026-06-23 09:45:00,1649.77,1652.11,1649.77,1650.97,93.5337
1782208800000,2026-06-23 10:00:00,1651.5,1658.91,1651.32,1656.3,122.7796
1782209700000,2026-06-23 10:15:00,1656.3,1656.3,1653.83,1654.23,301.4558
1782210600000,2026-06-23 10:30:00,1654.23,1654.23,1649.37,1650.47,81.021
1782211500000,2026-06-23 10:45:00,1650.47,1653.1,1649.66,1652.7,100.1886
1782212400000,2026-06-23 11:00:00,1652.79,1660.55,1652.78,1655.81,71.0612
1782213300000,2026-06-23 11:15:00,1655.81,1666.43,1655.41,1660.32,175.5263
1782214200000,2026-06-23 11:30:00,1660.5,1663.2,1659.6,1661.4,100.8177
1782215100000,2026-06-23 11:45:00,1661.39,1663.51,1658.35,1660.9,124.8228
1782216000000,2026-06-23 12:00:00,1660.89,1662.18,1657.35,1658.02,149.8175
1782216900000,2026-06-23 12:15:00,1658.35,1659.88,1656.34,1658.53,275.7924
1782217800000,2026-06-23 12:30:00,1658.64,1660.85,1657.11,1658.13,105.0103
1782218700000,2026-06-23 12:45:00,1658.14,1658.51,1653.92,1654.81,127.9547
1782219600000,2026-06-23 13:00:00,1654.8,1655.0,1649.81,1652.32,107.4553
1782220500000,2026-06-23 13:15:00,1652.52,1652.52,1390.04,1649.2,121.4849
1782221400000,2026-06-23 13:30:00,1649.19,1661.02,1647.08,1659.42,139.6343
1782222300000,2026-06-23 13:45:00,1659.09,1663.8,1656.3,1662.17,126.7421
1782223200000,2026-06-23 14:00:00,1662.82,1667.14,1659.84,1667.14,141.3988
1782224100000,2026-06-23 14:15:00,1667.13,1670.09,1658.55,1662.08,119.6235
1782225000000,2026-06-23 14:30:00,1662.73,1672.0,1659.85,1662.78,148.3666
1782225900000,2026-06-23 14:45:00,1662.78,1666.23,1660.69,1661.77,105.8406
1782226800000,2026-06-23 15:00:00,1661.77,1662.51,1655.51,1656.98,117.3852
1782227700000,2026-06-23 15:15:00,1656.99,1656.99,1652.03,1654.41,95.6944
1782228600000,2026-06-23 15:30:00,1654.41,1660.91,1654.41,1656.48,93.5201
1782229500000,2026-06-23 15:45:00,1656.47,1659.61,1651.59,1659.61,110.8637
1782230400000,2026-06-23 16:00:00,1659.61,1673.24,1658.08,1668.27,140.8768
1782231300000,2026-06-23 16:15:00,1668.27,1668.27,1661.24,1662.36,89.5546
1782232200000,2026-06-23 16:30:00,1662.36,1662.75,1661.09,1662.71,84.5521
1782233100000,2026-06-23 16:45:00,1662.52,1662.91,1658.64,1660.01,122.3656
1782234000000,2026-06-23 17:00:00,1659.43,1661.01,1656.56,1657.43,246.0591
1782234900000,2026-06-23 17:15:00,1657.95,1663.45,1657.94,1662.59,71.3966
1782235800000,2026-06-23 17:30:00,1662.6,1664.86,1658.16,1659.57,95.907
1782236700000,2026-06-23 17:45:00,1659.56,1660.39,1654.67,1657.1,127.7572
1782237600000,2026-06-23 18:00:00,1657.38,1660.64,1655.61,1658.22,67.9672
1782238500000,2026-06-23 18:15:00,1658.21,1659.81,1656.3,1658.21,161.6997
1782239400000,2026-06-23 18:30:00,1658.21,1658.21,1650.75,1650.82,83.4189
1782240300000,2026-06-23 18:45:00,1650.82,1664.46,1650.0,1655.3,98.3163
1782241200000,2026-06-23 19:00:00,1655.3,1661.82,1655.3,1659.88,99.731
1782242100000,2026-06-23 19:15:00,1659.93,1661.57,1656.91,1661.56,95.1922
1782243000000,2026-06-23 19:30:00,1661.87,1662.77,1658.41,1658.42,85.6968
1782243900000,2026-06-23 19:45:00,1658.41,1665.24,1657.43,1662.94,113.7662
1782244800000,2026-06-23 20:00:00,1662.94,1666.93,1662.94,1664.0,78.1887
1782245700000,2026-06-23 20:15:00,1664.0,1665.26,1662.62,1664.22,117.8444
1782246600000,2026-06-23 20:30:00,1664.22,1664.22,1662.77,1663.56,284.5068
1782247500000,2026-06-23 20:45:00,1663.56,1673.96,1653.14,1664.1,71.4772
1782248400000,2026-06-23 21:00:00,1664.13,1666.89,1663.7,1665.26,78.4594
1782249300000,2026-06-23 21:15:00,1665.25,1666.93,1664.44,1666.61,68.1668
1782250200000,2026-06-23 21:30:00,1666.62,1667.31,1666.07,1667.18,52.5922
1782251100000,2026-06-23 21:45:00,1667.0,1668.35,1666.07,1666.75,52.5178
1782252000000,2026-06-23 22:00:00,1667.48,1671.8,1666.48,1671.63,33.546
1782252900000,2026-06-23 22:15:00,1671.27,1672.78,1664.17,1665.33,30.8379
1782253800000,2026-06-23 22:30:00,1665.33,1666.32,1663.44,1663.5,31.6597
1782254700000,2026-06-23 22:45:00,1663.49,1665.71,1663.03,1664.58,29.9681
1782255600000,2026-06-23 23:00:00,1664.51,1664.51,1660.4,1661.5,48.73
1782256500000,2026-06-23 23:15:00,1661.44,1667.55,1661.44,1664.22,35.8971
1782257400000,2026-06-23 23:30:00,1664.23,1664.77,1662.27,1662.55,34.6938
1782258300000,2026-06-23 23:45:00,1662.78,1673.1,1662.72,1667.26,24.3595
1782259200000,2026-06-24 00:00:00,1667.27,1672.26,1667.12,1671.04,139.1823
1782260100000,2026-06-24 00:15:00,1671.04,1671.98,1667.98,1668.52,46.9945
1782261000000,2026-06-24 00:30:00,1668.78,1674.04,1667.59,1670.55,111.2593
1782261900000,2026-06-24 00:45:00,1670.56,1673.4,1669.03,1670.83,119.1348
1782262800000,2026-06-24 01:00:00,1670.83,1672.49,1666.53,1672.3,161.9297
1782263700000,2026-06-24 01:15:00,1672.3,1672.45,1666.32,1671.15,95.9135
1782264600000,2026-06-24 01:30:00,1671.16,1679.65,1671.16,1674.31,110.9964
1782265500000,2026-06-24 01:45:00,1674.31,1677.22,1672.32,1672.35,188.5535
1782266400000,2026-06-24 02:00:00,1672.35,1673.53,1669.04,1671.77,88.7898
1782267300000,2026-06-24 02:15:00,1671.77,1671.77,1665.18,1667.8,98.6103
1782268200000,2026-06-24 02:30:00,1667.8,1669.25,1663.78,1667.72,109.3436
1782269100000,2026-06-24 02:45:00,1667.72,1667.98,1663.88,1664.04,102.4559
1782270000000,2026-06-24 03:00:00,1664.03,1665.95,1662.79,1663.96,79.0555
1782270900000,2026-06-24 03:15:00,1663.94,1664.0,1658.29,1664.0,102.303
1782271800000,2026-06-24 03:30:00,1664.16,1669.53,1664.16,1668.38,74.097
1782272700000,2026-06-24 03:45:00,1668.4,1669.83,1666.47,1666.47,99.6121
1782273600000,2026-06-24 04:00:00,1666.47,1667.41,1664.23,1664.71,49.4708
1782274500000,2026-06-24 04:15:00,1665.53,1666.46,1658.23,1660.03,81.554
1782275400000,2026-06-24 04:30:00,1659.58,1665.4,1659.58,1664.57,90.8087
1782276300000,2026-06-24 04:45:00,1664.57,1670.83,1664.56,1669.47,103.875
1782277200000,2026-06-24 05:00:00,1669.47,1671.68,1667.97,1669.25,130.3514
1782278100000,2026-06-24 05:15:00,1669.31,1673.33,1669.3,1673.33,91.6937
1782279000000,2026-06-24 05:30:00,1673.2,1679.74,1672.51,1675.84,105.2401
1782279900000,2026-06-24 05:45:00,1675.84,1676.75,1672.88,1674.32,216.2923
1782280800000,2026-06-24 06:00:00,1674.33,1675.0,1670.77,1673.5,232.8769
1782281700000,2026-06-24 06:15:00,1673.67,1676.99,1672.67,1674.97,127.114
1782282600000,2026-06-24 06:30:00,1675.69,1676.97,1674.51,1674.51,130.1514
1782283500000,2026-06-24 06:45:00,1674.42,1676.22,1673.06,1674.82,125.592
1782284400000,2026-06-24 07:00:00,1674.82,1678.53,1672.93,1677.98,113.2529
1782285300000,2026-06-24 07:15:00,1678.0,1678.0,1673.2,1673.41,96.2652
1782286200000,2026-06-24 07:30:00,1673.13,1675.78,1671.06,1672.44,219.6604
1782287100000,2026-06-24 07:45:00,1672.44,1673.52,1671.45,1672.89,80.5118
1782288000000,2026-06-24 08:00:00,1673.66,1674.43,1669.72,1670.53,72.466
1782288900000,2026-06-24 08:15:00,1671.09,1672.7,1669.48,1670.0,109.1425
1782289800000,2026-06-24 08:30:00,1669.99,1675.2,1669.99,1674.24,104.6723
1782290700000,2026-06-24 08:45:00,1674.24,1674.68,1672.56,1673.53,42.5614
1782291600000,2026-06-24 09:00:00,1673.53,1673.53,1668.89,1670.82,116.2586
1782292500000,2026-06-24 09:15:00,1670.67,1670.77,1667.51,1667.51,81.316
1782293400000,2026-06-24 09:30:00,1667.85,1667.95,1665.39,1666.76,93.2203
1782294300000,2026-06-24 09:45:00,1666.76,1668.23,1666.25,1667.44,76.7312
1782295200000,2026-06-24 10:00:00,1667.43,1667.44,1664.22,1666.53,80.9881
1782296100000,2026-06-24 10:15:00,1666.42,1667.76,1663.29,1665.57,107.9594
1782297000000,2026-06-24 10:30:00,1665.56,1667.99,1664.23,1666.85,85.1379
1782297900000,2026-06-24 10:45:00,1666.85,1666.85,1663.53,1664.02,79.7683
1782298800000,2026-06-24 11:00:00,1664.12,1664.88,1658.84,1658.84,113.3268
1782299700000,2026-06-24 11:15:00,1658.84,1669.27,1656.26,1657.9,118.0791
1782300600000,2026-06-24 11:30:00,1657.89,1669.69,1657.89,1669.69,91.2715
1782301500000,2026-06-24 11:45:00,1669.85,1760.0,1668.66,1679.5,216.7516
1782302400000,2026-06-24 12:00:00,1679.53,1680.87,1676.01,1678.77,171.4516
1782303300000,2026-06-24 12:15:00,1678.25,1679.99,1675.98,1676.83,119.6573
1782304200000,2026-06-24 12:30:00,1676.82,1678.02,1674.08,1676.57,154.692
1782305100000,2026-06-24 12:45:00,1676.56,1676.6,1670.66,1671.63,100.3303
1782306000000,2026-06-24 13:00:00,1671.52,1672.08,1378.83,1655.11,193.5329
1782306900000,2026-06-24 13:15:00,1656.04,1660.8,1645.12,1653.16,178.435
1782307800000,2026-06-24 13:30:00,1653.16,1663.78,1645.33,1647.26,203.0593
1782308700000,2026-06-24 13:45:00,1647.27,1654.56,1642.66,1645.07,215.5755
1782309600000,2026-06-24 14:00:00,1645.06,1670.0,1640.22,1644.36,146.9411
1782310500000,2026-06-24 14:15:00,1644.6,1649.98,1638.66,1648.88,155.3002
1782311400000,2026-06-24 14:30:00,1648.89,1658.1,1646.0,1650.5,155.5747
1782312300000,2026-06-24 14:45:00,1650.49,1653.26,1643.86,1647.3,140.9699
1782313200000,2026-06-24 15:00:00,1646.55,1647.49,1630.91,1639.96,159.382
1782314100000,2026-06-24 15:15:00,1638.62,1650.0,1638.62,1644.69,213.4059
1782315000000,2026-06-24 15:30:00,1644.69,1644.69,1625.98,1625.99,247.2431
1782315900000,2026-06-24 15:45:00,1627.23,1627.24,1617.39,1618.47,471.842
1782316800000,2026-06-24 16:00:00,1618.47,1628.18,1616.61,1628.17,153.109
1782317700000,2026-06-24 16:15:00,1627.66,1635.65,1625.68,1632.51,179.1007
1782318600000,2026-06-24 16:30:00,1632.5,1722.01,1620.41,1623.16,349.5273
1782319500000,2026-06-24 16:45:00,1623.15,1623.15,1586.16,1591.11,315.1084
1782320400000,2026-06-24 17:00:00,1591.11,1628.29,1584.61,1587.69,296.7664
1782321300000,2026-06-24 17:15:00,1587.69,1590.07,1568.7,1576.47,231.9497
1782322200000,2026-06-24 17:30:00,1576.47,1578.66,1565.47,1566.08,207.328
1782323100000,2026-06-24 17:45:00,1566.08,1568.74,1554.72,1560.54,228.3783
1782324000000,2026-06-24 18:00:00,1561.73,1569.55,1557.69,1568.05,142.4443
1782324900000,2026-06-24 18:15:00,1568.92,1584.56,1568.92,1578.09,199.769
1782325800000,2026-06-24 18:30:00,1578.08,1579.63,1574.85,1575.56,157.7954
1782326700000,2026-06-24 18:45:00,1575.9,1576.24,1568.69,1571.92,177.1427
1782327600000,2026-06-24 19:00:00,1571.91,1576.48,1567.34,1570.67,125.4737
1782328500000,2026-06-24 19:15:00,1570.67,1576.18,1568.88,1575.67,102.8442
1782329400000,2026-06-24 19:30:00,1575.67,1581.81,1572.58,1579.5,39.8262
1782330300000,2026-06-24 19:45:00,1580.22,1585.25,1578.5,1585.25,28.3743
1782331200000,2026-06-24 20:00:00,1583.73,1640.0,1580.31,1609.0,169.1814
1782332100000,2026-06-24 20:15:00,1609.0,1616.92,1608.47,1613.27,52.7887
1782333000000,2026-06-24 20:30:00,1613.24,1616.9,1609.45,1612.77,23.2618
1782333900000,2026-06-24 20:45:00,1612.7,1621.98,1611.84,1613.82,57.6927
1782334800000,2026-06-24 21:00:00,1614.51,1615.08,1606.19,1609.59,22.9503
1782335700000,2026-06-24 21:15:00,1609.64,1612.11,1608.26,1611.83,38.0682
1782336600000,2026-06-24 21:30:00,1611.82,1619.74,1610.2,1618.66,40.2695
1782337500000,2026-06-24 21:45:00,1618.42,1621.58,1615.72,1621.58,85.8764
1782338400000,2026-06-24 22:00:00,1621.59,1627.77,1619.75,1619.75,61.3923
1782339300000,2026-06-24 22:15:00,1619.75,1619.75,1615.3,1615.68,45.2975
1782340200000,2026-06-24 22:30:00,1615.68,1618.0,1615.67,1617.53,45.5391
1782341100000,2026-06-24 22:45:00,1617.45,1617.45,1613.81,1615.45,35.7679
1782342000000,2026-06-24 23:00:00,1615.46,1617.67,1614.21,1616.62,49.1266
1782342900000,2026-06-24 23:15:00,1616.72,1622.21,1615.51,1619.4,54.784
1782343800000,2026-06-24 23:30:00,1619.57,1621.94,1618.36,1619.68,48.0521
1782344700000,2026-06-24 23:45:00,1619.79,1623.21,1618.12,1622.1,45.2931
1782345600000,2026-06-25 00:00:00,1622.09,1626.16,1622.02,1624.93,123.6309
1782346500000,2026-06-25 00:15:00,1625.18,1625.47,1620.22,1620.54,91.2581
1782347400000,2026-06-25 00:30:00,1620.54,1622.48,1619.37,1619.37,132.191
1782348300000,2026-06-25 00:45:00,1619.05,1621.93,1617.12,1617.89,111.1529
1782349200000,2026-06-25 01:00:00,1617.89,1621.77,1616.0,1617.34,92.8048
1782350100000,2026-06-25 01:15:00,1617.17,1621.7,1614.83,1619.03,109.0257
1782351000000,2026-06-25 01:30:00,1619.14,1621.97,1618.96,1619.49,102.0893
1782351900000,2026-06-25 01:45:00,1619.39,1624.04,1618.38,1620.75,195.3126
1782352800000,2026-06-25 02:00:00,1621.34,1621.35,1615.06,1616.18,73.2177
1782353700000,2026-06-25 02:15:00,1616.18,1620.39,1615.1,1620.35,63.5233
1782354600000,2026-06-25 02:30:00,1620.34,1620.35,1615.77,1615.89,54.2795
1782355500000,2026-06-25 02:45:00,1616.28,1621.33,1615.84,1621.33,164.4076
1782356400000,2026-06-25 03:00:00,1621.33,1623.44,1618.21,1618.79,204.8106
1782357300000,2026-06-25 03:15:00,1618.79,1620.77,1617.01,1620.28,95.9089
1782358200000,2026-06-25 03:30:00,1619.57,1620.36,1616.51,1617.22,66.1589
1782359100000,2026-06-25 03:45:00,1616.78,1620.45,1616.77,1619.61,71.1944
1782360000000,2026-06-25 04:00:00,1619.61,1620.19,1617.78,1618.13,97.588
1782360900000,2026-06-25 04:15:00,1618.01,1620.97,1617.37,1619.47,56.3342
1782361800000,2026-06-25 04:30:00,1619.36,1621.96,1617.13,1621.96,125.7541
1782362700000,2026-06-25 04:45:00,1621.97,1635.62,1621.97,1635.24,279.1002
1782363600000,2026-06-25 05:00:00,1635.14,1648.83,1633.78,1644.91,153.4721
1782364500000,2026-06-25 05:15:00,1645.17,1650.39,1642.11,1648.16,199.9626
1782365400000,2026-06-25 05:30:00,1647.83,1651.81,1645.29,1645.7,129.3323
1782366300000,2026-06-25 05:45:00,1645.69,1648.26,1644.3,1645.89,114.6156
1782367200000,2026-06-25 06:00:00,1645.88,1649.53,1644.58,1648.27,142.3059
1782368100000,2026-06-25 06:15:00,1648.27,1650.34,1646.34,1648.51,83.3357
1782369000000,2026-06-25 06:30:00,1648.75,1654.98,1647.64,1654.31,85.9575
1782369900000,2026-06-25 06:45:00,1654.5,1659.25,1652.64,1653.94,118.2707
1782370800000,2026-06-25 07:00:00,1653.95,1655.56,1651.59,1653.38,107.4629
1782371700000,2026-06-25 07:15:00,1653.38,1656.45,1652.94,1654.93,120.6251
1782372600000,2026-06-25 07:30:00,1654.94,1659.61,1654.94,1658.57,157.8051
1782373500000,2026-06-25 07:45:00,1658.56,1658.67,1654.85,1656.63,131.324
1782374400000,2026-06-25 08:00:00,1657.2,1658.44,1654.56,1654.56,69.0406
1782375300000,2026-06-25 08:15:00,1654.55,1654.55,1651.13,1653.48,56.6891
1782376200000,2026-06-25 08:30:00,1653.43,1653.43,1651.62,1653.27,53.9718
1782377100000,2026-06-25 08:45:00,1653.33,1654.35,1651.61,1652.24,65.3083
1782378000000,2026-06-25 09:00:00,1652.25,1655.41,1652.11,1654.2,87.4676
1782378900000,2026-06-25 09:15:00,1653.37,1654.09,1647.76,1648.25,99.9266
1782379800000,2026-06-25 09:30:00,1648.38,1650.25,1647.59,1648.5,75.9534
1782380700000,2026-06-25 09:45:00,1648.5,1649.33,1647.0,1648.88,75.8785
1782381600000,2026-06-25 10:00:00,1648.89,1649.42,1646.83,1648.81,85.6935
1782382500000,2026-06-25 10:15:00,1648.47,1649.6,1643.34,1643.45,110.3299
1782383400000,2026-06-25 10:30:00,1643.97,1644.02,1637.91,1637.91,114.1341
1782384300000,2026-06-25 10:45:00,1637.91,1638.41,1634.41,1636.58,102.4389
1782385200000,2026-06-25 11:00:00,1636.57,1638.16,1629.03,1636.68,149.5165
1782386100000,2026-06-25 11:15:00,1636.68,1638.15,1630.55,1630.72,86.8274
1782387000000,2026-06-25 11:30:00,1630.89,1634.8,1630.88,1632.47,62.6911
1782387900000,2026-06-25 11:45:00,1632.37,1633.28,1629.11,1633.28,116.7808
1782388800000,2026-06-25 12:00:00,1633.28,1634.58,1630.22,1631.42,91.002
1782389700000,2026-06-25 12:15:00,1631.53,1632.01,1625.48,1626.91,97.6584
1782390600000,2026-06-25 12:30:00,1626.91,1645.05,1626.91,1637.3,155.9697
1782391500000,2026-06-25 12:45:00,1637.3,1640.22,1634.63,1635.82,127.8985
1782392400000,2026-06-25 13:00:00,1635.82,1639.2,1634.6,1638.83,112.7484
1782393300000,2026-06-25 13:15:00,1638.84,1639.03,1633.89,1635.22,124.1303
1782394200000,2026-06-25 13:30:00,1636.61,1636.63,1592.89,1592.89,193.4889
1782395100000,2026-06-25 13:45:00,1592.89,1598.94,1535.88,1537.03,235.0074
1782396000000,2026-06-25 14:00:00,1537.04,1574.53,1537.03,1566.94,193.6188
1782396900000,2026-06-25 14:15:00,1565.69,1570.51,1552.71,1564.2,183.473
1782397800000,2026-06-25 14:30:00,1563.93,1589.14,1560.77,1568.01,242.3067
1782398700000,2026-06-25 14:45:00,1568.01,1577.48,1564.25,1568.47,189.2527
1782399600000,2026-06-25 15:00:00,1568.47,1568.47,1552.78,1554.5,160.7728
1782400500000,2026-06-25 15:15:00,1554.48,1565.21,1545.83,1561.14,220.6678
1782401400000,2026-06-25 15:30:00,1561.06,1565.73,1555.84,1559.07,167.5934
1782402300000,2026-06-25 15:45:00,1559.14,1571.61,1559.07,1569.91,184.3569
1782403200000,2026-06-25 16:00:00,1569.91,1587.7,1568.78,1577.48,213.4704
1782404100000,2026-06-25 16:15:00,1577.48,1578.01,1573.05,1576.51,156.9335
1782405000000,2026-06-25 16:30:00,1574.08,1574.08,1562.2,1563.54,149.9128
1782405900000,2026-06-25 16:45:00,1563.6,1563.65,1558.18,1561.97,161.5663
1782406800000,2026-06-25 17:00:00,1561.97,1568.89,1558.09,1567.71,141.3176
1782407700000,2026-06-25 17:15:00,1567.71,1574.91,1565.21,1570.29,140.759
1782408600000,2026-06-25 17:30:00,1570.29,1573.85,1569.23,1570.9,108.5503
1782409500000,2026-06-25 17:45:00,1570.9,1574.88,1566.51,1574.88,196.8969
1782410400000,2026-06-25 18:00:00,1574.88,1577.37,1565.41,1566.25,140.0297
1782411300000,2026-06-25 18:15:00,1566.25,1575.83,1565.01,1573.35,118.9103
1782412200000,2026-06-25 18:30:00,1572.61,1572.61,1561.53,1563.8,182.8931
1782413100000,2026-06-25 18:45:00,1563.4,1569.78,1561.38,1566.87,121.5937
1782414000000,2026-06-25 19:00:00,1567.01,1567.48,1557.68,1559.06,216.493
1782414900000,2026-06-25 19:15:00,1559.06,1580.81,1291.04,1559.19,253.8517
1782415800000,2026-06-25 19:30:00,1559.54,1562.02,1558.26,1558.62,100.3155
1782416700000,2026-06-25 19:45:00,1558.55,1560.6,1555.56,1559.79,47.9493
1782417600000,2026-06-25 20:00:00,1561.05,1629.79,1561.05,1566.25,87.7426
1782418500000,2026-06-25 20:15:00,1568.04,1570.69,1567.34,1568.19,13.5566
1782419400000,2026-06-25 20:30:00,1567.05,1567.05,1560.85,1563.46,15.0797
1782420300000,2026-06-25 20:45:00,1563.32,1563.32,1556.74,1560.61,13.8474
1782421200000,2026-06-25 21:00:00,1560.62,1564.13,1560.35,1563.99,10.1478
1782422100000,2026-06-25 21:15:00,1565.09,1568.53,1563.78,1567.81,15.2612
1782423000000,2026-06-25 21:30:00,1568.06,1576.13,1567.88,1574.51,20.7267
1782423900000,2026-06-25 21:45:00,1574.67,1582.26,1573.58,1580.99,22.2428
1782424800000,2026-06-25 22:00:00,1581.0,1582.92,1570.96,1571.95,99.3978
1782425700000,2026-06-25 22:15:00,1570.92,1573.72,1567.05,1568.82,70.9965
1782426600000,2026-06-25 22:30:00,1568.82,1572.54,1568.19,1570.82,63.6737
1782427500000,2026-06-25 22:45:00,1570.81,1573.16,1568.73,1570.29,22.313
1782428400000,2026-06-25 23:00:00,1571.1,1572.79,1567.82,1572.79,18.8998
1782429300000,2026-06-25 23:15:00,1572.79,1579.06,1572.79,1578.12,12.2346
1782430200000,2026-06-25 23:30:00,1578.24,1579.34,1571.09,1572.53,8.3333
1782431100000,2026-06-25 23:45:00,1571.07,1571.07,1564.88,1567.24,7.2503
1782432000000,2026-06-26 00:00:00,1567.48,1571.65,1567.48,1571.11,121.4353
1782432900000,2026-06-26 00:15:00,1571.11,1571.19,1566.89,1568.99,104.6191
1782433800000,2026-06-26 00:30:00,1568.99,1571.29,1566.85,1569.22,95.7435
1782434700000,2026-06-26 00:45:00,1569.18,1569.32,1564.01,1564.73,89.1017
1782435600000,2026-06-26 01:00:00,1564.73,1568.21,1559.82,1564.33,151.7141
1782436500000,2026-06-26 01:15:00,1564.66,1567.24,1557.77,1557.77,144.6184
1782437400000,2026-06-26 01:30:00,1557.98,1560.57,1555.93,1558.78,135.5518
1782438300000,2026-06-26 01:45:00,1558.93,1562.55,1558.09,1560.12,126.0876
1782439200000,2026-06-26 02:00:00,1560.13,1560.9,1307.1,1521.28,323.861
1782440100000,2026-06-26 02:15:00,1522.35,1537.85,1521.84,1537.25,247.7724
1782441000000,2026-06-26 02:30:00,1537.67,1541.26,1532.34,1535.57,141.3084
1782441900000,2026-06-26 02:45:00,1535.74,1535.87,1523.12,1524.54,149.6212
1782442800000,2026-06-26 03:00:00,1524.54,1534.01,1512.52,1533.1,176.0874
1782443700000,2026-06-26 03:15:00,1533.27,1534.84,1526.29,1533.43,141.4113
1782444600000,2026-06-26 03:30:00,1531.4,1540.36,1529.6,1540.36,159.0523
1782445500000,2026-06-26 03:45:00,1540.37,1563.61,1540.33,1558.41,137.4164
1782446400000,2026-06-26 04:00:00,1558.15,1558.8,1553.12,1554.83,178.181
1782447300000,2026-06-26 04:15:00,1554.84,1560.0,1550.28,1552.75,124.3815
1782448200000,2026-06-26 04:30:00,1553.04,1554.25,1549.45,1552.74,81.9163
1782449100000,2026-06-26 04:45:00,1552.74,1552.98,1548.11,1549.78,103.9729
1782450000000,2026-06-26 05:00:00,1549.78,1552.76,1548.8,1552.76,95.7216
1782450900000,2026-06-26 05:15:00,1553.68,1558.09,1550.84,1557.48,117.7332
1782451800000,2026-06-26 05:30:00,1557.03,1559.01,1555.45,1555.64,92.7165
1782452700000,2026-06-26 05:45:00,1555.17,1557.0,1552.19,1555.94,81.6276
1782453600000,2026-06-26 06:00:00,1555.69,1555.69,1544.3,1546.41,112.6489
1782454500000,2026-06-26 06:15:00,1546.25,1560.36,1546.24,1560.36,107.9727
1782455400000,2026-06-26 06:30:00,1560.37,1572.68,1557.87,1572.68,134.4238
1782456300000,2026-06-26 06:45:00,1572.69,1573.09,1568.56,1570.54,79.7943
1782457200000,2026-06-26 07:00:00,1571.14,1577.5,1570.81,1577.49,94.3847
1782458100000,2026-06-26 07:15:00,1577.49,1580.41,1576.23,1578.69,93.6938
1782459000000,2026-06-26 07:30:00,1578.67,1585.98,1578.67,1581.07,135.5603
1782459900000,2026-06-26 07:45:00,1581.06,1583.16,1580.11,1581.93,150.0105
1782460800000,2026-06-26 08:00:00,1581.13,1582.24,1571.73,1572.97,156.3216
1782461700000,2026-06-26 08:15:00,1572.97,1575.05,1570.46,1572.65,115.4945
1782462600000,2026-06-26 08:30:00,1572.9,1573.12,1567.05,1567.05,83.1299
1782463500000,2026-06-26 08:45:00,1567.31,1569.19,1563.71,1565.64,88.5028
1782464400000,2026-06-26 09:00:00,1566.32,1566.32,1560.37,1563.63,125.4174
1782465300000,2026-06-26 09:15:00,1563.63,1563.63,1560.37,1562.62,104.2088
1782466200000,2026-06-26 09:30:00,1562.69,1566.22,1560.99,1563.0,155.4922
1782467100000,2026-06-26 09:45:00,1563.22,1564.09,1549.92,1552.66,167.994
1782468000000,2026-06-26 10:00:00,1553.1,1554.82,1549.52,1552.89,124.4681
1782468900000,2026-06-26 10:15:00,1553.65,1600.0,1552.01,1553.03,122.1933
1782469800000,2026-06-26 10:30:00,1553.14,1554.92,1545.49,1549.96,163.4693
1782470700000,2026-06-26 10:45:00,1549.94,1550.65,1545.86,1547.85,152.3327
1782471600000,2026-06-26 11:00:00,1548.36,1554.94,1547.21,1551.27,98.3729
1782472500000,2026-06-26 11:15:00,1551.26,1551.26,1545.62,1545.82,210.5906
1782473400000,2026-06-26 11:30:00,1546.45,1549.75,1545.78,1547.43,154.2398
1782474300000,2026-06-26 11:45:00,1546.13,1548.11,1541.99,1545.15,111.7448
1782475200000,2026-06-26 12:00:00,1545.15,1549.04,1543.28,1545.6,190.0506
1782476100000,2026-06-26 12:15:00,1545.36,1551.84,1545.36,1551.83,128.4368
1782477000000,2026-06-26 12:30:00,1551.14,1587.33,1529.18,1531.92,312.9813
1782477900000,2026-06-26 12:45:00,1531.63,1543.41,1530.16,1536.01,259.5054
1782478800000,2026-06-26 13:00:00,1536.01,1540.9,1531.41,1534.97,364.2799
1782479700000,2026-06-26 13:15:00,1534.98,1535.92,1524.48,1533.64,547.4329
1782480600000,2026-06-26 13:30:00,1533.83,1547.69,1529.63,1547.36,473.0971
1782481500000,2026-06-26 13:45:00,1547.35,1569.85,1542.72,1569.17,392.1789
1782482400000,2026-06-26 14:00:00,1569.17,1571.75,1559.56,1566.43,419.6048
1782483300000,2026-06-26 14:15:00,1566.17,1574.85,1561.08,1569.95,424.6097
1782484200000,2026-06-26 14:30:00,1569.95,1569.95,1556.79,1558.09,372.0903
1782485100000,2026-06-26 14:45:00,1557.35,1569.66,1553.66,1559.85,265.2263
1782486000000,2026-06-26 15:00:00,1559.85,1574.44,1559.85,1566.88,353.6807
1782486900000,2026-06-26 15:15:00,1567.55,1602.64,1565.95,1580.5,328.651
1782487800000,2026-06-26 15:30:00,1580.03,1587.05,1578.76,1585.1,391.9405
1782488700000,2026-06-26 15:45:00,1585.63,1585.63,1573.99,1580.33,507.8882
1782489600000,2026-06-26 16:00:00,1580.34,1590.97,1578.56,1579.4,366.8275
1782490500000,2026-06-26 16:15:00,1579.4,1582.13,1572.91,1575.69,205.9316
1782491400000,2026-06-26 16:30:00,1575.65,1586.99,1575.65,1579.64,332.6097
1782492300000,2026-06-26 16:45:00,1579.64,1581.77,1576.94,1577.71,218.3272
1782493200000,2026-06-26 17:00:00,1577.89,1587.0,1576.66,1586.48,271.7078
1782494100000,2026-06-26 17:15:00,1586.2,1588.42,1582.77,1586.34,254.5889
1782495000000,2026-06-26 17:30:00,1587.33,1588.05,1580.04,1584.17,203.1098
1782495900000,2026-06-26 17:45:00,1584.17,1585.92,1580.66,1582.48,130.1119
1782496800000,2026-06-26 18:00:00,1581.92,1585.48,1581.71,1582.8,160.4274
1782497700000,2026-06-26 18:15:00,1582.8,1583.36,1575.24,1575.55,189.1457
1782498600000,2026-06-26 18:30:00,1575.55,1577.65,1574.64,1576.16,548.9983
1782499500000,2026-06-26 18:45:00,1576.16,1600.0,1498.71,1573.65,236.5569
1782500400000,2026-06-26 19:00:00,1573.34,1583.52,1570.56,1581.03,227.2983
1782501300000,2026-06-26 19:15:00,1580.84,1581.38,1577.94,1578.21,121.8899
1782502200000,2026-06-26 19:30:00,1578.6,1582.21,1577.71,1579.97,140.6425
1782503100000,2026-06-26 19:45:00,1579.38,1580.47,1577.25,1578.49,156.743
1782504000000,2026-06-26 20:00:00,1578.06,1581.42,1574.61,1575.97,277.2346
1782504900000,2026-06-26 20:15:00,1577.48,1579.4,1576.07,1578.79,232.9099
1782505800000,2026-06-26 20:30:00,1578.79,1578.79,1568.78,1569.71,213.8572
1782506700000,2026-06-26 20:45:00,1568.23,1573.33,1568.06,1570.87,166.5258
1782507600000,2026-06-26 21:00:00,1571.03,1573.77,1568.66,1573.25,122.6142
1782508500000,2026-06-26 21:15:00,1573.24,1574.88,1572.25,1574.88,68.1946
1782509400000,2026-06-26 21:30:00,1574.61,1578.29,1573.62,1577.64,145.6448
1782510300000,2026-06-26 21:45:00,1577.64,1578.53,1575.63,1575.99,82.0234
1782511200000,2026-06-26 22:00:00,1575.25,1575.68,1569.68,1575.17,133.4119
1782512100000,2026-06-26 22:15:00,1575.31,1576.22,1573.33,1573.37,62.0615
1782513000000,2026-06-26 22:30:00,1573.37,1576.8,1571.6,1576.8,73.5592
1782513900000,2026-06-26 22:45:00,1575.87,1579.29,1575.22,1577.62,50.3766
1782514800000,2026-06-26 23:00:00,1577.84,1580.17,1577.34,1578.77,67.4429
1782515700000,2026-06-26 23:15:00,1579.19,1579.2,1575.84,1575.84,51.9904
1782516600000,2026-06-26 23:30:00,1575.73,1580.51,1574.52,1579.95,84.8347
1782517500000,2026-06-26 23:45:00,1579.95,1580.7,1577.75,1578.56,30.2548
1782518400000,2026-06-27 00:00:00,1578.68,1581.8,1578.67,1580.0,118.0378
1782519300000,2026-06-27 00:15:00,1579.92,1579.92,1577.07,1577.57,80.2642
1782520200000,2026-06-27 00:30:00,1577.22,1577.22,1571.56,1573.52,170.5167
1782521100000,2026-06-27 00:45:00,1573.52,1577.41,1572.81,1576.83,79.061
1782522000000,2026-06-27 01:00:00,1576.83,1577.13,1574.3,1575.61,25.9071
1782522900000,2026-06-27 01:15:00,1575.04,1576.86,1574.43,1576.72,29.7213
1782523800000,2026-06-27 01:30:00,1577.13,1577.67,1575.16,1576.41,61.8654
1782524700000,2026-06-27 01:45:00,1576.4,1577.28,1575.37,1576.0,50.8958
1782525600000,2026-06-27 02:00:00,1575.8,1581.56,1574.65,1581.07,109.0483
1782526500000,2026-06-27 02:15:00,1581.07,1586.56,1581.07,1584.89,136.309
1782527400000,2026-06-27 02:30:00,1584.89,1585.25,1582.06,1584.22,117.2952
1782528300000,2026-06-27 02:45:00,1584.1,1585.47,1582.63,1584.08,121.2242
1782529200000,2026-06-27 03:00:00,1584.08,1585.02,1578.68,1578.76,72.9415
1782530100000,2026-06-27 03:15:00,1578.75,1584.0,1578.75,1582.09,68.4196
1782531000000,2026-06-27 03:30:00,1582.35,1583.0,1580.64,1580.64,101.3182
1782531900000,2026-06-27 03:45:00,1580.78,1581.71,1579.02,1580.46,50.4946
1782532800000,2026-06-27 04:00:00,1580.55,1585.01,1580.55,1583.9,103.4964
1782533700000,2026-06-27 04:15:00,1583.9,1585.1,1582.46,1582.48,56.5546
1782534600000,2026-06-27 04:30:00,1582.65,1584.15,1581.43,1581.45,61.6801
1782535500000,2026-06-27 04:45:00,1581.44,1582.26,1579.01,1579.01,30.3242
1782536400000,2026-06-27 05:00:00,1579.48,1581.12,1578.44,1580.93,77.5999
1782537300000,2026-06-27 05:15:00,1580.92,1580.92,1577.33,1577.5,32.187
1782538200000,2026-06-27 05:30:00,1577.43,1579.57,1577.0,1578.67,70.3448
1782539100000,2026-06-27 05:45:00,1578.67,1580.59,1578.38,1578.9,98.5105
1782540000000,2026-06-27 06:00:00,1578.65,1578.89,1575.41,1575.6,36.7278
1782540900000,2026-06-27 06:15:00,1576.17,1579.54,1575.4,1579.35,49.4746
1782541800000,2026-06-27 06:30:00,1578.93,1583.07,1578.93,1582.71,62.4849
1782542700000,2026-06-27 06:45:00,1582.95,1584.48,1581.23,1582.71,56.4788
1782543600000,2026-06-27 07:00:00,1582.7,1583.24,1580.71,1581.33,36.4939
1782544500000,2026-06-27 07:15:00,1581.34,1583.85,1581.02,1583.08,33.3003
1782545400000,2026-06-27 07:30:00,1582.95,1583.89,1582.19,1583.7,19.7548
1782546300000,2026-06-27 07:45:00,1583.65,1586.38,1583.65,1585.73,55.8199
1782547200000,2026-06-27 08:00:00,1585.72,1585.95,1584.0,1584.06,80.9704
1782548100000,2026-06-27 08:15:00,1583.89,1584.84,1583.26,1583.6,32.7951
1782549000000,2026-06-27 08:30:00,1583.72,1584.0,1582.05,1582.17,23.7069
1782549900000,2026-06-27 08:45:00,1582.07,1585.3,1582.07,1584.33,28.7286
1782550800000,2026-06-27 09:00:00,1584.18,1584.44,1580.37,1580.79,45.7985
1782551700000,2026-06-27 09:15:00,1580.42,1581.14,1579.53,1580.78,46.2201
1782552600000,2026-06-27 09:30:00,1580.95,1583.02,1580.95,1582.0,27.7217
1782553500000,2026-06-27 09:45:00,1582.0,1582.94,1581.66,1582.94,8.4999
1782554400000,2026-06-27 10:00:00,1582.94,1583.99,1582.19,1583.84,11.8337
1782555300000,2026-06-27 10:15:00,1583.84,1584.72,1582.75,1583.08,32.8121
1782556200000,2026-06-27 10:30:00,1583.09,1584.0,1582.23,1583.8,152.7248
1782557100000,2026-06-27 10:45:00,1583.8,1584.97,1583.17,1584.31,65.4192
1782558000000,2026-06-27 11:00:00,1584.31,1585.12,1582.48,1583.96,56.6436
1782558900000,2026-06-27 11:15:00,1584.02,1584.02,1579.62,1580.48,55.4098
1782559800000,2026-06-27 11:30:00,1580.58,1581.6,1579.49,1581.2,42.7885
1782560700000,2026-06-27 11:45:00,1581.19,1584.88,1581.19,1584.01,71.4421
1782561600000,2026-06-27 12:00:00,1584.01,1584.13,1581.62,1582.65,269.63
1782562500000,2026-06-27 12:15:00,1582.65,1584.44,1582.65,1583.85,14.7499
1782563400000,2026-06-27 12:30:00,1584.02,1584.99,1581.82,1582.67,34.5577
1782564300000,2026-06-27 12:45:00,1582.81,1586.29,1582.81,1585.88,45.905
1782565200000,2026-06-27 13:00:00,1585.96,1588.49,1584.98,1586.39,112.8076
1782566100000,2026-06-27 13:15:00,1586.45,1588.4,1586.04,1586.96,40.828
1782567000000,2026-06-27 13:30:00,1586.84,1591.97,1585.74,1590.44,82.1699
1782567900000,2026-06-27 13:45:00,1590.54,1592.88,1590.0,1592.87,113.5386
1782568800000,2026-06-27 14:00:00,1592.88,1597.2,1589.61,1596.96,147.2564
1782569700000,2026-06-27 14:15:00,1596.75,1596.75,1593.16,1594.54,101.5054
1782570600000,2026-06-27 14:30:00,1594.54,1595.52,1592.43,1595.52,52.5126
1782571500000,2026-06-27 14:45:00,1595.52,1596.59,1593.58,1594.4,58.2869
1782572400000,2026-06-27 15:00:00,1594.83,1608.67,1594.09,1607.38,183.3072
1782573300000,2026-06-27 15:15:00,1607.38,1607.38,1600.47,1602.49,103.9152
1782574200000,2026-06-27 15:30:00,1602.71,1610.3,1602.01,1605.89,157.0763
1782575100000,2026-06-27 15:45:00,1605.9,1606.3,1604.08,1605.34,60.1063
1782576000000,2026-06-27 16:00:00,1605.68,1605.97,1603.1,1603.98,100.9709
1782576900000,2026-06-27 16:15:00,1603.98,1603.98,1601.84,1603.02,57.8278
1782577800000,2026-06-27 16:30:00,1603.18,1606.24,1602.16,1605.45,45.0874
1782578700000,2026-06-27 16:45:00,1605.45,1607.27,1604.5,1606.57,66.2629
1782579600000,2026-06-27 17:00:00,1606.98,1606.98,1589.71,1595.91,328.6215
1782580500000,2026-06-27 17:15:00,1595.9,1597.49,1592.57,1594.85,145.7061
1782581400000,2026-06-27 17:30:00,1594.85,1596.6,1591.42,1594.48,132.5841
1782582300000,2026-06-27 17:45:00,1594.48,1594.48,1592.45,1593.88,71.1366
1782583200000,2026-06-27 18:00:00,1593.88,1602.55,1320.0,1591.92,518.5603
1782584100000,2026-06-27 18:15:00,1592.16,1593.5,1591.37,1592.57,48.5842
1782585000000,2026-06-27 18:30:00,1592.71,1594.4,1592.41,1593.78,47.3772
1782585900000,2026-06-27 18:45:00,1593.77,1594.7,1592.77,1593.64,19.8711
1782586800000,2026-06-27 19:00:00,1593.78,1595.25,1593.47,1594.39,40.1725
1782587700000,2026-06-27 19:15:00,1594.21,1594.29,1578.2,1581.81,238.3698
1782588600000,2026-06-27 19:30:00,1581.8,1581.8,1574.21,1578.67,230.3904
1782589500000,2026-06-27 19:45:00,1578.67,1579.9,1577.24,1578.52,102.8917
1782590400000,2026-06-27 20:00:00,1578.51,1582.59,1578.51,1582.18,153.0495
1782591300000,2026-06-27 20:15:00,1581.79,1582.85,1580.38,1581.56,75.8246
1782592200000,2026-06-27 20:30:00,1581.56,1581.92,1580.96,1581.0,56.3204
1782593100000,2026-06-27 20:45:00,1580.99,1582.59,1580.37,1580.84,54.7958
1782594000000,2026-06-27 21:00:00,1580.84,1584.52,1580.83,1584.42,46.6442
1782594900000,2026-06-27 21:15:00,1584.43,1584.84,1581.76,1584.83,84.5252
1782595800000,2026-06-27 21:30:00,1584.83,1585.05,1578.2,1578.2,117.1662
1782596700000,2026-06-27 21:45:00,1578.2,1580.35,1574.93,1575.39,175.0915
1782597600000,2026-06-27 22:00:00,1575.38,1576.36,1572.69,1574.84,106.4615
1782598500000,2026-06-27 22:15:00,1574.7,1575.67,1560.0,1575.16,267.7117
1782599400000,2026-06-27 22:30:00,1575.32,1579.1,1575.24,1576.53,116.5813
1782600300000,2026-06-27 22:45:00,1576.37,1579.53,1576.11,1578.99,47.9688
1782601200000,2026-06-27 23:00:00,1578.99,1581.41,1573.25,1573.25,83.2479
1782602100000,2026-06-27 23:15:00,1573.26,1575.21,1570.91,1572.51,142.7152
1782603000000,2026-06-27 23:30:00,1572.59,1575.29,1571.8,1575.29,61.0162
1782603900000,2026-06-27 23:45:00,1574.52,1575.13,1573.41,1573.99,49.7572
1782604800000,2026-06-28 00:00:00,1574.0,1576.41,1572.86,1576.1,76.0028
1782605700000,2026-06-28 00:15:00,1576.04,1577.85,1576.04,1577.85,42.0699
1782606600000,2026-06-28 00:30:00,1577.72,1577.72,1575.22,1576.3,154.3231
1782607500000,2026-06-28 00:45:00,1576.3,1576.45,1573.82,1575.5,92.7097
1782608400000,2026-06-28 01:00:00,1575.49,1575.49,1570.42,1572.26,184.0947
1782609300000,2026-06-28 01:15:00,1572.33,1576.16,1571.69,1575.55,92.1722
1782610200000,2026-06-28 01:30:00,1575.55,1576.91,1574.64,1576.62,80.6706
1782611100000,2026-06-28 01:45:00,1576.52,1576.52,1574.94,1575.05,60.4554
1782612000000,2026-06-28 02:00:00,1575.06,1579.08,1575.05,1578.7,50.0801
1782612900000,2026-06-28 02:15:00,1578.7,1579.85,1569.67,1571.71,173.5153
1782613800000,2026-06-28 02:30:00,1571.71,1572.76,1571.02,1571.96,73.2939
1782614700000,2026-06-28 02:45:00,1571.83,1573.02,1571.01,1572.41,34.9464
1782615600000,2026-06-28 03:00:00,1572.41,1576.05,1572.4,1575.97,45.7098
1782616500000,2026-06-28 03:15:00,1575.72,1575.72,1573.92,1574.82,36.7946
1782617400000,2026-06-28 03:30:00,1574.71,1574.79,1573.32,1573.49,38.2738
1782618300000,2026-06-28 03:45:00,1573.79,1575.46,1573.12,1575.09,17.8294
1782619200000,2026-06-28 04:00:00,1575.09,1575.09,1572.87,1573.67,88.0954
1782620100000,2026-06-28 04:15:00,1573.87,1575.69,1573.87,1574.28,51.0455
1782621000000,2026-06-28 04:30:00,1574.04,1575.61,1570.94,1575.55,69.6443
1782621900000,2026-06-28 04:45:00,1575.46,1577.34,1574.09,1574.32,39.5845
1782622800000,2026-06-28 05:00:00,1574.33,1574.33,1569.71,1572.05,63.096
1782623700000,2026-06-28 05:15:00,1572.05,1572.73,1565.76,1566.93,283.8908
1782624600000,2026-06-28 05:30:00,1566.93,1569.67,1564.61,1569.19,85.5674
1782625500000,2026-06-28 05:45:00,1568.98,1570.81,1568.5,1569.18,68.6172
1782626400000,2026-06-28 06:00:00,1569.18,1570.64,1563.57,1563.57,119.9833
1782627300000,2026-06-28 06:15:00,1563.57,1566.42,1562.61,1565.17,154.761
1782628200000,2026-06-28 06:30:00,1565.78,1568.09,1565.78,1567.35,74.6336
1782629100000,2026-06-28 06:45:00,1567.35,1569.2,1566.74,1568.39,70.4577
1782630000000,2026-06-28 07:00:00,1568.39,1573.37,1567.85,1572.7,107.262
1782630900000,2026-06-28 07:15:00,1572.69,1572.72,1571.19,1571.25,59.5917
1782631800000,2026-06-28 07:30:00,1571.39,1575.94,1571.0,1574.92,139.5052
1782632700000,2026-06-28 07:45:00,1575.19,1576.73,1574.75,1575.58,45.2601
1782633600000,2026-06-28 08:00:00,1575.96,1578.3,1573.75,1574.64,55.3726
1782634500000,2026-06-28 08:15:00,1574.65,1576.23,1574.27,1575.07,26.326
1782635400000,2026-06-28 08:30:00,1575.08,1584.99,1575.08,1582.18,132.2192
1782636300000,2026-06-28 08:45:00,1581.92,1583.56,1581.38,1581.59,92.6906
1782637200000,2026-06-28 09:00:00,1581.59,1584.93,1580.58,1582.79,55.8285
1782638100000,2026-06-28 09:15:00,1582.9,1583.21,1581.43,1582.16,57.6084
1782639000000,2026-06-28 09:30:00,1582.17,1584.3,1581.5,1583.62,80.6529
1782639900000,2026-06-28 09:45:00,1583.62,1583.62,1578.6,1579.09,112.8066
1782640800000,2026-06-28 10:00:00,1579.08,1581.3,1577.03,1580.99,116.3183
1782641700000,2026-06-28 10:15:00,1580.22,1580.93,1573.11,1573.41,138.5464
1782642600000,2026-06-28 10:30:00,1573.58,1575.59,1573.58,1575.44,46.2909
1782643500000,2026-06-28 10:45:00,1575.61,1577.44,1575.61,1577.16,55.7344
1782644400000,2026-06-28 11:00:00,1577.16,1580.71,1575.9,1576.67,60.2915
1782645300000,2026-06-28 11:15:00,1576.45,1583.33,1576.0,1582.16,273.7987
1782646200000,2026-06-28 11:30:00,1582.14,1582.18,1579.16,1581.12,127.2151
1782647100000,2026-06-28 11:45:00,1581.33,1583.73,1580.54,1582.75,130.8849
1782648000000,2026-06-28 12:00:00,1582.75,1583.23,1581.23,1581.89,87.7913
1782648900000,2026-06-28 12:15:00,1581.89,1584.73,1578.24,1584.73,65.5786
1782649800000,2026-06-28 12:30:00,1584.72,1587.71,1579.46,1580.73,127.5648
1782650700000,2026-06-28 12:45:00,1580.67,1583.93,1580.67,1583.57,89.836
1782651600000,2026-06-28 13:00:00,1583.56,1583.74,1575.47,1580.52,265.9966
1782652500000,2026-06-28 13:15:00,1580.28,1582.07,1578.66,1580.49,74.8784
1782653400000,2026-06-28 13:30:00,1580.13,1583.15,1578.36,1582.93,124.0482
1782654300000,2026-06-28 13:45:00,1582.68,1582.73,1579.62,1579.76,123.445
1782655200000,2026-06-28 14:00:00,1579.67,1582.47,1578.06,1581.88,251.5167
1782656100000,2026-06-28 14:15:00,1582.06,1585.98,1580.17,1582.41,155.3179
1782657000000,2026-06-28 14:30:00,1582.44,1584.47,1581.12,1582.74,183.5912
1782657900000,2026-06-28 14:45:00,1583.11,1585.69,1581.0,1581.84,196.6556
1782658800000,2026-06-28 15:00:00,1581.84,1584.39,1577.97,1582.71,525.922
1782659700000,2026-06-28 15:15:00,1582.71,1585.12,1580.83,1582.42,146.6404
1782660600000,2026-06-28 15:30:00,1582.38,1584.38,1579.85,1582.02,231.7057
1782661500000,2026-06-28 15:45:00,1581.49,1582.84,1577.8,1580.65,89.2973
1782662400000,2026-06-28 16:00:00,1580.65,1581.94,1577.94,1578.86,57.0411
1782663300000,2026-06-28 16:15:00,1578.78,1579.96,1573.83,1576.18,126.3014
1782664200000,2026-06-28 16:30:00,1576.18,1576.88,1567.86,1567.86,242.5154
1782665100000,2026-06-28 16:45:00,1567.8,1572.94,1552.93,1572.94,139.3216
1782666000000,2026-06-28 17:00:00,1573.0,1577.36,1572.75,1573.47,234.5465
1782666900000,2026-06-28 17:15:00,1573.46,1573.47,1567.49,1567.66,220.1466
1782667800000,2026-06-28 17:30:00,1567.66,1570.57,1563.67,1569.15,199.4767
1782668700000,2026-06-28 17:45:00,1569.02,1573.1,1568.7,1572.34,73.1484
1782669600000,2026-06-28 18:00:00,1571.66,1574.78,1571.65,1573.41,64.2733
1782670500000,2026-06-28 18:15:00,1573.34,1573.35,1569.62,1570.22,103.6915
1782671400000,2026-06-28 18:30:00,1570.22,1572.83,1569.09,1571.34,60.8953
1782672300000,2026-06-28 18:45:00,1571.34,1572.69,1569.26,1571.99,55.8396
1782673200000,2026-06-28 19:00:00,1571.98,1571.98,1567.55,1569.47,62.9584
1782674100000,2026-06-28 19:15:00,1569.9,1570.3,1567.68,1570.3,63.8679
1782675000000,2026-06-28 19:30:00,1570.32,1573.65,1567.85,1568.01,93.1177
1782675900000,2026-06-28 19:45:00,1568.1,1568.1,1557.2,1565.1,188.6876
1782676800000,2026-06-28 20:00:00,1564.52,1573.33,1564.52,1573.32,117.5756
1782677700000,2026-06-28 20:15:00,1572.93,1575.91,1572.57,1573.64,83.0099
1782678600000,2026-06-28 20:30:00,1573.64,1574.79,1572.21,1572.67,74.7858
1782679500000,2026-06-28 20:45:00,1572.68,1574.79,1572.08,1573.13,52.4757
1782680400000,2026-06-28 21:00:00,1573.08,1573.08,1569.35,1570.84,33.7485
1782681300000,2026-06-28 21:15:00,1570.11,1572.1,1569.65,1570.51,37.9725
1782682200000,2026-06-28 21:30:00,1570.5,1573.46,1569.91,1570.33,84.1664
1782683100000,2026-06-28 21:45:00,1570.32,1570.63,1559.53,1563.08,159.8038
1782684000000,2026-06-28 22:00:00,1563.09,1581.44,1563.09,1572.17,335.7369
1782684900000,2026-06-28 22:15:00,1571.55,1572.02,1560.22,1567.54,264.0374
1782685800000,2026-06-28 22:30:00,1567.54,1569.71,1320.0,1562.43,231.7113
1782686700000,2026-06-28 22:45:00,1561.26,1563.93,1551.33,1557.55,392.4816
1782687600000,2026-06-28 23:00:00,1557.55,1565.13,1555.51,1562.51,189.7214
1782688500000,2026-06-28 23:15:00,1561.79,1570.94,1561.07,1570.04,119.8481
1782689400000,2026-06-28 23:30:00,1569.8,1579.85,1569.8,1575.67,166.1711
1782690300000,2026-06-28 23:45:00,1575.74,1576.81,1571.69,1571.96,103.6684
1782691200000,2026-06-29 00:00:00,1571.96,1574.2,1563.2,1569.92,238.5203
1782692100000,2026-06-29 00:15:00,1569.77,1569.82,1560.79,1560.86,188.2642
1782693000000,2026-06-29 00:30:00,1560.86,1563.96,1552.79,1563.02,276.0792
1782693900000,2026-06-29 00:45:00,1563.02,1574.66,1559.08,1573.94,227.6229
1782694800000,2026-06-29 01:00:00,1573.95,1573.95,1566.47,1567.41,196.2278
1782695700000,2026-06-29 01:15:00,1567.59,1568.46,1560.84,1563.09,216.3872
1782696600000,2026-06-29 01:30:00,1562.92,1573.95,1561.28,1572.3,210.0485
1782697500000,2026-06-29 01:45:00,1572.3,1572.92,1568.6,1568.6,104.4832
1782698400000,2026-06-29 02:00:00,1568.61,1587.29,1550.95,1554.13,204.5908
1782699300000,2026-06-29 02:15:00,1554.13,1575.38,1554.12,1573.29,339.9352
1782700200000,2026-06-29 02:30:00,1573.29,1577.53,1569.71,1576.31,196.8482
1782701100000,2026-06-29 02:45:00,1576.6,1578.45,1575.85,1576.37,140.3267
1782702000000,2026-06-29 03:00:00,1576.59,1587.2,1576.59,1583.84,219.0534
1782702900000,2026-06-29 03:15:00,1583.84,1588.21,1583.16,1587.32,83.2111
1782703800000,2026-06-29 03:30:00,1587.21,1587.21,1577.69,1578.36,130.8325
1782704700000,2026-06-29 03:45:00,1578.58,1584.98,1577.98,1584.98,106.3804
1782705600000,2026-06-29 04:00:00,1584.63,1584.83,1580.11,1580.55,114.7064
1782706500000,2026-06-29 04:15:00,1580.23,1583.2,1579.07,1582.3,114.7092
1782707400000,2026-06-29 04:30:00,1582.53,1582.53,1575.23,1576.79,91.3007
1782708300000,2026-06-29 04:45:00,1577.3,1578.1,1575.07,1575.26,77.2063
1782709200000,2026-06-29 05:00:00,1575.49,1576.29,1563.16,1567.48,191.5921
1782710100000,2026-06-29 05:15:00,1566.93,1571.61,1566.93,1570.14,142.7008
1782711000000,2026-06-29 05:30:00,1570.48,1578.57,1569.2,1578.54,108.586
1782711900000,2026-06-29 05:45:00,1578.54,1582.95,1577.68,1582.2,137.1344
1782712800000,2026-06-29 06:00:00,1583.09,1587.08,1583.09,1584.77,126.674
1782713700000,2026-06-29 06:15:00,1585.35,1588.27,1583.15,1583.16,131.3029
1782714600000,2026-06-29 06:30:00,1583.53,1584.19,1579.86,1581.29,71.4962
1782715500000,2026-06-29 06:45:00,1581.5,1583.43,1580.81,1583.09,66.3382
1782716400000,2026-06-29 07:00:00,1582.82,1582.82,1578.14,1580.86,109.3906
1782717300000,2026-06-29 07:15:00,1580.87,1583.96,1579.32,1582.5,90.8512
1782718200000,2026-06-29 07:30:00,1582.06,1582.28,1580.05,1580.06,95.2677
1782719100000,2026-06-29 07:45:00,1580.01,1582.88,1580.01,1580.18,69.7498
1782720000000,2026-06-29 08:00:00,1580.17,1581.86,1577.4,1579.4,110.4883
1782720900000,2026-06-29 08:15:00,1579.8,1581.73,1573.2,1573.74,140.0188
1782721800000,2026-06-29 08:30:00,1573.74,1576.5,1570.22,1574.01,289.7661
1782722700000,2026-06-29 08:45:00,1574.01,1576.66,1572.27,1573.32,174.4836
1782723600000,2026-06-29 09:00:00,1573.32,1574.76,1572.51,1574.75,227.7775
1782724500000,2026-06-29 09:15:00,1574.76,1579.34,1571.1,1576.48,184.2049
1782725400000,2026-06-29 09:30:00,1576.39,1578.16,1573.43,1573.96,239.5731
1782726300000,2026-06-29 09:45:00,1573.96,1577.03,1573.52,1576.05,181.7565
1782727200000,2026-06-29 10:00:00,1576.06,1586.07,1576.06,1583.81,181.0537
1782728100000,2026-06-29 10:15:00,1583.84,1583.96,1581.2,1581.64,106.293
1782729000000,2026-06-29 10:30:00,1581.75,1581.75,1578.82,1579.16,52.7729
1782729900000,2026-06-29 10:45:00,1579.16,1579.57,1577.77,1578.68,52.6948
1782730800000,2026-06-29 11:00:00,1578.6,1578.81,1573.47,1573.47,157.3244
1782731700000,2026-06-29 11:15:00,1573.46,1574.21,1570.68,1574.21,134.7696
1782732600000,2026-06-29 11:30:00,1573.77,1580.0,1571.29,1572.32,233.424
1782733500000,2026-06-29 11:45:00,1572.17,1574.99,1570.6,1574.4,106.365
1782734400000,2026-06-29 12:00:00,1574.4,1596.05,1568.66,1596.05,484.5334
1782735300000,2026-06-29 12:15:00,1596.06,1596.58,1587.77,1590.47,174.0132
1782736200000,2026-06-29 12:30:00,1590.33,1590.56,1572.2,1575.56,198.0936
1782737100000,2026-06-29 12:45:00,1575.68,1578.78,1571.4,1575.9,127.2595
1782738000000,2026-06-29 13:00:00,1575.89,1587.94,1575.89,1585.18,309.0521
1782738900000,2026-06-29 13:15:00,1585.18,1586.18,1576.26,1576.26,113.9103
1782739800000,2026-06-29 13:30:00,1576.25,1583.18,1567.04,1568.97,411.4113
1782740700000,2026-06-29 13:45:00,1568.97,1574.67,1565.72,1571.95,303.8512
1782741600000,2026-06-29 14:00:00,1571.94,1571.99,1560.08,1560.82,266.5837
1782742500000,2026-06-29 14:15:00,1561.01,1573.01,1557.85,1571.17,322.0734
1782743400000,2026-06-29 14:30:00,1571.17,1578.1,1567.66,1567.66,335.9462
1782744300000,2026-06-29 14:45:00,1567.66,1575.0,1565.14,1572.7,280.7726
1782745200000,2026-06-29 15:00:00,1572.59,1572.6,1561.97,1566.08,217.6964
1782746100000,2026-06-29 15:15:00,1565.84,1573.35,1563.64,1573.35,356.4945
1782747000000,2026-06-29 15:30:00,1573.74,1581.79,1341.83,1578.57,470.1731
1782747900000,2026-06-29 15:45:00,1578.58,1583.72,1576.79,1580.65,285.9287
1782748800000,2026-06-29 16:00:00,1580.58,1583.81,1577.35,1577.86,284.2356
1782749700000,2026-06-29 16:15:00,1578.28,1580.01,1576.74,1577.06,569.2198
1782750600000,2026-06-29 16:30:00,1577.06,1586.42,1553.73,1585.74,509.0089
1782751500000,2026-06-29 16:45:00,1585.74,1586.83,1582.67,1585.38,146.4963
1782752400000,2026-06-29 17:00:00,1585.37,1619.18,1585.37,1617.99,303.0398
1782753300000,2026-06-29 17:15:00,1617.99,1629.75,1617.55,1626.88,476.4687
1782754200000,2026-06-29 17:30:00,1627.05,1632.23,1623.36,1628.98,332.2609
1782755100000,2026-06-29 17:45:00,1628.98,1635.89,1627.95,1628.16,193.5739
1782756000000,2026-06-29 18:00:00,1628.04,1628.37,1624.35,1628.1,207.6044
1782756900000,2026-06-29 18:15:00,1628.01,1628.61,1618.91,1618.91,243.2276
1782757800000,2026-06-29 18:30:00,1618.92,1624.0,1618.91,1623.03,146.4378
1782758700000,2026-06-29 18:45:00,1623.74,1623.74,1620.04,1620.97,88.754
1782759600000,2026-06-29 19:00:00,1620.98,1620.98,1616.54,1618.77,143.7287
1782760500000,2026-06-29 19:15:00,1618.77,1626.98,1617.54,1626.22,118.0604
1782761400000,2026-06-29 19:30:00,1626.02,1626.02,1621.53,1624.44,127.7813
1782762300000,2026-06-29 19:45:00,1624.42,1626.97,1623.92,1625.44,130.9332
1782763200000,2026-06-29 20:00:00,1625.44,1626.46,1622.48,1622.81,326.5187
1782764100000,2026-06-29 20:15:00,1622.81,1625.31,1621.35,1622.84,82.4356
1782765000000,2026-06-29 20:30:00,1622.84,1625.66,1348.37,1622.31,373.9679
1782765900000,2026-06-29 20:45:00,1622.48,1622.49,1617.54,1617.65,126.8459
1782766800000,2026-06-29 21:00:00,1617.65,1620.05,1613.07,1619.54,138.5401
1782767700000,2026-06-29 21:15:00,1619.31,1619.32,1615.22,1616.12,59.3688
1782768600000,2026-06-29 21:30:00,1616.11,1621.66,1616.11,1620.93,56.4119
1782769500000,2026-06-29 21:45:00,1621.2,1622.6,1619.58,1619.87,105.0557
1782770400000,2026-06-29 22:00:00,1620.0,1620.61,1617.78,1619.13,80.0279
1782771300000,2026-06-29 22:15:00,1618.91,1621.76,1617.4,1617.88,85.5986
1782772200000,2026-06-29 22:30:00,1617.82,1618.18,1613.81,1615.23,80.863
1782773100000,2026-06-29 22:45:00,1615.37,1616.4,1612.84,1612.9,84.7744
1782774000000,2026-06-29 23:00:00,1612.91,1613.98,1611.99,1612.51,94.9949
1782774900000,2026-06-29 23:15:00,1612.51,1612.51,1608.13,1608.98,157.7384
1782775800000,2026-06-29 23:30:00,1608.98,1612.11,1607.82,1611.59,67.2664
1782776700000,2026-06-29 23:45:00,1611.01,1613.3,1611.0,1613.29,78.0251
1782777600000,2026-06-30 00:00:00,1613.29,1614.02,1610.15,1611.81,175.2251
1782778500000,2026-06-30 00:15:00,1611.9,1612.91,1602.83,1602.83,158.0566
1782779400000,2026-06-30 00:30:00,1602.82,1602.83,1592.93,1594.74,388.5869
1782780300000,2026-06-30 00:45:00,1594.74,1597.76,1593.82,1594.32,248.0413
1782781200000,2026-06-30 01:00:00,1594.42,1595.61,1591.11,1592.5,310.5912
1782782100000,2026-06-30 01:15:00,1592.5,1599.71,1591.91,1599.05,197.8401
1782783000000,2026-06-30 01:30:00,1599.19,1599.26,1360.0,1591.46,208.5901
1782783900000,2026-06-30 01:45:00,1591.46,1594.23,1591.1,1593.92,78.76
1782784800000,2026-06-30 02:00:00,1593.92,1593.93,1587.63,1588.26,166.7796
1782785700000,2026-06-30 02:15:00,1588.26,1592.08,1586.54,1591.8,137.3433
1782786600000,2026-06-30 02:30:00,1591.44,1592.71,1589.84,1591.82,60.0429
1782787500000,2026-06-30 02:45:00,1591.82,1593.74,1590.52,1590.57,129.7968
1782788400000,2026-06-30 03:00:00,1590.56,1593.53,1590.56,1592.11,72.4223
1782789300000,2026-06-30 03:15:00,1592.11,1596.11,1591.0,1592.38,66.7516
1782790200000,2026-06-30 03:30:00,1592.24,1592.24,1588.75,1590.66,64.3766
1782791100000,2026-06-30 03:45:00,1590.28,1590.62,1586.98,1587.19,85.0837
1782792000000,2026-06-30 04:00:00,1587.19,1588.56,1579.79,1587.9,176.8461
1782792900000,2026-06-30 04:15:00,1587.9,1588.06,1583.39,1587.39,113.2012
1782793800000,2026-06-30 04:30:00,1587.38,1590.82,1587.38,1588.67,98.6929
1782794700000,2026-06-30 04:45:00,1588.66,1589.6,1586.91,1588.13,177.9542
1782795600000,2026-06-30 05:00:00,1588.1,1590.42,1588.1,1589.17,238.1395
1782796500000,2026-06-30 05:15:00,1589.17,1589.49,1585.6,1585.79,289.8672
1782797400000,2026-06-30 05:30:00,1585.78,1702.67,1585.31,1591.73,485.0889
1782798300000,2026-06-30 05:45:00,1591.73,1760.0,1553.5,1591.61,186.9286
1782799200000,2026-06-30 06:00:00,1591.61,1591.61,1589.8,1590.79,143.7248
1782800100000,2026-06-30 06:15:00,1590.78,1594.28,1589.15,1594.28,130.8538
1782801000000,2026-06-30 06:30:00,1594.27,1594.28,1592.08,1592.71,46.5941
1782801900000,2026-06-30 06:45:00,1592.98,1594.65,1592.46,1593.57,85.462
1782802800000,2026-06-30 07:00:00,1593.72,1595.69,1590.26,1591.43,112.152
1782803700000,2026-06-30 07:15:00,1591.56,1592.98,1590.62,1591.49,35.8128
1782804600000,2026-06-30 07:30:00,1591.37,1594.2,1591.37,1591.73,78.333
1782805500000,2026-06-30 07:45:00,1591.75,1593.47,1591.48,1592.5,49.9175
1782806400000,2026-06-30 08:00:00,1592.51,1594.19,1590.35,1590.35,99.2763
1782807300000,2026-06-30 08:15:00,1590.34,1590.4,1587.62,1589.27,97.9794
1782808200000,2026-06-30 08:30:00,1589.67,1589.68,1580.16,1582.66,168.7249
1782809100000,2026-06-30 08:45:00,1582.86,1584.29,1579.85,1584.13,134.3518
1782810000000,2026-06-30 09:00:00,1583.98,1586.89,1582.55,1584.88,141.064
1782810900000,2026-06-30 09:15:00,1584.87,1585.47,1582.29,1583.63,107.5516
1782811800000,2026-06-30 09:30:00,1583.63,1585.45,1581.49,1584.64,110.5219
1782812700000,2026-06-30 09:45:00,1584.79,1586.74,1584.27,1585.33,78.2909
1782813600000,2026-06-30 10:00:00,1585.35,1586.7,1583.11,1585.21,109.9185
1782814500000,2026-06-30 10:15:00,1585.46,1585.61,1583.0,1583.9,66.8541
1782815400000,2026-06-30 10:30:00,1583.61,1584.39,1582.48,1584.37,62.917
1782816300000,2026-06-30 10:45:00,1584.4,1586.53,1583.79,1584.52,91.9169
1782817200000,2026-06-30 11:00:00,1584.52,1585.9,1584.07,1584.59,152.711
1782818100000,2026-06-30 11:15:00,1585.0,1585.01,1578.22,1578.82,149.1725
1782819000000,2026-06-30 11:30:00,1578.82,1580.97,1576.29,1580.97,156.7673
1782819900000,2026-06-30 11:45:00,1580.98,1583.26,1577.16,1578.29,94.1334
1782820800000,2026-06-30 12:00:00,1578.57,1578.58,1573.2,1573.26,129.2505
1782821700000,2026-06-30 12:15:00,1572.99,1573.68,1564.12,1564.5,190.3931
1782822600000,2026-06-30 12:30:00,1565.31,1565.47,1562.17,1564.28,192.9733
1782823500000,2026-06-30 12:45:00,1564.27,1564.92,1552.71,1552.72,279.3184
1782824400000,2026-06-30 13:00:00,1552.72,1561.93,1551.64,1558.77,263.8747
1782825300000,2026-06-30 13:15:00,1558.74,1562.3,1558.74,1560.9,119.4655
1782826200000,2026-06-30 13:30:00,1560.9,1566.86,1552.12,1560.26,343.4539
1782827100000,2026-06-30 13:45:00,1560.17,1567.51,1557.68,1567.51,256.4974
1782828000000,2026-06-30 14:00:00,1567.29,1577.8,1566.27,1571.98,335.9906
1782828900000,2026-06-30 14:15:00,1571.98,1575.45,1569.68,1573.74,164.9613
1782829800000,2026-06-30 14:30:00,1574.05,1575.43,1564.97,1572.45,261.8635
1782830700000,2026-06-30 14:45:00,1572.46,1572.46,1561.35,1563.72,187.6587
1782831600000,2026-06-30 15:00:00,1563.52,1566.85,1557.64,1565.51,217.0568
1782832500000,2026-06-30 15:15:00,1565.14,1567.55,1320.0,1566.37,214.7823
1782833400000,2026-06-30 15:30:00,1565.95,1567.24,1562.94,1566.17,153.1565
1782834300000,2026-06-30 15:45:00,1566.37,1576.94,1564.72,1564.87,220.0214
1782835200000,2026-06-30 16:00:00,1565.18,1571.84,1564.96,1566.43,178.3875
1782836100000,2026-06-30 16:15:00,1566.42,1567.22,1562.36,1563.6,193.4535
1782837000000,2026-06-30 16:30:00,1563.32,1570.22,1561.95,1566.43,250.1478
1782837900000,2026-06-30 16:45:00,1566.61,1574.89,1566.61,1572.37,130.531
1782838800000,2026-06-30 17:00:00,1572.38,1576.7,1570.32,1570.47,170.5436
1782839700000,2026-06-30 17:15:00,1570.65,1573.25,1570.55,1570.91,159.8237
1782840600000,2026-06-30 17:30:00,1571.07,1572.89,1569.85,1570.4,115.8765
1782841500000,2026-06-30 17:45:00,1570.7,1572.0,1568.64,1570.81,105.8093
1782842400000,2026-06-30 18:00:00,1570.86,1573.5,1569.87,1572.74,99.041
1782843300000,2026-06-30 18:15:00,1573.23,1580.05,1571.7,1577.05,213.5366
1782844200000,2026-06-30 18:30:00,1576.93,1577.17,1573.13,1574.39,76.7989
1782845100000,2026-06-30 18:45:00,1575.08,1580.24,1574.58,1579.42,108.9844
1782846000000,2026-06-30 19:00:00,1579.11,1581.04,1577.5,1578.71,103.4895
1782846900000,2026-06-30 19:15:00,1578.71,1578.71,1575.68,1577.3,105.3112
1782847800000,2026-06-30 19:30:00,1577.79,1581.43,1577.71,1579.74,126.5491
1782848700000,2026-06-30 19:45:00,1579.77,1580.97,1577.89,1580.31,117.0001
1782849600000,2026-06-30 20:00:00,1580.54,1582.12,1578.1,1581.32,181.3449
1782850500000,2026-06-30 20:15:00,1581.32,1581.32,1575.92,1577.28,190.0716
1782851400000,2026-06-30 20:30:00,1577.29,1577.29,1574.09,1574.62,159.3199
1782852300000,2026-06-30 20:45:00,1574.47,1578.28,1574.34,1576.0,166.4236
1782853200000,2026-06-30 21:00:00,1575.99,1576.89,1572.27,1573.56,138.7806
1782854100000,2026-06-30 21:15:00,1573.56,1574.23,1570.07,1572.14,84.8515
1782855000000,2026-06-30 21:30:00,1571.76,1573.02,1570.36,1570.36,44.195
1782855900000,2026-06-30 21:45:00,1570.98,1571.9,1570.15,1571.37,89.6849
1782856800000,2026-06-30 22:00:00,1571.67,1574.53,1571.43,1573.33,99.8112
1782857700000,2026-06-30 22:15:00,1573.15,1574.66,1570.7,1570.7,93.3149
1782858600000,2026-06-30 22:30:00,1571.02,1571.02,1566.92,1568.28,116.5491
1782859500000,2026-06-30 22:45:00,1568.33,1569.31,1566.9,1567.97,50.2254
1782860400000,2026-06-30 23:00:00,1567.67,1569.29,1566.0,1568.94,158.8388
1782861300000,2026-06-30 23:15:00,1569.05,1570.93,1568.54,1569.82,215.048
1782862200000,2026-06-30 23:30:00,1569.91,1571.45,1568.84,1570.33,102.9734
1782863100000,2026-06-30 23:45:00,1570.53,1572.6,1570.5,1572.49,83.8559
1782864000000,2026-07-01 00:00:00,1572.01,1575.42,1572.0,1574.43,192.9009
1782864900000,2026-07-01 00:15:00,1574.44,1574.72,1566.35,1568.7,133.0793
1782865800000,2026-07-01 00:30:00,1568.69,1573.04,1568.69,1571.96,111.4971
1782866700000,2026-07-01 00:45:00,1571.97,1576.64,1571.97,1574.7,82.779
1782867600000,2026-07-01 01:00:00,1575.07,1575.3,1553.62,1563.63,282.7485
1782868500000,2026-07-01 01:15:00,1563.63,1571.21,1560.13,1570.55,272.0104
1782869400000,2026-07-01 01:30:00,1569.82,1584.06,1569.81,1581.81,316.9752
1782870300000,2026-07-01 01:45:00,1580.93,1582.43,1577.27,1578.26,128.7047
1782871200000,2026-07-01 02:00:00,1577.91,1580.24,1574.63,1578.79,164.6874
1782872100000,2026-07-01 02:15:00,1578.91,1584.42,1578.71,1582.86,183.3639
1782873000000,2026-07-01 02:30:00,1582.94,1589.25,1582.06,1589.05,169.9938
1782873900000,2026-07-01 02:45:00,1588.65,1589.36,1584.02,1586.22,106.1556
1782874800000,2026-07-01 03:00:00,1586.3,1590.0,1584.55,1585.93,93.1143
1782875700000,2026-07-01 03:15:00,1585.59,1585.6,1582.73,1583.99,81.4704
1782876600000,2026-07-01 03:30:00,1584.44,1595.7,1582.54,1589.22,263.9878
1782877500000,2026-07-01 03:45:00,1589.42,1599.15,1589.42,1594.67,221.4785
1782878400000,2026-07-01 04:00:00,1594.8,1594.81,1590.9,1592.03,131.3483
1782879300000,2026-07-01 04:15:00,1591.99,1594.6,1591.95,1593.91,70.0627
1782880200000,2026-07-01 04:30:00,1594.01,1597.2,1592.52,1597.2,146.3308
1782881100000,2026-07-01 04:45:00,1597.38,1601.48,1597.38,1600.17,440.827
1782882000000,2026-07-01 05:00:00,1600.17,1600.2,1599.72,1599.72,635.2138
1782882900000,2026-07-01 05:15:00,1599.72,1600.2,1589.4,1593.73,214.8054
1782883800000,2026-07-01 05:30:00,1593.73,1594.41,1591.74,1593.11,113.5736
1782884700000,2026-07-01 05:45:00,1593.18,1593.21,1591.26,1592.73,37.7393
1782885600000,2026-07-01 06:00:00,1592.74,1593.04,1585.54,1587.27,111.4501
1782886500000,2026-07-01 06:15:00,1587.27,1587.77,1578.33,1580.69,199.4458
1782887400000,2026-07-01 06:30:00,1580.85,1581.71,1571.77,1577.18,218.1458
1782888300000,2026-07-01 06:45:00,1577.18,1577.67,1573.48,1575.74,158.3945
1782889200000,2026-07-01 07:00:00,1575.74,1576.97,1572.52,1574.92,171.3194
1782890100000,2026-07-01 07:15:00,1575.55,1579.73,1573.8,1577.85,93.5801
1782891000000,2026-07-01 07:30:00,1577.71,1579.12,1575.01,1577.51,107.3547
1782891900000,2026-07-01 07:45:00,1577.57,1581.08,1576.72,1578.0,65.7637
1782892800000,2026-07-01 08:00:00,1577.88,1578.66,1574.36,1576.34,223.471
1782893700000,2026-07-01 08:15:00,1575.01,1575.66,1571.28,1572.01,118.3756
1782894600000,2026-07-01 08:30:00,1571.94,1575.78,1569.0,1575.78,186.1692
1782895500000,2026-07-01 08:45:00,1575.56,1582.14,1574.06,1582.14,88.5889
1782896400000,2026-07-01 09:00:00,1582.97,1584.73,1579.65,1580.6,165.3511
1782897300000,2026-07-01 09:15:00,1580.57,1582.27,1579.8,1579.84,76.183
1782898200000,2026-07-01 09:30:00,1579.85,1581.61,1579.49,1581.34,56.5337
1782899100000,2026-07-01 09:45:00,1581.44,1582.84,1578.92,1581.26,101.4109
1782900000000,2026-07-01 10:00:00,1580.72,1581.39,1574.76,1574.77,108.4736
1782900900000,2026-07-01 10:15:00,1574.77,1576.99,1573.41,1575.49,81.9353
1782901800000,2026-07-01 10:30:00,1575.54,1575.82,1572.26,1572.89,50.8013
1782902700000,2026-07-01 10:45:00,1572.55,1574.7,1572.55,1573.8,58.2681
1782903600000,2026-07-01 11:00:00,1573.63,1575.61,1571.21,1574.59,118.1375
1782904500000,2026-07-01 11:15:00,1574.71,1575.95,1572.74,1572.74,61.7811
1782905400000,2026-07-01 11:30:00,1572.36,1573.59,1570.79,1572.96,107.8347
1782906300000,2026-07-01 11:45:00,1573.34,1573.71,1567.8,1570.03,82.6669
1782907200000,2026-07-01 12:00:00,1570.12,1572.01,1566.77,1568.15,160.1741
1782908100000,2026-07-01 12:15:00,1568.16,1571.54,1568.16,1570.5,73.3362
1782909000000,2026-07-01 12:30:00,1570.21,1570.54,1566.46,1567.05,117.4125
1782909900000,2026-07-01 12:45:00,1567.05,1570.18,1565.95,1570.18,95.2259
1782910800000,2026-07-01 13:00:00,1570.18,1575.03,1570.17,1573.34,90.9958
1782911700000,2026-07-01 13:15:00,1573.73,1578.42,1573.01,1576.84,113.025
1782912600000,2026-07-01 13:30:00,1576.85,1625.22,1570.47,1582.26,306.0531
1782913500000,2026-07-01 13:45:00,1582.27,1596.78,1580.11,1596.75,396.7071
1782914400000,2026-07-01 14:00:00,1596.75,1612.85,1591.2,1612.85,344.766
1782915300000,2026-07-01 14:15:00,1612.93,1616.36,1604.78,1605.73,305.5716
1782916200000,2026-07-01 14:30:00,1605.67,1606.56,1597.9,1598.69,241.1075
1782917100000,2026-07-01 14:45:00,1598.69,1602.4,1592.51,1600.5,248.9673
1782918000000,2026-07-01 15:00:00,1600.5,1615.23,1600.49,1611.69,283.363
1782918900000,2026-07-01 15:15:00,1611.69,1630.53,1578.02,1623.36,301.1115
1782919800000,2026-07-01 15:30:00,1623.35,1627.04,1620.65,1622.73,214.9111
1782920700000,2026-07-01 15:45:00,1622.73,1623.0,1617.69,1620.17,112.8709
1782921600000,2026-07-01 16:00:00,1620.17,1620.55,1616.42,1619.02,176.2601
1782922500000,2026-07-01 16:15:00,1618.97,1626.92,1615.33,1623.96,199.0388
1782923400000,2026-07-01 16:30:00,1623.96,1623.96,1618.05,1618.85,93.3289
1782924300000,2026-07-01 16:45:00,1619.12,1619.4,1612.77,1613.97,147.038
1782925200000,2026-07-01 17:00:00,1614.66,1614.66,1607.61,1613.41,193.6279
1782926100000,2026-07-01 17:15:00,1613.72,1624.79,1613.72,1621.35,247.5155
1782927000000,2026-07-01 17:30:00,1621.35,1624.63,1618.97,1621.33,149.784
1782927900000,2026-07-01 17:45:00,1621.32,1624.26,1621.32,1622.72,107.5921
1782928800000,2026-07-01 18:00:00,1622.72,1624.1,1617.29,1619.07,144.7073
1782929700000,2026-07-01 18:15:00,1619.07,1622.46,1617.74,1617.75,134.0691
1782930600000,2026-07-01 18:30:00,1617.89,1620.23,1614.76,1619.38,129.5889
1782931500000,2026-07-01 18:45:00,1618.87,1619.12,1613.04,1616.85,176.7644
1782932400000,2026-07-01 19:00:00,1616.59,1622.68,1616.55,1622.68,111.0747
1782933300000,2026-07-01 19:15:00,1622.67,1623.36,1617.41,1618.66,102.039
1782934200000,2026-07-01 19:30:00,1618.83,1621.91,1616.62,1619.52,143.1817
1782935100000,2026-07-01 19:45:00,1619.24,1619.41,1614.73,1617.78,88.3018
1782936000000,2026-07-01 20:00:00,1617.63,1617.91,1612.13,1616.55,135.5633
1782936900000,2026-07-01 20:15:00,1616.55,1617.39,1610.77,1615.78,169.2566
1782937800000,2026-07-01 20:30:00,1615.79,1618.73,1614.8,1616.13,89.9342
1782938700000,2026-07-01 20:45:00,1616.12,1620.07,1616.12,1617.56,48.3131
1782939600000,2026-07-01 21:00:00,1617.68,1624.1,1617.68,1622.92,164.498
1782940500000,2026-07-01 21:15:00,1623.37,1626.0,1621.37,1624.17,137.8823
1782941400000,2026-07-01 21:30:00,1624.6,1629.92,1624.6,1627.99,135.5219
1782942300000,2026-07-01 21:45:00,1628.0,1636.11,1627.26,1632.52,133.7439
1782943200000,2026-07-01 22:00:00,1632.52,1632.52,1629.01,1629.5,113.217
1782944100000,2026-07-01 22:15:00,1630.04,1642.35,1628.7,1629.01,263.415
1782945000000,2026-07-01 22:30:00,1629.01,1629.42,1623.73,1624.9,148.4013
1782945900000,2026-07-01 22:45:00,1624.89,1625.91,1620.77,1622.53,79.6991
1782946800000,2026-07-01 23:00:00,1621.3,1621.3,1615.27,1615.64,144.5157
1782947700000,2026-07-01 23:15:00,1615.63,1618.5,1614.22,1614.63,89.7988
1782948600000,2026-07-01 23:30:00,1614.99,1616.48,1609.06,1614.27,208.4036
1782949500000,2026-07-01 23:45:00,1613.83,1613.83,1608.43,1609.68,110.2474
1782950400000,2026-07-02 00:00:00,1609.67,1609.68,1603.74,1606.41,153.1494
1782951300000,2026-07-02 00:15:00,1606.42,1606.86,1602.38,1602.71,138.7535
1782952200000,2026-07-02 00:30:00,1602.92,1604.61,1597.23,1597.93,165.2572
1782953100000,2026-07-02 00:45:00,1598.27,1605.11,1598.26,1602.95,115.7103
1782954000000,2026-07-02 01:00:00,1603.3,1609.54,1602.84,1608.82,128.9349
1782954900000,2026-07-02 01:15:00,1609.05,1612.51,1608.11,1611.18,100.5212
1782955800000,2026-07-02 01:30:00,1611.36,1623.61,1611.36,1621.86,219.6431
1782956700000,2026-07-02 01:45:00,1621.69,1623.87,1617.86,1620.3,171.3707
1782957600000,2026-07-02 02:00:00,1620.31,1620.37,1614.9,1617.63,106.1271
1782958500000,2026-07-02 02:15:00,1617.64,1620.59,1617.18,1618.56,144.2158
1782959400000,2026-07-02 02:30:00,1618.8,1623.6,1618.1,1622.8,156.6777
1782960300000,2026-07-02 02:45:00,1622.51,1624.34,1619.98,1621.02,98.7284
1782961200000,2026-07-02 03:00:00,1621.18,1623.97,1620.54,1623.97,114.6617
1782962100000,2026-07-02 03:15:00,1623.98,1635.33,1618.82,1629.35,184.8721
1782963000000,2026-07-02 03:30:00,1628.34,1634.48,1627.33,1634.4,147.9489
1782963900000,2026-07-02 03:45:00,1634.49,1641.75,1630.72,1639.64,382.5527
1782964800000,2026-07-02 04:00:00,1639.64,1639.64,1634.67,1635.77,116.6321
1782965700000,2026-07-02 04:15:00,1635.91,1637.02,1635.3,1635.63,241.304
1782966600000,2026-07-02 04:30:00,1635.63,1642.22,1568.06,1631.8,214.1561
1782967500000,2026-07-02 04:45:00,1631.75,1633.96,1631.21,1632.61,86.9186
1782968400000,2026-07-02 05:00:00,1632.61,1634.63,1628.97,1633.77,128.0825
1782969300000,2026-07-02 05:15:00,1633.77,1634.41,1632.14,1632.14,38.5105
1782970200000,2026-07-02 05:30:00,1632.14,1632.32,1626.96,1627.92,68.5594
1782971100000,2026-07-02 05:45:00,1627.13,1627.79,1625.27,1626.51,18.1187
1782972000000,2026-07-02 06:00:00,1626.51,1626.62,1622.63,1623.36,42.1933
1782972900000,2026-07-02 06:15:00,1622.63,1629.11,1622.45,1624.52,115.5589
1782973800000,2026-07-02 06:30:00,1624.51,1629.36,1624.39,1626.59,57.4589
1782974700000,2026-07-02 06:45:00,1626.54,1626.54,1617.52,1619.65,116.0955
1782975600000,2026-07-02 07:00:00,1619.37,1619.75,1617.19,1617.58,76.5683
1782976500000,2026-07-02 07:15:00,1617.93,1618.5,1615.35,1616.72,77.1216
1782977400000,2026-07-02 07:30:00,1616.71,1617.73,1615.46,1617.67,78.3706
1782978300000,2026-07-02 07:45:00,1617.51,1617.6,1614.45,1615.71,109.0446
1782979200000,2026-07-02 08:00:00,1615.8,1620.9,1615.29,1618.36,113.35
1782980100000,2026-07-02 08:15:00,1618.37,1620.79,1618.37,1619.56,47.4082
1782981000000,2026-07-02 08:30:00,1618.44,1625.2,1618.43,1623.29,109.2141
1782981900000,2026-07-02 08:45:00,1623.3,1625.86,1622.92,1624.97,26.8298
1782982800000,2026-07-02 09:00:00,1624.97,1624.97,1620.49,1623.13,76.4971
1782983700000,2026-07-02 09:15:00,1623.13,1629.43,1622.5,1629.43,124.7987
1782984600000,2026-07-02 09:30:00,1629.43,1650.65,1629.43,1643.04,433.612
1782985500000,2026-07-02 09:45:00,1643.04,1646.12,1638.84,1643.96,265.3245
1782986400000,2026-07-02 10:00:00,1643.95,1646.99,1641.73,1646.96,181.9237
1782987300000,2026-07-02 10:15:00,1646.97,1647.88,1643.9,1645.81,137.5766
1782988200000,2026-07-02 10:30:00,1645.81,1661.41,1644.55,1644.55,135.8
1782989100000,2026-07-02 10:45:00,1644.55,1647.74,1643.48,1646.0,93.2008
1782990000000,2026-07-02 11:00:00,1646.0,1654.46,1645.66,1650.38,119.4733
1782990900000,2026-07-02 11:15:00,1650.56,1651.02,1647.48,1647.61,95.3967
1782991800000,2026-07-02 11:30:00,1647.77,1648.1,1645.61,1645.85,90.9947
1782992700000,2026-07-02 11:45:00,1645.85,1652.18,1645.28,1650.95,127.4417
1782993600000,2026-07-02 12:00:00,1650.94,1655.63,1647.93,1655.63,111.6548
1782994500000,2026-07-02 12:15:00,1655.44,1662.66,1648.91,1662.66,202.5195
1782995400000,2026-07-02 12:30:00,1662.66,1666.16,1648.38,1659.9,381.0024
1782996300000,2026-07-02 12:45:00,1659.9,1666.23,1659.9,1662.87,188.4883
1782997200000,2026-07-02 13:00:00,1662.82,1671.81,1661.06,1668.74,261.6426
1782998100000,2026-07-02 13:15:00,1668.83,1689.68,1668.82,1681.3,534.1853
1782999000000,2026-07-02 13:30:00,1681.3,1712.49,1678.53,1709.98,719.7109
1782999900000,2026-07-02 13:45:00,1709.98,1713.33,1705.87,1710.26,386.1475
1783000800000,2026-07-02 14:00:00,1710.26,1721.84,1707.31,1716.45,342.6125
1783001700000,2026-07-02 14:15:00,1716.45,1720.61,1694.08,1702.85,368.5343
1783002600000,2026-07-02 14:30:00,1702.86,1706.84,1693.9,1695.64,439.5511
1783003500000,2026-07-02 14:45:00,1695.43,1701.89,1695.43,1700.72,257.6722
1783004400000,2026-07-02 15:00:00,1700.97,1702.61,1689.5,1694.11,201.6223
1783005300000,2026-07-02 15:15:00,1694.11,1703.03,1692.33,1699.74,191.8291
1783006200000,2026-07-02 15:30:00,1699.74,1702.88,1698.39,1702.78,191.0335
1783007100000,2026-07-02 15:45:00,1702.08,1703.4,1695.23,1697.4,157.3093
1783008000000,2026-07-02 16:00:00,1697.36,1701.53,1692.3,1699.67,239.5401
1783008900000,2026-07-02 16:15:00,1699.66,1699.66,1687.21,1688.75,224.2623
1783009800000,2026-07-02 16:30:00,1688.75,1697.44,1688.74,1696.54,175.8047
1783010700000,2026-07-02 16:45:00,1697.29,1703.3,1696.21,1699.75,149.4147
1783011600000,2026-07-02 17:00:00,1699.66,1701.84,1696.33,1699.05,151.223
1783012500000,2026-07-02 17:15:00,1698.47,1705.12,1698.46,1704.38,88.3729
1783013400000,2026-07-02 17:30:00,1703.49,1703.49,1695.48,1700.12,199.1941
1783014300000,2026-07-02 17:45:00,1700.28,1700.64,1694.99,1695.77,107.4557
1783015200000,2026-07-02 18:00:00,1695.89,1710.64,1695.88,1702.47,142.0556
1783016100000,2026-07-02 18:15:00,1702.19,1703.9,1699.91,1703.9,104.6778
1783017000000,2026-07-02 18:30:00,1703.9,1704.85,1702.2,1704.15,58.0308
1783017900000,2026-07-02 18:45:00,1704.28,1706.93,1700.46,1702.05,132.377
1783018800000,2026-07-02 19:00:00,1702.22,1702.74,1699.27,1702.48,121.7753
1783019700000,2026-07-02 19:15:00,1702.47,1702.47,1695.07,1699.35,91.2994
1783020600000,2026-07-02 19:30:00,1699.63,1701.77,1697.52,1701.77,85.3135
1783021500000,2026-07-02 19:45:00,1701.64,1705.33,1699.95,1699.95,173.1021
1783022400000,2026-07-02 20:00:00,1699.95,1700.48,1697.29,1700.37,46.1946
1783023300000,2026-07-02 20:15:00,1700.37,1702.4,1696.78,1696.78,71.7174
1783024200000,2026-07-02 20:30:00,1696.76,1698.47,1696.08,1697.96,83.8355
1783025100000,2026-07-02 20:45:00,1698.72,1706.38,1698.36,1705.9,44.1171
1783026000000,2026-07-02 21:00:00,1705.9,1705.9,1703.51,1703.52,48.5077
1783026900000,2026-07-02 21:15:00,1703.51,1704.6,1703.51,1703.9,25.3927
1783027800000,2026-07-02 21:30:00,1703.97,1703.97,1698.51,1698.55,132.1646
1783028700000,2026-07-02 21:45:00,1698.73,1700.29,1697.56,1700.29,66.7248
1783029600000,2026-07-02 22:00:00,1700.29,1700.53,1696.47,1697.27,54.7847
1783030500000,2026-07-02 22:15:00,1697.26,1698.89,1696.65,1696.99,32.3289
1783031400000,2026-07-02 22:30:00,1696.58,1697.57,1695.78,1695.91,60.0313
1783032300000,2026-07-02 22:45:00,1695.99,1700.55,1694.57,1697.45,109.823
1783033200000,2026-07-02 23:00:00,1697.44,1697.45,1692.14,1692.64,197.194
1783034100000,2026-07-02 23:15:00,1692.81,1699.43,1692.8,1698.38,143.1378
1783035000000,2026-07-02 23:30:00,1698.26,1701.02,1696.01,1697.0,106.3226
1783035900000,2026-07-02 23:45:00,1696.69,1700.46,1696.69,1700.43,60.029
1783036800000,2026-07-03 00:00:00,1700.43,1701.86,1698.0,1701.41,134.2573
1783037700000,2026-07-03 00:15:00,1700.51,1702.8,1697.6,1697.6,173.1623
1783038600000,2026-07-03 00:30:00,1697.6,1700.34,1694.73,1698.76,165.1313
1783039500000,2026-07-03 00:45:00,1698.77,1699.62,1696.17,1696.51,98.9224
1783040400000,2026-07-03 01:00:00,1696.93,1716.21,1695.34,1715.32,233.2583
1783041300000,2026-07-03 01:15:00,1715.32,1715.32,1705.86,1708.8,190.7855
1783042200000,2026-07-03 01:30:00,1708.8,1717.42,1707.67,1716.14,192.1567
1783043100000,2026-07-03 01:45:00,1716.46,1717.57,1712.19,1712.19,74.3757
1783044000000,2026-07-03 02:00:00,1712.19,1715.18,1708.38,1708.63,155.6782
1783044900000,2026-07-03 02:15:00,1708.63,1711.88,1703.14,1703.27,114.4857
1783045800000,2026-07-03 02:30:00,1703.26,1703.53,1685.68,1700.77,229.5988
1783046700000,2026-07-03 02:45:00,1700.78,1705.43,1699.52,1704.74,116.7573
1783047600000,2026-07-03 03:00:00,1704.98,1704.98,1699.72,1700.53,60.6823
1783048500000,2026-07-03 03:15:00,1700.54,1711.82,1700.54,1710.99,118.0378
1783049400000,2026-07-03 03:30:00,1710.83,1711.27,1707.39,1707.68,308.7787
1783050300000,2026-07-03 03:45:00,1707.68,1707.72,1704.6,1707.17,697.4245
1783051200000,2026-07-03 04:00:00,1707.17,1709.45,1694.34,1706.36,300.7683
1783052100000,2026-07-03 04:15:00,1706.25,1706.25,1703.47,1705.07,65.9777
1783053000000,2026-07-03 04:30:00,1705.07,1707.42,1703.29,1706.5,68.8985
1783053900000,2026-07-03 04:45:00,1706.51,1707.14,1702.5,1703.41,61.7561
1783054800000,2026-07-03 05:00:00,1702.91,1706.91,1702.62,1706.6,126.1644
1783055700000,2026-07-03 05:15:00,1706.85,1711.08,1705.2,1709.91,113.8016
1783056600000,2026-07-03 05:30:00,1709.75,1719.62,1709.75,1715.82,283.8294
1783057500000,2026-07-03 05:45:00,1715.51,1717.12,1714.27,1714.93,73.449
1783058400000,2026-07-03 06:00:00,1714.73,1720.94,1713.97,1717.38,105.6675
1783059300000,2026-07-03 06:15:00,1717.33,1720.13,1715.14,1716.63,61.3172
1783060200000,2026-07-03 06:30:00,1716.63,1719.31,1713.08,1714.67,98.636
1783061100000,2026-07-03 06:45:00,1715.58,1717.57,1714.97,1716.5,97.7619
1783062000000,2026-07-03 07:00:00,1716.02,1718.61,1714.0,1716.11,124.7348
1783062900000,2026-07-03 07:15:00,1716.04,1718.34,1716.04,1717.33,96.7361
1783063800000,2026-07-03 07:30:00,1717.33,1720.0,1716.05,1718.11,166.2305
1783064700000,2026-07-03 07:45:00,1718.11,1721.59,1717.35,1717.76,258.2125
1783065600000,2026-07-03 08:00:00,1717.76,1720.27,1716.53,1717.89,69.0276
1783066500000,2026-07-03 08:15:00,1717.88,1722.76,1715.87,1719.93,101.1708
1783067400000,2026-07-03 08:30:00,1720.15,1733.76,1621.67,1732.26,188.1206
1783068300000,2026-07-03 08:45:00,1732.26,1732.26,1718.98,1719.77,287.8333
1783069200000,2026-07-03 09:00:00,1719.9,1749.35,1717.5,1728.86,203.7224
1783070100000,2026-07-03 09:15:00,1728.86,1729.29,1725.45,1726.25,58.8034
1783071000000,2026-07-03 09:30:00,1726.25,1726.25,1720.99,1723.27,71.7311
1783071900000,2026-07-03 09:45:00,1723.96,1730.61,1723.69,1726.48,155.4377
1783072800000,2026-07-03 10:00:00,1726.47,1738.03,1726.47,1734.19,232.8208
1783073700000,2026-07-03 10:15:00,1734.2,1738.68,1731.86,1736.92,139.7504
1783074600000,2026-07-03 10:30:00,1736.32,1748.28,1735.01,1746.66,173.2384
1783075500000,2026-07-03 10:45:00,1746.66,1748.61,1742.33,1742.33,197.8401
1783076400000,2026-07-03 11:00:00,1742.02,1745.01,1739.1,1742.49,174.6841
1783077300000,2026-07-03 11:15:00,1742.49,1747.41,1742.43,1742.52,136.1281
1783078200000,2026-07-03 11:30:00,1742.51,1745.0,1739.3,1739.8,121.7842
1783079100000,2026-07-03 11:45:00,1739.8,1744.49,1739.8,1742.6,88.1992
1783080000000,2026-07-03 12:00:00,1742.59,1744.55,1739.52,1740.6,78.9065
1783080900000,2026-07-03 12:15:00,1740.52,1740.53,1731.74,1734.12,201.1387
1783081800000,2026-07-03 12:30:00,1734.5,1735.63,1732.2,1733.56,87.7338
1783082700000,2026-07-03 12:45:00,1733.55,1736.6,1733.55,1736.38,69.552
1783083600000,2026-07-03 13:00:00,1736.43,1738.7,1736.21,1738.43,73.2436
1783084500000,2026-07-03 13:15:00,1738.33,1747.52,1738.33,1745.12,129.9931
1783085400000,2026-07-03 13:30:00,1744.84,1751.4,1743.64,1748.01,86.7466
1783086300000,2026-07-03 13:45:00,1748.88,1751.63,1745.21,1748.78,125.3118
1783087200000,2026-07-03 14:00:00,1748.15,1748.15,1725.0,1733.33,113.5839
1783088100000,2026-07-03 14:15:00,1733.34,1737.13,1729.88,1733.29,218.3311
1783089000000,2026-07-03 14:30:00,1733.79,1736.98,1730.73,1736.55,116.2903
1783089900000,2026-07-03 14:45:00,1736.56,1739.81,1735.33,1737.2,142.429
1783090800000,2026-07-03 15:00:00,1737.2,1745.25,1736.6,1741.18,161.0154
1783091700000,2026-07-03 15:15:00,1740.96,1742.43,1732.49,1733.29,128.6781
1783092600000,2026-07-03 15:30:00,1733.35,1737.16,1731.26,1733.84,102.5114
1783093500000,2026-07-03 15:45:00,1733.84,1734.15,1729.98,1731.24,88.924
1783094400000,2026-07-03 16:00:00,1731.24,1732.6,1728.07,1728.09,90.5768
1783095300000,2026-07-03 16:15:00,1728.59,1735.16,1728.59,1734.36,84.7518
1783096200000,2026-07-03 16:30:00,1734.04,1734.83,1730.67,1733.05,175.539
1783097100000,2026-07-03 16:45:00,1732.85,1734.5,1731.0,1733.87,71.424
1783098000000,2026-07-03 17:00:00,1733.62,1737.13,1732.83,1736.27,35.8687
1783098900000,2026-07-03 17:15:00,1735.66,1738.3,1733.76,1736.74,46.8735
1783099800000,2026-07-03 17:30:00,1736.58,1755.04,1735.41,1740.62,128.0125
1783100700000,2026-07-03 17:45:00,1740.59,1741.14,1737.46,1737.66,57.6009
1783101600000,2026-07-03 18:00:00,1737.95,1738.69,1736.47,1736.67,21.6401
1783102500000,2026-07-03 18:15:00,1736.67,1738.09,1736.49,1738.09,55.7018
1783103400000,2026-07-03 18:30:00,1738.22,1739.35,1738.04,1739.23,45.0101
1783104300000,2026-07-03 18:45:00,1739.23,1740.15,1738.14,1738.78,33.9591
1783105200000,2026-07-03 19:00:00,1738.77,1740.79,1737.37,1737.53,78.1656
1783106100000,2026-07-03 19:15:00,1737.41,1747.04,1737.4,1746.64,113.0365
1783107000000,2026-07-03 19:30:00,1746.61,1751.09,1721.19,1748.01,171.8703
1783107900000,2026-07-03 19:45:00,1748.32,1748.32,1745.4,1745.78,59.8536
1783108800000,2026-07-03 20:00:00,1745.58,1750.84,1743.84,1748.17,76.9514
1783109700000,2026-07-03 20:15:00,1748.18,1755.68,1745.89,1753.79,173.9808
1783110600000,2026-07-03 20:30:00,1754.16,1769.78,1752.47,1766.3,300.2804
1783111500000,2026-07-03 20:45:00,1766.3,1771.83,1763.32,1766.52,230.4921
1783112400000,2026-07-03 21:00:00,1766.52,1772.9,1764.7,1766.65,221.318
1783113300000,2026-07-03 21:15:00,1766.65,1767.85,1763.8,1764.11,115.5785
1783114200000,2026-07-03 21:30:00,1764.1,1764.1,1756.77,1759.62,154.4623
1783115100000,2026-07-03 21:45:00,1759.62,1766.79,1759.62,1764.03,109.8888
1783116000000,2026-07-03 22:00:00,1763.67,1763.67,1756.98,1758.22,123.8476
1783116900000,2026-07-03 22:15:00,1758.21,1761.45,1758.19,1760.3,80.828
1783117800000,2026-07-03 22:30:00,1760.12,1761.19,1756.0,1758.28,86.448
1783118700000,2026-07-03 22:45:00,1758.29,1760.0,1756.94,1757.53,41.4548
1783119600000,2026-07-03 23:00:00,1757.47,1759.07,1756.02,1758.31,63.2895
1783120500000,2026-07-03 23:15:00,1758.32,1761.72,1757.2,1758.3,73.5319
1783121400000,2026-07-03 23:30:00,1758.3,1760.84,1758.3,1760.23,49.3316
1783122300000,2026-07-03 23:45:00,1760.87,1760.87,1756.93,1758.75,41.1939
1783123200000,2026-07-04 00:00:00,1758.83,1763.91,1757.46,1762.1,115.7899
1783124100000,2026-07-04 00:15:00,1761.91,1763.3,1757.59,1758.73,58.6204
1783125000000,2026-07-04 00:30:00,1759.36,1760.29,1756.5,1758.02,55.6329
1783125900000,2026-07-04 00:45:00,1758.02,1760.26,1757.14,1758.86,45.9189
1783126800000,2026-07-04 01:00:00,1758.85,1758.85,1746.78,1747.99,835.563
1783127700000,2026-07-04 01:15:00,1748.0,1751.28,1746.44,1749.06,104.966
1783128600000,2026-07-04 01:30:00,1749.06,1750.61,1746.96,1747.0,46.4519
1783129500000,2026-07-04 01:45:00,1747.0,1748.77,1746.1,1748.15,32.2329
1783130400000,2026-07-04 02:00:00,1748.06,1749.88,1747.26,1749.03,47.1274
1783131300000,2026-07-04 02:15:00,1749.03,1749.03,1747.02,1747.64,32.3383
1783132200000,2026-07-04 02:30:00,1747.63,1748.49,1744.09,1748.1,84.4671
1783133100000,2026-07-04 02:45:00,1748.16,1750.83,1747.09,1749.31,68.7406
1783134000000,2026-07-04 03:00:00,1749.31,1750.34,1747.36,1749.1,155.0621
1783134900000,2026-07-04 03:15:00,1749.1,1813.83,1710.99,1748.75,127.0812
1783135800000,2026-07-04 03:30:00,1748.75,1756.29,1748.0,1754.6,145.8145
1783136700000,2026-07-04 03:45:00,1755.1,1755.16,1753.31,1753.9,32.7926
1783137600000,2026-07-04 04:00:00,1753.99,1757.01,1752.8,1754.34,54.9336
1783138500000,2026-07-04 04:15:00,1754.33,1756.0,1752.0,1754.25,185.8892
1783139400000,2026-07-04 04:30:00,1754.01,1759.21,1753.71,1757.72,139.7071
1783140300000,2026-07-04 04:45:00,1758.33,1764.04,1758.33,1761.98,112.9028
1783141200000,2026-07-04 05:00:00,1761.99,1761.99,1756.45,1756.8,107.3938
1783142100000,2026-07-04 05:15:00,1756.54,1756.78,1753.29,1754.98,79.4551
1783143000000,2026-07-04 05:30:00,1754.98,1758.04,1754.97,1758.04,76.3379
1783143900000,2026-07-04 05:45:00,1758.31,1759.51,1754.74,1755.99,87.5139
1783144800000,2026-07-04 06:00:00,1755.99,1761.06,1755.7,1755.77,83.2167
1783145700000,2026-07-04 06:15:00,1755.68,1757.41,1752.13,1754.22,109.3565
1783146600000,2026-07-04 06:30:00,1754.22,1756.88,1754.07,1754.22,80.8202
1783147500000,2026-07-04 06:45:00,1754.21,1755.58,1753.43,1754.78,125.4088
1783148400000,2026-07-04 07:00:00,1754.78,1756.5,1752.87,1754.51,153.563
1783149300000,2026-07-04 07:15:00,1754.47,1757.47,1753.91,1755.67,82.4885
1783150200000,2026-07-04 07:30:00,1755.67,1756.9,1754.41,1756.27,64.5308
1783151100000,2026-07-04 07:45:00,1756.26,1759.53,1755.4,1758.39,133.8186
1783152000000,2026-07-04 08:00:00,1758.4,1759.66,1758.0,1759.66,61.4354
1783152900000,2026-07-04 08:15:00,1759.66,1760.72,1757.65,1757.65,67.1295
1783153800000,2026-07-04 08:30:00,1757.65,1764.14,1757.39,1760.73,156.8073
1783154700000,2026-07-04 08:45:00,1760.74,1764.96,1760.74,1762.31,96.5813
1783155600000,2026-07-04 09:00:00,1762.31,1762.36,1759.28,1761.18,93.0639
1783156500000,2026-07-04 09:15:00,1761.17,1761.4,1758.97,1759.65,32.7436
1783157400000,2026-07-04 09:30:00,1759.72,1759.72,1755.0,1756.13,76.6308
1783158300000,2026-07-04 09:45:00,1756.14,1758.29,1756.13,1758.12,45.671
1783159200000,2026-07-04 10:00:00,1758.12,1760.31,1757.13,1760.25,90.4292
1783160100000,2026-07-04 10:15:00,1759.97,1760.87,1758.65,1759.32,39.5946
1783161000000,2026-07-04 10:30:00,1759.41,1759.41,1757.51,1758.65,45.3861
1783161900000,2026-07-04 10:45:00,1758.65,1760.55,1758.35,1759.14,27.9207
1783162800000,2026-07-04 11:00:00,1759.14,1759.14,1756.38,1757.84,174.517
1783163700000,2026-07-04 11:15:00,1757.84,1758.83,1757.02,1757.84,238.0804
1783164600000,2026-07-04 11:30:00,1757.83,1760.15,1757.54,1757.71,399.0477
1783165500000,2026-07-04 11:45:00,1757.71,1758.6,1757.53,1758.23,432.2963
1783166400000,2026-07-04 12:00:00,1758.24,1761.8,1758.23,1761.35,167.5686
1783167300000,2026-07-04 12:15:00,1761.19,1763.4,1759.04,1763.19,78.7423
1783168200000,2026-07-04 12:30:00,1762.87,1765.89,1762.59,1763.95,118.7769
1783169100000,2026-07-04 12:45:00,1764.0,1764.99,1762.28,1764.12,70.3131
1783170000000,2026-07-04 13:00:00,1764.12,1764.47,1762.01,1762.16,70.3351
1783170900000,2026-07-04 13:15:00,1762.4,1774.83,1762.4,1768.69,189.404
1783171800000,2026-07-04 13:30:00,1768.69,1768.7,1763.31,1764.59,156.3665
1783172700000,2026-07-04 13:45:00,1764.42,1764.42,1761.98,1764.34,377.1336
1783173600000,2026-07-04 14:00:00,1764.05,1772.26,1763.95,1770.78,290.8432
1783174500000,2026-07-04 14:15:00,1770.92,1774.84,1769.55,1770.76,142.5189
1783175400000,2026-07-04 14:30:00,1771.06,2050.0,1768.36,1770.87,367.1664
1783176300000,2026-07-04 14:45:00,1770.51,1772.75,1769.3,1772.75,45.4638
1783177200000,2026-07-04 15:00:00,1772.22,1791.25,1772.22,1785.04,503.032
1783178100000,2026-07-04 15:15:00,1785.05,1796.24,1783.29,1793.55,274.9453
1783179000000,2026-07-04 15:30:00,1793.55,1794.47,1789.2,1791.16,164.6355
1783179900000,2026-07-04 15:45:00,1791.03,1794.79,1789.83,1791.09,109.9208
1783180800000,2026-07-04 16:00:00,1791.09,1791.42,1440.0,1785.1,337.1671
1783181700000,2026-07-04 16:15:00,1785.09,1789.62,1683.09,1787.51,194.7235
1783182600000,2026-07-04 16:30:00,1787.51,1791.05,1787.5,1788.29,73.3455
1783183500000,2026-07-04 16:45:00,1788.29,1789.5,1786.39,1786.95,61.8693
1783184400000,2026-07-04 17:00:00,1786.82,1786.82,1779.23,1779.93,136.3995
1783185300000,2026-07-04 17:15:00,1780.04,1787.4,1779.75,1787.17,139.3473
1783186200000,2026-07-04 17:30:00,1787.21,2000.0,1787.21,1791.8,189.8706
1783187100000,2026-07-04 17:45:00,1791.79,1806.02,1790.38,1799.32,266.7862
1783188000000,2026-07-04 18:00:00,1799.31,1805.0,1797.75,1804.54,195.9898
1783188900000,2026-07-04 18:15:00,1804.54,1839.38,1795.55,1796.66,123.4588
1783189800000,2026-07-04 18:30:00,1796.66,1796.67,1793.33,1794.53,183.2253
1783190700000,2026-07-04 18:45:00,1794.53,1795.59,1709.44,1793.89,162.9353
1783191600000,2026-07-04 19:00:00,1793.63,1794.92,1788.99,1790.29,137.1229
1783192500000,2026-07-04 19:15:00,1790.3,1796.04,1790.1,1795.34,136.1266
1783193400000,2026-07-04 19:30:00,1795.35,1797.29,1792.5,1796.65,174.7004
1783194300000,2026-07-04 19:45:00,1796.52,1796.52,1791.41,1792.86,100.3851
1783195200000,2026-07-04 20:00:00,1792.84,1795.81,1791.93,1794.72,129.5968
1783196100000,2026-07-04 20:15:00,1794.73,1794.73,1784.02,1784.55,298.8692
1783197000000,2026-07-04 20:30:00,1784.55,1805.37,1784.54,1789.59,168.664
1783197900000,2026-07-04 20:45:00,1789.69,1790.15,1787.08,1787.09,42.3035
1783198800000,2026-07-04 21:00:00,1787.15,1791.0,1786.43,1790.22,74.0826
1783199700000,2026-07-04 21:15:00,1790.22,1793.11,1790.07,1792.64,56.1698
1783200600000,2026-07-04 21:30:00,1792.63,1794.25,1789.88,1789.88,45.0858
1783201500000,2026-07-04 21:45:00,1789.89,1790.74,1788.73,1789.26,72.9106
1783202400000,2026-07-04 22:00:00,1789.26,1789.3,1785.02,1786.4,92.7725
1783203300000,2026-07-04 22:15:00,1786.4,1788.82,1784.13,1785.15,56.8553
1783204200000,2026-07-04 22:30:00,1785.42,1786.22,1785.1,1785.17,19.0973
1783205100000,2026-07-04 22:45:00,1785.17,1785.47,1782.39,1784.44,44.887
1783206000000,2026-07-04 23:00:00,1784.45,1785.42,1774.57,1774.57,85.7351
1783206900000,2026-07-04 23:15:00,1774.73,1778.88,1772.7,1778.87,95.067
1783207800000,2026-07-04 23:30:00,1778.87,1782.21,1778.87,1782.15,59.306
1783208700000,2026-07-04 23:45:00,1782.41,1782.72,1779.55,1780.63,18.8796
1783209600000,2026-07-05 00:00:00,1780.64,1780.75,1775.72,1776.46,94.1471
1783210500000,2026-07-05 00:15:00,1776.46,1776.7,1773.48,1775.17,60.2563
1783211400000,2026-07-05 00:30:00,1775.43,1776.7,1772.56,1775.57,58.2011
1783212300000,2026-07-05 00:45:00,1775.56,1776.36,1770.25,1772.71,85.8502
1783213200000,2026-07-05 01:00:00,1772.7,1774.63,1771.17,1771.71,81.6932
1783214100000,2026-07-05 01:15:00,1771.7,1771.7,1764.28,1768.48,149.6728
1783215000000,2026-07-05 01:30:00,1768.71,1768.72,1762.0,1765.43,121.3515
1783215900000,2026-07-05 01:45:00,1765.42,1767.24,1764.43,1766.6,93.5164
1783216800000,2026-07-05 02:00:00,1766.75,1767.72,1759.63,1760.64,146.031
1783217700000,2026-07-05 02:15:00,1760.63,1764.56,1757.39,1764.56,210.2029
1783218600000,2026-07-05 02:30:00,1764.55,1765.34,1762.64,1765.32,195.5399
1783219500000,2026-07-05 02:45:00,1765.32,1800.0,1500.0,1760.88,376.9198
1783220400000,2026-07-05 03:00:00,1760.87,1763.45,1760.12,1763.38,46.3257
1783221300000,2026-07-05 03:15:00,1763.38,1763.88,1758.09,1758.37,103.4742
1783222200000,2026-07-05 03:30:00,1758.73,1762.46,1758.58,1760.67,46.4763
1783223100000,2026-07-05 03:45:00,1760.67,1762.98,1760.55,1761.49,64.2824
1783224000000,2026-07-05 04:00:00,1761.49,1765.75,1760.13,1764.69,84.1439
1783224900000,2026-07-05 04:15:00,1764.69,1768.47,1764.68,1767.29,109.1988
1783225800000,2026-07-05 04:30:00,1767.24,1772.33,1767.08,1770.91,163.9216
1783226700000,2026-07-05 04:45:00,1770.78,1771.17,1767.44,1767.45,40.5269
1783227600000,2026-07-05 05:00:00,1767.45,1767.86,1765.08,1765.82,46.2117
1783228500000,2026-07-05 05:15:00,1765.3,1766.64,1763.58,1765.01,92.8582
1783229400000,2026-07-05 05:30:00,1764.98,1767.07,1760.63,1761.84,78.341
1783230300000,2026-07-05 05:45:00,1761.98,1766.24,1761.95,1765.01,138.1598
1783231200000,2026-07-05 06:00:00,1765.01,1766.09,1762.37,1764.24,136.8576
1783232100000,2026-07-05 06:15:00,1764.24,1765.05,1762.62,1764.69,83.9174
1783233000000,2026-07-05 06:30:00,1765.0,1767.6,1764.57,1765.29,99.9907
1783233900000,2026-07-05 06:45:00,1765.29,1766.02,1763.33,1764.89,80.3446
1783234800000,2026-07-05 07:00:00,1764.69,1765.52,1763.48,1763.64,56.2889
1783235700000,2026-07-05 07:15:00,1763.63,1765.21,1761.76,1763.09,103.971
1783236600000,2026-07-05 07:30:00,1763.33,1768.4,1763.33,1767.68,106.2497
1783237500000,2026-07-05 07:45:00,1767.06,1772.35,1766.07,1770.4,98.8382
1783238400000,2026-07-05 08:00:00,1770.1,1772.68,1766.9,1769.01,131.9268
1783239300000,2026-07-05 08:15:00,1769.02,1770.43,1766.78,1767.49,172.1201
1783240200000,2026-07-05 08:30:00,1767.49,1769.76,1766.75,1768.08,188.4518
1783241100000,2026-07-05 08:45:00,1768.07,1770.33,1766.81,1768.52,50.4702
1783242000000,2026-07-05 09:00:00,1768.52,1768.52,1765.97,1765.97,104.6798
1783242900000,2026-07-05 09:15:00,1765.97,1766.82,1761.01,1761.57,98.8976
1783243800000,2026-07-05 09:30:00,1761.53,1762.74,1750.86,1752.41,264.0597
1783244700000,2026-07-05 09:45:00,1752.41,1758.77,1750.78,1758.12,159.9089
1783245600000,2026-07-05 10:00:00,1757.95,1760.78,1755.23,1759.43,90.7303
1783246500000,2026-07-05 10:15:00,1759.35,1761.51,1757.71,1758.88,48.9602
1783247400000,2026-07-05 10:30:00,1758.88,1760.48,1758.55,1759.32,41.109
1783248300000,2026-07-05 10:45:00,1759.32,1761.69,1759.31,1761.39,65.9591
1783249200000,2026-07-05 11:00:00,1761.39,1777.14,1761.39,1764.11,264.4385
1783250100000,2026-07-05 11:15:00,1764.11,1764.11,1758.99,1759.68,95.4058
1783251000000,2026-07-05 11:30:00,1758.93,1762.46,1758.7,1761.5,185.0348
1783251900000,2026-07-05 11:45:00,1761.49,1762.93,1759.81,1760.52,59.8993
1783252800000,2026-07-05 12:00:00,1760.52,1760.52,1756.15,1760.07,118.385
1783253700000,2026-07-05 12:15:00,1759.86,1766.76,1759.86,1766.16,164.2687
1783254600000,2026-07-05 12:30:00,1766.16,1769.21,1764.09,1764.58,162.7394
1783255500000,2026-07-05 12:45:00,1764.56,1765.93,1764.23,1765.11,51.5944
1783256400000,2026-07-05 13:00:00,1765.13,1767.01,1763.61,1765.7,106.8526
1783257300000,2026-07-05 13:15:00,1765.57,1765.88,1762.13,1763.53,87.386
1783258200000,2026-07-05 13:30:00,1763.54,1765.02,1762.69,1765.02,40.1867
1783259100000,2026-07-05 13:45:00,1765.01,1767.06,1765.01,1766.09,79.4309
1783260000000,2026-07-05 14:00:00,1766.1,1768.43,1448.29,1767.49,303.3531
1783260900000,2026-07-05 14:15:00,1767.49,1767.78,1765.42,1767.44,172.2904
1783261800000,2026-07-05 14:30:00,1767.44,1771.0,1765.25,1768.47,252.5268
1783262700000,2026-07-05 14:45:00,1768.48,1772.42,1767.24,1772.42,184.679
1783263600000,2026-07-05 15:00:00,1772.56,2000.0,1480.0,1774.9,533.8998
1783264500000,2026-07-05 15:15:00,1774.59,1775.54,1773.1,1774.69,74.899
1783265400000,2026-07-05 15:30:00,1774.69,1778.41,1771.31,1771.46,187.7986
1783266300000,2026-07-05 15:45:00,1771.46,1775.81,1770.53,1774.54,75.2438
1783267200000,2026-07-05 16:00:00,1774.67,1777.27,1773.29,1774.26,234.9743
1783268100000,2026-07-05 16:15:00,1774.0,1774.5,1771.43,1771.44,48.793
1783269000000,2026-07-05 16:30:00,1771.43,1773.5,1770.58,1770.77,75.63
1783269900000,2026-07-05 16:45:00,1771.1,1773.29,1770.66,1773.25,75.2391
1783270800000,2026-07-05 17:00:00,1773.59,1777.12,1772.99,1776.63,431.289
1783271700000,2026-07-05 17:15:00,1776.62,1787.15,1775.91,1778.98,164.2224
1783272600000,2026-07-05 17:30:00,1778.99,1782.63,1776.51,1776.64,91.6674
1783273500000,2026-07-05 17:45:00,1776.51,1780.65,1776.51,1779.69,44.6948
1783274400000,2026-07-05 18:00:00,1779.68,1781.52,1778.28,1778.28,196.4158
1783275300000,2026-07-05 18:15:00,1778.29,1781.05,1778.28,1779.88,106.2505
1783276200000,2026-07-05 18:30:00,1779.49,1781.49,1778.81,1780.8,169.0118
1783277100000,2026-07-05 18:45:00,1780.96,1785.21,1777.56,1781.3,87.2008
1783278000000,2026-07-05 19:00:00,1781.3,1784.23,1780.5,1783.79,152.054
1783278900000,2026-07-05 19:15:00,1783.45,1784.52,1777.76,1779.82,226.5217
1783279800000,2026-07-05 19:30:00,1779.82,1782.1,1779.4,1781.72,61.0761
1783280700000,2026-07-05 19:45:00,1781.76,1782.88,1780.3,1781.44,77.3378
1783281600000,2026-07-05 20:00:00,1781.43,1783.53,1780.33,1781.39,109.1349
1783282500000,2026-07-05 20:15:00,1781.02,1781.51,1776.36,1777.49,117.2231
1783283400000,2026-07-05 20:30:00,1777.07,1777.62,1776.27,1777.51,54.8559
1783284300000,2026-07-05 20:45:00,1777.7,1778.2,1777.11,1777.11,85.9089
1783285200000,2026-07-05 21:00:00,1777.1,1777.11,1769.51,1773.12,285.8776
1783286100000,2026-07-05 21:15:00,1772.65,1781.52,1512.5,1780.79,392.9897
1783287000000,2026-07-05 21:30:00,1780.79,1785.66,1778.53,1782.98,295.7557
1783287900000,2026-07-05 21:45:00,1783.2,1792.63,1781.16,1786.93,155.3913
1783288800000,2026-07-05 22:00:00,1786.93,2054.0,1785.0,1792.72,216.0286
1783289700000,2026-07-05 22:15:00,1792.72,1803.91,1501.91,1801.59,420.5283
1783290600000,2026-07-05 22:30:00,1802.1,1807.16,1788.55,1789.35,246.7838
1783291500000,2026-07-05 22:45:00,1789.52,1792.3,1786.3,1789.62,164.7707
1783292400000,2026-07-05 23:00:00,1789.62,1801.2,1788.86,1801.19,196.5754
1783293300000,2026-07-05 23:15:00,1801.2,1801.2,1506.34,1792.25,447.9152
1783294200000,2026-07-05 23:30:00,1791.28,1793.03,1788.17,1790.27,98.0802
1783295100000,2026-07-05 23:45:00,1789.55,1789.55,1783.05,1785.37,96.4468
1783296000000,2026-07-06 00:00:00,1785.83,1787.8,1780.39,1785.34,240.6714
1783296900000,2026-07-06 00:15:00,1785.62,1789.61,1778.65,1778.65,264.4073
1783297800000,2026-07-06 00:30:00,1777.44,1788.65,1775.12,1788.11,204.1276
1783298700000,2026-07-06 00:45:00,1788.11,1793.46,1786.87,1793.3,137.9815
1783299600000,2026-07-06 01:00:00,1793.3,1795.13,1791.16,1792.16,226.4083
1783300500000,2026-07-06 01:15:00,1792.63,1793.37,1512.5,1789.66,241.1038
1783301400000,2026-07-06 01:30:00,1789.66,1798.9,1789.17,1792.24,212.2176
1783302300000,2026-07-06 01:45:00,1792.23,1792.23,1786.29,1786.37,228.3384
1783303200000,2026-07-06 02:00:00,1786.37,1788.32,1780.87,1781.56,1832.4396
1783304100000,2026-07-06 02:15:00,1782.05,1790.23,1781.86,1784.99,190.4503
1783305000000,2026-07-06 02:30:00,1784.99,1787.85,1780.08,1781.0,192.4497
1783305900000,2026-07-06 02:45:00,1780.99,1784.52,1780.41,1784.52,172.1094
1783306800000,2026-07-06 03:00:00,1784.52,1784.98,1781.65,1782.01,143.3222
1783307700000,2026-07-06 03:15:00,1782.0,1782.84,1775.66,1777.07,138.4945
1783308600000,2026-07-06 03:30:00,1777.57,1780.05,1773.28,1776.49,167.7561
1783309500000,2026-07-06 03:45:00,1776.48,1779.86,1776.48,1779.86,188.5111
1783310400000,2026-07-06 04:00:00,1779.34,1782.06,1777.39,1781.01,83.3422
1783311300000,2026-07-06 04:15:00,1781.01,1782.27,1776.51,1778.07,83.0113
1783312200000,2026-07-06 04:30:00,1778.06,1784.26,1480.0,1782.54,286.9698
1783313100000,2026-07-06 04:45:00,1782.55,1782.64,1777.82,1777.82,150.5824
1783314000000,2026-07-06 05:00:00,1777.82,1778.05,1773.61,1775.69,188.7676
1783314900000,2026-07-06 05:15:00,1774.86,1776.53,1767.23,1768.2,180.5334
1783315800000,2026-07-06 05:30:00,1768.21,1774.31,1765.8,1773.99,325.795
1783316700000,2026-07-06 05:45:00,1772.73,1775.84,1771.84,1774.3,79.837
1783317600000,2026-07-06 06:00:00,1774.3,1775.19,1771.7,1773.5,209.1947
1783318500000,2026-07-06 06:15:00,1773.49,1774.29,1770.28,1772.64,225.184
1783319400000,2026-07-06 06:30:00,1772.64,1774.19,1770.02,1774.13,296.5365
1783320300000,2026-07-06 06:45:00,1774.26,1774.71,1769.39,1769.79,118.5715
1783321200000,2026-07-06 07:00:00,1769.79,1771.27,1767.01,1770.16,213.3626
1783322100000,2026-07-06 07:15:00,1770.16,1773.31,1769.75,1771.18,81.9325
1783323000000,2026-07-06 07:30:00,1771.08,1774.75,1768.88,1774.74,268.2074
1783323900000,2026-07-06 07:45:00,1775.0,1775.0,1772.25,1772.32,95.0227
1783324800000,2026-07-06 08:00:00,1772.32,1777.43,1772.05,1773.21,148.6656
1783325700000,2026-07-06 08:15:00,1773.19,1773.56,1771.08,1772.18,57.2068
1783326600000,2026-07-06 08:30:00,1771.77,1771.77,1763.75,1766.94,179.7643
1783327500000,2026-07-06 08:45:00,1766.46,1767.63,1765.0,1765.54,133.8498
1783328400000,2026-07-06 09:00:00,1765.54,1765.97,1763.15,1763.48,98.1897
1783329300000,2026-07-06 09:15:00,1763.38,1765.36,1761.39,1762.27,172.7687
1783330200000,2026-07-06 09:30:00,1762.26,1762.6,1756.31,1757.44,183.9639
1783331100000,2026-07-06 09:45:00,1757.34,1759.6,1755.96,1758.67,195.7229
1783332000000,2026-07-06 10:00:00,1758.68,1766.69,1758.35,1766.09,276.3565
1783332900000,2026-07-06 10:15:00,1766.15,1767.82,1766.14,1767.07,158.9799
1783333800000,2026-07-06 10:30:00,1767.09,1773.88,1766.61,1772.7,172.9467
1783334700000,2026-07-06 10:45:00,1772.93,1772.94,1769.56,1770.79,245.1656
1783335600000,2026-07-06 11:00:00,1770.78,1773.5,1768.07,1768.26,135.091
1783336500000,2026-07-06 11:15:00,1768.53,1771.49,1767.77,1769.77,112.6459
1783337400000,2026-07-06 11:30:00,1769.02,1776.32,1769.02,1773.0,193.716
1783338300000,2026-07-06 11:45:00,1773.0,1773.91,1761.13,1761.14,493.2293
1783339200000,2026-07-06 12:00:00,1761.13,1761.14,1736.45,1748.19,480.5233
1783340100000,2026-07-06 12:15:00,1748.18,1751.69,1462.45,1750.08,336.1227
1783341000000,2026-07-06 12:30:00,1750.08,1752.54,1740.24,1740.24,434.5193
1783341900000,2026-07-06 12:45:00,1740.25,1745.72,1736.12,1741.3,249.2986
1783342800000,2026-07-06 13:00:00,1741.3,1741.3,1732.45,1735.45,242.023
1783343700000,2026-07-06 13:15:00,1735.44,1738.51,1732.32,1734.95,224.868
1783344600000,2026-07-06 13:30:00,1734.95,1744.43,1730.7,1744.04,360.6811
1783345500000,2026-07-06 13:45:00,1744.74,1758.68,1742.68,1745.32,263.6445
1783346400000,2026-07-06 14:00:00,1745.31,1749.99,1743.51,1747.98,277.9221
1783347300000,2026-07-06 14:15:00,1747.98,1761.77,1742.24,1751.99,235.613
1783348200000,2026-07-06 14:30:00,1752.0,1755.64,1750.24,1753.11,233.2194
1783349100000,2026-07-06 14:45:00,1752.78,1753.03,1745.74,1750.98,179.5005
1783350000000,2026-07-06 15:00:00,1751.57,2000.0,1751.56,1763.49,325.267
1783350900000,2026-07-06 15:15:00,1763.49,1766.24,1759.81,1766.24,229.5704
1783351800000,2026-07-06 15:30:00,1766.24,1781.11,1760.17,1775.97,253.3896
1783352700000,2026-07-06 15:45:00,1775.97,1788.69,1772.74,1788.44,367.3285
1783353600000,2026-07-06 16:00:00,1788.44,1804.0,1783.2,1802.78,380.1504
1783354500000,2026-07-06 16:15:00,1802.78,1804.04,1786.21,1788.32,339.5301
1783355400000,2026-07-06 16:30:00,1788.67,1796.45,1788.67,1794.58,194.559
1783356300000,2026-07-06 16:45:00,1795.11,1796.26,1790.85,1792.32,139.2744
1783357200000,2026-07-06 17:00:00,1792.33,1796.52,1789.3,1793.48,188.5334
1783358100000,2026-07-06 17:15:00,1793.37,1799.34,1793.37,1796.09,147.0268
1783359000000,2026-07-06 17:30:00,1796.09,1797.33,1788.67,1790.24,172.0184
1783359900000,2026-07-06 17:45:00,1789.52,1793.11,1787.53,1788.38,104.5537
1783360800000,2026-07-06 18:00:00,1788.27,1790.84,1787.08,1789.47,111.1006
1783361700000,2026-07-06 18:15:00,1789.38,1803.9,1787.9,1792.2,120.843
1783362600000,2026-07-06 18:30:00,1792.45,1795.59,1791.12,1793.85,94.5104
1783363500000,2026-07-06 18:45:00,1794.27,1795.47,1792.21,1792.21,76.4794
1783364400000,2026-07-06 19:00:00,1792.57,1795.56,1791.45,1795.55,123.6663
1783365300000,2026-07-06 19:15:00,1795.29,1798.45,1794.09,1797.0,102.1882
1783366200000,2026-07-06 19:30:00,1796.86,1796.86,1793.15,1795.96,81.401
1783367100000,2026-07-06 19:45:00,1795.96,1797.35,1792.77,1792.77,108.6464
1783368000000,2026-07-06 20:00:00,1792.77,1792.78,1787.26,1788.41,96.9983
1783368900000,2026-07-06 20:15:00,1788.42,1791.37,1787.73,1790.91,92.8642
1783369800000,2026-07-06 20:30:00,1790.9,1796.06,1790.9,1793.16,104.3588
1783370700000,2026-07-06 20:45:00,1793.23,1796.18,1791.81,1793.0,118.9821
1783371600000,2026-07-06 21:00:00,1793.0,1831.68,1512.5,1821.11,387.587
1783372500000,2026-07-06 21:15:00,1821.11,1821.12,1813.7,1813.83,210.8553
1783373400000,2026-07-06 21:30:00,1813.22,1815.31,1807.9,1813.12,204.21
1783374300000,2026-07-06 21:45:00,1814.29,1819.28,1812.14,1814.24,123.9017
1783375200000,2026-07-06 22:00:00,1814.43,1816.77,1811.92,1814.17,140.767
1783376100000,2026-07-06 22:15:00,1814.12,1815.87,1809.16,1809.63,130.7883
1783377000000,2026-07-06 22:30:00,1809.71,1809.71,1806.88,1807.54,53.8127
1783377900000,2026-07-06 22:45:00,1808.12,1808.54,1804.93,1806.17,112.7196
1783378800000,2026-07-06 23:00:00,1806.36,1809.95,1805.47,1808.11,109.6879
1783379700000,2026-07-06 23:15:00,1808.4,1808.48,1802.52,1803.51,116.4259
1783380600000,2026-07-06 23:30:00,1803.63,1804.58,1800.34,1800.45,89.9126
1783381500000,2026-07-06 23:45:00,1800.44,1801.21,1797.78,1799.35,97.9511
1783382400000,2026-07-07 00:00:00,1799.36,1800.95,1797.86,1797.88,102.3355
1783383300000,2026-07-07 00:15:00,1797.88,1809.99,1796.15,1806.08,219.8869
1783384200000,2026-07-07 00:30:00,1806.09,1807.11,1799.22,1800.97,119.2111
1783385100000,2026-07-07 00:45:00,1801.51,1806.42,1800.75,1803.76,112.2209
1783386000000,2026-07-07 01:00:00,1803.74,1803.75,1789.41,1797.22,144.7131
1783386900000,2026-07-07 01:15:00,1797.22,1797.22,1792.5,1793.16,512.9241
1783387800000,2026-07-07 01:30:00,1793.16,1805.46,1790.03,1795.11,331.6956
1783388700000,2026-07-07 01:45:00,1795.23,1797.68,1792.39,1792.51,112.4834
1783389600000,2026-07-07 02:00:00,1792.51,1794.15,1790.4,1791.85,88.6445
1783390500000,2026-07-07 02:15:00,1791.84,1793.1,1780.32,1780.33,147.6041
1783391400000,2026-07-07 02:30:00,1780.32,1784.34,1777.18,1783.97,176.6368
1783392300000,2026-07-07 02:45:00,1783.87,1784.7,1777.04,1778.5,129.4239
1783393200000,2026-07-07 03:00:00,1778.57,1781.48,1777.45,1778.63,100.791
1783394100000,2026-07-07 03:15:00,1779.35,1779.51,1773.42,1773.9,116.7888
1783395000000,2026-07-07 03:30:00,1773.9,1775.42,1770.53,1771.58,96.3076
1783395900000,2026-07-07 03:45:00,1770.51,1771.93,1769.66,1771.54,112.2785
1783396800000,2026-07-07 04:00:00,1771.55,1773.49,1769.08,1771.26,135.906
1783397700000,2026-07-07 04:15:00,1771.26,1772.62,1769.14,1771.92,136.9221
1783398600000,2026-07-07 04:30:00,1771.37,1772.14,1765.7,1765.7,161.2864
1783399500000,2026-07-07 04:45:00,1766.0,1767.37,1762.97,1766.7,103.1738
1783400400000,2026-07-07 05:00:00,1766.52,1767.23,1758.34,1758.63,186.3181
1783401300000,2026-07-07 05:15:00,1758.21,1763.41,1757.84,1761.41,133.4214
1783402200000,2026-07-07 05:30:00,1762.13,1782.84,1762.13,1769.03,148.984
1783403100000,2026-07-07 05:45:00,1769.01,1773.62,1769.01,1770.57,106.658
1783404000000,2026-07-07 06:00:00,1770.58,1773.91,1765.2,1766.13,231.1743
1783404900000,2026-07-07 06:15:00,1766.62,1771.21,1766.62,1771.21,147.8248
1783405800000,2026-07-07 06:30:00,1769.91,1775.74,1769.83,1774.81,120.8344
1783406700000,2026-07-07 06:45:00,1775.39,1781.85,1774.75,1779.1,220.1276
1783407600000,2026-07-07 07:00:00,1779.11,1782.39,1778.06,1781.93,101.4334
1783408500000,2026-07-07 07:15:00,1781.86,1781.97,1714.55,1778.31,232.7159
1783409400000,2026-07-07 07:30:00,1778.31,1778.94,1771.11,1773.39,230.013
1783410300000,2026-07-07 07:45:00,1773.23,1775.41,1771.2,1771.32,196.9211
1783411200000,2026-07-07 08:00:00,1771.18,1775.06,1768.71,1773.29,237.4375
1783412100000,2026-07-07 08:15:00,1773.29,1774.82,1771.14,1771.84,134.6974
1783413000000,2026-07-07 08:30:00,1772.13,1772.28,1768.37,1769.51,189.6172
1783413900000,2026-07-07 08:45:00,1769.32,1772.2,1769.1,1771.0,255.1944
1783414800000,2026-07-07 09:00:00,1770.87,1774.43,1768.91,1774.43,183.0524
1783415700000,2026-07-07 09:15:00,1774.44,1774.49,1772.1,1773.25,94.79
1783416600000,2026-07-07 09:30:00,1773.71,1779.11,1773.14,1778.71,69.3664
1783417500000,2026-07-07 09:45:00,1778.71,1781.43,1775.48,1778.36,139.9291
1783418400000,2026-07-07 10:00:00,1778.15,1783.96,1778.0,1779.95,111.7902
1783419300000,2026-07-07 10:15:00,1779.96,1783.61,1779.77,1779.77,71.9551
1783420200000,2026-07-07 10:30:00,1779.76,1779.76,1775.37,1776.79,159.592
1783421100000,2026-07-07 10:45:00,1776.69,1777.16,1774.43,1775.78,118.5088
1783422000000,2026-07-07 11:00:00,1775.79,1775.79,1772.05,1773.54,102.8077
1783422900000,2026-07-07 11:15:00,1773.18,1778.89,1773.18,1777.14,108.7339
1783423800000,2026-07-07 11:30:00,1777.13,1779.65,1775.31,1779.65,108.0814
1783424700000,2026-07-07 11:45:00,1779.66,1836.36,1778.44,1780.6,222.9741
1783425600000,2026-07-07 12:00:00,1780.78,1792.55,1780.41,1790.51,199.2843
1783426500000,2026-07-07 12:15:00,1790.51,1794.4,1788.01,1791.26,116.1827
1783427400000,2026-07-07 12:30:00,1791.13,1791.15,1784.26,1785.81,121.4006
1783428300000,2026-07-07 12:45:00,1784.51,1784.51,1781.52,1781.81,56.7981
1783429200000,2026-07-07 13:00:00,1781.97,1783.28,1775.17,1777.04,144.3706
1783430100000,2026-07-07 13:15:00,1777.05,1777.84,1770.09,1771.26,227.2817
1783431000000,2026-07-07 13:30:00,1771.27,1775.4,1766.93,1771.15,364.2605
1783431900000,2026-07-07 13:45:00,1771.15,1780.74,1766.6,1769.11,366.9301
1783432800000,2026-07-07 14:00:00,1769.11,1782.21,1763.87,1768.59,366.0129
1783433700000,2026-07-07 14:15:00,1768.59,1772.01,1765.43,1770.96,325.8683
1783434600000,2026-07-07 14:30:00,1770.96,1776.86,1762.01,1770.36,398.5049
1783435500000,2026-07-07 14:45:00,1770.36,1793.62,1770.36,1789.8,329.5973
1783436400000,2026-07-07 15:00:00,1789.79,1790.97,1783.16,1786.72,203.7209
1783437300000,2026-07-07 15:15:00,1785.5,1793.99,1785.5,1792.66,205.2839
1783438200000,2026-07-07 15:30:00,1792.67,1798.18,1791.59,1795.29,179.8855
1783439100000,2026-07-07 15:45:00,1795.28,1802.71,1795.28,1797.46,205.5833
1783440000000,2026-07-07 16:00:00,1797.46,1799.91,1793.19,1793.81,211.8805
1783440900000,2026-07-07 16:15:00,1793.83,1804.97,1793.15,1802.53,186.4443
1783441800000,2026-07-07 16:30:00,1802.53,1805.81,1798.99,1803.88,218.7018
1783442700000,2026-07-07 16:45:00,1803.88,1811.23,1801.71,1802.01,318.5604
1783443600000,2026-07-07 17:00:00,1801.77,1806.81,1800.92,1804.0,118.0015
1783444500000,2026-07-07 17:15:00,1804.86,1806.31,1799.0,1806.3,119.588
1783445400000,2026-07-07 17:30:00,1806.0,1808.4,1804.25,1807.62,156.9901
1783446300000,2026-07-07 17:45:00,1807.62,1810.37,1805.31,1810.15,114.6981
1783447200000,2026-07-07 18:00:00,1809.99,1809.99,1802.98,1804.29,78.5275
1783448100000,2026-07-07 18:15:00,1804.29,1806.89,1800.5,1800.98,139.2958
1783449000000,2026-07-07 18:30:00,1800.5,1804.0,1799.49,1804.0,122.7276
1783449900000,2026-07-07 18:45:00,1804.0,1804.94,1786.46,1786.46,240.9178
1783450800000,2026-07-07 19:00:00,1786.45,1788.81,1778.27,1780.08,308.348
1783451700000,2026-07-07 19:15:00,1780.07,1784.46,1773.76,1783.24,218.6521
1783452600000,2026-07-07 19:30:00,1783.23,1791.15,1783.23,1789.53,115.4061
1783453500000,2026-07-07 19:45:00,1789.53,1791.63,1788.93,1789.65,94.9736
1783454400000,2026-07-07 20:00:00,1789.74,1792.91,1786.33,1789.16,134.7488
1783455300000,2026-07-07 20:15:00,1788.59,1789.76,1786.37,1787.41,93.7851
1783456200000,2026-07-07 20:30:00,1787.47,1787.67,1784.46,1784.46,138.4736
1783457100000,2026-07-07 20:45:00,1784.04,1784.12,1781.39,1784.12,97.5911
1783458000000,2026-07-07 21:00:00,1784.13,1788.59,1784.13,1786.37,127.8866
1783458900000,2026-07-07 21:15:00,1786.32,1786.32,1775.78,1778.26,192.9765
1783459800000,2026-07-07 21:30:00,1778.26,1778.26,1772.31,1774.96,117.7771
1783460700000,2026-07-07 21:45:00,1774.96,1778.06,1772.39,1773.84,97.3385
1783461600000,2026-07-07 22:00:00,1773.83,1777.02,1765.63,1774.82,322.0563
1783462500000,2026-07-07 22:15:00,1774.82,1776.77,1770.56,1772.16,127.0906
1783463400000,2026-07-07 22:30:00,1772.31,1778.56,1771.83,1777.54,62.1142
1783464300000,2026-07-07 22:45:00,1777.13,1777.46,1775.05,1775.56,84.0071
1783465200000,2026-07-07 23:00:00,1774.76,1779.84,1774.75,1778.59,83.9252
1783466100000,2026-07-07 23:15:00,1778.6,1780.56,1778.01,1779.84,40.3948
1783467000000,2026-07-07 23:30:00,1779.99,1780.69,1773.28,1773.29,47.5593
1783467900000,2026-07-07 23:45:00,1773.28,1773.28,1768.6,1768.77,87.7996
1783468800000,2026-07-08 00:00:00,1768.77,1775.52,1768.76,1774.86,132.3782
1783469700000,2026-07-08 00:15:00,1774.91,1781.76,1772.05,1778.98,154.2822
1783470600000,2026-07-08 00:30:00,1778.98,1781.84,1480.0,1781.49,349.2026
1783471500000,2026-07-08 00:45:00,1781.49,1783.39,1779.7,1779.71,442.8608
1783472400000,2026-07-08 01:00:00,1779.9,1780.75,1775.99,1779.92,116.7517
1783473300000,2026-07-08 01:15:00,1779.76,1779.76,1773.2,1773.2,88.5918
1783474200000,2026-07-08 01:30:00,1773.13,1773.13,1750.4,1759.98,266.4466
1783475100000,2026-07-08 01:45:00,1759.97,1762.39,1752.76,1756.0,161.7795
1783476000000,2026-07-08 02:00:00,1756.09,1756.9,1750.66,1751.79,161.4999
1783476900000,2026-07-08 02:15:00,1752.53,1755.38,1749.41,1752.4,157.8817
1783477800000,2026-07-08 02:30:00,1752.4,1755.29,1742.61,1755.29,208.6343
1783478700000,2026-07-08 02:45:00,1755.3,1759.33,1755.19,1757.62,124.8394
1783479600000,2026-07-08 03:00:00,1757.62,1763.48,1757.62,1762.95,140.41
1783480500000,2026-07-08 03:15:00,1762.34,1763.39,1760.49,1763.39,65.1307
1783481400000,2026-07-08 03:30:00,1763.44,1763.45,1756.97,1757.8,74.1854
1783482300000,2026-07-08 03:45:00,1757.62,1757.62,1749.86,1751.28,124.1093
1783483200000,2026-07-08 04:00:00,1751.28,1755.81,1749.71,1754.12,113.7857
1783484100000,2026-07-08 04:15:00,1753.91,1757.99,1753.91,1756.98,88.2948
1783485000000,2026-07-08 04:30:00,1757.07,1757.99,1752.03,1754.07,104.3926
1783485900000,2026-07-08 04:45:00,1754.83,1756.5,1752.4,1756.5,115.0527
1783486800000,2026-07-08 05:00:00,1756.51,1759.69,1755.61,1757.08,78.5943
1783487700000,2026-07-08 05:15:00,1756.94,1757.88,1754.47,1755.45,138.0529
1783488600000,2026-07-08 05:30:00,1755.77,1756.09,1752.05,1752.26,133.2788
1783489500000,2026-07-08 05:45:00,1752.26,1755.17,1750.65,1753.71,72.4341
1783490400000,2026-07-08 06:00:00,1754.14,1754.14,1750.64,1750.65,98.2546
1783491300000,2026-07-08 06:15:00,1752.29,1754.21,1750.05,1751.52,95.5762
1783492200000,2026-07-08 06:30:00,1751.41,1751.65,1746.35,1747.93,128.9298
1783493100000,2026-07-08 06:45:00,1747.92,1754.53,1747.25,1751.44,123.0678
1783494000000,2026-07-08 07:00:00,1751.81,1751.81,1745.61,1751.69,154.1664
1783494900000,2026-07-08 07:15:00,1751.48,1753.21,1748.1,1752.83,81.7085
1783495800000,2026-07-08 07:30:00,1753.2,1756.77,1752.48,1754.96,122.3571
1783496700000,2026-07-08 07:45:00,1754.96,1757.4,1754.77,1756.73,167.3107
1783497600000,2026-07-08 08:00:00,1756.73,1758.43,1755.19,1756.86,166.1588
1783498500000,2026-07-08 08:15:00,1757.07,1757.97,1731.14,1731.14,456.3083
1783499400000,2026-07-08 08:30:00,1731.15,1735.73,1726.25,1733.2,257.7432
1783500300000,2026-07-08 08:45:00,1733.2,1742.31,1733.2,1734.72,221.5469
1783501200000,2026-07-08 09:00:00,1735.31,1737.55,1732.91,1733.75,188.3204
1783502100000,2026-07-08 09:15:00,1733.05,1735.18,1729.9,1735.18,178.9349
1783503000000,2026-07-08 09:30:00,1735.18,1740.76,1735.09,1740.17,180.5476
1783503900000,2026-07-08 09:45:00,1740.69,1740.69,1735.83,1735.83,125.3134
1783504800000,2026-07-08 10:00:00,1736.06,1737.34,1732.89,1735.74,107.0955
1783505700000,2026-07-08 10:15:00,1735.75,1739.39,1735.24,1739.39,130.4818
1783506600000,2026-07-08 10:30:00,1739.3,1741.67,1738.84,1740.29,168.8583
1783507500000,2026-07-08 10:45:00,1740.29,1740.66,1738.57,1738.63,128.1497
1783508400000,2026-07-08 11:00:00,1739.34,1740.24,1736.03,1737.75,180.7494
1783509300000,2026-07-08 11:15:00,1737.75,1740.18,1737.2,1738.1,137.266
1783510200000,2026-07-08 11:30:00,1738.57,1747.48,1736.5,1747.16,180.9852
1783511100000,2026-07-08 11:45:00,1747.16,1836.8,1744.39,1747.8,215.5314
1783512000000,2026-07-08 12:00:00,1747.95,1751.03,1745.65,1748.45,165.0519
1783512900000,2026-07-08 12:15:00,1748.0,1749.65,1746.01,1746.54,161.5979
1783513800000,2026-07-08 12:30:00,1747.62,1747.8,1743.74,1744.01,73.3837
1783514700000,2026-07-08 12:45:00,1743.98,1746.73,1738.29,1738.44,182.2222
1783515600000,2026-07-08 13:00:00,1738.44,1742.92,1738.09,1740.76,244.0988
1783516500000,2026-07-08 13:15:00,1740.75,1740.82,1733.89,1735.44,184.3423
1783517400000,2026-07-08 13:30:00,1736.3,1744.25,1736.29,1739.95,303.2325
1783518300000,2026-07-08 13:45:00,1739.95,1739.96,1732.27,1737.61,217.0128
1783519200000,2026-07-08 14:00:00,1737.61,1739.72,1735.32,1736.02,211.1665
1783520100000,2026-07-08 14:15:00,1736.01,1740.51,1726.68,1732.83,273.3256
1783521000000,2026-07-08 14:30:00,1732.83,1733.29,1728.68,1729.83,170.0913
1783521900000,2026-07-08 14:45:00,1729.77,1732.62,1723.66,1729.13,239.7826
1783522800000,2026-07-08 15:00:00,1729.62,1730.37,1717.14,1717.14,193.2513
1783523700000,2026-07-08 15:15:00,1717.14,1720.4,1713.72,1718.73,255.4534
1783524600000,2026-07-08 15:30:00,1718.72,1723.09,1716.69,1719.16,205.8323
1783525500000,2026-07-08 15:45:00,1719.56,1723.94,1718.37,1723.26,170.362
1783526400000,2026-07-08 16:00:00,1723.12,1728.3,1722.96,1726.5,364.9724
1783527300000,2026-07-08 16:15:00,1726.5,1733.05,1725.43,1731.51,165.894
1783528200000,2026-07-08 16:30:00,1731.22,1736.79,1727.12,1736.32,245.7546
1783529100000,2026-07-08 16:45:00,1736.32,1738.05,1733.71,1736.14,115.9808
1783530000000,2026-07-08 17:00:00,1736.39,1737.63,1732.92,1734.04,141.8906
1783530900000,2026-07-08 17:15:00,1734.01,1742.96,1734.01,1742.96,127.2354
1783531800000,2026-07-08 17:30:00,1742.96,1746.34,1740.75,1740.95,123.6691
1783532700000,2026-07-08 17:45:00,1740.86,1740.86,1731.2,1732.77,150.7213
1783533600000,2026-07-08 18:00:00,1732.77,1740.26,1732.75,1740.26,150.3901
1783534500000,2026-07-08 18:15:00,1740.12,1740.12,1735.98,1737.03,147.5303
1783535400000,2026-07-08 18:30:00,1737.0,1737.01,1730.03,1732.17,139.9708
1783536300000,2026-07-08 18:45:00,1732.25,1741.2,1732.25,1737.46,103.0377
1783537200000,2026-07-08 19:00:00,1737.46,1740.05,1733.88,1734.16,126.0936
1783538100000,2026-07-08 19:15:00,1734.16,1738.73,1733.88,1738.17,85.5951
1783539000000,2026-07-08 19:30:00,1738.17,1740.41,1738.11,1740.41,95.8119
1783539900000,2026-07-08 19:45:00,1740.46,1741.43,1734.23,1741.29,145.7932
1783540800000,2026-07-08 20:00:00,1740.98,1740.99,1736.32,1738.13,89.8406
1783541700000,2026-07-08 20:15:00,1738.19,1739.35,1734.71,1739.35,104.4637
1783542600000,2026-07-08 20:30:00,1739.35,1739.4,1734.93,1738.29,132.4177
1783543500000,2026-07-08 20:45:00,1737.68,1738.66,1735.68,1736.58,24.5947
1783544400000,2026-07-08 21:00:00,1736.34,1737.42,1731.55,1733.22,86.7569
1783545300000,2026-07-08 21:15:00,1732.74,1734.79,1732.02,1734.48,108.2041
1783546200000,2026-07-08 21:30:00,1735.59,1736.78,1733.78,1735.11,98.4553
1783547100000,2026-07-08 21:45:00,1734.81,1739.8,1734.81,1738.35,44.8855
1783548000000,2026-07-08 22:00:00,1738.07,1960.0,1737.92,1738.35,242.9446
1783548900000,2026-07-08 22:15:00,1738.35,1740.17,1736.83,1739.65,84.9925
1783549800000,2026-07-08 22:30:00,1740.38,1740.92,1738.39,1740.25,77.7013
1783550700000,2026-07-08 22:45:00,1740.1,1741.29,1739.26,1741.29,21.9637
1783551600000,2026-07-08 23:00:00,1741.48,1743.37,1739.97,1741.74,45.3309
1783552500000,2026-07-08 23:15:00,1741.93,1742.34,1739.66,1740.45,46.3388
1783553400000,2026-07-08 23:30:00,1740.55,1742.45,1739.22,1742.33,60.268
1783554300000,2026-07-08 23:45:00,1742.33,1744.49,1740.85,1743.9,39.034
1783555200000,2026-07-09 00:00:00,1743.55,1744.2,1741.65,1742.71,352.5684
1783556100000,2026-07-09 00:15:00,1742.71,1748.31,1736.52,1741.97,63.8864
1783557000000,2026-07-09 00:30:00,1741.96,1744.12,1737.79,1739.97,122.0647
1783557900000,2026-07-09 00:45:00,1739.96,1741.51,1736.98,1738.12,80.1329
1783558800000,2026-07-09 01:00:00,1738.12,1753.45,1738.01,1747.41,170.7453
1783559700000,2026-07-09 01:15:00,1747.89,1751.74,1744.86,1746.81,162.1755
1783560600000,2026-07-09 01:30:00,1746.66,1747.23,1734.51,1735.92,132.6008
1783561500000,2026-07-09 01:45:00,1736.26,1736.68,1731.03,1732.01,171.0304
1783562400000,2026-07-09 02:00:00,1732.0,1739.1,1729.63,1737.69,177.7013
1783563300000,2026-07-09 02:15:00,1737.79,1738.59,1734.46,1734.91,91.6988
1783564200000,2026-07-09 02:30:00,1735.45,1735.45,1727.71,1728.13,100.2365
1783565100000,2026-07-09 02:45:00,1728.13,1728.34,1723.83,1727.31,101.781
1783566000000,2026-07-09 03:00:00,1727.31,1728.13,1724.03,1728.02,165.3752
1783566900000,2026-07-09 03:15:00,1728.02,1729.93,1722.56,1728.74,138.0611
1783567800000,2026-07-09 03:30:00,1728.75,1734.14,1727.76,1730.09,80.7894
1783568700000,2026-07-09 03:45:00,1730.1,1731.14,1728.71,1730.49,51.2304
1783569600000,2026-07-09 04:00:00,1730.71,1733.73,1730.7,1731.4,207.4123
1783570500000,2026-07-09 04:15:00,1731.39,1734.0,1730.91,1733.29,85.6551
1783571400000,2026-07-09 04:30:00,1733.65,1740.67,1733.65,1740.16,165.2448
1783572300000,2026-07-09 04:45:00,1740.17,1743.19,1738.38,1742.71,92.3719
1783573200000,2026-07-09 05:00:00,1742.71,1747.75,1740.0,1744.78,138.831
1783574100000,2026-07-09 05:15:00,1744.39,1745.12,1738.51,1739.04,128.6587
1783575000000,2026-07-09 05:30:00,1739.34,1743.15,1737.76,1742.51,77.0938
1783575900000,2026-07-09 05:45:00,1742.41,1749.23,1742.16,1749.23,107.4665
1783576800000,2026-07-09 06:00:00,1749.39,1752.77,1746.58,1747.25,138.3715
1783577700000,2026-07-09 06:15:00,1747.25,1755.05,1746.65,1752.28,135.045
1783578600000,2026-07-09 06:30:00,1752.93,1755.25,1751.64,1755.25,117.2779
1783579500000,2026-07-09 06:45:00,1755.26,1755.36,1753.05,1754.42,110.7059
1783580400000,2026-07-09 07:00:00,1755.26,1761.01,1752.38,1753.45,98.2342
1783581300000,2026-07-09 07:15:00,1753.45,1756.85,1750.69,1752.81,92.3178
1783582200000,2026-07-09 07:30:00,1752.81,1755.79,1751.12,1755.79,84.2431
1783583100000,2026-07-09 07:45:00,1755.79,1759.34,1752.41,1753.36,136.2426
1783584000000,2026-07-09 08:00:00,1753.3,1754.65,1751.03,1754.24,89.6958
1783584900000,2026-07-09 08:15:00,1754.23,1758.05,1753.89,1757.97,146.6391
1783585800000,2026-07-09 08:30:00,1757.98,1758.39,1756.49,1757.77,407.7464
1783586700000,2026-07-09 08:45:00,1757.33,1757.33,1753.43,1754.35,140.193
1783587600000,2026-07-09 09:00:00,1754.46,1754.92,1751.61,1752.59,290.8268
1783588500000,2026-07-09 09:15:00,1752.59,1754.18,1751.44,1753.59,271.0779
1783589400000,2026-07-09 09:30:00,1753.65,1755.41,1749.47,1749.88,182.7853
1783590300000,2026-07-09 09:45:00,1749.88,1756.51,1749.55,1755.78,115.5561
1783591200000,2026-07-09 10:00:00,1755.59,1757.33,1754.83,1755.67,103.237
1783592100000,2026-07-09 10:15:00,1755.68,1756.19,1752.38,1752.55,104.8641
1783593000000,2026-07-09 10:30:00,1752.69,1754.47,1751.88,1752.16,108.5042
1783593900000,2026-07-09 10:45:00,1752.65,1752.66,1744.48,1746.34,146.2082
1783594800000,2026-07-09 11:00:00,1746.34,1748.29,1745.78,1748.14,82.5061
1783595700000,2026-07-09 11:15:00,1748.4,1748.4,1741.6,1742.51,123.4334
1783596600000,2026-07-09 11:30:00,1742.5,1743.96,1741.75,1742.47,57.0684
1783597500000,2026-07-09 11:45:00,1742.46,1745.23,1741.54,1744.24,84.5728
1783598400000,2026-07-09 12:00:00,1744.23,1745.45,1739.55,1740.71,99.8607
1783599300000,2026-07-09 12:15:00,1741.19,1743.36,1739.2,1741.44,100.2651
1783600200000,2026-07-09 12:30:00,1741.16,1746.52,1737.81,1738.85,142.5079
1783601100000,2026-07-09 12:45:00,1738.86,1743.4,1735.31,1741.99,187.5735
1783602000000,2026-07-09 13:00:00,1741.81,1749.9,1741.8,1749.02,171.8837
1783602900000,2026-07-09 13:15:00,1748.67,1748.67,1742.98,1743.84,282.4496
1783603800000,2026-07-09 13:30:00,1743.92,1744.79,1737.32,1744.73,267.8163
1783604700000,2026-07-09 13:45:00,1745.16,1750.19,1740.68,1747.19,205.1666
1783605600000,2026-07-09 14:00:00,1747.19,1750.25,1741.36,1742.59,144.8707
1783606500000,2026-07-09 14:15:00,1742.53,1742.53,1726.53,1740.05,207.2194
1783607400000,2026-07-09 14:30:00,1740.05,1743.88,1736.66,1741.34,204.8771
1783608300000,2026-07-09 14:45:00,1741.34,1743.72,1737.37,1743.33,150.0784
1783609200000,2026-07-09 15:00:00,1743.34,1747.75,1740.23,1745.51,144.7244
1783610100000,2026-07-09 15:15:00,1745.51,1748.3,1443.19,1742.75,249.9817
1783611000000,2026-07-09 15:30:00,1742.91,1745.43,1739.37,1741.26,96.8614
1783611900000,2026-07-09 15:45:00,1741.02,1742.87,1737.99,1739.94,104.3993
1783612800000,2026-07-09 16:00:00,1739.51,1743.83,1738.01,1739.02,120.6064
1783613700000,2026-07-09 16:15:00,1738.8,1739.34,1732.35,1734.88,109.3757
1783614600000,2026-07-09 16:30:00,1735.78,1740.24,1735.6,1738.94,74.0469
1783615500000,2026-07-09 16:45:00,1738.67,1739.39,1735.26,1739.17,103.445
1783616400000,2026-07-09 17:00:00,1739.02,1742.25,1738.78,1739.39,89.2849
1783617300000,2026-07-09 17:15:00,1739.58,1744.41,1739.58,1742.42,120.9966
1783618200000,2026-07-09 17:30:00,1742.43,1752.5,1740.47,1749.57,164.3743
1783619100000,2026-07-09 17:45:00,1749.57,1750.27,1747.1,1748.53,65.2259
1783620000000,2026-07-09 18:00:00,1748.53,1757.02,1747.47,1756.61,175.4362
1783620900000,2026-07-09 18:15:00,1756.62,1766.66,1714.02,1754.2,173.4117
1783621800000,2026-07-09 18:30:00,1754.73,1754.82,1752.21,1754.33,137.5878
1783622700000,2026-07-09 18:45:00,1754.34,1754.48,1749.76,1751.56,43.8273
1783623600000,2026-07-09 19:00:00,1751.55,1751.7,1748.59,1748.89,69.6811
1783624500000,2026-07-09 19:15:00,1748.97,1750.0,1747.32,1749.95,63.1438
1783625400000,2026-07-09 19:30:00,1749.86,1752.76,1748.9,1752.76,46.9577
1783626300000,2026-07-09 19:45:00,1752.76,1752.76,1747.62,1748.21,113.7474
1783627200000,2026-07-09 20:00:00,1748.22,1749.61,1746.01,1746.34,134.716
1783628100000,2026-07-09 20:15:00,1746.06,1748.85,1745.61,1748.07,60.0882
1783629000000,2026-07-09 20:30:00,1748.07,1750.36,1747.18,1749.77,46.9387
1783629900000,2026-07-09 20:45:00,1749.95,1749.95,1747.87,1748.89,69.8064
1783630800000,2026-07-09 21:00:00,1748.77,1750.96,1746.86,1748.49,84.4911
1783631700000,2026-07-09 21:15:00,1748.37,1749.47,1746.15,1746.15,71.6659
1783632600000,2026-07-09 21:30:00,1746.27,1747.14,1745.58,1745.66,63.2572
1783633500000,2026-07-09 21:45:00,1745.83,1748.57,1745.56,1748.3,87.0853
1783634400000,2026-07-09 22:00:00,1748.17,1750.21,1747.35,1748.13,113.6091
1783635300000,2026-07-09 22:15:00,1748.17,1750.79,1748.17,1749.54,197.4654
1783636200000,2026-07-09 22:30:00,1749.25,1750.59,1746.4,1749.98,83.3579
1783637100000,2026-07-09 22:45:00,1750.66,1751.03,1747.85,1747.85,77.0555
1783638000000,2026-07-09 23:00:00,1747.68,1749.07,1746.3,1746.3,25.5246
1783638900000,2026-07-09 23:15:00,1746.27,1748.0,1742.43,1747.99,564.0048
1783639800000,2026-07-09 23:30:00,1747.99,1748.0,1745.75,1746.22,378.7652
1783640700000,2026-07-09 23:45:00,1746.22,1752.52,1745.4,1745.4,39.6285
1783641600000,2026-07-10 00:00:00,1745.4,1745.4,1742.21,1745.07,86.4834
1783642500000,2026-07-10 00:15:00,1745.07,1746.41,1740.51,1741.37,112.1004
1783643400000,2026-07-10 00:30:00,1741.37,1743.68,1738.42,1740.97,146.7571
1783644300000,2026-07-10 00:45:00,1740.98,1742.76,1738.15,1742.76,65.5412
1783645200000,2026-07-10 01:00:00,1742.75,1744.05,1738.25,1741.69,88.9629
1783646100000,2026-07-10 01:15:00,1741.77,1751.69,1741.76,1750.62,134.3041
1783647000000,2026-07-10 01:30:00,1750.62,1752.43,1748.25,1749.46,126.2933
1783647900000,2026-07-10 01:45:00,1749.41,1777.11,1749.41,1766.88,301.4038
1783648800000,2026-07-10 02:00:00,1766.88,1770.3,1753.77,1768.81,283.714
1783649700000,2026-07-10 02:15:00,1768.81,1769.81,1765.51,1766.92,126.0871
1783650600000,2026-07-10 02:30:00,1766.91,1769.97,1765.77,1768.66,77.8709
1783651500000,2026-07-10 02:45:00,1769.01,1774.51,1767.53,1773.11,164.3151
1783652400000,2026-07-10 03:00:00,1773.11,1773.42,1769.65,1772.24,123.0258
1783653300000,2026-07-10 03:15:00,1772.23,1773.0,1770.2,1770.53,113.4746
1783654200000,2026-07-10 03:30:00,1770.52,1775.98,1769.47,1775.59,141.7945
1783655100000,2026-07-10 03:45:00,1775.59,1779.36,1775.02,1775.38,81.1378
1783656000000,2026-07-10 04:00:00,1775.41,1779.32,1775.41,1779.32,80.8662
1783656900000,2026-07-10 04:15:00,1779.32,1780.03,1774.0,1774.0,90.5789
1783657800000,2026-07-10 04:30:00,1774.0,1777.33,1772.02,1775.61,87.4571
1783658700000,2026-07-10 04:45:00,1775.79,1777.95,1773.93,1774.59,58.4764
1783659600000,2026-07-10 05:00:00,1774.74,1775.0,1772.58,1772.59,64.2373
1783660500000,2026-07-10 05:15:00,1772.74,1774.69,1772.56,1773.77,44.3174
1783661400000,2026-07-10 05:30:00,1774.11,1779.29,1773.1,1779.28,114.4557
1783662300000,2026-07-10 05:45:00,1779.09,1779.27,1777.32,1778.84,123.6713
1783663200000,2026-07-10 06:00:00,1779.29,1779.88,1776.52,1777.94,121.6466
1783664100000,2026-07-10 06:15:00,1777.94,1777.95,1718.57,1770.54,145.6585
1783665000000,2026-07-10 06:30:00,1770.54,1773.45,1770.54,1772.96,43.9172
1783665900000,2026-07-10 06:45:00,1773.14,1774.18,1770.54,1770.85,34.0835
1783666800000,2026-07-10 07:00:00,1770.89,1773.76,1768.83,1773.76,42.5326
1783667700000,2026-07-10 07:15:00,1773.83,1777.26,1772.61,1776.03,96.957
1783668600000,2026-07-10 07:30:00,1776.02,1776.03,1772.31,1772.31,49.2142
1783669500000,2026-07-10 07:45:00,1771.92,1773.27,1771.49,1773.27,16.6973
1783670400000,2026-07-10 08:00:00,1773.56,1776.1,1772.63,1776.09,80.4419
1783671300000,2026-07-10 08:15:00,1776.1,1790.77,1776.1,1785.81,144.6784
1783672200000,2026-07-10 08:30:00,1785.81,1789.2,1784.64,1785.39,118.6642
1783673100000,2026-07-10 08:45:00,1785.53,1785.6,1783.39,1783.99,42.4991
1783674000000,2026-07-10 09:00:00,1783.99,1785.06,1781.45,1782.72,59.7713
1783674900000,2026-07-10 09:15:00,1783.19,1788.61,1783.05,1788.6,146.5541
1783675800000,2026-07-10 09:30:00,1788.61,1793.9,1788.61,1792.95,201.2844
1783676700000,2026-07-10 09:45:00,1792.95,1794.43,1791.28,1792.68,152.8091
1783677600000,2026-07-10 10:00:00,1792.68,1793.93,1789.47,1790.52,180.2319
1783678500000,2026-07-10 10:15:00,1790.52,1800.81,1790.51,1800.81,205.7538
1783679400000,2026-07-10 10:30:00,1800.81,1802.21,1796.53,1799.58,118.1875
1783680300000,2026-07-10 10:45:00,1799.59,1799.59,1796.99,1797.0,37.8582
1783681200000,2026-07-10 11:00:00,1797.03,1799.93,1797.03,1799.93,105.4521
1783682100000,2026-07-10 11:15:00,1799.92,1801.78,1796.36,1797.5,61.7197
1783683000000,2026-07-10 11:30:00,1797.51,1797.51,1794.4,1797.5,51.6386
1783683900000,2026-07-10 11:45:00,1797.51,1803.05,1797.1,1801.17,164.7385
1783684800000,2026-07-10 12:00:00,1801.17,1806.65,1798.42,1803.89,114.1811
1783685700000,2026-07-10 12:15:00,1804.58,1804.58,1800.03,1801.27,74.9075
1783686600000,2026-07-10 12:30:00,1800.51,1801.0,1794.7,1794.7,115.7127
1783687500000,2026-07-10 12:45:00,1794.72,1795.74,1793.35,1794.55,71.5422
1783688400000,2026-07-10 13:00:00,1794.32,1796.69,1793.94,1794.39,122.4888
1783689300000,2026-07-10 13:15:00,1794.39,1798.75,1794.39,1795.44,148.9297
1783690200000,2026-07-10 13:30:00,1795.27,1803.1,1795.2,1801.44,232.652
1783691100000,2026-07-10 13:45:00,1801.43,1810.8,1801.43,1804.51,189.0746
1783692000000,2026-07-10 14:00:00,1804.19,1804.33,1793.5,1793.5,181.951
1783692900000,2026-07-10 14:15:00,1793.27,1794.21,1780.38,1789.24,264.3953
1783693800000,2026-07-10 14:30:00,1789.23,1794.11,1778.6,1787.91,300.8192
1783694700000,2026-07-10 14:45:00,1787.91,1788.99,1784.45,1784.57,145.6154
1783695600000,2026-07-10 15:00:00,1785.06,1790.76,1784.82,1788.35,179.0598
1783696500000,2026-07-10 15:15:00,1788.2,1796.44,1788.19,1793.26,164.4238
1783697400000,2026-07-10 15:30:00,1794.02,1794.04,1787.08,1788.04,138.3277
1783698300000,2026-07-10 15:45:00,1789.2,1790.93,1787.63,1790.78,78.8274
1783699200000,2026-07-10 16:00:00,1790.68,1793.86,1788.29,1793.42,128.0445
1783700100000,2026-07-10 16:15:00,1793.42,1796.15,1790.07,1791.26,85.5442
1783701000000,2026-07-10 16:30:00,1791.02,1792.78,1786.25,1790.12,132.4843
1783701900000,2026-07-10 16:45:00,1790.12,1799.19,1789.98,1797.92,160.9054
1783702800000,2026-07-10 17:00:00,1797.93,1798.5,1791.91,1792.37,145.2751
1783703700000,2026-07-10 17:15:00,1792.37,1794.62,1789.71,1793.55,72.1307
1783704600000,2026-07-10 17:30:00,1793.55,1793.55,1788.78,1789.02,144.1233
1783705500000,2026-07-10 17:45:00,1789.43,1791.12,1788.03,1788.03,142.4467
1783706400000,2026-07-10 18:00:00,1788.03,1793.22,1788.03,1789.26,134.1131
1783707300000,2026-07-10 18:15:00,1789.25,1791.82,1787.7,1790.14,148.5968
1783708200000,2026-07-10 18:30:00,1789.41,1789.82,1787.76,1788.42,107.6717
1783709100000,2026-07-10 18:45:00,1788.36,1788.49,1781.9,1784.81,177.9594
1783710000000,2026-07-10 19:00:00,1784.81,1788.09,1784.21,1787.51,106.6893
1783710900000,2026-07-10 19:15:00,1787.85,1789.21,1785.34,1788.4,90.2579
1783711800000,2026-07-10 19:30:00,1788.19,1796.9,1788.19,1796.2,156.9352
1783712700000,2026-07-10 19:45:00,1796.19,1796.48,1791.91,1791.92,104.2078
1783713600000,2026-07-10 20:00:00,1791.92,1793.11,1790.31,1792.95,73.6968
1783714500000,2026-07-10 20:15:00,1792.96,1794.11,1789.7,1791.66,108.1633
1783715400000,2026-07-10 20:30:00,1791.66,1793.83,1791.29,1791.98,31.1436
1783716300000,2026-07-10 20:45:00,1791.98,1806.43,1790.13,1790.13,80.6684
1783717200000,2026-07-10 21:00:00,1789.88,1793.14,1789.87,1791.8,68.6566
1783718100000,2026-07-10 21:15:00,1792.03,1793.35,1791.38,1793.35,30.1875
1783719000000,2026-07-10 21:30:00,1793.37,1796.99,1793.37,1795.7,45.5647
1783719900000,2026-07-10 21:45:00,1795.7,1795.71,1793.79,1794.41,111.0471
1783720800000,2026-07-10 22:00:00,1794.41,1796.23,1793.72,1795.93,70.1647
1783721700000,2026-07-10 22:15:00,1795.93,1796.4,1792.96,1794.95,60.0668
1783722600000,2026-07-10 22:30:00,1795.21,1795.96,1793.8,1793.8,23.5744
1783723500000,2026-07-10 22:45:00,1793.8,1796.61,1793.57,1795.38,132.7926
1783724400000,2026-07-10 23:00:00,1795.38,1795.38,1792.58,1793.53,379.3458
1783725300000,2026-07-10 23:15:00,1793.53,2055.26,1782.13,1796.27,318.2901
1783726200000,2026-07-10 23:30:00,1796.26,1796.63,1795.4,1795.44,54.765
1783727100000,2026-07-10 23:45:00,1795.44,1797.42,1795.44,1796.86,38.6071
1783728000000,2026-07-11 00:00:00,1796.86,1797.18,1793.24,1793.59,94.3381
1783728900000,2026-07-11 00:15:00,1793.59,1795.14,1791.0,1793.65,173.4912
1783729800000,2026-07-11 00:30:00,1793.64,1794.23,1790.11,1793.65,101.8725
1783730700000,2026-07-11 00:45:00,1793.65,1793.65,1791.64,1793.47,52.493
1783731600000,2026-07-11 01:00:00,1793.51,1794.78,1792.02,1793.81,97.4277
1783732500000,2026-07-11 01:15:00,1793.71,1798.78,1793.71,1796.41,74.3679
1783733400000,2026-07-11 01:30:00,1796.17,1797.33,1789.2,1789.99,140.8915
1783734300000,2026-07-11 01:45:00,1789.98,1793.09,1788.58,1789.21,83.0515
1783735200000,2026-07-11 02:00:00,1789.2,1791.59,1788.17,1789.44,55.2944
1783736100000,2026-07-11 02:15:00,1789.84,1791.95,1789.84,1791.8,43.4776
1783737000000,2026-07-11 02:30:00,1791.73,1795.58,1791.44,1794.89,50.9049
1783737900000,2026-07-11 02:45:00,1794.9,1796.14,1794.57,1795.69,30.0132
1783738800000,2026-07-11 03:00:00,1795.68,1797.3,1794.51,1796.86,31.7954
1783739700000,2026-07-11 03:15:00,1796.87,1797.27,1793.54,1795.09,63.3937
1783740600000,2026-07-11 03:30:00,1795.16,1798.2,1794.86,1796.96,43.5473
1783741500000,2026-07-11 03:45:00,1797.06,1798.09,1796.43,1796.9,31.6634
1783742400000,2026-07-11 04:00:00,1796.76,1797.12,1795.76,1797.12,56.2414
1783743300000,2026-07-11 04:15:00,1797.16,1798.22,1795.99,1796.85,47.1829
1783744200000,2026-07-11 04:30:00,1796.85,1800.18,1796.67,1797.75,60.3235
1783745100000,2026-07-11 04:45:00,1797.75,1798.18,1795.96,1796.25,66.9737
1783746000000,2026-07-11 05:00:00,1796.24,1798.46,1795.08,1797.69,45.0773
1783746900000,2026-07-11 05:15:00,1797.9,1800.18,1797.18,1798.88,60.3073
1783747800000,2026-07-11 05:30:00,1798.96,1801.52,1798.28,1798.29,47.627
1783748700000,2026-07-11 05:45:00,1798.32,1799.82,1797.87,1799.45,34.7655
1783749600000,2026-07-11 06:00:00,1799.45,1799.45,1795.76,1798.22,43.061
1783750500000,2026-07-11 06:15:00,1798.21,1803.01,1798.21,1799.96,55.4182
1783751400000,2026-07-11 06:30:00,1799.96,1802.4,1799.96,1800.28,33.6258
1783752300000,2026-07-11 06:45:00,1800.23,1800.99,1798.84,1799.31,28.5631
1783753200000,2026-07-11 07:00:00,1799.05,1800.22,1798.31,1800.22,29.4064
1783754100000,2026-07-11 07:15:00,1800.22,1801.99,1799.46,1801.14,23.6585
1783755000000,2026-07-11 07:30:00,1801.05,1801.82,1799.99,1800.56,40.1878
1783755900000,2026-07-11 07:45:00,1800.57,1800.57,1799.35,1800.0,28.8079
1783756800000,2026-07-11 08:00:00,1799.99,1802.0,1799.65,1801.84,43.0228
1783757700000,2026-07-11 08:15:00,1801.66,1801.73,1800.78,1801.63,36.8775
1783758600000,2026-07-11 08:30:00,1801.32,1803.37,1800.99,1802.66,23.3892
1783759500000,2026-07-11 08:45:00,1802.61,1802.61,1800.52,1801.26,20.9285
1783760400000,2026-07-11 09:00:00,1801.48,1802.42,1798.65,1798.66,55.2901
1783761300000,2026-07-11 09:15:00,1798.65,1799.85,1798.15,1799.8,54.921
1783762200000,2026-07-11 09:30:00,1799.8,1800.85,1797.52,1799.37,88.193
1783763100000,2026-07-11 09:45:00,1799.23,1799.25,1795.31,1795.89,101.8098
1783764000000,2026-07-11 10:00:00,1795.89,1797.27,1795.23,1797.27,75.0041
1783764900000,2026-07-11 10:15:00,1797.51,1798.28,1795.6,1798.2,106.2019
1783765800000,2026-07-11 10:30:00,1798.21,1798.91,1796.75,1797.81,68.893
1783766700000,2026-07-11 10:45:00,1797.8,1799.27,1797.8,1798.29,23.7353
1783767600000,2026-07-11 11:00:00,1798.3,1799.36,1797.2,1798.89,57.2917
1783768500000,2026-07-11 11:15:00,1798.89,1799.36,1797.72,1799.14,34.9027
1783769400000,2026-07-11 11:30:00,1799.04,1800.53,1799.04,1799.96,47.609
1783770300000,2026-07-11 11:45:00,1799.97,1800.91,1799.44,1800.35,50.8516
1783771200000,2026-07-11 12:00:00,1800.48,1801.11,1799.4,1800.45,35.2558
1783772100000,2026-07-11 12:15:00,1800.45,1800.45,1798.65,1800.31,83.293
1783773000000,2026-07-11 12:30:00,1800.05,1800.22,1798.58,1799.14,46.4871
1783773900000,2026-07-11 12:45:00,1799.14,1801.07,1799.13,1800.09,43.8081
1783774800000,2026-07-11 13:00:00,1800.1,1800.54,1799.15,1800.0,84.4301
1783775700000,2026-07-11 13:15:00,1800.36,1802.57,1800.0,1801.7,31.0803
1783776600000,2026-07-11 13:30:00,1801.78,1806.2,1801.5,1802.96,85.8274
1783777500000,2026-07-11 13:45:00,1803.48,1804.99,1802.28,1802.62,25.1084
1783778400000,2026-07-11 14:00:00,1802.62,1804.51,1802.61,1802.87,135.5159
1783779300000,2026-07-11 14:15:00,1802.64,1807.18,1802.64,1805.95,117.7294
1783780200000,2026-07-11 14:30:00,1805.95,1816.19,1805.95,1814.26,209.5492
1783781100000,2026-07-11 14:45:00,1814.41,1814.41,1810.71,1810.71,145.2731
1783782000000,2026-07-11 15:00:00,1810.9,1823.49,1810.89,1821.73,176.8651
1783782900000,2026-07-11 15:15:00,1821.73,1840.22,1819.09,1824.13,200.1422
1783783800000,2026-07-11 15:30:00,1824.26,1824.41,1812.22,1812.23,201.5903
1783784700000,2026-07-11 15:45:00,1812.22,1815.44,1809.21,1814.57,214.5626
1783785600000,2026-07-11 16:00:00,1814.82,1815.86,1811.13,1815.0,196.4501
1783786500000,2026-07-11 16:15:00,1814.98,1820.01,1813.81,1820.0,111.4917
1783787400000,2026-07-11 16:30:00,1820.0,1823.74,1817.1,1818.04,205.5075
1783788300000,2026-07-11 16:45:00,1818.19,1823.42,1816.51,1822.68,148.1308
1783789200000,2026-07-11 17:00:00,1823.19,1823.71,1820.67,1821.18,62.7173
1783790100000,2026-07-11 17:15:00,1820.5,1822.8,1818.45,1822.63,76.3479
1783791000000,2026-07-11 17:30:00,1822.63,1828.93,1822.51,1827.21,133.2033
1783791900000,2026-07-11 17:45:00,1827.21,1827.76,1824.22,1824.37,59.7175
1783792800000,2026-07-11 18:00:00,1824.63,1825.82,1823.91,1825.0,101.4098
1783793700000,2026-07-11 18:15:00,1824.33,1828.39,1824.32,1826.04,83.7004
1783794600000,2026-07-11 18:30:00,1826.04,1828.87,1825.62,1828.71,54.7879
1783795500000,2026-07-11 18:45:00,1828.71,1828.71,1824.43,1826.4,124.7771
1783796400000,2026-07-11 19:00:00,1826.4,1826.73,1823.86,1824.83,167.9703
1783797300000,2026-07-11 19:15:00,1825.0,1825.44,1818.99,1820.16,136.5125
1783798200000,2026-07-11 19:30:00,1820.17,1821.45,1819.1,1820.85,159.0219
1783799100000,2026-07-11 19:45:00,1821.21,1824.43,1821.21,1824.39,108.9598
1783800000000,2026-07-11 20:00:00,1824.38,1825.54,1824.04,1825.54,46.2115
1783800900000,2026-07-11 20:15:00,1825.02,1825.86,1824.91,1825.55,47.0615
1783801800000,2026-07-11 20:30:00,1826.05,1828.57,1825.46,1826.98,55.8951
1783802700000,2026-07-11 20:45:00,1827.57,1828.09,1825.41,1826.18,157.7845
1783803600000,2026-07-11 21:00:00,1825.97,1829.17,1825.97,1826.4,76.7569
1783804500000,2026-07-11 21:15:00,1826.52,1827.75,1825.44,1825.76,151.0283
1783805400000,2026-07-11 21:30:00,1825.86,1826.7,1822.8,1823.41,66.1592
1783806300000,2026-07-11 21:45:00,1823.26,1835.59,1823.21,1824.14,26.2149
1783807200000,2026-07-11 22:00:00,1823.96,1823.96,1821.88,1822.64,68.876
1783808100000,2026-07-11 22:15:00,1822.48,1827.25,1811.11,1813.91,229.3829
1783809000000,2026-07-11 22:30:00,1813.91,1817.19,1813.4,1815.64,200.4301
1783809900000,2026-07-11 22:45:00,1815.65,1815.65,1812.24,1813.72,188.8381
1783810800000,2026-07-11 23:00:00,1813.72,1815.86,1807.31,1808.45,163.1932
1783811700000,2026-07-11 23:15:00,1808.44,1810.34,1793.44,1795.59,323.8966
1783812600000,2026-07-11 23:30:00,1795.72,1795.79,1786.77,1791.0,334.5631
1783813500000,2026-07-11 23:45:00,1791.0,1794.4,1787.77,1787.77,167.4778
1783814400000,2026-07-12 00:00:00,1787.77,1790.47,1783.09,1785.07,240.2638
1783815300000,2026-07-12 00:15:00,1783.47,1790.3,1783.38,1787.64,183.9753
1783816200000,2026-07-12 00:30:00,1787.64,1787.97,1779.75,1787.03,230.8921
1783817100000,2026-07-12 00:45:00,1786.79,1790.67,1785.19,1788.57,232.4131
1783818000000,2026-07-12 01:00:00,1788.78,1795.54,1788.41,1794.17,302.8346
1783818900000,2026-07-12 01:15:00,1794.17,1801.37,1793.48,1800.92,337.105
1783819800000,2026-07-12 01:30:00,1800.9,1808.29,1800.47,1806.74,486.7278
1783820700000,2026-07-12 01:45:00,1807.0,1808.3,1805.06,1806.69,255.3778
1783821600000,2026-07-12 02:00:00,1806.69,1806.69,1802.97,1803.95,273.3184
1783822500000,2026-07-12 02:15:00,1803.95,1807.54,1803.62,1805.45,257.477
1783823400000,2026-07-12 02:30:00,1805.46,1806.82,1804.36,1805.08,118.943
1783824300000,2026-07-12 02:45:00,1805.51,1806.84,1804.46,1805.67,108.8377
1783825200000,2026-07-12 03:00:00,1805.67,1806.9,1803.09,1806.89,83.8445
1783826100000,2026-07-12 03:15:00,1806.9,1807.99,1805.97,1806.89,64.6013
1783827000000,2026-07-12 03:30:00,1807.12,1812.15,1807.11,1810.54,143.4821
1783827900000,2026-07-12 03:45:00,1810.31,1812.17,1809.15,1811.43,68.0336
1783828800000,2026-07-12 04:00:00,1811.53,1811.53,1809.99,1810.29,63.4587
1783829700000,2026-07-12 04:15:00,1810.3,1812.62,1808.23,1809.8,100.3859
1783830600000,2026-07-12 04:30:00,1809.76,1810.25,1805.37,1808.24,143.3296
1783831500000,2026-07-12 04:45:00,1808.37,1808.37,1804.34,1805.91,222.1918
1783832400000,2026-07-12 05:00:00,1805.92,1807.15,1804.43,1804.43,67.5377
1783833300000,2026-07-12 05:15:00,1804.61,1804.69,1801.36,1801.6,95.7778
1783834200000,2026-07-12 05:30:00,1801.61,1805.8,1801.32,1805.06,121.0262
1783835100000,2026-07-12 05:45:00,1805.22,1805.67,1803.26,1803.26,63.3978
1783836000000,2026-07-12 06:00:00,1803.26,1803.26,1793.02,1794.76,236.2354
1783836900000,2026-07-12 06:15:00,1793.52,1794.66,1790.02,1790.85,182.3683
1783837800000,2026-07-12 06:30:00,1790.9,1795.1,1790.05,1794.13,134.6864
1783838700000,2026-07-12 06:45:00,1794.25,1795.9,1792.89,1795.13,126.5196
1783839600000,2026-07-12 07:00:00,1795.14,1797.76,1794.21,1797.52,100.8874
1783840500000,2026-07-12 07:15:00,1797.65,1798.89,1796.56,1796.9,99.3065
1783841400000,2026-07-12 07:30:00,1796.9,1797.63,1796.5,1797.32,62.4614
1783842300000,2026-07-12 07:45:00,1796.88,1798.92,1796.69,1798.64,87.2748
1783843200000,2026-07-12 08:00:00,1798.64,1808.28,1798.64,1807.85,196.7603
1783844100000,2026-07-12 08:15:00,1807.85,1808.72,1803.87,1804.13,147.2344
1783845000000,2026-07-12 08:30:00,1803.9,1805.7,1803.64,1805.24,48.8995
1783845900000,2026-07-12 08:45:00,1805.37,1805.57,1803.55,1805.21,74.8015
1783846800000,2026-07-12 09:00:00,1805.21,1805.98,1801.02,1801.03,124.1434
1783847700000,2026-07-12 09:15:00,1801.36,1801.36,1796.92,1799.59,115.2185
1783848600000,2026-07-12 09:30:00,1799.67,1804.36,1799.61,1803.54,111.6702
1783849500000,2026-07-12 09:45:00,1803.54,1803.96,1802.28,1802.29,116.5818
1783850400000,2026-07-12 10:00:00,1802.4,1802.57,1800.08,1800.99,138.7423
1783851300000,2026-07-12 10:15:00,1800.98,1802.16,1799.83,1801.13,122.8095
1783852200000,2026-07-12 10:30:00,1800.77,1801.64,1799.27,1799.76,115.8195
1783853100000,2026-07-12 10:45:00,1799.94,1800.47,1799.02,1799.61,94.302
1783854000000,2026-07-12 11:00:00,1799.74,1800.99,1796.64,1798.3,144.2248
1783854900000,2026-07-12 11:15:00,1798.48,1800.78,1798.28,1800.42,77.3711
1783855800000,2026-07-12 11:30:00,1800.82,1806.48,1800.82,1804.95,43.2609
1783856700000,2026-07-12 11:45:00,1805.77,1806.77,1803.52,1803.77,47.3019
1783857600000,2026-07-12 12:00:00,1803.77,1807.4,1803.0,1806.57,79.8728
1783858500000,2026-07-12 12:15:00,1806.56,1807.74,1805.41,1807.46,49.9613
1783859400000,2026-07-12 12:30:00,1807.46,1807.47,1805.19,1806.0,74.2372
1783860300000,2026-07-12 12:45:00,1805.99,1808.7,1805.5,1807.22,137.1205
1783861200000,2026-07-12 13:00:00,1806.83,1808.76,1805.33,1807.31,105.3329
1783862100000,2026-07-12 13:15:00,1807.99,1809.2,1785.07,1807.6,86.537
1783863000000,2026-07-12 13:30:00,1807.66,1808.97,1806.59,1807.44,108.6426
1783863900000,2026-07-12 13:45:00,1807.45,1807.95,1805.53,1806.05,94.1524
1783864800000,2026-07-12 14:00:00,1805.96,1807.0,1804.22,1804.34,76.8039
1783865700000,2026-07-12 14:15:00,1804.34,1805.92,1804.33,1805.58,80.1755
1783866600000,2026-07-12 14:30:00,1805.59,1810.09,1805.59,1810.0,67.065
1783867500000,2026-07-12 14:45:00,1809.77,1822.0,1809.09,1819.66,169.9542
1783868400000,2026-07-12 15:00:00,1819.5,1824.56,1816.57,1821.85,206.6126
1783869300000,2026-07-12 15:15:00,1821.85,1825.6,1818.11,1825.59,234.3159
1783870200000,2026-07-12 15:30:00,1825.6,1826.25,1819.23,1821.58,172.1042
1783871100000,2026-07-12 15:45:00,1821.57,1824.99,1820.65,1820.93,247.7222
1783872000000,2026-07-12 16:00:00,1820.93,1835.69,1817.6,1817.95,340.308
1783872900000,2026-07-12 16:15:00,1817.95,1823.68,1817.95,1822.92,291.8118
1783873800000,2026-07-12 16:30:00,1822.67,1822.77,1819.13,1819.73,177.3105
1783874700000,2026-07-12 16:45:00,1819.73,1822.57,1819.5,1822.0,187.7468
1783875600000,2026-07-12 17:00:00,1822.0,1822.54,1819.93,1820.03,131.4551
1783876500000,2026-07-12 17:15:00,1820.1,1821.16,1818.69,1818.73,136.0182
1783877400000,2026-07-12 17:30:00,1818.72,1822.3,1818.5,1821.57,88.7178
1783878300000,2026-07-12 17:45:00,1821.39,1821.39,1815.47,1818.51,206.8638
1783879200000,2026-07-12 18:00:00,1818.51,1821.0,1816.03,1817.13,208.4028
1783880100000,2026-07-12 18:15:00,1817.14,1819.7,1815.26,1819.08,100.19
1783881000000,2026-07-12 18:30:00,1819.08,1822.1,1818.73,1821.16,35.149
1783881900000,2026-07-12 18:45:00,1821.16,1822.34,1821.16,1821.42,173.488
1783882800000,2026-07-12 19:00:00,1821.41,1822.8,1821.17,1821.17,120.844
1783883700000,2026-07-12 19:15:00,1820.75,1821.77,1820.4,1821.61,131.5785
1783884600000,2026-07-12 19:30:00,1821.69,1821.69,1819.24,1819.24,162.5775
1783885500000,2026-07-12 19:45:00,1819.25,1822.68,1818.74,1821.22,165.9518
1783886400000,2026-07-12 20:00:00,1821.4,1822.3,1819.72,1819.73,138.6903
1783887300000,2026-07-12 20:15:00,1819.72,1820.58,1818.81,1819.89,129.7912
1783888200000,2026-07-12 20:30:00,1819.9,1823.58,1818.8,1823.1,248.1188
1783889100000,2026-07-12 20:45:00,1823.1,1823.21,1820.8,1821.04,92.6173
1783890000000,2026-07-12 21:00:00,1821.18,1823.63,1820.07,1820.12,204.1336
1783890900000,2026-07-12 21:15:00,1820.05,1820.05,1813.95,1815.24,379.9356
1783891800000,2026-07-12 21:30:00,1815.24,1815.43,1813.9,1814.08,280.2155
1783892700000,2026-07-12 21:45:00,1814.09,1835.69,1808.39,1812.28,715.3329
1783893600000,2026-07-12 22:00:00,1812.28,1835.69,1799.05,1802.51,612.4567
1783894500000,2026-07-12 22:15:00,1802.31,1804.86,1797.99,1802.2,452.4911
1783895400000,2026-07-12 22:30:00,1802.39,1804.02,1800.47,1801.75,325.0893
1783896300000,2026-07-12 22:45:00,1801.91,1806.58,1798.0,1805.06,111.2385
1783897200000,2026-07-12 23:00:00,1805.05,1805.33,1801.44,1803.35,113.6405
1783898100000,2026-07-12 23:15:00,1803.62,1804.84,1802.22,1804.68,91.8745
1783899000000,2026-07-12 23:30:00,1804.67,1808.86,1804.46,1807.56,143.3229
1783899900000,2026-07-12 23:45:00,1807.56,1808.11,1804.35,1806.79,172.5057
1783900800000,2026-07-13 00:00:00,1806.8,2057.9,1804.42,1839.47,643.1277
1783901700000,2026-07-13 00:15:00,1839.48,1842.19,1831.33,1831.82,310.623
1783902600000,2026-07-13 00:30:00,1831.86,1832.74,1803.9,1814.33,366.2652
1783903500000,2026-07-13 00:45:00,1814.53,1827.46,1814.53,1826.6,287.8924
1783904400000,2026-07-13 01:00:00,1826.6,1829.94,1816.96,1822.36,306.8532
1783905300000,2026-07-13 01:15:00,1822.36,1828.66,1815.01,1816.93,242.1153
1783906200000,2026-07-13 01:30:00,1816.75,1820.38,1812.37,1817.57,207.213
1783907100000,2026-07-13 01:45:00,1817.58,1818.08,1805.93,1807.29,314.6528
1783908000000,2026-07-13 02:00:00,1806.84,1807.88,1790.4,1805.34,214.2504
1783908900000,2026-07-13 02:15:00,1805.35,1811.46,1805.34,1810.13,144.813
1783909800000,2026-07-13 02:30:00,1810.13,1814.66,1808.66,1812.07,141.1969
1783910700000,2026-07-13 02:45:00,1812.21,1812.21,1806.6,1807.3,144.9659
1783911600000,2026-07-13 03:00:00,1807.0,1807.01,1785.71,1789.74,280.6463
1783912500000,2026-07-13 03:15:00,1789.74,1799.5,1787.55,1795.41,171.384
1783913400000,2026-07-13 03:30:00,1795.22,1795.22,1775.68,1778.37,355.5609
1783914300000,2026-07-13 03:45:00,1778.09,1782.1,1778.08,1780.51,127.5482
1783915200000,2026-07-13 04:00:00,1780.5,1780.96,1776.53,1779.75,126.875
1783916100000,2026-07-13 04:15:00,1779.74,1785.16,1779.72,1785.15,67.2941
1783917000000,2026-07-13 04:30:00,1784.86,1784.86,1779.36,1780.75,63.7317
1783917900000,2026-07-13 04:45:00,1780.74,1782.5,1778.51,1778.51,42.9178
1783918800000,2026-07-13 05:00:00,1778.88,1786.33,1776.11,1784.16,99.0174
1783919700000,2026-07-13 05:15:00,1784.03,1786.43,1778.87,1779.34,147.9115
1783920600000,2026-07-13 05:30:00,1779.41,1784.46,1775.52,1782.84,114.5112
1783921500000,2026-07-13 05:45:00,1782.84,1782.84,1780.35,1781.16,53.2796
1783922400000,2026-07-13 06:00:00,1781.64,1783.41,1777.06,1777.34,62.0036
1783923300000,2026-07-13 06:15:00,1777.34,1779.57,1776.23,1779.57,63.0373
1783924200000,2026-07-13 06:30:00,1779.58,1780.7,1776.12,1778.85,59.1676
1783925100000,2026-07-13 06:45:00,1778.85,1779.53,1777.17,1777.6,68.1902
1783926000000,2026-07-13 07:00:00,1777.85,1780.7,1776.45,1780.0,108.0738
1783926900000,2026-07-13 07:15:00,1780.0,1788.13,1778.79,1787.34,129.9352
1783927800000,2026-07-13 07:30:00,1787.41,1790.9,1787.24,1787.48,117.2175
1783928700000,2026-07-13 07:45:00,1787.48,1788.12,1785.72,1787.26,41.0032
1783929600000,2026-07-13 08:00:00,1787.48,1789.33,1784.05,1786.66,125.7255
1783930500000,2026-07-13 08:15:00,1786.65,1787.86,1785.0,1786.47,120.23
1783931400000,2026-07-13 08:30:00,1786.47,1788.79,1784.48,1788.79,106.367
1783932300000,2026-07-13 08:45:00,1788.79,1793.52,1788.41,1790.13,76.2688
1783933200000,2026-07-13 09:00:00,1790.18,1790.18,1788.27,1788.74,73.7473
1783934100000,2026-07-13 09:15:00,1788.74,1788.88,1785.86,1787.49,34.1577
1783935000000,2026-07-13 09:30:00,1787.5,1787.85,1786.18,1786.38,33.2352
1783935900000,2026-07-13 09:45:00,1786.4,1786.77,1785.4,1785.8,16.8813
1783936800000,2026-07-13 10:00:00,1786.2,1786.89,1781.59,1782.51,66.0665
1783937700000,2026-07-13 10:15:00,1782.51,1785.26,1781.34,1781.72,24.8299
1783938600000,2026-07-13 10:30:00,1782.22,1784.19,1779.24,1779.24,65.8722
1783939500000,2026-07-13 10:45:00,1779.24,1780.97,1777.62,1779.29,63.2562
1783940400000,2026-07-13 11:00:00,1779.43,1784.8,1779.43,1782.53,119.1167
1783941300000,2026-07-13 11:15:00,1782.53,1783.17,1779.76,1782.25,57.7282
1783942200000,2026-07-13 11:30:00,1782.17,1783.7,1780.94,1782.27,59.2677
1783943100000,2026-07-13 11:45:00,1782.26,1783.69,1780.7,1780.74,43.6663
1783944000000,2026-07-13 12:00:00,1780.74,1782.88,1778.83,1780.33,86.6231
1783944900000,2026-07-13 12:15:00,1780.33,1781.64,1776.97,1776.97,202.117
1783945800000,2026-07-13 12:30:00,1776.98,1778.29,1768.8,1770.67,208.571
1783946700000,2026-07-13 12:45:00,1770.67,1772.37,1770.48,1772.03,89.3804
1783947600000,2026-07-13 13:00:00,1772.33,1773.31,1768.47,1768.47,112.5157
1783948500000,2026-07-13 13:15:00,1768.23,1770.77,1765.59,1769.47,128.4079
1783949400000,2026-07-13 13:30:00,1769.47,1776.31,1764.38,1769.05,262.6768
1783950300000,2026-07-13 13:45:00,1768.12,1772.0,1764.36,1771.31,263.6154
1783951200000,2026-07-13 14:00:00,1771.3,1774.36,1768.17,1773.61,155.8709
1783952100000,2026-07-13 14:15:00,1773.61,1775.6,1766.29,1771.85,336.8057
1783953000000,2026-07-13 14:30:00,1771.85,1777.5,1769.82,1775.99,150.223
1783953900000,2026-07-13 14:45:00,1776.11,1781.84,1774.71,1781.84,144.6969
1783954800000,2026-07-13 15:00:00,1781.73,1782.41,1777.65,1778.35,62.151
1783955700000,2026-07-13 15:15:00,1778.36,1786.11,1777.99,1783.18,130.4881
1783956600000,2026-07-13 15:30:00,1782.73,1783.07,1776.0,1777.7,111.0408
1783957500000,2026-07-13 15:45:00,1777.69,1778.39,1775.69,1776.75,75.318
1783958400000,2026-07-13 16:00:00,1777.0,1780.11,1776.08,1778.32,88.3212
1783959300000,2026-07-13 16:15:00,1778.32,1778.32,1771.37,1772.44,78.2405
1783960200000,2026-07-13 16:30:00,1772.43,1774.7,1767.56,1774.04,114.7834
1783961100000,2026-07-13 16:45:00,1774.03,1776.0,1770.5,1771.96,95.8917
1783962000000,2026-07-13 17:00:00,1772.04,1775.65,1770.1,1773.9,99.607
1783962900000,2026-07-13 17:15:00,1773.98,1774.68,1770.56,1771.32,54.4791
1783963800000,2026-07-13 17:30:00,1771.53,1772.31,1764.5,1767.94,144.264
1783964700000,2026-07-13 17:45:00,1767.71,1769.2,1753.93,1753.93,204.5095
1783965600000,2026-07-13 18:00:00,1753.76,1760.56,1752.82,1757.46,171.9288
1783966500000,2026-07-13 18:15:00,1757.46,1759.3,1751.99,1758.55,96.5429
1783967400000,2026-07-13 18:30:00,1758.55,1762.58,1757.38,1761.43,95.663
1783968300000,2026-07-13 18:45:00,1761.44,1767.16,1761.21,1764.44,94.2256
1783969200000,2026-07-13 19:00:00,1764.9,1767.05,1764.61,1766.63,121.5245
1783970100000,2026-07-13 19:15:00,1766.62,1768.51,1764.54,1765.04,260.147
1783971000000,2026-07-13 19:30:00,1765.15,1771.83,1765.15,1771.53,190.7735
1783971900000,2026-07-13 19:45:00,1771.84,1775.01,1769.4,1775.01,231.8074
1783972800000,2026-07-13 20:00:00,1774.92,1776.3,1771.48,1771.49,205.3421
1783973700000,2026-07-13 20:15:00,1771.49,1771.49,1765.13,1769.96,251.3853
1783974600000,2026-07-13 20:30:00,1769.95,1769.99,1768.09,1768.09,135.423
1783975500000,2026-07-13 20:45:00,1768.09,1768.1,1762.76,1767.53,190.177
1783976400000,2026-07-13 21:00:00,1767.53,1767.53,1762.67,1763.21,1165.7612
1783977300000,2026-07-13 21:15:00,1763.21,1787.7,1757.22,1760.84,38.0044
1783978200000,2026-07-13 21:30:00,1760.58,1760.58,1753.83,1754.74,183.6047
1783979100000,2026-07-13 21:45:00,1754.74,1762.0,1754.74,1761.41,43.6458
1783980000000,2026-07-13 22:00:00,1761.41,1768.12,1761.41,1766.41,112.5344
1783980900000,2026-07-13 22:15:00,1766.42,1768.45,1765.69,1766.06,38.7114
1783981800000,2026-07-13 22:30:00,1766.06,1766.82,1762.75,1763.88,66.8532
1783982700000,2026-07-13 22:45:00,1764.34,1764.61,1756.41,1758.39,62.1938
1783983600000,2026-07-13 23:00:00,1758.39,1762.2,1756.77,1761.6,76.3167
1783984500000,2026-07-13 23:15:00,1761.6,1770.79,1761.59,1767.51,181.3592
1783985400000,2026-07-13 23:30:00,1767.52,1768.89,1765.99,1767.02,176.2933
1783986300000,2026-07-13 23:45:00,1767.03,1777.99,1767.02,1776.79,320.4846
1783987200000,2026-07-14 00:00:00,1776.8,1780.64,1773.88,1779.76,477.3184
1783988100000,2026-07-14 00:15:00,1779.75,1780.83,1776.58,1778.99,415.8107
1783989000000,2026-07-14 00:30:00,1779.0,1783.44,1778.86,1779.36,373.2388
1783989900000,2026-07-14 00:45:00,1779.36,1788.04,1779.35,1785.34,371.4491
1783990800000,2026-07-14 01:00:00,1785.34,1802.51,1784.14,1785.44,357.3245
1783991700000,2026-07-14 01:15:00,1785.43,1794.34,1784.42,1787.64,455.2802
1783992600000,2026-07-14 01:30:00,1787.65,1787.95,1783.54,1784.28,418.5669
1783993500000,2026-07-14 01:45:00,1784.28,1786.08,1783.76,1784.81,263.6341
1783994400000,2026-07-14 02:00:00,1784.8,1788.77,1774.95,1784.03,357.0183
1783995300000,2026-07-14 02:15:00,1784.09,1784.63,1775.17,1777.91,412.8236
1783996200000,2026-07-14 02:30:00,1777.91,1785.44,1777.91,1785.44,341.6788
1783997100000,2026-07-14 02:45:00,1785.44,1786.03,1781.75,1782.49,284.7278
1783998000000,2026-07-14 03:00:00,1782.5,1783.96,1776.08,1776.55,280.3046
1783998900000,2026-07-14 03:15:00,1776.54,1779.93,1774.75,1779.79,101.8884
1783999800000,2026-07-14 03:30:00,1779.79,1783.48,1779.01,1781.44,70.1451
1784000700000,2026-07-14 03:45:00,1781.43,1783.87,1780.86,1783.87,58.7283
1784001600000,2026-07-14 04:00:00,1783.88,1787.57,1782.25,1783.96,286.4321
1784002500000,2026-07-14 04:15:00,1784.06,1788.69,1782.38,1787.5,186.1967
1784003400000,2026-07-14 04:30:00,1787.53,1789.77,1786.13,1786.13,219.1894
1784004300000,2026-07-14 04:45:00,1786.14,1786.74,1784.62,1785.93,163.4821
1784005200000,2026-07-14 05:00:00,1785.46,1792.21,1784.53,1790.03,232.0916
1784006100000,2026-07-14 05:15:00,1790.04,1791.72,1788.58,1790.7,351.5633
1784007000000,2026-07-14 05:30:00,1790.7,1791.77,1785.65,1787.41,192.42
1784007900000,2026-07-14 05:45:00,1787.41,1787.82,1786.54,1786.55,140.6436
1784008800000,2026-07-14 06:00:00,1786.55,1787.08,1784.65,1785.16,162.1066
1784009700000,2026-07-14 06:15:00,1785.16,1787.34,1784.91,1785.61,188.0692
1784010600000,2026-07-14 06:30:00,1785.61,1787.3,1783.12,1784.52,204.4942
1784011500000,2026-07-14 06:45:00,1784.51,1784.64,1781.92,1783.18,147.6849
1784012400000,2026-07-14 07:00:00,1783.18,1783.63,1781.27,1782.45,272.9085
1784013300000,2026-07-14 07:15:00,1782.46,1786.23,1782.16,1785.75,285.6564
1784014200000,2026-07-14 07:30:00,1785.76,1785.76,1779.83,1781.0,296.7891
1784015100000,2026-07-14 07:45:00,1780.99,1782.48,1779.41,1781.2,208.4457
1784016000000,2026-07-14 08:00:00,1781.2,1782.69,1779.56,1781.22,218.7081
1784016900000,2026-07-14 08:15:00,1781.34,1787.63,1781.33,1786.66,85.2924
1784017800000,2026-07-14 08:30:00,1786.66,1789.34,1784.89,1787.67,80.9516
1784018700000,2026-07-14 08:45:00,1787.68,1788.13,1784.8,1785.93,35.1937
1784019600000,2026-07-14 09:00:00,1785.94,1788.57,1785.27,1788.47,57.5331
1784020500000,2026-07-14 09:15:00,1788.48,1789.57,1787.2,1788.11,52.3647
1784021400000,2026-07-14 09:30:00,1787.92,1788.22,1783.05,1785.48,62.7235
1784022300000,2026-07-14 09:45:00,1785.47,1788.39,1784.39,1786.19,53.7683
1784023200000,2026-07-14 10:00:00,1786.19,1791.42,1786.11,1789.5,51.7185
1784024100000,2026-07-14 10:15:00,1789.88,1790.91,1788.1,1788.12,39.9641
1784025000000,2026-07-14 10:30:00,1788.13,1795.0,1786.32,1794.16,134.8799
1784025900000,2026-07-14 10:45:00,1794.16,1805.0,1794.16,1800.0,268.2415
1784026800000,2026-07-14 11:00:00,1800.0,1800.46,1795.82,1798.72,74.1283
1784027700000,2026-07-14 11:15:00,1798.72,1802.75,1796.98,1800.78,112.5807
1784028600000,2026-07-14 11:30:00,1800.79,1800.79,1797.66,1799.1,42.8073
1784029500000,2026-07-14 11:45:00,1799.21,1799.94,1798.0,1798.09,34.1727
1784030400000,2026-07-14 12:00:00,1798.1,1799.05,1794.26,1795.8,76.6917
1784031300000,2026-07-14 12:15:00,1795.8,1805.98,1794.98,1800.6,207.1208
1784032200000,2026-07-14 12:30:00,1801.11,1830.05,1757.22,1824.87,508.9683
1784033100000,2026-07-14 12:45:00,1824.88,1861.81,1824.87,1860.3,595.2537
1784034000000,2026-07-14 13:00:00,1860.3,1865.0,1855.22,1858.4,304.0936
1784034900000,2026-07-14 13:15:00,1858.4,1882.05,1857.25,1880.0,425.0783
1784035800000,2026-07-14 13:30:00,1880.0,1882.05,1857.41,1870.09,588.7936
1784036700000,2026-07-14 13:45:00,1870.1,1874.7,1864.9,1871.66,580.2236
1784037600000,2026-07-14 14:00:00,1870.97,1882.05,1860.93,1868.68,658.9099
1784038500000,2026-07-14 14:15:00,1868.69,1882.05,1860.03,1865.11,626.4703
1784039400000,2026-07-14 14:30:00,1865.55,1873.29,1864.01,1870.49,528.8806
1784040300000,2026-07-14 14:45:00,1870.49,1901.2,1703.18,1882.03,551.3043
1784041200000,2026-07-14 15:00:00,1882.03,1882.03,1859.61,1878.49,501.2145
1784042100000,2026-07-14 15:15:00,1879.13,1884.18,1870.15,1883.34,558.3135
1784043000000,2026-07-14 15:30:00,1881.34,2034.49,1575.0,1881.11,909.5345
1784043900000,2026-07-14 15:45:00,1880.89,1882.06,1873.55,1875.63,118.4532
1784044800000,2026-07-14 16:00:00,1875.63,1876.56,1869.49,1872.37,229.5615
1784045700000,2026-07-14 16:15:00,1872.37,1877.01,1870.65,1875.61,298.7468
1784046600000,2026-07-14 16:30:00,1875.62,1876.81,1873.32,1873.32,237.1026
1784047500000,2026-07-14 16:45:00,1873.31,1875.93,1872.53,1873.79,240.6527
1784048400000,2026-07-14 17:00:00,1873.8,1873.8,1864.26,1867.71,344.6922
1784049300000,2026-07-14 17:15:00,1867.71,1869.92,1772.94,1869.75,431.5392
1784050200000,2026-07-14 17:30:00,1869.59,1870.08,1865.95,1869.07,294.9253
1784051100000,2026-07-14 17:45:00,1869.08,1872.56,1866.91,1871.33,255.6918
1784052000000,2026-07-14 18:00:00,1871.34,1872.27,1869.37,1869.85,305.4945
1784052900000,2026-07-14 18:15:00,1869.86,1871.28,1868.4,1870.41,120.8222
1784053800000,2026-07-14 18:30:00,1870.3,1875.52,1868.95,1872.87,139.9123
1784054700000,2026-07-14 18:45:00,1872.88,1876.58,1872.88,1874.84,86.8579
1784055600000,2026-07-14 19:00:00,1874.97,1878.24,1874.44,1877.04,215.652
1784056500000,2026-07-14 19:15:00,1877.01,1881.05,1875.55,1876.63,263.0108
1784057400000,2026-07-14 19:30:00,1876.64,1879.89,1875.18,1879.54,267.7309
1784058300000,2026-07-14 19:45:00,1879.54,1880.95,1876.27,1876.27,239.1294
1784059200000,2026-07-14 20:00:00,1876.27,1878.55,1874.81,1874.82,227.8058
1784060100000,2026-07-14 20:15:00,1874.81,1876.98,1874.63,1875.8,114.1722
1784061000000,2026-07-14 20:30:00,1876.06,1877.08,1873.94,1874.48,363.4764
1784061900000,2026-07-14 20:45:00,1874.48,1875.51,1874.48,1875.42,423.5212
1784062800000,2026-07-14 21:00:00,1875.41,1882.57,1575.0,1878.15,537.9604
1784063700000,2026-07-14 21:15:00,1878.15,1879.51,1876.46,1878.3,110.3125
1784064600000,2026-07-14 21:30:00,1877.75,1879.37,1876.09,1877.51,88.4672
1784065500000,2026-07-14 21:45:00,1877.52,1878.32,1875.35,1876.38,54.6793
1784066400000,2026-07-14 22:00:00,1876.57,1876.57,1872.06,1872.62,64.879
1784067300000,2026-07-14 22:15:00,1872.62,1884.28,1872.49,1881.99,99.4566
1784068200000,2026-07-14 22:30:00,1881.44,1895.16,1881.44,1887.13,173.2912
1784069100000,2026-07-14 22:45:00,1887.12,1888.97,1882.23,1882.52,68.7528
1784070000000,2026-07-14 23:00:00,1882.51,1887.73,1879.19,1886.59,112.0137
1784070900000,2026-07-14 23:15:00,1886.55,1886.55,1884.2,1884.86,36.9849
1784071800000,2026-07-14 23:30:00,1885.81,1889.17,1884.88,1888.88,58.9431
1784072700000,2026-07-14 23:45:00,1888.88,1892.77,1888.88,1890.67,119.7402
1784073600000,2026-07-15 00:00:00,1891.32,1893.3,1887.3,1887.32,151.1185
1784074500000,2026-07-15 00:15:00,1887.43,1887.87,1879.43,1880.88,70.1794
1784075400000,2026-07-15 00:30:00,1880.88,1880.88,1878.27,1879.3,112.3768
1784076300000,2026-07-15 00:45:00,1879.3,1882.35,1879.3,1881.58,58.2309
1784077200000,2026-07-15 01:00:00,1881.59,1881.86,1874.59,1876.02,300.8492
1784078100000,2026-07-15 01:15:00,1875.95,1879.47,1874.61,1878.94,211.5679
1784079000000,2026-07-15 01:30:00,1878.86,1879.11,1868.32,1869.94,330.2514
1784079900000,2026-07-15 01:45:00,1869.94,1870.52,1867.35,1870.39,268.0142
1784080800000,2026-07-15 02:00:00,1870.39,1872.39,1867.34,1871.09,270.4576
1784081700000,2026-07-15 02:15:00,1871.2,1871.2,1864.83,1864.84,299.5852
1784082600000,2026-07-15 02:30:00,1864.84,1867.58,1864.83,1866.77,230.3319
1784083500000,2026-07-15 02:45:00,1866.77,1867.43,1864.45,1864.6,129.4189
1784084400000,2026-07-15 03:00:00,1864.59,1870.78,1864.5,1870.01,196.2088
1784085300000,2026-07-15 03:15:00,1870.14,1870.28,1868.06,1868.78,36.3813
1784086200000,2026-07-15 03:30:00,1868.79,1874.7,1868.78,1873.31,82.3999
1784087100000,2026-07-15 03:45:00,1873.0,1878.96,1872.02,1876.71,75.1269
1784088000000,2026-07-15 04:00:00,1876.71,1879.14,1875.53,1876.7,67.9788
1784088900000,2026-07-15 04:15:00,1876.8,1878.1,1875.54,1875.54,34.7463
1784089800000,2026-07-15 04:30:00,1875.54,1878.77,1873.71,1877.73,53.6451
1784090700000,2026-07-15 04:45:00,1877.82,1880.15,1875.23,1876.16,37.2968
1784091600000,2026-07-15 05:00:00,1876.23,1878.5,1871.92,1872.12,111.9511
1784092500000,2026-07-15 05:15:00,1872.53,1874.29,1872.36,1873.05,30.3771
1784093400000,2026-07-15 05:30:00,1872.71,1876.07,1872.66,1874.1,14.8794
1784094300000,2026-07-15 05:45:00,1874.11,1883.58,1874.04,1882.68,84.9087
1784095200000,2026-07-15 06:00:00,1882.69,1889.45,1881.7,1889.44,208.3833
1784096100000,2026-07-15 06:15:00,1888.91,1888.91,1885.24,1885.76,48.1595
1784097000000,2026-07-15 06:30:00,1885.76,1891.8,1884.33,1884.95,119.691
1784097900000,2026-07-15 06:45:00,1885.21,1885.35,1875.86,1875.87,67.8718
1784098800000,2026-07-15 07:00:00,1875.87,1876.87,1873.42,1876.65,136.7347
1784099700000,2026-07-15 07:15:00,1876.68,1877.01,1864.91,1866.17,164.1836
1784100600000,2026-07-15 07:30:00,1866.17,1893.71,1865.81,1893.71,139.0817
1784101500000,2026-07-15 07:45:00,1869.85,1871.16,1868.63,1870.02,65.654
1784102400000,2026-07-15 08:00:00,1870.02,1874.8,1870.02,1874.07,108.2906
1784103300000,2026-07-15 08:15:00,1873.9,1875.23,1872.67,1874.75,37.5436
1784104200000,2026-07-15 08:30:00,1874.76,1877.43,1873.6,1877.43,36.2591
1784105100000,2026-07-15 08:45:00,1877.82,1879.52,1876.58,1879.0,25.1491
1784106000000,2026-07-15 09:00:00,1879.0,1885.96,1878.99,1883.2,101.7872
1784106900000,2026-07-15 09:15:00,1883.2,1885.9,1882.85,1883.23,49.739
1784107800000,2026-07-15 09:30:00,1883.09,1883.09,1879.43,1880.66,44.1948
1784108700000,2026-07-15 09:45:00,1880.66,1882.64,1879.3,1879.83,22.8636
1784109600000,2026-07-15 10:00:00,1879.83,1886.1,1879.61,1884.01,59.9484
1784110500000,2026-07-15 10:15:00,1884.02,1884.57,1875.72,1876.42,106.3324
1784111400000,2026-07-15 10:30:00,1876.42,1878.66,1875.13,1878.32,54.1071
1784112300000,2026-07-15 10:45:00,1877.83,1879.71,1877.12,1878.39,62.2888
1784113200000,2026-07-15 11:00:00,1878.11,1881.99,1878.07,1881.94,72.2311
1784114100000,2026-07-15 11:15:00,1881.94,1882.36,1877.79,1878.14,58.1014
1784115000000,2026-07-15 11:30:00,1878.53,1882.09,1878.52,1881.46,64.005
1784115900000,2026-07-15 11:45:00,1881.46,1885.64,1880.92,1884.74,66.9081
1784116800000,2026-07-15 12:00:00,1884.74,1884.74,1879.55,1883.24,174.163
1784117700000,2026-07-15 12:15:00,1883.77,1885.53,1880.78,1885.53,64.7207
1784118600000,2026-07-15 12:30:00,1885.54,1896.15,1885.53,1892.27,290.3182
1784119500000,2026-07-15 12:45:00,1892.46,1928.65,1892.0,1926.74,310.9378
1784120400000,2026-07-15 13:00:00,1926.74,1943.96,1926.73,1939.03,348.0373
1784121300000,2026-07-15 13:15:00,1938.76,1944.99,1932.54,1936.85,276.5569
1784122200000,2026-07-15 13:30:00,1936.84,1941.68,1931.69,1934.29,218.7567
1784123100000,2026-07-15 13:45:00,1933.31,1933.32,1917.55,1925.73,308.6124
1784124000000,2026-07-15 14:00:00,1925.73,1934.21,1925.73,1929.97,237.9186
1784124900000,2026-07-15 14:15:00,1929.28,1931.8,1920.5,1929.92,193.4871
1784125800000,2026-07-15 14:30:00,1929.92,1934.47,1925.88,1928.19,257.6939
1784126700000,2026-07-15 14:45:00,1928.19,1934.26,1925.28,1933.41,487.6258
1784127600000,2026-07-15 15:00:00,1933.4,1936.44,1928.89,1930.24,554.6056
1784128500000,2026-07-15 15:15:00,1930.08,1932.44,1926.33,1931.65,370.4016
1784129400000,2026-07-15 15:30:00,1931.66,1935.82,1928.37,1933.93,392.9645
1784130300000,2026-07-15 15:45:00,1934.19,1935.95,1930.84,1931.97,326.0393
1784131200000,2026-07-15 16:00:00,1931.97,1932.59,1786.75,1918.95,528.024
1784132100000,2026-07-15 16:15:00,1918.05,1922.09,1916.06,1921.81,163.9308
1784133000000,2026-07-15 16:30:00,1922.05,1922.44,1904.49,1911.54,204.6719
1784133900000,2026-07-15 16:45:00,1911.54,1920.0,1910.77,1919.56,138.6794
1784134800000,2026-07-15 17:00:00,1919.56,1924.55,1919.44,1919.77,160.326
1784135700000,2026-07-15 17:15:00,1919.78,1924.68,1919.78,1923.21,109.0364
1784136600000,2026-07-15 17:30:00,1923.22,1926.16,1922.03,1925.27,115.3261
1784137500000,2026-07-15 17:45:00,1925.26,1930.14,1923.41,1927.94,161.318
1784138400000,2026-07-15 18:00:00,1927.93,1936.75,1927.61,1935.85,87.2906
1784139300000,2026-07-15 18:15:00,1935.85,1935.85,1929.3,1930.9,207.3713
1784140200000,2026-07-15 18:30:00,1930.9,1934.94,1929.09,1929.09,75.4332
1784141100000,2026-07-15 18:45:00,1929.09,1929.42,1922.95,1924.01,124.7418
1784142000000,2026-07-15 19:00:00,1924.01,1929.06,1923.95,1926.55,156.6708
1784142900000,2026-07-15 19:15:00,1926.55,1926.55,1919.85,1924.31,127.7078
1784143800000,2026-07-15 19:30:00,1924.28,1927.33,1923.15,1927.32,115.388
1784144700000,2026-07-15 19:45:00,1927.57,1927.73,1923.13,1923.44,102.5366
1784145600000,2026-07-15 20:00:00,1923.44,1924.22,1921.04,1922.87,297.3237
1784146500000,2026-07-15 20:15:00,1922.87,2244.46,1626.13,1926.3,856.8962
1784147400000,2026-07-15 20:30:00,1926.2,1929.75,1925.43,1925.43,179.0148
1784148300000,2026-07-15 20:45:00,1925.44,1925.61,1923.75,1923.75,153.7419
1784149200000,2026-07-15 21:00:00,1923.76,1925.73,1921.4,1923.52,153.7038
1784150100000,2026-07-15 21:15:00,1923.52,1925.4,1922.35,1923.76,74.5292
1784151000000,2026-07-15 21:30:00,1923.75,1923.76,1920.09,1920.56,169.1533
1784151900000,2026-07-15 21:45:00,1920.44,1922.28,1920.23,1922.0,162.7747
1784152800000,2026-07-15 22:00:00,1921.99,1924.2,1918.42,1920.66,321.8002
1784153700000,2026-07-15 22:15:00,1920.54,1923.94,1919.33,1923.94,233.4808
1784154600000,2026-07-15 22:30:00,1923.94,1926.0,1922.97,1923.44,146.3942
1784155500000,2026-07-15 22:45:00,1923.43,1926.2,1921.94,1923.43,37.5645
1784156400000,2026-07-15 23:00:00,1923.43,1927.28,1923.43,1925.29,54.4915
1784157300000,2026-07-15 23:15:00,1925.29,1925.45,1921.05,1921.53,104.3018
1784158200000,2026-07-15 23:30:00,1921.84,1922.35,1915.5,1915.85,95.3314
1784159100000,2026-07-15 23:45:00,1915.68,1919.84,1915.41,1917.99,104.5392
1784160000000,2026-07-16 00:00:00,1918.0,1924.31,1917.98,1924.3,129.4282
1784160900000,2026-07-16 00:15:00,1924.31,1924.71,1915.17,1915.75,100.5853
1784161800000,2026-07-16 00:30:00,1915.75,1917.05,1911.69,1912.42,134.493
1784162700000,2026-07-16 00:45:00,1912.62,1918.21,1911.8,1915.18,68.9659
1784163600000,2026-07-16 01:00:00,1914.86,1918.07,1913.55,1914.22,113.7626
1784164500000,2026-07-16 01:15:00,1914.22,1916.73,1908.42,1914.49,112.1176
1784165400000,2026-07-16 01:30:00,1914.49,1921.36,1914.35,1916.88,93.8576
1784166300000,2026-07-16 01:45:00,1916.88,1925.99,1916.87,1922.7,81.8843
1784167200000,2026-07-16 02:00:00,1922.69,1922.74,1919.87,1920.63,63.2748
1784168100000,2026-07-16 02:15:00,1920.65,1923.6,1918.97,1922.04,85.3718
1784169000000,2026-07-16 02:30:00,1922.04,1923.2,1920.53,1921.64,36.1289
1784169900000,2026-07-16 02:45:00,1921.96,1925.99,1921.96,1925.38,76.6404
1784170800000,2026-07-16 03:00:00,1925.38,1928.72,1923.69,1927.2,62.3355
1784171700000,2026-07-16 03:15:00,1926.81,1926.81,1923.02,1925.52,46.5793
1784172600000,2026-07-16 03:30:00,1925.52,1926.9,1922.27,1922.79,56.7498
1784173500000,2026-07-16 03:45:00,1922.79,1922.8,1917.39,1918.7,216.7217
1784174400000,2026-07-16 04:00:00,1918.7,1920.98,1916.14,1919.43,125.0072
1784175300000,2026-07-16 04:15:00,1919.72,1919.73,1914.43,1919.04,138.0266
1784176200000,2026-07-16 04:30:00,1919.03,1919.77,1918.11,1919.37,76.6678
1784177100000,2026-07-16 04:45:00,1919.37,1919.77,1917.75,1917.76,67.9747
1784178000000,2026-07-16 05:00:00,1917.75,1920.77,1917.12,1920.77,133.4037
1784178900000,2026-07-16 05:15:00,1921.52,1926.2,1921.32,1925.17,99.1229
1784179800000,2026-07-16 05:30:00,1925.18,1927.63,1921.85,1925.23,109.6333
1784180700000,2026-07-16 05:45:00,1925.24,1926.0,1924.3,1925.32,64.1759
1784181600000,2026-07-16 06:00:00,1925.34,1927.96,1923.35,1924.17,133.9604
1784182500000,2026-07-16 06:15:00,1924.43,1926.25,1921.84,1922.62,66.983
1784183400000,2026-07-16 06:30:00,1922.57,1922.57,1915.56,1919.47,81.1941
1784184300000,2026-07-16 06:45:00,1919.36,1922.69,1918.65,1922.52,36.3719
1784185200000,2026-07-16 07:00:00,1922.53,1922.53,1919.92,1920.74,70.4872
1784186100000,2026-07-16 07:15:00,1920.65,1920.66,1916.87,1916.87,207.4188
1784187000000,2026-07-16 07:30:00,1917.13,1917.3,1905.73,1907.22,207.8281
1784187900000,2026-07-16 07:45:00,1907.07,1928.77,1905.2,1910.64,137.7971
1784188800000,2026-07-16 08:00:00,1910.78,1912.49,1887.52,1887.52,279.4606
1784189700000,2026-07-16 08:15:00,1887.37,1891.77,1877.91,1891.77,339.7085
1784190600000,2026-07-16 08:30:00,1891.77,1895.99,1889.39,1889.55,131.8374
1784191500000,2026-07-16 08:45:00,1889.64,1892.23,1882.45,1885.53,167.3474
1784192400000,2026-07-16 09:00:00,1886.09,1889.09,1885.11,1886.44,73.54
1784193300000,2026-07-16 09:15:00,1886.88,1887.38,1882.34,1883.25,97.8058
1784194200000,2026-07-16 09:30:00,1883.25,1885.54,1881.1,1884.34,154.7789
1784195100000,2026-07-16 09:45:00,1883.92,1885.75,1882.7,1884.41,113.0899
1784196000000,2026-07-16 10:00:00,1884.67,1887.72,1883.91,1886.69,62.5476
1784196900000,2026-07-16 10:15:00,1886.4,1889.35,1886.14,1888.72,69.4052
1784197800000,2026-07-16 10:30:00,1888.73,1891.76,1888.13,1888.47,35.79
1784198700000,2026-07-16 10:45:00,1887.93,1888.96,1886.36,1888.74,41.7956
1784199600000,2026-07-16 11:00:00,1888.57,1888.57,1885.55,1886.31,52.6022
1784200500000,2026-07-16 11:15:00,1886.32,1888.28,1882.71,1883.21,83.0138
1784201400000,2026-07-16 11:30:00,1883.22,1887.48,1882.72,1887.48,55.5794
1784202300000,2026-07-16 11:45:00,1887.18,1887.18,1879.76,1885.33,157.0531
1784203200000,2026-07-16 12:00:00,1885.29,1885.29,1878.41,1880.85,138.3573
1784204100000,2026-07-16 12:15:00,1880.74,1882.54,1878.79,1882.54,108.7709
1784205000000,2026-07-16 12:30:00,1882.55,1883.12,1868.23,1870.57,201.3784
1784205900000,2026-07-16 12:45:00,1870.41,1875.0,1869.82,1872.56,60.3863
1784206800000,2026-07-16 13:00:00,1872.56,1876.08,1871.38,1875.67,107.5522
1784207700000,2026-07-16 13:15:00,1875.68,1884.27,1875.44,1883.97,85.2888
1784208600000,2026-07-16 13:30:00,1883.97,1890.02,1877.69,1877.81,184.3137
1784209500000,2026-07-16 13:45:00,1877.82,1883.65,1875.97,1882.75,171.7123
1784210400000,2026-07-16 14:00:00,1882.42,1892.73,1882.37,1889.34,196.4055
1784211300000,2026-07-16 14:15:00,1888.88,1891.44,1884.7,1887.52,208.3869
1784212200000,2026-07-16 14:30:00,1887.53,1890.92,1885.58,1887.9,124.798
1784213100000,2026-07-16 14:45:00,1887.91,1888.67,1868.53,1882.74,170.2933
1784214000000,2026-07-16 15:00:00,1883.39,1883.4,1871.12,1872.58,246.344
1784214900000,2026-07-16 15:15:00,1872.58,1891.97,1872.57,1891.42,235.4442
1784215800000,2026-07-16 15:30:00,1891.42,1891.42,1882.09,1882.37,155.4843
1784216700000,2026-07-16 15:45:00,1882.36,1885.71,1879.25,1881.69,222.2698
1784217600000,2026-07-16 16:00:00,1881.69,1881.69,1875.57,1877.56,176.4935
1784218500000,2026-07-16 16:15:00,1877.55,1880.91,1875.04,1879.91,142.9056
1784219400000,2026-07-16 16:30:00,1879.92,1882.99,1875.97,1876.45,186.1743
1784220300000,2026-07-16 16:45:00,1876.44,1880.69,1874.98,1878.91,203.2103
1784221200000,2026-07-16 17:00:00,1878.91,1878.91,1869.24,1869.25,195.1506
1784222100000,2026-07-16 17:15:00,1869.24,1874.53,1867.22,1871.86,229.107
1784223000000,2026-07-16 17:30:00,1871.85,1874.5,1869.87,1869.87,166.0146
1784223900000,2026-07-16 17:45:00,1870.51,1871.01,1864.96,1868.71,116.154
1784224800000,2026-07-16 18:00:00,1868.92,1875.51,1868.79,1874.74,198.7941
1784225700000,2026-07-16 18:15:00,1874.74,1879.08,1874.05,1875.44,88.4363
1784226600000,2026-07-16 18:30:00,1875.44,1876.85,1871.59,1873.5,202.2244
1784227500000,2026-07-16 18:45:00,1873.54,1877.67,1873.38,1876.39,111.4534
1784228400000,2026-07-16 19:00:00,1876.35,1877.58,1873.49,1874.12,109.9791
1784229300000,2026-07-16 19:15:00,1873.93,1876.05,1871.51,1874.96,133.7536
1784230200000,2026-07-16 19:30:00,1874.95,1875.95,1874.01,1875.32,126.1473
1784231100000,2026-07-16 19:45:00,1875.32,1876.22,1875.3,1875.61,465.6353
1784232000000,2026-07-16 20:00:00,1875.61,1889.39,1868.53,1872.72,197.6318
1784232900000,2026-07-16 20:15:00,1872.72,1875.46,1871.66,1873.44,93.2176
1784233800000,2026-07-16 20:30:00,1873.45,1874.68,1871.83,1872.78,76.6627
1784234700000,2026-07-16 20:45:00,1873.12,1874.36,1871.89,1871.91,80.0321
1784235600000,2026-07-16 21:00:00,1871.92,1877.96,1871.81,1875.84,71.5253
1784236500000,2026-07-16 21:15:00,1875.84,1879.53,1875.64,1878.24,26.3721
1784237400000,2026-07-16 21:30:00,1877.91,1881.01,1876.91,1879.24,42.3505
1784238300000,2026-07-16 21:45:00,1878.58,1879.59,1877.37,1878.64,29.5373
1784239200000,2026-07-16 22:00:00,1878.67,1881.46,1878.66,1879.99,33.557
1784240100000,2026-07-16 22:15:00,1880.0,1880.21,1873.96,1874.55,45.5622
1784241000000,2026-07-16 22:30:00,1874.55,1877.1,1870.67,1871.68,90.8959
1784241900000,2026-07-16 22:45:00,1871.76,1872.98,1868.36,1868.67,107.2876
1784242800000,2026-07-16 23:00:00,1868.88,1870.16,1865.43,1866.84,93.4249
1784243700000,2026-07-16 23:15:00,1866.98,1866.98,1857.71,1861.51,156.405
1784244600000,2026-07-16 23:30:00,1861.5,1863.46,1858.85,1863.07,139.537
1784245500000,2026-07-16 23:45:00,1863.07,1866.24,1861.11,1864.21,96.6428
1784246400000,2026-07-17 00:00:00,1864.72,1866.43,1860.8,1861.85,175.8986
1784247300000,2026-07-17 00:15:00,1862.63,1866.69,1859.8,1860.95,294.7035
1784248200000,2026-07-17 00:30:00,1860.95,1860.96,1850.29,1857.84,421.2704
1784249100000,2026-07-17 00:45:00,1857.84,1865.79,1857.84,1865.77,312.8332
1784250000000,2026-07-17 01:00:00,1865.78,1870.55,1865.29,1867.98,344.382
1784250900000,2026-07-17 01:15:00,1867.98,1868.87,1860.01,1864.05,195.5144
1784251800000,2026-07-17 01:30:00,1864.06,1864.47,1855.99,1856.0,169.2922
1784252700000,2026-07-17 01:45:00,1856.2,1856.2,1848.13,1851.21,394.0461
1784253600000,2026-07-17 02:00:00,1851.22,1854.32,1845.45,1853.1,181.1297
1784254500000,2026-07-17 02:15:00,1853.1,1855.06,1849.33,1851.12,159.8839
1784255400000,2026-07-17 02:30:00,1851.12,1851.75,1843.6,1846.48,174.7699
1784256300000,2026-07-17 02:45:00,1846.48,1849.0,1844.29,1848.08,115.9841
1784257200000,2026-07-17 03:00:00,1848.1,1854.8,1847.32,1854.2,119.7414
1784258100000,2026-07-17 03:15:00,1854.2,1858.6,1853.44,1857.96,86.3064
1784259000000,2026-07-17 03:30:00,1857.96,1858.7,1854.39,1854.97,88.7537
1784259900000,2026-07-17 03:45:00,1855.17,1855.17,1851.43,1852.53,87.2917
1784260800000,2026-07-17 04:00:00,1852.52,1852.83,1849.57,1850.26,91.4867
1784261700000,2026-07-17 04:15:00,1850.25,1851.38,1844.29,1847.01,93.5309
1784262600000,2026-07-17 04:30:00,1847.29,1850.21,1844.28,1849.11,127.3651
1784263500000,2026-07-17 04:45:00,1849.12,1852.72,1849.11,1850.67,89.0111
1784264400000,2026-07-17 05:00:00,1850.47,1850.47,1844.71,1847.73,120.2328
1784265300000,2026-07-17 05:15:00,1848.03,1848.39,1837.91,1837.92,201.2318
1784266200000,2026-07-17 05:30:00,1837.92,1839.82,1832.03,1832.03,189.2873
1784267100000,2026-07-17 05:45:00,1832.03,1832.64,1822.76,1823.5,182.9478
1784268000000,2026-07-17 06:00:00,1823.93,1829.14,1821.72,1827.17,168.234
1784268900000,2026-07-17 06:15:00,1827.17,1834.65,1826.12,1834.39,122.0298
1784269800000,2026-07-17 06:30:00,1834.38,1836.22,1832.2,1832.32,163.1981
1784270700000,2026-07-17 06:45:00,1832.49,1832.61,1830.44,1832.03,74.7642
1784271600000,2026-07-17 07:00:00,1832.18,1832.49,1829.36,1829.79,89.0225
1784272500000,2026-07-17 07:15:00,1830.06,1831.94,1827.18,1831.75,66.4327
1784273400000,2026-07-17 07:30:00,1831.69,1833.37,1827.13,1831.41,86.1038
1784274300000,2026-07-17 07:45:00,1831.41,1831.41,1827.56,1828.49,55.2648
1784275200000,2026-07-17 08:00:00,1828.5,1830.79,1827.91,1830.33,115.41
1784276100000,2026-07-17 08:15:00,1830.32,1830.32,1824.6,1825.35,80.0791
1784277000000,2026-07-17 08:30:00,1825.35,1827.97,1821.41,1827.83,92.4383
1784277900000,2026-07-17 08:45:00,1827.83,1832.5,1827.83,1830.15,62.714
1784278800000,2026-07-17 09:00:00,1830.15,1832.83,1829.42,1832.83,68.9186
1784279700000,2026-07-17 09:15:00,1832.82,1832.9,1829.81,1831.71,47.8583
1784280600000,2026-07-17 09:30:00,1831.72,1835.35,1831.01,1835.13,28.6167
1784281500000,2026-07-17 09:45:00,1835.14,1836.27,1832.8,1835.09,44.6851
1784282400000,2026-07-17 10:00:00,1835.09,1839.17,1834.46,1838.6,91.2322
1784283300000,2026-07-17 10:15:00,1838.6,1840.32,1836.82,1838.2,98.5401
1784284200000,2026-07-17 10:30:00,1837.87,1839.52,1836.98,1838.77,60.4014
1784285100000,2026-07-17 10:45:00,1838.73,1839.07,1836.83,1836.84,80.1336
1784286000000,2026-07-17 11:00:00,1836.97,1838.16,1834.74,1834.82,102.2832
1784286900000,2026-07-17 11:15:00,1834.64,1837.07,1833.6,1837.06,103.8321
1784287800000,2026-07-17 11:30:00,1836.6,1842.31,1835.91,1842.06,60.8909
1784288700000,2026-07-17 11:45:00,1842.07,1842.94,1839.05,1839.05,102.7604
1784289600000,2026-07-17 12:00:00,1839.04,1840.57,1835.84,1835.97,102.4503
1784290500000,2026-07-17 12:15:00,1835.97,1837.28,1833.21,1833.92,60.1047
1784291400000,2026-07-17 12:30:00,1833.93,1834.48,1828.89,1829.51,69.6122
1784292300000,2026-07-17 12:45:00,1829.5,1831.05,1827.95,1828.44,81.6242
1784293200000,2026-07-17 13:00:00,1828.54,1829.19,1809.52,1814.37,261.5948
1784294100000,2026-07-17 13:15:00,1814.37,1818.75,1813.43,1815.83,167.5466
1784295000000,2026-07-17 13:30:00,1815.83,1818.71,1804.36,1807.12,343.988
1784295900000,2026-07-17 13:45:00,1807.4,1826.76,1806.23,1825.04,252.0025
1784296800000,2026-07-17 14:00:00,1825.04,1833.07,1824.15,1829.51,246.5109
1784297700000,2026-07-17 14:15:00,1829.51,1832.74,1823.04,1823.04,186.5387
1784298600000,2026-07-17 14:30:00,1823.55,1828.6,1818.13,1822.19,210.8969
1784299500000,2026-07-17 14:45:00,1821.62,1824.21,1817.94,1822.16,222.756
1784300400000,2026-07-17 15:00:00,1822.16,1822.16,1811.24,1813.62,317.1959
1784301300000,2026-07-17 15:15:00,1813.62,1821.74,1813.0,1821.73,280.4292
1784302200000,2026-07-17 15:30:00,1821.74,1826.41,1818.53,1823.82,263.029
1784303100000,2026-07-17 15:45:00,1823.83,1831.3,1822.49,1830.89,227.6714
1784304000000,2026-07-17 16:00:00,1830.89,1833.78,1826.91,1831.95,228.0368
1784304900000,2026-07-17 16:15:00,1831.96,1836.83,1830.48,1835.56,190.656
1784305800000,2026-07-17 16:30:00,1835.56,1838.23,1832.48,1837.66,220.5409
1784306700000,2026-07-17 16:45:00,1837.67,1840.38,1835.81,1835.91,229.2638
1784307600000,2026-07-17 17:00:00,1835.9,1856.07,1835.9,1846.54,389.8971
1784308500000,2026-07-17 17:15:00,1847.17,1863.57,1843.25,1846.7,303.382
1784309400000,2026-07-17 17:30:00,1846.69,1847.52,1843.13,1844.57,242.6567
1784310300000,2026-07-17 17:45:00,1844.57,1847.65,1842.64,1843.72,258.9272
1784311200000,2026-07-17 18:00:00,1843.72,1844.38,1821.49,1842.92,222.3779
1784312100000,2026-07-17 18:15:00,1842.91,1842.92,1835.18,1837.4,261.9256
1784313000000,2026-07-17 18:30:00,1837.4,1842.8,1837.39,1842.79,169.0774
1784313900000,2026-07-17 18:45:00,1842.79,1849.6,1842.79,1846.99,222.3255
1784314800000,2026-07-17 19:00:00,1846.99,1846.99,1840.35,1840.56,226.8779
1784315700000,2026-07-17 19:15:00,1840.57,1846.8,1831.03,1841.0,334.1779
1784316600000,2026-07-17 19:30:00,1840.99,1845.24,1840.25,1845.18,152.2831
1784317500000,2026-07-17 19:45:00,1845.18,1846.26,1843.03,1844.27,198.9652
1784318400000,2026-07-17 20:00:00,1844.21,1844.21,1837.38,1838.87,222.8404
1784319300000,2026-07-17 20:15:00,1838.87,1841.25,1838.44,1841.16,122.5934
1784320200000,2026-07-17 20:30:00,1841.16,1841.4,1838.42,1841.32,118.4567
1784321100000,2026-07-17 20:45:00,1841.33,1846.17,1841.32,1842.9,80.985
1784322000000,2026-07-17 21:00:00,1842.77,1845.71,1842.77,1844.75,76.6323
1784322900000,2026-07-17 21:15:00,1844.75,1846.65,1844.18,1845.37,85.5166
1784323800000,2026-07-17 21:30:00,1844.86,1844.86,1841.33,1841.99,90.635
1784324700000,2026-07-17 21:45:00,1841.99,1842.92,1841.22,1842.22,42.0425
1784325600000,2026-07-17 22:00:00,1842.23,1843.52,1840.58,1842.31,84.0177
1784326500000,2026-07-17 22:15:00,1842.31,1842.31,1838.92,1839.32,83.7199
1784327400000,2026-07-17 22:30:00,1839.32,1840.18,1838.2,1838.21,143.5791
1784328300000,2026-07-17 22:45:00,1838.21,1840.2,1837.62,1839.84,110.3115
1784329200000,2026-07-17 23:00:00,1839.95,1839.95,1835.5,1836.48,72.6716
1784330100000,2026-07-17 23:15:00,1836.83,1841.17,1836.83,1841.17,53.1542
1784331000000,2026-07-17 23:30:00,1841.17,1844.47,1841.17,1842.99,108.0884
1784331900000,2026-07-17 23:45:00,1842.98,1843.57,1841.76,1841.77,65.186
1784332800000,2026-07-18 00:00:00,1841.76,1843.66,1840.12,1843.35,107.8973
1784333700000,2026-07-18 00:15:00,1843.35,1844.94,1842.3,1843.34,38.1911
1784334600000,2026-07-18 00:30:00,1842.86,1842.86,1840.0,1840.96,113.6106
1784335500000,2026-07-18 00:45:00,1840.96,1843.29,1840.31,1840.88,88.2863
1784336400000,2026-07-18 01:00:00,1840.88,1841.12,1839.38,1840.58,78.6455
1784337300000,2026-07-18 01:15:00,1840.58,1843.38,1839.47,1843.14,90.3495
1784338200000,2026-07-18 01:30:00,1843.14,1843.15,1839.61,1841.48,98.9354
1784339100000,2026-07-18 01:45:00,1841.48,1843.08,1841.47,1842.37,46.1142
1784340000000,2026-07-18 02:00:00,1842.67,1843.95,1841.29,1843.64,105.2014
1784340900000,2026-07-18 02:15:00,1843.85,1845.3,1843.01,1844.08,59.1473
1784341800000,2026-07-18 02:30:00,1843.97,1846.51,1842.59,1842.59,74.1813
1784342700000,2026-07-18 02:45:00,1842.59,1843.3,1841.73,1842.18,71.1627
1784343600000,2026-07-18 03:00:00,1841.92,1844.14,1841.46,1842.67,83.4126
1784344500000,2026-07-18 03:15:00,1842.66,1844.58,1842.66,1843.42,112.3314
1784345400000,2026-07-18 03:30:00,1843.43,1844.56,1842.86,1843.16,102.5279
1784346300000,2026-07-18 03:45:00,1843.16,1846.48,1842.68,1846.09,116.7738
1784347200000,2026-07-18 04:00:00,1846.09,1846.18,1844.36,1844.36,52.8754
1784348100000,2026-07-18 04:15:00,1844.55,1844.87,1843.02,1844.86,83.3443
1784349000000,2026-07-18 04:30:00,1844.45,1844.53,1842.57,1843.64,90.6197
1784349900000,2026-07-18 04:45:00,1843.65,1844.93,1843.45,1844.69,60.4959
1784350800000,2026-07-18 05:00:00,1844.7,1845.01,1843.43,1843.43,49.6655
1784351700000,2026-07-18 05:15:00,1843.42,1846.67,1843.19,1845.92,188.3712
1784352600000,2026-07-18 05:30:00,1845.93,1848.68,1845.74,1846.09,64.0432
1784353500000,2026-07-18 05:45:00,1846.1,1849.36,1844.87,1845.86,268.411
1784354400000,2026-07-18 06:00:00,1845.86,1846.34,1844.71,1844.75,333.84
1784355300000,2026-07-18 06:15:00,1844.74,1847.49,1844.54,1845.79,345.0052
1784356200000,2026-07-18 06:30:00,1845.79,1846.0,1843.11,1844.64,319.7195
1784357100000,2026-07-18 06:45:00,1844.81,1845.49,1844.36,1844.97,78.1673
1784358000000,2026-07-18 07:00:00,1844.97,1846.04,1843.04,1843.05,315.2984
1784358900000,2026-07-18 07:15:00,1843.25,1845.65,1843.25,1845.2,207.3684
1784359800000,2026-07-18 07:30:00,1845.2,1845.49,1845.0,1845.35,109.4414
1784360700000,2026-07-18 07:45:00,1845.34,1845.35,1843.5,1844.2,151.1112
1784361600000,2026-07-18 08:00:00,1844.2,1845.0,1842.3,1844.51,177.034
1784362500000,2026-07-18 08:15:00,1844.5,1846.95,1844.42,1846.8,146.6771
1784363400000,2026-07-18 08:30:00,1846.7,1849.36,1846.7,1846.8,63.64
1784364300000,2026-07-18 08:45:00,1846.81,1848.03,1846.81,1847.13,90.6126
1784365200000,2026-07-18 09:00:00,1847.65,1847.99,1846.08,1846.21,155.9265
1784366100000,2026-07-18 09:15:00,1846.21,1846.39,1842.93,1844.52,142.3459
1784367000000,2026-07-18 09:30:00,1844.51,1845.33,1843.45,1845.05,160.9943
1784367900000,2026-07-18 09:45:00,1845.05,1845.44,1844.89,1845.08,149.4685
1784368800000,2026-07-18 10:00:00,1844.88,1845.57,1844.45,1844.68,82.7479
1784369700000,2026-07-18 10:15:00,1844.82,1846.55,1844.37,1846.55,96.021
1784370600000,2026-07-18 10:30:00,1846.63,1846.72,1844.2,1844.7,62.9445
1784371500000,2026-07-18 10:45:00,1844.7,1845.74,1844.69,1845.57,48.9868
1784372400000,2026-07-18 11:00:00,1845.57,1845.91,1845.0,1845.1,83.0389
1784373300000,2026-07-18 11:15:00,1845.1,1845.89,1845.02,1845.53,88.1243
1784374200000,2026-07-18 11:30:00,1845.54,1845.54,1844.37,1844.99,64.6953
1784375100000,2026-07-18 11:45:00,1845.0,1846.7,1844.99,1845.57,31.3363
1784376000000,2026-07-18 12:00:00,1845.57,1850.42,1845.56,1846.7,78.9396
1784376900000,2026-07-18 12:15:00,1846.55,1846.78,1841.53,1841.54,162.4802
1784377800000,2026-07-18 12:30:00,1841.53,1845.01,1840.76,1844.52,87.1502
1784378700000,2026-07-18 12:45:00,1844.52,1847.33,1844.52,1845.31,146.434
1784379600000,2026-07-18 13:00:00,1845.32,1845.32,1838.43,1839.27,136.6085
1784380500000,2026-07-18 13:15:00,1839.27,1841.54,1837.67,1841.34,198.4612
1784381400000,2026-07-18 13:30:00,1841.36,1842.47,1840.24,1841.14,129.058
1784382300000,2026-07-18 13:45:00,1841.56,1842.05,1840.61,1841.61,56.3344
1784383200000,2026-07-18 14:00:00,1841.61,1843.87,1840.95,1843.87,88.1236
1784384100000,2026-07-18 14:15:00,1843.61,1845.53,1842.26,1845.53,43.4117
1784385000000,2026-07-18 14:30:00,1845.53,1846.26,1844.91,1845.68,205.8274
1784385900000,2026-07-18 14:45:00,1845.68,1846.21,1844.74,1845.92,145.7815
1784386800000,2026-07-18 15:00:00,1845.95,1846.35,1825.86,1844.58,126.2513
1784387700000,2026-07-18 15:15:00,1844.57,1845.74,1843.72,1843.73,170.0541
1784388600000,2026-07-18 15:30:00,1843.63,1844.59,1843.22,1843.56,155.658
1784389500000,2026-07-18 15:45:00,1843.55,1845.84,1842.21,1844.14,120.9058
1784390400000,2026-07-18 16:00:00,1844.14,1844.27,1841.99,1844.21,199.6569
1784391300000,2026-07-18 16:15:00,1844.21,1844.63,1842.81,1843.47,118.2396
1784392200000,2026-07-18 16:30:00,1843.46,1845.3,1842.65,1843.49,108.5751
1784393100000,2026-07-18 16:45:00,1843.49,1846.71,1842.2,1845.85,161.0369
1784394000000,2026-07-18 17:00:00,1845.84,1846.29,1845.0,1846.01,115.1865
1784394900000,2026-07-18 17:15:00,1846.08,1847.62,1843.54,1844.04,150.9614
1784395800000,2026-07-18 17:30:00,1844.03,1850.04,1844.03,1849.81,166.5821
1784396700000,2026-07-18 17:45:00,1849.82,1853.46,1849.01,1852.52,145.8285
1784397600000,2026-07-18 18:00:00,1852.53,1852.98,1850.6,1850.73,140.9926
1784398500000,2026-07-18 18:15:00,1850.38,1860.84,1850.01,1860.83,310.5155
1784399400000,2026-07-18 18:30:00,1860.83,1867.1,1854.5,1856.35,981.2634
1784400300000,2026-07-18 18:45:00,1856.45,2159.61,1826.93,1857.58,309.1008
1784401200000,2026-07-18 19:00:00,1857.57,1860.44,1857.32,1858.71,254.8032
1784402100000,2026-07-18 19:15:00,1858.72,1861.3,1856.28,1856.91,200.1278
1784403000000,2026-07-18 19:30:00,1856.92,1859.06,1856.28,1857.68,177.0137
1784403900000,2026-07-18 19:45:00,1857.69,1858.79,1857.09,1858.25,133.1768
1784404800000,2026-07-18 20:00:00,1858.44,1860.29,1857.15,1859.81,178.2386
1784405700000,2026-07-18 20:15:00,1859.81,1862.62,1859.22,1859.46,176.6366
1784406600000,2026-07-18 20:30:00,1859.46,1859.46,1856.87,1857.85,112.0479
1784407500000,2026-07-18 20:45:00,1858.02,1858.03,1855.47,1857.34,181.8935
1784408400000,2026-07-18 21:00:00,1857.35,1862.0,1856.26,1861.99,132.6077
1784409300000,2026-07-18 21:15:00,1862.0,1862.96,1859.27,1859.78,183.0532
1784410200000,2026-07-18 21:30:00,1859.77,1859.84,1858.01,1858.01,159.7706
1784411100000,2026-07-18 21:45:00,1858.0,1879.46,1857.0,1861.12,294.5918
1784412000000,2026-07-18 22:00:00,1861.12,1865.23,1860.09,1863.36,196.1853
1784412900000,2026-07-18 22:15:00,1863.37,1864.5,1861.52,1861.52,222.0445
1784413800000,2026-07-18 22:30:00,1861.52,1863.03,1860.63,1862.67,203.5928
1784414700000,2026-07-18 22:45:00,1862.68,1864.62,1861.89,1863.92,166.1285
1784415600000,2026-07-18 23:00:00,1863.92,1864.44,1860.1,1860.57,158.1976
1784416500000,2026-07-18 23:15:00,1860.59,1863.46,1860.47,1863.34,124.9583
1784417400000,2026-07-18 23:30:00,1863.32,1863.33,1861.23,1861.92,121.9377
1784418300000,2026-07-18 23:45:00,1861.92,1862.87,1861.12,1862.61,105.8753
1784419200000,2026-07-19 00:00:00,1862.62,1863.19,1862.1,1862.4,105.5786
1784420100000,2026-07-19 00:15:00,1862.41,1863.41,1859.36,1859.5,136.1885
1784421000000,2026-07-19 00:30:00,1859.5,1861.29,1859.22,1859.57,61.4217
1784421900000,2026-07-19 00:45:00,1859.57,1863.12,1859.57,1860.95,63.7392
1784422800000,2026-07-19 01:00:00,1860.95,1861.41,1859.82,1860.36,73.7104
1784423700000,2026-07-19 01:15:00,1860.6,1861.44,1859.48,1861.43,82.4338
1784424600000,2026-07-19 01:30:00,1861.43,1861.44,1858.75,1859.06,105.1927
1784425500000,2026-07-19 01:45:00,1859.07,1860.01,1858.69,1859.19,52.8267
1784426400000,2026-07-19 02:00:00,1859.19,1871.51,1859.18,1870.66,182.1178
1784427300000,2026-07-19 02:15:00,1870.65,1872.56,1862.51,1868.3,161.9385
1784428200000,2026-07-19 02:30:00,1868.31,1876.28,1868.31,1873.03,166.9633
1784429100000,2026-07-19 02:45:00,1873.03,1874.37,1871.18,1871.45,95.1224
1784430000000,2026-07-19 03:00:00,1871.44,1872.99,1868.0,1868.0,116.8136
1784430900000,2026-07-19 03:15:00,1867.99,1867.99,1863.84,1865.51,161.0131
1784431800000,2026-07-19 03:30:00,1865.51,1866.96,1865.13,1865.54,87.3611
1784432700000,2026-07-19 03:45:00,1865.55,1867.08,1864.49,1867.08,45.7341
1784433600000,2026-07-19 04:00:00,1867.08,1868.32,1864.22,1865.49,77.4098
1784434500000,2026-07-19 04:15:00,1865.49,1867.09,1865.49,1866.75,89.4936
1784435400000,2026-07-19 04:30:00,1866.83,1871.84,1866.3,1868.42,76.0938
1784436300000,2026-07-19 04:45:00,1868.42,1870.2,1866.62,1867.32,96.2465
1784437200000,2026-07-19 05:00:00,1867.33,1869.96,1867.33,1869.84,21.5615
1784438100000,2026-07-19 05:15:00,1869.99,1870.2,1867.97,1868.31,73.8771
1784439000000,2026-07-19 05:30:00,1868.3,1868.3,1865.75,1867.65,71.9268
1784439900000,2026-07-19 05:45:00,1867.65,1870.1,1867.65,1868.55,45.4012
1784440800000,2026-07-19 06:00:00,1868.4,1870.0,1868.3,1869.67,95.0666
1784441700000,2026-07-19 06:15:00,1869.58,1870.8,1868.65,1869.35,67.0473
1784442600000,2026-07-19 06:30:00,1869.4,1871.43,1868.7,1870.26,155.2338
1784443500000,2026-07-19 06:45:00,1870.38,1870.38,1868.79,1869.38,91.6409
1784444400000,2026-07-19 07:00:00,1869.38,1869.39,1867.14,1867.84,53.2824
1784445300000,2026-07-19 07:15:00,1868.03,1869.68,1867.52,1869.68,80.2046
1784446200000,2026-07-19 07:30:00,1869.36,1871.95,1868.68,1871.0,65.8187
1784447100000,2026-07-19 07:45:00,1871.01,1871.12,1868.81,1869.28,86.48
1784448000000,2026-07-19 08:00:00,1869.19,1871.16,1868.22,1871.08,77.3585
1784448900000,2026-07-19 08:15:00,1871.08,1871.09,1867.81,1869.03,93.0379
1784449800000,2026-07-19 08:30:00,1869.02,1871.06,1868.05,1870.84,94.7728
1784450700000,2026-07-19 08:45:00,1870.6,1874.49,1870.6,1873.22,97.7673
1784451600000,2026-07-19 09:00:00,1873.22,1874.13,1871.04,1871.23,123.0682
1784452500000,2026-07-19 09:15:00,1871.2,1871.2,1866.38,1868.85,106.0571
1784453400000,2026-07-19 09:30:00,1868.84,1870.23,1866.29,1866.56,132.7535
1784454300000,2026-07-19 09:45:00,1866.48,1868.26,1865.47,1866.64,55.2633
1784455200000,2026-07-19 10:00:00,1866.64,1867.57,1864.26,1866.26,107.5583
1784456100000,2026-07-19 10:15:00,1866.25,1868.48,1866.24,1868.48,55.7849
1784457000000,2026-07-19 10:30:00,1868.34,1872.13,1867.3,1871.92,74.7458
1784457900000,2026-07-19 10:45:00,1871.92,1877.27,1871.91,1872.08,124.3508
1784458800000,2026-07-19 11:00:00,1872.08,1879.46,1870.32,1875.03,108.5569
1784459700000,2026-07-19 11:15:00,1875.09,1878.26,1874.38,1876.25,117.4512
1784460600000,2026-07-19 11:30:00,1876.25,1877.48,1874.43,1875.36,85.5422
1784461500000,2026-07-19 11:45:00,1875.35,1875.96,1870.94,1871.34,83.051
1784462400000,2026-07-19 12:00:00,1871.33,1871.43,1864.93,1865.03,154.0404
1784463300000,2026-07-19 12:15:00,1865.03,1874.34,1864.49,1868.36,104.4305
1784464200000,2026-07-19 12:30:00,1868.35,1873.38,1868.35,1870.66,54.2057
1784465100000,2026-07-19 12:45:00,1871.02,1871.73,1868.68,1870.29,96.6666
1784466000000,2026-07-19 13:00:00,1870.39,1870.4,1866.23,1867.31,116.2284
1784466900000,2026-07-19 13:15:00,1867.36,1869.36,1866.05,1869.36,99.4014
1784467800000,2026-07-19 13:30:00,1869.0,1872.35,1868.26,1869.13,97.3464
1784468700000,2026-07-19 13:45:00,1869.12,1873.32,1869.12,1872.02,84.1358
1784469600000,2026-07-19 14:00:00,1871.93,1874.39,1871.04,1873.54,70.4924
1784470500000,2026-07-19 14:15:00,1873.48,1873.91,1868.89,1871.62,83.0995
1784471400000,2026-07-19 14:30:00,1871.61,1875.78,1871.2,1873.4,81.1822
1784472300000,2026-07-19 14:45:00,1873.78,1877.86,1873.78,1874.72,85.717
1784473200000,2026-07-19 15:00:00,1874.73,1875.95,1873.24,1874.62,208.4539
1784474100000,2026-07-19 15:15:00,1874.41,1875.2,1869.87,1869.87,155.223
1784475000000,2026-07-19 15:30:00,1869.86,1873.86,1869.71,1872.08,114.4432
1784475900000,2026-07-19 15:45:00,1872.07,1872.51,1870.24,1870.94,84.9309
1784476800000,2026-07-19 16:00:00,1870.9,1873.59,1868.28,1870.48,100.2516
1784477700000,2026-07-19 16:15:00,1870.47,1872.16,1869.05,1870.32,80.2234
1784478600000,2026-07-19 16:30:00,1870.46,1870.46,1867.32,1868.66,166.9898
1784479500000,2026-07-19 16:45:00,1868.6,1869.11,1866.0,1866.87,218.5479
1784480400000,2026-07-19 17:00:00,1866.79,1871.17,1858.24,1871.17,403.7096
1784481300000,2026-07-19 17:15:00,1871.56,1872.92,1537.5,1869.7,309.5767
1784482200000,2026-07-19 17:30:00,1869.7,1873.48,1868.96,1869.87,268.0828
1784483100000,2026-07-19 17:45:00,1869.59,1869.95,1867.89,1868.93,365.3451
1784484000000,2026-07-19 18:00:00,1868.93,1883.74,1501.09,1862.72,902.0546
1784484900000,2026-07-19 18:15:00,1862.71,1863.19,1857.96,1857.96,245.3348
1784485800000,2026-07-19 18:30:00,1857.96,1861.19,1856.79,1859.83,252.1873
1784486700000,2026-07-19 18:45:00,1859.85,1860.79,1857.94,1860.67,110.5733
1784487600000,2026-07-19 19:00:00,1860.67,1861.03,1855.36,1859.75,94.1835
1784488500000,2026-07-19 19:15:00,1860.08,1860.85,1859.01,1860.48,75.7146
1784489400000,2026-07-19 19:30:00,1860.41,1861.13,1859.12,1859.12,58.0105
1784490300000,2026-07-19 19:45:00,1859.24,1862.74,1858.89,1862.37,28.0962
1784491200000,2026-07-19 20:00:00,1862.36,1865.65,1862.36,1863.81,123.7076
1784492100000,2026-07-19 20:15:00,1863.95,1864.71,1862.37,1864.19,67.0888
1784493000000,2026-07-19 20:30:00,1863.98,1866.5,1863.98,1865.55,37.2188
1784493900000,2026-07-19 20:45:00,1865.55,1866.62,1864.23,1866.62,40.2039
1784494800000,2026-07-19 21:00:00,1866.62,1867.71,1865.25,1867.24,83.6949
1784495700000,2026-07-19 21:15:00,1866.98,1867.29,1862.71,1864.4,52.6008
1784496600000,2026-07-19 21:30:00,1864.32,1864.4,1857.5,1859.36,126.5385
1784497500000,2026-07-19 21:45:00,1859.16,1862.13,1859.16,1862.13,66.077
1784498400000,2026-07-19 22:00:00,1862.13,1869.31,1858.36,1868.17,245.4914
1784499300000,2026-07-19 22:15:00,1868.98,1876.55,1868.98,1871.44,215.6819
1784500200000,2026-07-19 22:30:00,1871.44,1874.65,1867.63,1874.65,165.2619
1784501100000,2026-07-19 22:45:00,1874.37,1874.37,1870.0,1870.44,83.0433
1784502000000,2026-07-19 23:00:00,1870.44,1870.86,1865.54,1870.56,158.8612
1784502900000,2026-07-19 23:15:00,1870.68,1871.72,1868.14,1869.04,105.6784
1784503800000,2026-07-19 23:30:00,1868.87,1874.48,1868.11,1872.32,149.5481
1784504700000,2026-07-19 23:45:00,1874.05,1874.07,1869.96,1872.23,87.8804
1784505600000,2026-07-20 00:00:00,1872.24,1890.02,1866.79,1889.06,261.6703
1784506500000,2026-07-20 00:15:00,1889.06,1891.57,1877.18,1879.78,249.467
1784507400000,2026-07-20 00:30:00,1879.92,1885.27,1876.65,1881.21,184.4883
1784508300000,2026-07-20 00:45:00,1881.08,1881.08,1863.17,1871.82,201.1956
1784509200000,2026-07-20 01:00:00,1872.16,1888.92,1871.0,1879.59,247.5438
1784510100000,2026-07-20 01:15:00,1880.05,1884.49,1873.64,1881.04,217.7506
1784511000000,2026-07-20 01:30:00,1880.66,1881.06,1870.99,1874.18,187.1267
1784511900000,2026-07-20 01:45:00,1874.07,1874.95,1865.84,1869.62,160.9313
1784512800000,2026-07-20 02:00:00,1869.3,1881.96,1869.3,1877.71,187.9178
1784513700000,2026-07-20 02:15:00,1877.77,1877.78,1868.12,1872.04,426.8679
1784514600000,2026-07-20 02:30:00,1872.04,1880.43,1860.9,1877.83,395.7002
1784515500000,2026-07-20 02:45:00,1877.83,1883.03,1877.54,1879.33,328.5365
1784516400000,2026-07-20 03:00:00,1879.06,1886.24,1877.16,1880.16,410.5432
1784517300000,2026-07-20 03:15:00,1880.03,1881.71,1871.04,1873.37,423.5536
1784518200000,2026-07-20 03:30:00,1873.24,1879.62,1871.97,1879.61,155.4424
1784519100000,2026-07-20 03:45:00,1880.0,1880.46,1876.52,1879.41,115.7738
1784520000000,2026-07-20 04:00:00,1879.41,1879.98,1872.16,1872.22,100.9813
1784520900000,2026-07-20 04:15:00,1872.23,1874.14,1869.28,1873.87,164.9444
1784521800000,2026-07-20 04:30:00,1874.03,1878.43,1872.6,1876.5,131.0589
1784522700000,2026-07-20 04:45:00,1876.1,1877.29,1869.2,1869.43,133.6308
1784523600000,2026-07-20 05:00:00,1869.43,1869.73,1852.09,1859.01,302.7497
1784524500000,2026-07-20 05:15:00,1858.65,1863.4,1856.17,1859.15,154.9798
1784525400000,2026-07-20 05:30:00,1858.69,1860.68,1856.59,1858.83,225.2352
1784526300000,2026-07-20 05:45:00,1859.06,1859.06,1854.74,1855.0,235.1462
1784527200000,2026-07-20 06:00:00,1855.35,1857.61,1852.52,1856.99,186.4421
1784528100000,2026-07-20 06:15:00,1856.99,1860.0,1854.78,1857.28,119.5615
1784529000000,2026-07-20 06:30:00,1857.21,1857.41,1844.17,1848.58,256.1048
1784529900000,2026-07-20 06:45:00,1848.01,1850.99,1846.55,1849.72,71.1634
1784530800000,2026-07-20 07:00:00,1849.73,1854.34,1849.72,1853.49,143.2233
1784531700000,2026-07-20 07:15:00,1853.49,1859.03,1849.66,1858.07,172.141
1784532600000,2026-07-20 07:30:00,1858.07,1862.63,1857.26,1862.62,166.0601
1784533500000,2026-07-20 07:45:00,1862.64,1865.32,1861.5,1863.96,114.643
1784534400000,2026-07-20 08:00:00,1863.95,1866.53,1861.43,1864.88,135.522
1784535300000,2026-07-20 08:15:00,1864.87,1868.43,1863.96,1864.44,131.5171
1784536200000,2026-07-20 08:30:00,1864.44,1865.21,1854.87,1856.29,194.003
1784537100000,2026-07-20 08:45:00,1856.14,1863.44,1855.11,1861.02,171.5192
1784538000000,2026-07-20 09:00:00,1861.01,1861.69,1857.95,1859.98,123.2511
1784538900000,2026-07-20 09:15:00,1859.97,1864.35,1859.97,1863.75,165.5145
1784539800000,2026-07-20 09:30:00,1863.74,1865.85,1862.93,1865.34,150.6056
1784540700000,2026-07-20 09:45:00,1865.34,1867.56,1864.15,1864.15,113.1338
1784541600000,2026-07-20 10:00:00,1864.15,1866.8,1862.79,1865.74,113.4166
1784542500000,2026-07-20 10:15:00,1865.73,1871.25,1864.37,1870.45,178.0724
1784543400000,2026-07-20 10:30:00,1870.46,1870.46,1867.2,1870.38,161.0191
1784544300000,2026-07-20 10:45:00,1870.29,1870.29,1868.63,1868.86,83.9992
1784545200000,2026-07-20 11:00:00,1868.86,1876.75,1868.06,1874.52,262.5707
1784546100000,2026-07-20 11:15:00,1874.52,1875.64,1872.44,1874.34,154.5747
1784547000000,2026-07-20 11:30:00,1874.34,1894.45,1874.33,1887.69,350.6593
1784547900000,2026-07-20 11:45:00,1887.69,1896.2,1887.65,1893.11,319.478
1784548800000,2026-07-20 12:00:00,1893.11,1893.11,1878.87,1880.21,192.1327
1784549700000,2026-07-20 12:15:00,1880.21,1881.47,1876.98,1876.98,179.5932
1784550600000,2026-07-20 12:30:00,1877.24,1878.58,1873.15,1873.16,192.2217
1784551500000,2026-07-20 12:45:00,1873.03,1875.59,1872.18,1873.18,89.0649
1784552400000,2026-07-20 13:00:00,1873.3,1875.13,1872.53,1873.18,124.9427
1784553300000,2026-07-20 13:15:00,1873.11,1875.3,1868.83,1869.71,175.6504
1784554200000,2026-07-20 13:30:00,1869.58,1880.21,1869.58,1877.44,359.801
1784555100000,2026-07-20 13:45:00,1877.44,1877.45,1858.11,1862.62,489.6214
1784556000000,2026-07-20 14:00:00,1862.61,1865.66,1859.68,1860.68,796.1726
1784556900000,2026-07-20 14:15:00,1860.68,1867.23,1853.65,1867.23,636.1263
1784557800000,2026-07-20 14:30:00,1867.23,1869.26,1864.1,1867.23,594.9799
1784558700000,2026-07-20 14:45:00,1867.22,1870.56,1863.76,1868.18,624.6868
1784559600000,2026-07-20 15:00:00,1868.19,1885.35,1867.65,1884.11,763.791
1784560500000,2026-07-20 15:15:00,1884.11,1886.28,1882.14,1884.67,610.8476
1784561400000,2026-07-20 15:30:00,1885.08,1892.2,1881.81,1891.51,495.1049
1784562300000,2026-07-20 15:45:00,1891.51,1903.5,1891.51,1902.34,583.0282
1784563200000,2026-07-20 16:00:00,1902.35,1904.2,1893.95,1903.76,388.4967
1784564100000,2026-07-20 16:15:00,1903.77,1906.11,1896.97,1900.61,206.4799
1784565000000,2026-07-20 16:30:00,1900.6,1903.93,1896.71,1896.71,276.5276
1784565900000,2026-07-20 16:45:00,1896.72,1901.93,1895.82,1899.12,472.2162
1784566800000,2026-07-20 17:00:00,1899.12,1903.47,1897.38,1900.5,423.7502
1784567700000,2026-07-20 17:15:00,1900.59,1900.59,1898.77,1900.15,897.8945
1784568600000,2026-07-20 17:30:00,1900.15,1921.87,1540.0,1897.29,710.2493
1784569500000,2026-07-20 17:45:00,1897.28,1909.29,1897.27,1907.65,306.934
1784570400000,2026-07-20 18:00:00,1907.79,1917.71,1907.78,1914.62,240.4952
1784571300000,2026-07-20 18:15:00,1914.82,1918.06,1907.07,1908.16,272.2143
1784572200000,2026-07-20 18:30:00,1908.16,1908.16,1902.14,1902.14,469.4842
1784573100000,2026-07-20 18:45:00,1902.14,1933.59,1897.66,1899.52,433.9145
1784574000000,2026-07-20 19:00:00,1899.52,1899.68,1892.9,1892.9,310.1534
1784574900000,2026-07-20 19:15:00,1892.91,1897.31,1891.09,1896.7,318.3651
1784575800000,2026-07-20 19:30:00,1896.7,1898.41,1893.85,1897.36,317.6209
1784576700000,2026-07-20 19:45:00,1897.37,1900.92,1896.2,1898.21,309.6319
1784577600000,2026-07-20 20:00:00,1898.2,1901.67,1896.21,1901.02,238.673
1784578500000,2026-07-20 20:15:00,1901.79,1903.16,1900.21,1901.46,106.7331
1784579400000,2026-07-20 20:30:00,1901.46,1906.3,1901.29,1903.27,149.9512
1784580300000,2026-07-20 20:45:00,1903.28,1905.09,1902.46,1904.84,63.1697
1784581200000,2026-07-20 21:00:00,1904.84,1907.57,1904.07,1905.18,69.6714
1784582100000,2026-07-20 21:15:00,1905.18,1906.98,1904.59,1904.86,110.8094
1784583000000,2026-07-20 21:30:00,1904.86,1906.76,1904.58,1904.94,144.4777
1784583900000,2026-07-20 21:45:00,1904.94,1905.79,1902.01,1902.45,104.7411
1784584800000,2026-07-20 22:00:00,1902.45,1902.45,1898.81,1899.99,120.2195
1784585700000,2026-07-20 22:15:00,1899.98,1899.98,1896.44,1896.45,81.3212
1784586600000,2026-07-20 22:30:00,1896.45,1897.94,1894.62,1895.22,127.9278
1784587500000,2026-07-20 22:45:00,1894.96,1895.99,1894.88,1895.72,111.2782
1784588400000,2026-07-20 23:00:00,1895.71,1901.0,1895.33,1899.06,89.0574
1784589300000,2026-07-20 23:15:00,1899.07,1903.5,1899.06,1903.49,86.2232
1784590200000,2026-07-20 23:30:00,1903.49,1904.65,1901.0,1901.98,50.8383
1784591100000,2026-07-20 23:45:00,1902.19,1905.08,1899.95,1904.78,120.7633
1784592000000,2026-07-21 00:00:00,1904.78,1905.13,1900.74,1903.39,259.2141
1784592900000,2026-07-21 00:15:00,1902.69,1910.02,1902.21,1907.81,173.9173
1784593800000,2026-07-21 00:30:00,1907.57,1916.54,1907.57,1914.79,165.2818
1784594700000,2026-07-21 00:45:00,1914.66,1917.67,1914.51,1915.27,124.3655
1784595600000,2026-07-21 01:00:00,1915.26,1917.76,1912.99,1914.17,173.8396
1784596500000,2026-07-21 01:15:00,1914.19,1914.19,1909.61,1910.12,82.413
1784597400000,2026-07-21 01:30:00,1910.13,1915.23,1908.52,1909.87,157.9014
1784598300000,2026-07-21 01:45:00,1909.62,1910.95,1907.18,1907.39,186.5274
1784599200000,2026-07-21 02:00:00,1907.4,1913.77,1907.34,1909.28,135.7086
1784600100000,2026-07-21 02:15:00,1909.28,1909.45,1904.69,1907.85,166.5767
1784601000000,2026-07-21 02:30:00,1907.83,1913.38,1907.71,1912.55,212.8757
1784601900000,2026-07-21 02:45:00,1911.96,1921.0,1910.84,1917.41,138.7833
1784602800000,2026-07-21 03:00:00,1917.41,1927.5,1917.4,1924.53,213.2586
1784603700000,2026-07-21 03:15:00,1924.52,1927.35,1922.69,1924.89,191.9019
1784604600000,2026-07-21 03:30:00,1924.9,1927.35,1922.91,1925.93,164.3376
1784605500000,2026-07-21 03:45:00,1925.93,1927.97,1924.29,1927.03,95.6379
1784606400000,2026-07-21 04:00:00,1926.83,1930.95,1925.42,1926.28,166.6848
1784607300000,2026-07-21 04:15:00,1926.29,1926.5,1923.11,1923.11,94.7948
1784608200000,2026-07-21 04:30:00,1923.1,1925.4,1922.7,1924.67,111.9977
1784609100000,2026-07-21 04:45:00,1924.68,1925.81,1923.71,1924.48,85.794
1784610000000,2026-07-21 05:00:00,1924.59,1926.46,1922.97,1923.16,87.2068
1784610900000,2026-07-21 05:15:00,1923.17,1926.23,1922.0,1924.73,58.2379
1784611800000,2026-07-21 05:30:00,1925.11,1927.0,1923.35,1926.58,81.8478
1784612700000,2026-07-21 05:45:00,1926.3,1933.21,1925.79,1931.16,182.7406
1784613600000,2026-07-21 06:00:00,1930.56,1933.93,1927.8,1931.89,181.7332
1784614500000,2026-07-21 06:15:00,1931.89,1933.94,1929.78,1932.55,93.7371
1784615400000,2026-07-21 06:30:00,1932.55,1939.68,1932.54,1937.75,105.1324
1784616300000,2026-07-21 06:45:00,1937.75,1938.25,1933.95,1935.02,145.1286
1784617200000,2026-07-21 07:00:00,1935.02,1936.44,1933.94,1935.83,184.4081
1784618100000,2026-07-21 07:15:00,1935.83,1938.18,1933.94,1935.52,106.0141
1784619000000,2026-07-21 07:30:00,1935.51,1938.62,1934.35,1934.73,142.137
1784619900000,2026-07-21 07:45:00,1934.73,1936.35,1933.43,1934.08,127.5195
1784620800000,2026-07-21 08:00:00,1934.08,1937.93,1931.64,1937.93,175.497
1784621700000,2026-07-21 08:15:00,1937.93,1949.4,1937.12,1940.01,382.7359
1784622600000,2026-07-21 08:30:00,1940.04,1942.66,1938.35,1942.12,175.51
1784623500000,2026-07-21 08:45:00,1942.12,1942.45,1938.87,1940.12,150.599
1784624400000,2026-07-21 09:00:00,1939.8,1940.21,1937.41,1940.21,161.8477
1784625300000,2026-07-21 09:15:00,1940.21,1941.31,1938.45,1938.51,116.194
1784626200000,2026-07-21 09:30:00,1938.5,1942.01,1938.47,1940.01,99.5488
1784627100000,2026-07-21 09:45:00,1940.0,1943.63,1940.0,1942.22,221.3921
1784628000000,2026-07-21 10:00:00,1942.22,1946.69,1941.99,1944.93,145.5742
1784628900000,2026-07-21 10:15:00,1944.92,1945.62,1942.12,1942.41,74.8365
1784629800000,2026-07-21 10:30:00,1942.4,1943.0,1939.5,1939.81,149.9479
1784630700000,2026-07-21 10:45:00,1939.81,1941.04,1932.36,1934.18,181.2397
1784631600000,2026-07-21 11:00:00,1934.19,1934.47,1929.14,1929.71,155.6655
1784632500000,2026-07-21 11:15:00,1929.25,1930.67,1927.89,1928.9,179.9164
1784633400000,2026-07-21 11:30:00,1929.29,1934.72,1929.28,1934.71,76.4101
1784634300000,2026-07-21 11:45:00,1934.71,1937.16,1934.47,1935.15,76.5232
1784635200000,2026-07-21 12:00:00,1935.68,1938.58,1932.85,1936.24,177.8236
1784636100000,2026-07-21 12:15:00,1936.23,1943.4,1934.53,1940.29,156.2063
1784637000000,2026-07-21 12:30:00,1940.28,1945.23,1939.52,1941.88,129.3648
1784637900000,2026-07-21 12:45:00,1941.89,1943.84,1940.26,1943.03,140.1398
1784638800000,2026-07-21 13:00:00,1943.03,1943.77,1940.73,1942.37,83.2912
1784639700000,2026-07-21 13:15:00,1942.2,1942.26,1935.98,1937.19,78.0507
1784640600000,2026-07-21 13:30:00,1936.98,1937.53,1928.2,1928.28,229.6281
1784641500000,2026-07-21 13:45:00,1928.28,1941.26,1928.28,1940.22,245.7995
1784642400000,2026-07-21 14:00:00,1940.3,1943.35,1936.25,1940.37,217.8276
1784643300000,2026-07-21 14:15:00,1940.37,1941.53,1928.0,1932.69,563.0273
1784644200000,2026-07-21 14:30:00,1932.69,1937.41,1931.08,1935.88,345.3081
1784645100000,2026-07-21 14:45:00,1935.98,1938.14,1931.53,1931.53,232.9568
1784646000000,2026-07-21 15:00:00,1931.53,1931.53,1925.75,1928.54,354.2694
1784646900000,2026-07-21 15:15:00,1928.54,1930.97,1925.16,1925.55,313.3377
1784647800000,2026-07-21 15:30:00,1925.55,1929.48,1924.01,1927.49,322.4037
1784648700000,2026-07-21 15:45:00,1927.49,1932.39,1926.56,1931.81,137.533
1784649600000,2026-07-21 16:00:00,1931.8,1935.24,1929.66,1930.34,181.8252
1784650500000,2026-07-21 16:15:00,1930.34,1930.34,1924.34,1924.34,104.7856
1784651400000,2026-07-21 16:30:00,1924.69,1927.7,1923.45,1926.19,264.1027
1784652300000,2026-07-21 16:45:00,1926.19,1926.27,1926.15,1926.26,592.5566
1784653200000,2026-07-21 17:00:00,1926.26,1928.33,1926.26,1928.02,507.2739
1784654100000,2026-07-21 17:15:00,1928.02,1940.56,1859.71,1925.08,339.595
1784655000000,2026-07-21 17:30:00,1925.08,1927.48,1923.92,1927.36,142.8363
1784655900000,2026-07-21 17:45:00,1927.25,1927.29,1916.86,1918.7,136.5497
1784656800000,2026-07-21 18:00:00,1918.7,1922.65,1915.61,1921.46,155.2389
1784657700000,2026-07-21 18:15:00,1921.46,1921.75,1918.05,1920.5,126.3053
1784658600000,2026-07-21 18:30:00,1920.49,1922.53,1915.39,1921.61,144.8526
1784659500000,2026-07-21 18:45:00,1921.61,1921.89,1919.29,1919.9,86.9526
1784660400000,2026-07-21 19:00:00,1919.94,1923.25,1918.2,1919.71,182.6093
1784661300000,2026-07-21 19:15:00,1919.72,1924.46,1919.04,1924.21,66.7637
1784662200000,2026-07-21 19:30:00,1924.35,1926.13,1923.35,1923.93,84.1505
1784663100000,2026-07-21 19:45:00,1924.2,1925.92,1922.65,1923.39,111.7302
1784664000000,2026-07-21 20:00:00,1923.39,1924.24,1921.68,1922.44,141.9878
1784664900000,2026-07-21 20:15:00,1922.29,1923.21,1921.69,1923.17,76.6667
1784665800000,2026-07-21 20:30:00,1923.17,1926.27,1923.16,1924.8,99.1479
1784666700000,2026-07-21 20:45:00,1924.86,1924.88,1923.24,1923.24,33.9115
1784667600000,2026-07-21 21:00:00,1923.24,1923.24,1919.85,1922.97,103.8067
1784668500000,2026-07-21 21:15:00,1922.97,1924.97,1922.12,1924.08,88.07
1784669400000,2026-07-21 21:30:00,1924.08,1926.52,1924.07,1926.46,129.019
1784670300000,2026-07-21 21:45:00,1926.47,1926.47,1923.56,1924.27,166.6946
1784671200000,2026-07-21 22:00:00,1923.81,1940.56,1921.41,1922.72,293.9805
1784672100000,2026-07-21 22:15:00,1922.54,1922.55,1920.13,1921.68,203.1253
1784673000000,2026-07-21 22:30:00,1921.65,1923.58,1920.48,1921.38,157.989
1784673900000,2026-07-21 22:45:00,1921.37,1921.37,1918.44,1920.86,169.1502
1784674800000,2026-07-21 23:00:00,1920.76,1920.76,1916.72,1917.72,207.7708
1784675700000,2026-07-21 23:15:00,1917.71,1922.36,1917.71,1922.36,175.9899
1784676600000,2026-07-21 23:30:00,1922.46,1925.0,1921.01,1923.93,195.7379
1784677500000,2026-07-21 23:45:00,1923.92,1930.98,1922.98,1929.86,285.9506
1784678400000,2026-07-22 00:00:00,1930.09,1938.49,1929.16,1938.08,312.0989
1784679300000,2026-07-22 00:15:00,1938.08,1944.26,1906.58,1937.09,325.4099
1784680200000,2026-07-22 00:30:00,1937.09,1942.63,1935.08,1939.86,138.3122
1784681100000,2026-07-22 00:45:00,1939.85,1941.39,1937.68,1937.68,64.5754
