timestamp,datetime,open,high,low,close,volume
1780493400000,2026-06-03 13:30:00,75.05,75.05,74.54,74.56,170.224
1780494300000,2026-06-03 13:45:00,74.54,74.79,74.44,74.59,299.655
1780495200000,2026-06-03 14:00:00,74.52,74.58,74.22,74.47,344.022
1780496100000,2026-06-03 14:15:00,74.5,74.51,73.88,73.99,138.431
1780497000000,2026-06-03 14:30:00,74.0,74.44,73.89,74.16,397.128
1780497900000,2026-06-03 14:45:00,74.14,74.42,74.14,74.42,262.431
1780498800000,2026-06-03 15:00:00,74.43,74.43,73.94,74.04,750.064
1780499700000,2026-06-03 15:15:00,74.06,74.29,73.74,74.26,507.255
1780500600000,2026-06-03 15:30:00,74.26,74.33,73.39,73.68,705.268
1780501500000,2026-06-03 15:45:00,73.58,73.66,73.27,73.27,440.376
1780502400000,2026-06-03 16:00:00,73.39,73.39,72.98,73.13,105.749
1780503300000,2026-06-03 16:15:00,73.01,73.18,72.09,72.48,647.299
1780504200000,2026-06-03 16:30:00,72.43,72.81,72.4,72.69,360.725
1780505100000,2026-06-03 16:45:00,72.72,72.98,72.64,72.97,214.239
1780506000000,2026-06-03 17:00:00,73.01,73.1,72.46,72.71,171.983
1780506900000,2026-06-03 17:15:00,72.72,73.45,72.7,73.45,261.662
1780507800000,2026-06-03 17:30:00,73.45,74.07,73.44,73.7,435.799
1780508700000,2026-06-03 17:45:00,73.7,73.7,73.0,73.17,251.203
1780509600000,2026-06-03 18:00:00,73.14,73.43,73.09,73.24,288.21
1780510500000,2026-06-03 18:15:00,73.16,73.17,72.67,72.76,222.043
1780511400000,2026-06-03 18:30:00,72.78,73.03,72.52,72.95,200.121
1780512300000,2026-06-03 18:45:00,72.9,73.15,72.85,73.07,220.817
1780513200000,2026-06-03 19:00:00,73.1,73.16,72.78,72.86,316.874
1780514100000,2026-06-03 19:15:00,72.85,72.85,72.01,72.06,208.292
1780515000000,2026-06-03 19:30:00,72.01,72.53,71.87,72.5,277.166
1780515900000,2026-06-03 19:45:00,72.53,72.62,71.76,72.03,368.156
1780516800000,2026-06-03 20:00:00,72.06,72.35,71.64,72.35,388.729
1780517700000,2026-06-03 20:15:00,72.31,72.4,71.79,72.34,848.588
1780518600000,2026-06-03 20:30:00,72.35,72.42,71.72,71.72,676.191
1780519500000,2026-06-03 20:45:00,71.71,71.82,70.98,71.21,981.132
1780520400000,2026-06-03 21:00:00,71.21,71.97,71.05,71.71,892.42
1780521300000,2026-06-03 21:15:00,71.74,71.84,71.66,71.77,321.779
1780522200000,2026-06-03 21:30:00,71.74,72.27,71.74,72.04,1118.205
1780523100000,2026-06-03 21:45:00,72.04,72.84,72.04,72.8,408.804
1780524000000,2026-06-03 22:00:00,72.77,73.09,72.52,72.55,579.94
1780524900000,2026-06-03 22:15:00,72.53,72.56,72.18,72.34,145.791
1780525800000,2026-06-03 22:30:00,72.36,72.39,72.04,72.28,265.883
1780526700000,2026-06-03 22:45:00,72.28,72.3,71.96,72.22,190.214
1780527600000,2026-06-03 23:00:00,72.19,72.23,71.66,71.91,249.734
1780528500000,2026-06-03 23:15:00,71.82,71.87,71.61,71.75,170.598
1780529400000,2026-06-03 23:30:00,71.79,71.93,71.62,71.67,118.446
1780530300000,2026-06-03 23:45:00,71.68,71.88,71.61,71.61,465.877
1780531200000,2026-06-04 00:00:00,71.64,72.02,71.62,71.94,301.587
1780532100000,2026-06-04 00:15:00,71.92,72.09,70.71,70.71,433.603
1780533000000,2026-06-04 00:30:00,70.71,71.22,70.37,71.22,427.294
1780533900000,2026-06-04 00:45:00,71.22,71.22,70.46,70.64,139.255
1780534800000,2026-06-04 01:00:00,70.73,70.94,70.2,70.2,157.046
1780535700000,2026-06-04 01:15:00,70.17,70.22,69.12,69.36,624.545
1780536600000,2026-06-04 01:30:00,69.31,69.98,69.28,69.58,210.85
1780537500000,2026-06-04 01:45:00,69.61,69.62,68.51,68.58,1266.679
1780538400000,2026-06-04 02:00:00,68.58,68.66,66.95,68.3,1378.256
1780539300000,2026-06-04 02:15:00,68.25,69.58,67.88,69.42,1175.399
1780540200000,2026-06-04 02:30:00,69.2,70.23,69.2,70.18,306.683
1780541100000,2026-06-04 02:45:00,70.14,70.45,70.03,70.08,225.973
1780542000000,2026-06-04 03:00:00,70.07,71.02,70.07,70.99,390.449
1780542900000,2026-06-04 03:15:00,71.03,71.27,70.94,71.01,1252.549
1780543800000,2026-06-04 03:30:00,71.05,71.55,71.05,71.55,298.632
1780544700000,2026-06-04 03:45:00,71.59,71.63,71.33,71.49,826.909
1780545600000,2026-06-04 04:00:00,71.49,71.76,71.46,71.73,170.227
1780546500000,2026-06-04 04:15:00,71.7,71.7,71.46,71.5,826.521
1780547400000,2026-06-04 04:30:00,71.49,71.5,70.9,71.08,1437.069
1780548300000,2026-06-04 04:45:00,71.07,71.08,70.82,70.88,775.641
1780549200000,2026-06-04 05:00:00,70.88,70.89,69.96,70.2,1662.283
1780550100000,2026-06-04 05:15:00,70.27,70.4,70.03,70.14,1337.14
1780551000000,2026-06-04 05:30:00,70.13,70.65,70.01,70.57,1272.537
1780551900000,2026-06-04 05:45:00,70.58,70.59,70.23,70.34,1465.825
1780552800000,2026-06-04 06:00:00,70.35,70.75,70.29,70.7,1836.855
1780553700000,2026-06-04 06:15:00,70.7,71.16,70.7,70.84,1946.489
1780554600000,2026-06-04 06:30:00,70.8,71.06,70.55,70.92,1523.753
1780555500000,2026-06-04 06:45:00,70.93,70.93,70.36,70.37,1386.437
1780556400000,2026-06-04 07:00:00,70.35,70.38,69.86,69.97,1843.582
1780557300000,2026-06-04 07:15:00,70.04,70.07,69.45,69.68,1516.842
1780558200000,2026-06-04 07:30:00,69.67,69.99,69.58,69.82,1447.146
1780559100000,2026-06-04 07:45:00,69.83,69.84,69.19,69.19,1132.436
1780560000000,2026-06-04 08:00:00,69.17,69.44,68.52,68.52,2020.586
1780560900000,2026-06-04 08:15:00,68.5,69.06,68.33,68.97,1687.245
1780561800000,2026-06-04 08:30:00,68.97,69.38,68.85,68.89,1881.154
1780562700000,2026-06-04 08:45:00,68.89,69.41,68.89,69.23,1602.046
1780563600000,2026-06-04 09:00:00,69.22,69.23,68.36,68.46,2228.644
1780564500000,2026-06-04 09:15:00,68.45,68.48,67.86,67.9,1599.983
1780565400000,2026-06-04 09:30:00,67.92,68.18,67.76,68.09,1356.951
1780566300000,2026-06-04 09:45:00,68.1,68.83,68.1,68.83,1868.908
1780567200000,2026-06-04 10:00:00,68.83,68.91,68.32,68.5,2195.156
1780568100000,2026-06-04 10:15:00,68.42,68.75,68.33,68.37,2403.775
1780569000000,2026-06-04 10:30:00,68.37,68.78,68.2,68.4,1857.582
1780569900000,2026-06-04 10:45:00,68.4,68.4,67.59,67.9,2033.061
1780570800000,2026-06-04 11:00:00,67.9,68.12,67.47,67.66,2014.763
1780571700000,2026-06-04 11:15:00,67.66,68.29,67.57,68.2,1918.249
1780572600000,2026-06-04 11:30:00,68.22,68.54,67.97,68.01,2071.618
1780573500000,2026-06-04 11:45:00,68.01,68.67,68.0,68.67,2098.169
1780574400000,2026-06-04 12:00:00,68.64,69.06,68.33,68.48,2625.116
1780575300000,2026-06-04 12:15:00,68.49,69.37,68.43,69.33,1896.482
1780576200000,2026-06-04 12:30:00,69.33,70.15,69.33,69.94,2399.15
1780577100000,2026-06-04 12:45:00,69.91,70.27,69.88,70.11,1294.265
1780578000000,2026-06-04 13:00:00,70.12,70.18,69.87,69.87,1298.99
1780578900000,2026-06-04 13:15:00,69.82,69.84,69.06,69.36,1577.141
1780579800000,2026-06-04 13:30:00,69.29,70.53,69.28,70.11,2158.222
1780580700000,2026-06-04 13:45:00,70.06,70.33,69.88,70.33,1962.527
1780581600000,2026-06-04 14:00:00,70.33,70.61,70.08,70.53,2556.936
1780582500000,2026-06-04 14:15:00,70.51,70.51,70.05,70.15,1985.593
1780583400000,2026-06-04 14:30:00,70.16,70.16,69.6,69.87,1767.021
1780584300000,2026-06-04 14:45:00,69.86,69.93,69.56,69.75,1403.403
1780585200000,2026-06-04 15:00:00,69.76,70.47,69.61,70.27,1877.453
1780586100000,2026-06-04 15:15:00,70.24,70.31,69.39,69.87,1933.289
1780587000000,2026-06-04 15:30:00,69.86,69.89,69.62,69.72,1282.157
1780587900000,2026-06-04 15:45:00,69.73,69.83,69.47,69.66,1773.164
1780588800000,2026-06-04 16:00:00,69.65,69.65,69.29,69.3,1240.186
1780589700000,2026-06-04 16:15:00,69.31,69.58,69.13,69.13,1653.387
1780590600000,2026-06-04 16:30:00,69.12,69.53,68.98,69.5,1730.506
1780591500000,2026-06-04 16:45:00,69.45,69.58,69.27,69.42,1537.385
1780592400000,2026-06-04 17:00:00,69.42,69.72,69.28,69.66,2112.454
1780593300000,2026-06-04 17:15:00,69.64,69.64,69.03,69.21,1994.944
1780594200000,2026-06-04 17:30:00,69.17,69.23,68.54,68.64,868.471
1780595100000,2026-06-04 17:45:00,68.65,69.51,68.52,69.25,1009.289
1780596000000,2026-06-04 18:00:00,69.27,69.3,68.7,68.7,1269.4
1780596900000,2026-06-04 18:15:00,68.68,69.6,68.68,69.6,1891.606
1780597800000,2026-06-04 18:30:00,69.59,69.85,69.48,69.57,1352.363
1780598700000,2026-06-04 18:45:00,69.61,69.83,69.47,69.53,1452.448
1780599600000,2026-06-04 19:00:00,69.53,69.56,69.11,69.41,1091.343
1780600500000,2026-06-04 19:15:00,69.44,69.7,69.29,69.62,582.759
1780601400000,2026-06-04 19:30:00,69.63,69.63,69.27,69.29,1349.528
1780602300000,2026-06-04 19:45:00,69.28,69.31,69.06,69.17,897.235
1780603200000,2026-06-04 20:00:00,69.16,69.17,68.48,68.88,1560.794
1780604100000,2026-06-04 20:15:00,68.89,69.04,68.62,68.72,1740.282
1780605000000,2026-06-04 20:30:00,68.72,69.02,68.72,68.92,1645.922
1780605900000,2026-06-04 20:45:00,68.92,69.01,68.54,68.83,1661.642
1780606800000,2026-06-04 21:00:00,68.83,69.04,68.72,68.85,776.321
1780607700000,2026-06-04 21:15:00,68.85,68.89,68.23,68.3,628.667
1780608600000,2026-06-04 21:30:00,68.3,68.31,67.66,68.01,943.064
1780609500000,2026-06-04 21:45:00,68.07,68.13,67.83,67.83,1102.697
1780610400000,2026-06-04 22:00:00,67.83,68.14,67.61,67.88,670.722
1780611300000,2026-06-04 22:15:00,67.88,68.1,67.82,67.98,1142.903
1780612200000,2026-06-04 22:30:00,67.95,68.07,67.62,67.96,1004.154
1780613100000,2026-06-04 22:45:00,67.98,68.54,67.86,68.49,1060.115
1780614000000,2026-06-04 23:00:00,68.5,68.86,68.43,68.59,2169.506
1780614900000,2026-06-04 23:15:00,68.59,68.62,68.05,68.36,1647.061
1780615800000,2026-06-04 23:30:00,68.31,68.72,68.27,68.72,584.658
1780616700000,2026-06-04 23:45:00,68.72,68.92,68.6,68.89,1050.748
1780617600000,2026-06-05 00:00:00,68.89,68.89,68.5,68.51,3017.076
1780618500000,2026-06-05 00:15:00,68.52,69.06,68.38,69.06,2582.708
1780619400000,2026-06-05 00:30:00,69.06,69.07,68.72,68.8,1933.685
1780620300000,2026-06-05 00:45:00,68.8,69.02,68.31,68.33,1607.013
1780621200000,2026-06-05 01:00:00,68.33,68.33,67.65,68.21,2539.88
1780622100000,2026-06-05 01:15:00,68.21,68.42,68.04,68.41,3656.627
1780623000000,2026-06-05 01:30:00,68.41,68.77,68.29,68.48,3196.334
1780623900000,2026-06-05 01:45:00,68.53,68.72,68.35,68.52,2652.073
1780624800000,2026-06-05 02:00:00,68.56,68.59,68.22,68.25,3952.49
1780625700000,2026-06-05 02:15:00,68.25,68.38,67.74,67.76,2760.218
1780626600000,2026-06-05 02:30:00,67.76,68.04,67.51,67.75,2388.935
1780627500000,2026-06-05 02:45:00,67.75,67.98,67.24,67.38,3846.892
1780628400000,2026-06-05 03:00:00,67.38,67.39,67.07,67.09,4420.608
1780629300000,2026-06-05 03:15:00,67.1,67.82,67.09,67.28,3199.915
1780630200000,2026-06-05 03:30:00,67.39,67.64,66.95,67.02,3628.461
1780631100000,2026-06-05 03:45:00,67.02,67.23,66.99,67.07,4408.305
1780632000000,2026-06-05 04:00:00,67.06,67.66,66.62,67.41,3056.016
1780632900000,2026-06-05 04:15:00,67.39,67.86,67.06,67.86,4035.191
1780633800000,2026-06-05 04:30:00,67.86,67.87,67.2,67.22,1871.407
1780634700000,2026-06-05 04:45:00,67.27,67.98,66.97,67.92,1958.268
1780635600000,2026-06-05 05:00:00,67.92,68.03,67.57,67.73,2160.983
1780636500000,2026-06-05 05:15:00,67.72,67.91,67.51,67.8,1923.216
1780637400000,2026-06-05 05:30:00,67.81,67.97,66.71,66.71,3180.129
1780638300000,2026-06-05 05:45:00,66.72,66.83,66.08,66.26,6082.444
1780639200000,2026-06-05 06:00:00,66.25,66.56,65.69,65.69,3549.386
1780640100000,2026-06-05 06:15:00,65.7,65.91,63.95,64.57,3738.823
1780641000000,2026-06-05 06:30:00,64.6,65.5,64.52,65.36,2810.758
1780641900000,2026-06-05 06:45:00,65.36,65.5,64.78,65.08,2933.059
1780642800000,2026-06-05 07:00:00,65.05,65.17,63.96,64.21,2116.374
1780643700000,2026-06-05 07:15:00,64.14,65.54,64.13,65.49,5297.801
1780644600000,2026-06-05 07:30:00,65.5,66.2,65.33,66.16,3662.02
1780645500000,2026-06-05 07:45:00,66.13,66.28,65.91,66.1,3789.259
1780646400000,2026-06-05 08:00:00,66.15,66.16,65.53,65.64,3519.538
1780647300000,2026-06-05 08:15:00,65.65,65.96,65.45,65.94,4217.785
1780648200000,2026-06-05 08:30:00,65.91,66.06,65.43,65.44,3274.844
1780649100000,2026-06-05 08:45:00,65.43,65.56,65.1,65.28,3497.28
1780650000000,2026-06-05 09:00:00,65.28,66.23,65.28,66.2,2878.257
1780650900000,2026-06-05 09:15:00,66.21,66.51,66.04,66.38,5256.947
1780651800000,2026-06-05 09:30:00,66.38,66.45,66.12,66.16,2413.539
1780652700000,2026-06-05 09:45:00,66.15,66.57,66.15,66.54,2746.485
1780653600000,2026-06-05 10:00:00,66.56,66.72,66.44,66.55,3161.96
1780654500000,2026-06-05 10:15:00,66.56,66.56,66.23,66.54,2545.853
1780655400000,2026-06-05 10:30:00,66.55,66.64,66.22,66.58,1621.971
1780656300000,2026-06-05 10:45:00,66.58,66.58,66.19,66.39,3195.207
1780657200000,2026-06-05 11:00:00,66.43,66.43,65.84,66.01,2293.315
1780658100000,2026-06-05 11:15:00,66.01,66.78,65.97,66.56,3537.229
1780659000000,2026-06-05 11:30:00,66.59,66.63,66.07,66.07,2839.891
1780659900000,2026-06-05 11:45:00,66.07,66.33,66.04,66.12,2723.107
1780660800000,2026-06-05 12:00:00,66.12,66.19,65.45,65.92,3130.106
1780661700000,2026-06-05 12:15:00,65.9,66.3,65.84,65.88,2947.642
1780662600000,2026-06-05 12:30:00,65.87,66.05,65.23,65.68,2344.637
1780663500000,2026-06-05 12:45:00,65.74,65.83,65.39,65.82,3664.534
1780664400000,2026-06-05 13:00:00,65.83,66.44,65.82,66.34,3677.404
1780665300000,2026-06-05 13:15:00,66.34,66.67,66.17,66.53,2353.983
1780666200000,2026-06-05 13:30:00,66.52,66.78,65.8,65.8,1648.754
1780667100000,2026-06-05 13:45:00,65.81,65.92,64.32,64.41,639.683
1780668000000,2026-06-05 14:00:00,64.35,65.27,64.2,64.89,1585.208
1780668900000,2026-06-05 14:15:00,64.9,65.3,64.6,64.83,1321.505
1780669800000,2026-06-05 14:30:00,64.82,65.69,64.71,65.34,1066.097
1780670700000,2026-06-05 14:45:00,65.35,65.79,64.92,65.22,943.449
1780671600000,2026-06-05 15:00:00,65.26,65.28,64.32,64.44,665.343
1780672500000,2026-06-05 15:15:00,64.38,65.03,64.22,64.47,570.911
1780673400000,2026-06-05 15:30:00,64.62,64.77,64.03,64.34,1680.61
1780674300000,2026-06-05 15:45:00,64.31,64.52,63.81,64.31,2068.583
1780675200000,2026-06-05 16:00:00,64.32,64.7,63.23,64.7,1247.24
1780676100000,2026-06-05 16:15:00,64.52,65.51,64.46,64.94,1192.765
1780677000000,2026-06-05 16:30:00,64.94,65.17,64.49,64.62,2106.238
1780677900000,2026-06-05 16:45:00,64.62,65.94,64.61,65.87,2057.452
1780678800000,2026-06-05 17:00:00,65.88,66.06,65.33,65.48,1473.407
1780679700000,2026-06-05 17:15:00,65.47,65.48,64.84,64.92,1364.795
1780680600000,2026-06-05 17:30:00,64.91,65.55,64.82,65.02,1538.847
1780681500000,2026-06-05 17:45:00,65.02,65.16,64.93,65.09,2022.637
1780682400000,2026-06-05 18:00:00,65.08,65.37,64.97,64.97,2267.828
1780683300000,2026-06-05 18:15:00,64.98,64.98,64.02,64.08,2567.874
1780684200000,2026-06-05 18:30:00,64.07,64.26,63.62,63.82,1346.39
1780685100000,2026-06-05 18:45:00,63.81,63.82,62.65,62.91,772.636
1780686000000,2026-06-05 19:00:00,62.9,62.97,61.79,61.91,1089.542
1780686900000,2026-06-05 19:15:00,61.9,62.77,61.54,62.77,1952.498
1780687800000,2026-06-05 19:30:00,62.79,62.79,62.03,62.37,2588.901
1780688700000,2026-06-05 19:45:00,62.5,63.72,62.5,63.56,1057.405
1780689600000,2026-06-05 20:00:00,63.54,64.12,62.75,63.92,1113.92
1780690500000,2026-06-05 20:15:00,64.11,64.37,63.94,64.22,531.019
1780691400000,2026-06-05 20:30:00,64.22,64.51,64.14,64.43,303.417
1780692300000,2026-06-05 20:45:00,64.5,64.78,64.32,64.63,1097.978
1780693200000,2026-06-05 21:00:00,64.68,65.02,64.54,64.9,1558.811
1780694100000,2026-06-05 21:15:00,64.93,65.06,64.85,64.94,644.292
1780695000000,2026-06-05 21:30:00,64.92,65.4,64.78,65.4,1382.76
1780695900000,2026-06-05 21:45:00,65.3,65.3,64.87,64.92,1006.02
1780696800000,2026-06-05 22:00:00,64.93,64.93,63.86,64.36,1621.692
1780697700000,2026-06-05 22:15:00,64.34,64.68,64.12,64.12,1146.053
1780698600000,2026-06-05 22:30:00,64.14,64.68,64.01,64.54,1228.548
1780699500000,2026-06-05 22:45:00,64.56,64.6,64.33,64.43,1344.35
1780700400000,2026-06-05 23:00:00,64.44,64.7,64.22,64.22,942.37
1780701300000,2026-06-05 23:15:00,64.04,64.04,63.43,63.62,2024.953
1780702200000,2026-06-05 23:30:00,63.58,63.58,62.73,63.24,853.855
1780703100000,2026-06-05 23:45:00,63.2,63.62,63.03,63.62,910.13
1780704000000,2026-06-06 00:00:00,63.64,64.48,63.64,64.48,2631.029
1780704900000,2026-06-06 00:15:00,64.52,64.65,64.23,64.47,2513.525
1780705800000,2026-06-06 00:30:00,64.48,64.67,64.41,64.63,3153.638
1780706700000,2026-06-06 00:45:00,64.64,64.84,64.59,64.69,2359.787
1780707600000,2026-06-06 01:00:00,64.68,64.82,64.32,64.38,2373.238
1780708500000,2026-06-06 01:15:00,64.38,64.44,63.87,64.44,2073.479
1780709400000,2026-06-06 01:30:00,64.42,64.51,63.95,64.07,1198.347
1780710300000,2026-06-06 01:45:00,64.04,64.2,63.83,63.91,1709.489
1780711200000,2026-06-06 02:00:00,63.91,63.91,63.53,63.57,2475.019
1780712100000,2026-06-06 02:15:00,63.58,63.66,63.29,63.54,2000.17
1780713000000,2026-06-06 02:30:00,63.54,63.8,63.42,63.65,3179.045
1780713900000,2026-06-06 02:45:00,63.58,63.93,63.53,63.56,2749.698
1780714800000,2026-06-06 03:00:00,63.52,63.53,63.1,63.25,4379.922
1780715700000,2026-06-06 03:15:00,63.25,63.37,62.92,63.05,2858.188
1780716600000,2026-06-06 03:30:00,63.05,63.07,62.63,62.84,1659.871
1780717500000,2026-06-06 03:45:00,62.9,62.98,62.66,62.86,1656.786
1780718400000,2026-06-06 04:00:00,62.85,63.09,61.58,61.64,1994.319
1780719300000,2026-06-06 04:15:00,61.71,61.95,61.21,61.23,2235.262
1780720200000,2026-06-06 04:30:00,61.23,61.23,60.4,60.63,2047.646
1780721100000,2026-06-06 04:45:00,60.61,61.3,60.42,60.87,2672.826
1780722000000,2026-06-06 05:00:00,60.87,61.23,60.17,60.69,3012.371
1780722900000,2026-06-06 05:15:00,60.69,62.54,60.69,62.15,3738.655
1780723800000,2026-06-06 05:30:00,62.13,62.5,61.93,62.31,2493.374
1780724700000,2026-06-06 05:45:00,62.32,62.71,62.24,62.61,2873.312
1780725600000,2026-06-06 06:00:00,62.61,63.02,62.61,63.02,3101.67
1780726500000,2026-06-06 06:15:00,63.02,63.34,62.81,63.03,1681.38
1780727400000,2026-06-06 06:30:00,63.02,63.28,62.71,62.75,1243.766
1780728300000,2026-06-06 06:45:00,62.62,62.66,62.1,62.2,2466.199
1780729200000,2026-06-06 07:00:00,62.21,62.95,62.08,62.94,3718.883
1780730100000,2026-06-06 07:15:00,62.96,63.06,62.6,62.65,2139.653
1780731000000,2026-06-06 07:30:00,62.65,62.99,62.62,62.98,3301.528
1780731900000,2026-06-06 07:45:00,63.02,63.13,62.75,62.76,1836.936
1780732800000,2026-06-06 08:00:00,62.76,63.01,62.57,62.95,3241.656
1780733700000,2026-06-06 08:15:00,62.98,63.39,62.8,63.39,1452.719
1780734600000,2026-06-06 08:30:00,63.41,63.59,63.27,63.3,3494.845
1780735500000,2026-06-06 08:45:00,63.28,63.42,63.15,63.18,2142.186
1780736400000,2026-06-06 09:00:00,63.16,63.36,63.07,63.23,2336.092
1780737300000,2026-06-06 09:15:00,63.22,63.54,63.1,63.54,1800.37
1780738200000,2026-06-06 09:30:00,63.54,63.55,63.27,63.3,2487.165
1780739100000,2026-06-06 09:45:00,63.29,63.55,62.49,62.68,3306.585
1780740000000,2026-06-06 10:00:00,62.67,62.71,61.97,61.98,3257.432
1780740900000,2026-06-06 10:15:00,61.95,62.11,61.73,61.88,3313.157
1780741800000,2026-06-06 10:30:00,61.87,61.87,61.27,61.56,5907.105
1780742700000,2026-06-06 10:45:00,61.51,61.9,61.39,61.87,2852.158
1780743600000,2026-06-06 11:00:00,61.87,62.18,61.78,61.99,3188.018
1780744500000,2026-06-06 11:15:00,62.04,62.29,61.89,62.28,3840.118
1780745400000,2026-06-06 11:30:00,62.3,62.49,62.22,62.41,3614.829
1780746300000,2026-06-06 11:45:00,62.41,62.65,62.38,62.45,2001.469
1780747200000,2026-06-06 12:00:00,62.46,62.76,62.46,62.67,3548.709
1780748100000,2026-06-06 12:15:00,62.64,62.69,62.23,62.23,3926.021
1780749000000,2026-06-06 12:30:00,62.23,62.6,62.05,62.6,6320.738
1780749900000,2026-06-06 12:45:00,62.58,63.08,62.46,62.94,3967.116
1780750800000,2026-06-06 13:00:00,62.92,63.05,62.78,62.79,3965.966
1780751700000,2026-06-06 13:15:00,62.78,62.88,62.55,62.55,2455.939
1780752600000,2026-06-06 13:30:00,62.55,62.55,62.19,62.49,1864.19
1780753500000,2026-06-06 13:45:00,62.49,62.76,62.31,62.42,1118.365
1780754400000,2026-06-06 14:00:00,62.42,62.84,62.38,62.76,3021.426
1780755300000,2026-06-06 14:15:00,62.79,62.9,62.5,62.63,3413.956
1780756200000,2026-06-06 14:30:00,62.66,62.87,62.55,62.82,1382.924
1780757100000,2026-06-06 14:45:00,62.83,62.87,62.37,62.37,826.357
1780758000000,2026-06-06 15:00:00,62.33,62.42,61.66,61.73,473.782
1780758900000,2026-06-06 15:15:00,61.66,61.76,61.37,61.63,459.813
1780759800000,2026-06-06 15:30:00,61.65,62.21,61.57,62.21,808.671
1780760700000,2026-06-06 15:45:00,62.2,62.31,61.96,62.1,394.036
1780761600000,2026-06-06 16:00:00,61.99,62.39,61.88,61.97,1634.968
1780762500000,2026-06-06 16:15:00,61.98,62.02,61.55,61.55,1045.966
1780763400000,2026-06-06 16:30:00,61.56,61.83,61.44,61.83,1821.979
1780764300000,2026-06-06 16:45:00,61.83,62.19,61.82,62.1,2127.046
1780765200000,2026-06-06 17:00:00,62.11,62.22,61.72,61.96,9152.083
1780766100000,2026-06-06 17:15:00,61.88,61.99,61.63,61.83,1912.002
1780767000000,2026-06-06 17:30:00,61.83,62.21,61.73,61.9,913.378
1780767900000,2026-06-06 17:45:00,61.93,61.93,61.5,61.62,1361.379
1780768800000,2026-06-06 18:00:00,61.62,61.7,61.43,61.6,2002.617
1780769700000,2026-06-06 18:15:00,61.59,62.13,61.51,62.13,1549.634
1780770600000,2026-06-06 18:30:00,62.06,62.06,61.65,61.8,9008.661
1780771500000,2026-06-06 18:45:00,61.79,61.81,61.57,61.76,8679.217
1780772400000,2026-06-06 19:00:00,61.74,62.19,61.62,62.07,7704.154
1780773300000,2026-06-06 19:15:00,62.08,62.08,61.78,61.79,4277.298
1780774200000,2026-06-06 19:30:00,61.78,61.85,61.66,61.79,8191.661
1780775100000,2026-06-06 19:45:00,61.79,61.84,61.64,61.66,9283.225
1780776000000,2026-06-06 20:00:00,61.65,61.74,61.41,61.63,8624.647
1780776900000,2026-06-06 20:15:00,61.65,61.76,61.51,61.52,3160.138
1780777800000,2026-06-06 20:30:00,61.5,61.8,61.45,61.76,2317.291
1780778700000,2026-06-06 20:45:00,61.75,61.92,61.65,61.83,1394.242
1780779600000,2026-06-06 21:00:00,61.83,62.18,61.83,62.07,658.5
1780780500000,2026-06-06 21:15:00,62.14,62.23,62.03,62.15,287.622
1780781400000,2026-06-06 21:30:00,62.14,62.33,62.07,62.12,234.331
1780782300000,2026-06-06 21:45:00,62.09,62.12,61.91,61.91,309.144
1780783200000,2026-06-06 22:00:00,61.91,61.91,61.52,61.69,675.073
1780784100000,2026-06-06 22:15:00,61.72,61.97,61.49,61.52,486.042
1780785000000,2026-06-06 22:30:00,61.52,61.71,61.49,61.66,286.632
1780785900000,2026-06-06 22:45:00,61.72,61.91,61.72,61.82,824.232
1780786800000,2026-06-06 23:00:00,61.81,62.12,61.71,62.12,1050.577
1780787700000,2026-06-06 23:15:00,62.07,62.09,61.82,61.95,1846.328
1780788600000,2026-06-06 23:30:00,61.96,62.28,61.92,62.15,1283.785
1780789500000,2026-06-06 23:45:00,62.15,62.25,62.11,62.2,428.189
1780790400000,2026-06-07 00:00:00,62.21,62.34,61.97,62.07,1395.818
1780791300000,2026-06-07 00:15:00,62.08,62.27,62.08,62.27,1029.473
1780792200000,2026-06-07 00:30:00,62.27,62.62,62.27,62.31,1822.199
1780793100000,2026-06-07 00:45:00,62.29,62.32,62.11,62.11,1815.715
1780794000000,2026-06-07 01:00:00,62.1,63.19,62.04,63.19,4940.32
1780794900000,2026-06-07 01:15:00,63.15,63.78,63.07,63.77,3497.89
1780795800000,2026-06-07 01:30:00,63.76,63.82,63.49,63.6,2812.045
1780796700000,2026-06-07 01:45:00,63.6,63.82,63.45,63.68,2117.923
1780797600000,2026-06-07 02:00:00,63.67,63.76,63.6,63.68,1470.909
1780798500000,2026-06-07 02:15:00,63.67,63.67,63.13,63.22,3585.271
1780799400000,2026-06-07 02:30:00,63.19,63.35,63.11,63.3,3414.686
1780800300000,2026-06-07 02:45:00,63.31,63.62,63.31,63.57,3571.169
1780801200000,2026-06-07 03:00:00,63.57,63.69,63.43,63.69,3706.593
1780802100000,2026-06-07 03:15:00,63.7,64.03,63.55,63.97,3169.288
1780803000000,2026-06-07 03:30:00,64.02,64.02,63.58,63.74,3433.083
1780803900000,2026-06-07 03:45:00,63.75,63.81,63.61,63.81,2637.878
1780804800000,2026-06-07 04:00:00,63.84,63.85,63.47,63.59,2075.045
1780805700000,2026-06-07 04:15:00,63.61,63.62,63.31,63.41,2382.189
1780806600000,2026-06-07 04:30:00,63.41,64.07,63.39,63.96,3386.899
1780807500000,2026-06-07 04:45:00,63.97,64.13,63.88,64.09,2580.765
1780808400000,2026-06-07 05:00:00,64.09,64.3,63.91,64.18,2518.219
1780809300000,2026-06-07 05:15:00,64.19,64.44,64.05,64.18,2122.246
1780810200000,2026-06-07 05:30:00,64.22,64.38,64.06,64.35,2857.179
1780811100000,2026-06-07 05:45:00,64.36,64.44,64.17,64.28,1788.167
1780812000000,2026-06-07 06:00:00,64.26,64.28,64.04,64.2,1700.727
1780812900000,2026-06-07 06:15:00,64.2,64.83,64.11,64.77,2852.0
1780813800000,2026-06-07 06:30:00,64.76,64.98,64.7,64.91,2607.933
1780814700000,2026-06-07 06:45:00,64.97,64.99,64.76,64.9,2887.381
1780815600000,2026-06-07 07:00:00,64.86,64.96,64.62,64.82,2387.682
1780816500000,2026-06-07 07:15:00,64.81,65.0,64.68,64.95,1424.952
1780817400000,2026-06-07 07:30:00,64.96,65.0,64.81,64.85,1004.257
1780818300000,2026-06-07 07:45:00,64.84,64.94,64.77,64.93,2126.321
1780819200000,2026-06-07 08:00:00,64.93,64.96,64.52,64.68,2211.398
1780820100000,2026-06-07 08:15:00,64.66,64.88,64.51,64.88,2020.812
1780821000000,2026-06-07 08:30:00,64.87,65.28,64.76,65.28,3643.235
1780821900000,2026-06-07 08:45:00,65.29,65.93,65.29,65.93,3578.6
1780822800000,2026-06-07 09:00:00,65.89,65.98,65.74,65.98,3083.409
1780823700000,2026-06-07 09:15:00,65.99,66.1,65.58,65.79,3192.627
1780824600000,2026-06-07 09:30:00,65.78,65.78,65.12,65.19,3073.056
1780825500000,2026-06-07 09:45:00,65.18,65.18,64.87,65.01,2987.291
1780826400000,2026-06-07 10:00:00,65.01,65.06,64.65,64.75,2737.961
1780827300000,2026-06-07 10:15:00,64.75,65.05,64.75,64.96,3364.671
1780828200000,2026-06-07 10:30:00,64.98,65.04,64.62,64.68,3602.994
1780829100000,2026-06-07 10:45:00,64.7,64.79,64.51,64.68,5065.301
1780830000000,2026-06-07 11:00:00,64.67,64.81,64.57,64.65,2905.846
1780830900000,2026-06-07 11:15:00,64.64,64.85,64.61,64.85,2611.683
1780831800000,2026-06-07 11:30:00,64.84,65.08,64.78,65.06,3186.703
1780832700000,2026-06-07 11:45:00,65.07,65.24,64.99,65.07,2940.568
1780833600000,2026-06-07 12:00:00,65.05,65.1,64.0,64.0,2936.523
1780834500000,2026-06-07 12:15:00,64.0,64.26,63.93,64.05,4122.355
1780835400000,2026-06-07 12:30:00,64.05,64.14,63.73,63.89,3763.971
1780836300000,2026-06-07 12:45:00,63.93,64.4,63.93,64.3,2831.615
1780837200000,2026-06-07 13:00:00,64.33,64.33,64.1,64.3,2641.337
1780838100000,2026-06-07 13:15:00,64.3,64.39,64.14,64.36,2619.813
1780839000000,2026-06-07 13:30:00,64.37,64.43,64.18,64.37,2166.767
1780839900000,2026-06-07 13:45:00,64.36,64.42,64.28,64.35,2399.356
1780840800000,2026-06-07 14:00:00,64.34,64.57,64.33,64.46,1737.979
1780841700000,2026-06-07 14:15:00,64.44,65.05,64.44,64.95,4192.142
1780842600000,2026-06-07 14:30:00,64.98,65.35,64.79,64.8,3605.926
1780843500000,2026-06-07 14:45:00,64.81,64.94,64.63,64.94,2828.799
1780844400000,2026-06-07 15:00:00,64.92,64.93,64.66,64.9,2874.577
1780845300000,2026-06-07 15:15:00,64.93,64.96,64.64,64.96,2394.924
1780846200000,2026-06-07 15:30:00,64.95,65.24,64.93,65.14,2389.597
1780847100000,2026-06-07 15:45:00,65.14,65.14,64.8,64.97,2185.522
1780848000000,2026-06-07 16:00:00,64.99,65.06,64.78,65.03,3883.36
1780848900000,2026-06-07 16:15:00,65.0,65.15,64.98,65.03,2626.842
1780849800000,2026-06-07 16:30:00,64.99,65.3,64.96,65.18,4250.698
1780850700000,2026-06-07 16:45:00,65.19,65.32,64.96,65.15,2895.795
1780851600000,2026-06-07 17:00:00,65.16,65.58,65.09,65.46,3389.725
1780852500000,2026-06-07 17:15:00,65.48,65.53,65.37,65.49,2061.546
1780853400000,2026-06-07 17:30:00,65.45,65.6,65.44,65.46,716.803
1780854300000,2026-06-07 17:45:00,65.44,65.44,65.19,65.31,1973.933
1780855200000,2026-06-07 18:00:00,65.33,65.58,65.32,65.56,1171.75
1780856100000,2026-06-07 18:15:00,65.52,65.52,65.27,65.44,470.183
1780857000000,2026-06-07 18:30:00,65.45,65.54,65.3,65.3,767.586
1780857900000,2026-06-07 18:45:00,65.31,65.36,64.94,64.95,1222.267
1780858800000,2026-06-07 19:00:00,64.94,64.97,64.19,64.39,2391.213
1780859700000,2026-06-07 19:15:00,64.33,64.33,63.82,64.02,1687.425
1780860600000,2026-06-07 19:30:00,64.05,64.08,63.7,63.77,517.997
1780861500000,2026-06-07 19:45:00,63.78,64.11,63.66,63.94,1582.803
1780862400000,2026-06-07 20:00:00,63.95,64.4,63.76,64.27,2075.187
1780863300000,2026-06-07 20:15:00,64.27,64.64,64.12,64.49,1094.576
1780864200000,2026-06-07 20:30:00,64.51,64.63,64.42,64.54,1453.372
1780865100000,2026-06-07 20:45:00,64.53,64.8,64.48,64.72,2234.665
1780866000000,2026-06-07 21:00:00,64.69,64.91,64.49,64.77,1045.471
1780866900000,2026-06-07 21:15:00,64.83,64.87,64.59,64.64,669.948
1780867800000,2026-06-07 21:30:00,64.58,64.61,64.32,64.34,2364.123
1780868700000,2026-06-07 21:45:00,64.35,64.61,64.35,64.59,689.924
1780869600000,2026-06-07 22:00:00,64.62,67.18,64.57,67.17,6466.322
1780870500000,2026-06-07 22:15:00,67.17,67.72,66.09,66.24,3153.871
1780871400000,2026-06-07 22:30:00,66.28,66.76,65.91,66.27,2647.901
1780872300000,2026-06-07 22:45:00,66.29,66.44,65.76,65.9,1415.119
1780873200000,2026-06-07 23:00:00,65.8,66.14,65.78,66.05,2200.488
1780874100000,2026-06-07 23:15:00,66.12,66.34,65.82,66.29,2276.956
1780875000000,2026-06-07 23:30:00,66.34,66.36,66.05,66.2,2728.463
1780875900000,2026-06-07 23:45:00,66.2,66.53,66.18,66.41,1547.816
1780876800000,2026-06-08 00:00:00,66.5,66.54,66.05,66.19,5043.775
1780877700000,2026-06-08 00:15:00,66.2,66.56,66.07,66.48,2749.03
1780878600000,2026-06-08 00:30:00,66.54,67.06,66.42,66.78,4462.734
1780879500000,2026-06-08 00:45:00,66.79,66.96,66.56,66.73,3320.902
1780880400000,2026-06-08 01:00:00,66.73,66.74,66.0,66.0,3483.613
1780881300000,2026-06-08 01:15:00,66.01,66.02,65.51,65.53,4007.14
1780882200000,2026-06-08 01:30:00,65.53,66.02,65.41,65.95,4483.422
1780883100000,2026-06-08 01:45:00,65.98,66.27,65.88,66.14,2986.312
1780884000000,2026-06-08 02:00:00,66.15,66.46,66.07,66.45,3308.344
1780884900000,2026-06-08 02:15:00,66.45,66.62,66.19,66.51,4352.912
1780885800000,2026-06-08 02:30:00,66.49,66.49,66.17,66.42,3654.495
1780886700000,2026-06-08 02:45:00,66.39,66.47,66.21,66.47,2945.213
1780887600000,2026-06-08 03:00:00,66.45,66.72,66.26,66.57,3332.038
1780888500000,2026-06-08 03:15:00,66.57,66.6,66.27,66.28,2727.806
1780889400000,2026-06-08 03:30:00,66.29,66.42,66.24,66.3,2330.488
1780890300000,2026-06-08 03:45:00,66.28,66.43,66.2,66.33,2638.606
1780891200000,2026-06-08 04:00:00,66.35,66.42,65.86,65.95,4120.289
1780892100000,2026-06-08 04:15:00,65.95,65.95,65.61,65.74,3966.005
1780893000000,2026-06-08 04:30:00,65.76,65.86,65.38,65.46,3107.005
1780893900000,2026-06-08 04:45:00,65.44,65.73,65.44,65.6,2309.229
1780894800000,2026-06-08 05:00:00,65.59,65.65,65.19,65.19,1931.14
1780895700000,2026-06-08 05:15:00,65.19,65.5,65.15,65.4,2799.944
1780896600000,2026-06-08 05:30:00,65.43,65.43,65.0,65.11,3701.55
1780897500000,2026-06-08 05:45:00,65.11,65.32,65.07,65.3,3057.694
1780898400000,2026-06-08 06:00:00,65.29,65.7,65.29,65.56,3169.443
1780899300000,2026-06-08 06:15:00,65.54,65.85,65.5,65.8,4222.225
1780900200000,2026-06-08 06:30:00,65.78,65.81,65.6,65.77,3224.188
1780901100000,2026-06-08 06:45:00,65.77,65.77,65.61,65.69,2699.416
1780902000000,2026-06-08 07:00:00,65.7,65.87,65.4,65.71,4001.274
1780902900000,2026-06-08 07:15:00,65.7,66.03,65.56,65.97,4136.911
1780903800000,2026-06-08 07:30:00,65.99,66.08,65.91,65.96,3443.977
1780904700000,2026-06-08 07:45:00,65.98,66.22,65.95,66.08,3410.704
1780905600000,2026-06-08 08:00:00,66.08,66.08,65.82,65.95,5146.061
1780906500000,2026-06-08 08:15:00,65.95,65.98,65.51,65.7,3251.247
1780907400000,2026-06-08 08:30:00,65.73,65.86,65.57,65.69,4024.816
1780908300000,2026-06-08 08:45:00,65.68,65.69,65.45,65.67,4983.571
1780909200000,2026-06-08 09:00:00,65.63,65.88,65.61,65.86,3118.561
1780910100000,2026-06-08 09:15:00,65.87,66.16,65.82,66.06,5257.284
1780911000000,2026-06-08 09:30:00,66.06,66.18,65.81,66.15,6090.318
1780911900000,2026-06-08 09:45:00,66.14,66.37,66.12,66.37,2778.072
1780912800000,2026-06-08 10:00:00,66.39,66.42,66.2,66.24,2728.683
1780913700000,2026-06-08 10:15:00,66.21,66.25,65.81,65.93,2658.277
1780914600000,2026-06-08 10:30:00,65.91,66.35,65.88,66.16,2835.574
1780915500000,2026-06-08 10:45:00,66.2,66.21,66.06,66.2,3255.548
1780916400000,2026-06-08 11:00:00,66.18,66.51,66.04,66.41,3968.684
1780917300000,2026-06-08 11:15:00,66.42,66.89,66.42,66.79,2675.81
1780918200000,2026-06-08 11:30:00,66.81,67.06,66.72,66.84,2066.151
1780919100000,2026-06-08 11:45:00,66.84,66.88,66.59,66.68,2501.07
1780920000000,2026-06-08 12:00:00,66.72,66.85,66.08,66.13,5004.611
1780920900000,2026-06-08 12:15:00,66.09,66.43,66.04,66.43,3834.853
1780921800000,2026-06-08 12:30:00,66.43,67.19,66.43,67.08,4017.376
1780922700000,2026-06-08 12:45:00,67.08,67.28,66.89,67.25,3628.563
1780923600000,2026-06-08 13:00:00,67.24,67.27,66.88,66.92,4030.357
1780924500000,2026-06-08 13:15:00,66.9,67.13,66.81,66.84,2423.466
1780925400000,2026-06-08 13:30:00,66.84,66.92,66.57,66.61,4529.584
1780926300000,2026-06-08 13:45:00,66.59,66.94,66.43,66.84,7022.059
1780927200000,2026-06-08 14:00:00,66.83,66.89,66.48,66.84,7084.965
1780928100000,2026-06-08 14:15:00,66.85,66.91,66.65,66.84,6046.656
1780929000000,2026-06-08 14:30:00,66.82,67.02,66.76,66.9,7260.09
1780929900000,2026-06-08 14:45:00,66.9,67.3,66.85,67.28,4106.492
1780930800000,2026-06-08 15:00:00,67.28,67.79,67.23,67.78,5857.998
1780931700000,2026-06-08 15:15:00,67.77,67.79,67.44,67.47,3258.332
1780932600000,2026-06-08 15:30:00,67.47,67.47,67.18,67.36,5794.596
1780933500000,2026-06-08 15:45:00,67.38,67.55,67.06,67.1,4487.962
1780934400000,2026-06-08 16:00:00,67.11,67.45,67.03,67.4,1733.195
1780935300000,2026-06-08 16:15:00,67.39,67.74,67.39,67.53,1626.81
1780936200000,2026-06-08 16:30:00,67.53,67.55,67.07,67.17,2248.849
1780937100000,2026-06-08 16:45:00,67.19,67.23,66.92,66.96,3162.381
1780938000000,2026-06-08 17:00:00,66.98,66.98,66.56,66.68,5696.625
1780938900000,2026-06-08 17:15:00,66.68,67.14,66.68,67.11,2140.898
1780939800000,2026-06-08 17:30:00,67.14,67.15,66.71,66.97,1740.085
1780940700000,2026-06-08 17:45:00,66.95,67.37,66.95,67.37,1987.528
1780941600000,2026-06-08 18:00:00,67.37,67.59,67.37,67.46,4069.726
1780942500000,2026-06-08 18:15:00,67.45,67.54,67.39,67.53,1701.676
1780943400000,2026-06-08 18:30:00,67.55,67.6,67.24,67.36,1071.357
1780944300000,2026-06-08 18:45:00,67.36,67.53,67.16,67.44,1337.279
1780945200000,2026-06-08 19:00:00,67.43,67.7,67.39,67.54,2338.636
1780946100000,2026-06-08 19:15:00,67.54,67.81,67.45,67.59,2231.706
1780947000000,2026-06-08 19:30:00,67.6,67.72,67.48,67.6,2799.044
1780947900000,2026-06-08 19:45:00,67.58,67.58,67.29,67.47,2111.856
1780948800000,2026-06-08 20:00:00,67.47,67.51,67.04,67.09,4494.248
1780949700000,2026-06-08 20:15:00,67.1,67.18,66.95,67.02,2148.471
1780950600000,2026-06-08 20:30:00,67.03,67.38,66.99,67.33,2079.402
1780951500000,2026-06-08 20:45:00,67.34,67.45,67.25,67.43,1747.386
1780952400000,2026-06-08 21:00:00,67.43,68.11,67.43,67.95,3110.257
1780953300000,2026-06-08 21:15:00,67.93,68.01,67.72,67.8,2302.165
1780954200000,2026-06-08 21:30:00,67.83,67.88,67.74,67.88,1359.523
1780955100000,2026-06-08 21:45:00,67.88,67.93,67.48,67.49,2479.222
1780956000000,2026-06-08 22:00:00,67.48,67.48,67.05,67.05,7143.98
1780956900000,2026-06-08 22:15:00,67.05,67.18,66.86,67.09,2865.541
1780957800000,2026-06-08 22:30:00,67.08,67.14,66.96,67.07,2553.742
1780958700000,2026-06-08 22:45:00,67.07,67.19,66.91,67.17,2699.066
1780959600000,2026-06-08 23:00:00,67.19,67.39,67.15,67.39,3309.113
1780960500000,2026-06-08 23:15:00,67.41,67.41,66.7,66.85,3508.017
1780961400000,2026-06-08 23:30:00,66.83,66.93,66.68,66.83,2625.908
1780962300000,2026-06-08 23:45:00,66.86,66.86,66.68,66.81,2350.043
1780963200000,2026-06-09 00:00:00,66.82,66.84,66.57,66.57,5935.679
1780964100000,2026-06-09 00:15:00,66.58,66.85,65.85,65.9,7539.331
1780965000000,2026-06-09 00:30:00,65.91,66.0,65.48,65.77,5137.565
1780965900000,2026-06-09 00:45:00,65.76,65.76,65.32,65.43,7080.586
1780966800000,2026-06-09 01:00:00,65.43,65.65,65.41,65.63,5968.933
1780967700000,2026-06-09 01:15:00,65.59,65.95,65.58,65.91,4151.708
1780968600000,2026-06-09 01:30:00,65.91,66.05,65.78,65.86,4477.759
1780969500000,2026-06-09 01:45:00,65.86,66.05,65.76,66.03,3639.629
1780970400000,2026-06-09 02:00:00,66.04,66.08,65.89,65.89,4684.053
1780971300000,2026-06-09 02:15:00,65.88,65.89,65.63,65.89,4971.343
1780972200000,2026-06-09 02:30:00,65.89,65.94,65.56,65.67,3993.428
1780973100000,2026-06-09 02:45:00,65.7,65.92,65.66,65.9,3073.588
1780974000000,2026-06-09 03:00:00,65.89,66.02,65.8,66.0,2648.7
1780974900000,2026-06-09 03:15:00,65.98,66.09,65.85,65.92,4139.001
1780975800000,2026-06-09 03:30:00,65.92,65.95,65.68,65.88,3100.63
1780976700000,2026-06-09 03:45:00,65.86,66.05,65.8,66.03,2433.665
1780977600000,2026-06-09 04:00:00,66.03,66.22,65.85,66.13,4505.225
1780978500000,2026-06-09 04:15:00,66.12,66.19,65.98,65.98,2111.936
1780979400000,2026-06-09 04:30:00,65.98,67.27,65.89,67.06,9210.838
1780980300000,2026-06-09 04:45:00,67.05,67.39,67.02,67.06,6500.853
1780981200000,2026-06-09 05:00:00,67.0,67.16,66.72,67.08,6542.008
1780982100000,2026-06-09 05:15:00,67.06,67.18,67.0,67.06,5237.993
1780983000000,2026-06-09 05:30:00,67.06,67.36,67.06,67.2,7403.178
1780983900000,2026-06-09 05:45:00,67.18,67.33,67.11,67.19,4161.808
1780984800000,2026-06-09 06:00:00,67.2,67.31,67.13,67.23,4688.519
1780985700000,2026-06-09 06:15:00,67.26,67.45,67.23,67.29,4688.212
1780986600000,2026-06-09 06:30:00,67.31,67.36,67.2,67.24,2120.697
1780987500000,2026-06-09 06:45:00,67.25,67.3,67.0,67.05,2770.57
1780988400000,2026-06-09 07:00:00,67.06,67.34,67.06,67.32,7123.243
1780989300000,2026-06-09 07:15:00,67.32,67.34,53.99,66.67,12184.281
1780990200000,2026-06-09 07:30:00,66.69,66.93,66.69,66.88,3333.358
1780991100000,2026-06-09 07:45:00,66.87,66.96,66.81,66.88,1912.504
1780992000000,2026-06-09 08:00:00,66.91,66.93,66.41,66.59,3173.906
1780992900000,2026-06-09 08:15:00,66.58,66.72,66.5,66.63,3402.394
1780993800000,2026-06-09 08:30:00,66.62,66.77,66.55,66.73,4337.407
1780994700000,2026-06-09 08:45:00,66.75,66.77,66.6,66.63,3746.231
1780995600000,2026-06-09 09:00:00,66.62,66.71,66.52,66.68,2159.323
1780996500000,2026-06-09 09:15:00,66.72,66.81,66.42,66.45,2658.063
1780997400000,2026-06-09 09:30:00,66.45,66.45,66.09,66.14,4392.429
1780998300000,2026-06-09 09:45:00,66.15,66.22,66.13,66.16,1902.95
1780999200000,2026-06-09 10:00:00,66.18,66.29,66.0,66.21,3769.322
1781000100000,2026-06-09 10:15:00,66.22,66.23,66.1,66.2,1871.967
1781001000000,2026-06-09 10:30:00,66.2,66.21,66.05,66.18,4474.428
1781001900000,2026-06-09 10:45:00,66.17,66.48,66.13,66.4,4296.393
1781002800000,2026-06-09 11:00:00,66.43,66.45,66.04,66.05,3774.819
1781003700000,2026-06-09 11:15:00,66.05,66.11,65.91,66.01,5617.475
1781004600000,2026-06-09 11:30:00,66.01,66.16,65.93,66.09,2870.148
1781005500000,2026-06-09 11:45:00,66.08,66.21,65.97,66.11,2915.075
1781006400000,2026-06-09 12:00:00,66.11,66.5,66.11,66.36,5647.321
1781007300000,2026-06-09 12:15:00,66.37,66.4,66.23,66.28,3706.708
1781008200000,2026-06-09 12:30:00,66.26,66.32,66.08,66.08,3140.354
1781009100000,2026-06-09 12:45:00,66.07,66.14,65.95,66.14,2312.366
1781010000000,2026-06-09 13:00:00,66.14,66.36,66.14,66.2,2478.579
1781010900000,2026-06-09 13:15:00,66.21,66.21,65.68,65.72,5208.244
1781011800000,2026-06-09 13:30:00,65.71,66.02,65.63,66.01,9530.944
1781012700000,2026-06-09 13:45:00,66.03,66.19,65.88,65.88,7374.642
1781013600000,2026-06-09 14:00:00,65.87,65.97,65.41,65.48,8371.127
1781014500000,2026-06-09 14:15:00,65.4,65.44,64.78,64.78,9115.051
1781015400000,2026-06-09 14:30:00,64.77,64.94,64.55,64.55,5992.729
1781016300000,2026-06-09 14:45:00,64.53,65.07,64.44,65.07,6552.139
1781017200000,2026-06-09 15:00:00,65.06,65.29,64.86,65.27,6232.012
1781018100000,2026-06-09 15:15:00,65.27,65.27,64.69,64.69,7211.757
1781019000000,2026-06-09 15:30:00,64.7,64.82,64.45,64.69,5429.356
1781019900000,2026-06-09 15:45:00,64.69,64.71,64.28,64.36,5588.281
1781020800000,2026-06-09 16:00:00,64.37,64.48,64.01,64.06,6577.488
1781021700000,2026-06-09 16:15:00,64.03,64.16,63.84,64.11,7069.7
1781022600000,2026-06-09 16:30:00,64.1,64.32,63.57,64.07,7277.192
1781023500000,2026-06-09 16:45:00,64.11,64.28,63.88,64.14,5765.154
1781024400000,2026-06-09 17:00:00,64.14,64.63,64.1,64.51,6593.125
1781025300000,2026-06-09 17:15:00,64.54,65.09,64.54,64.93,7536.291
1781026200000,2026-06-09 17:30:00,64.93,65.17,64.9,64.96,6227.107
1781027100000,2026-06-09 17:45:00,64.92,65.0,64.76,64.8,5583.258
1781028000000,2026-06-09 18:00:00,64.8,65.03,64.69,64.95,3727.226
1781028900000,2026-06-09 18:15:00,64.97,65.52,64.95,65.08,8300.278
1781029800000,2026-06-09 18:30:00,65.07,65.37,65.07,65.1,5706.568
1781030700000,2026-06-09 18:45:00,65.06,65.31,65.06,65.31,5885.151
1781031600000,2026-06-09 19:00:00,65.3,65.43,65.18,65.21,4418.223
1781032500000,2026-06-09 19:15:00,65.22,65.37,65.13,65.32,5124.652
1781033400000,2026-06-09 19:30:00,65.32,65.66,65.18,65.31,8291.277
1781034300000,2026-06-09 19:45:00,65.32,65.61,65.05,65.45,3566.466
1781035200000,2026-06-09 20:00:00,65.45,65.59,65.31,65.55,2399.641
1781036100000,2026-06-09 20:15:00,65.59,65.7,65.33,65.51,1017.552
1781037000000,2026-06-09 20:30:00,65.48,65.66,65.35,65.6,2475.969
1781037900000,2026-06-09 20:45:00,65.61,65.63,65.48,65.63,1165.148
1781038800000,2026-06-09 21:00:00,65.63,65.65,65.43,65.54,1562.227
1781039700000,2026-06-09 21:15:00,65.55,65.55,65.13,65.13,4515.629
1781040600000,2026-06-09 21:30:00,65.13,65.17,65.0,65.03,1207.389
1781041500000,2026-06-09 21:45:00,64.97,65.04,64.91,65.0,1079.702
1781042400000,2026-06-09 22:00:00,64.99,65.09,64.87,65.09,996.516
1781043300000,2026-06-09 22:15:00,65.14,65.34,65.05,65.14,1111.325
1781044200000,2026-06-09 22:30:00,65.15,65.28,65.07,65.16,1524.254
1781045100000,2026-06-09 22:45:00,65.15,65.16,64.85,64.88,1468.819
1781046000000,2026-06-09 23:00:00,64.9,64.99,64.77,64.95,1914.133
1781046900000,2026-06-09 23:15:00,64.96,65.15,64.9,64.9,1039.097
1781047800000,2026-06-09 23:30:00,64.91,64.97,64.75,64.92,863.385
1781048700000,2026-06-09 23:45:00,64.94,65.04,64.86,64.94,1723.242
1781049600000,2026-06-10 00:00:00,64.97,65.21,64.97,65.04,4563.721
1781050500000,2026-06-10 00:15:00,65.1,65.11,64.87,65.11,2338.403
1781051400000,2026-06-10 00:30:00,65.09,65.09,64.52,64.55,5060.175
1781052300000,2026-06-10 00:45:00,64.58,65.18,64.56,65.11,5963.71
1781053200000,2026-06-10 01:00:00,65.18,65.27,64.9,65.05,7976.786
1781054100000,2026-06-10 01:15:00,65.08,65.3,65.08,65.18,6234.561
1781055000000,2026-06-10 01:30:00,65.18,65.22,64.84,64.9,5822.07
1781055900000,2026-06-10 01:45:00,64.93,65.26,64.87,65.1,4089.576
1781056800000,2026-06-10 02:00:00,65.11,65.23,64.87,64.88,5564.644
1781057700000,2026-06-10 02:15:00,64.9,64.91,64.56,64.71,6744.342
1781058600000,2026-06-10 02:30:00,64.72,64.77,64.34,64.4,6807.054
1781059500000,2026-06-10 02:45:00,64.41,64.43,64.25,64.34,4158.629
1781060400000,2026-06-10 03:00:00,64.33,64.67,64.29,64.5,3346.08
1781061300000,2026-06-10 03:15:00,64.51,64.82,64.48,64.8,5345.139
1781062200000,2026-06-10 03:30:00,64.8,64.8,64.52,64.61,3078.273
1781063100000,2026-06-10 03:45:00,64.6,64.7,64.46,64.52,2520.489
1781064000000,2026-06-10 04:00:00,64.56,64.57,64.42,64.52,2398.102
1781064900000,2026-06-10 04:15:00,64.52,64.63,64.43,64.52,4966.771
1781065800000,2026-06-10 04:30:00,64.5,64.5,64.16,64.18,3531.946
1781066700000,2026-06-10 04:45:00,64.19,64.34,64.13,64.28,3007.277
1781067600000,2026-06-10 05:00:00,64.29,64.38,64.09,64.11,5139.712
1781068500000,2026-06-10 05:15:00,64.11,64.17,63.92,64.17,3466.623
1781069400000,2026-06-10 05:30:00,64.22,64.23,64.01,64.11,5087.084
1781070300000,2026-06-10 05:45:00,64.11,64.18,63.98,64.12,2640.834
1781071200000,2026-06-10 06:00:00,64.11,64.17,63.92,64.02,5238.848
1781072100000,2026-06-10 06:15:00,64.02,64.22,64.02,64.2,8050.766
1781073000000,2026-06-10 06:30:00,64.19,64.22,64.17,64.22,8453.383
1781073900000,2026-06-10 06:45:00,64.22,64.35,64.15,64.21,3849.194
1781074800000,2026-06-10 07:00:00,64.21,64.46,64.16,64.39,6430.865
1781075700000,2026-06-10 07:15:00,64.38,64.59,64.38,64.53,2908.576
1781076600000,2026-06-10 07:30:00,64.52,64.77,64.45,64.61,3715.737
1781077500000,2026-06-10 07:45:00,64.62,64.63,64.49,64.5,5816.603
1781078400000,2026-06-10 08:00:00,64.51,64.52,64.04,64.1,6149.785
1781079300000,2026-06-10 08:15:00,64.11,64.28,63.82,63.83,5273.098
1781080200000,2026-06-10 08:30:00,63.87,63.92,63.53,63.53,6592.178
1781081100000,2026-06-10 08:45:00,63.52,63.69,63.44,63.61,4155.795
1781082000000,2026-06-10 09:00:00,63.61,63.73,63.48,63.48,7178.064
1781082900000,2026-06-10 09:15:00,63.47,63.52,63.13,63.48,5209.375
1781083800000,2026-06-10 09:30:00,63.48,63.71,63.46,63.6,3716.293
1781084700000,2026-06-10 09:45:00,63.56,63.69,63.4,63.63,3886.464
1781085600000,2026-06-10 10:00:00,63.62,63.67,63.38,63.49,2625.833
1781086500000,2026-06-10 10:15:00,63.46,63.58,63.29,63.56,4633.656
1781087400000,2026-06-10 10:30:00,63.56,63.78,63.42,63.5,6277.693
1781088300000,2026-06-10 10:45:00,63.5,63.71,63.5,63.68,3054.895
1781089200000,2026-06-10 11:00:00,63.67,63.73,63.06,63.42,4870.0
1781090100000,2026-06-10 11:15:00,63.42,63.54,63.11,63.22,7732.172
1781091000000,2026-06-10 11:30:00,63.24,63.44,63.21,63.38,6293.143
1781091900000,2026-06-10 11:45:00,63.37,63.62,63.35,63.5,6576.566
1781092800000,2026-06-10 12:00:00,63.5,63.59,63.32,63.51,4440.726
1781093700000,2026-06-10 12:15:00,63.51,63.53,63.31,63.51,6003.414
1781094600000,2026-06-10 12:30:00,63.65,64.49,63.65,64.26,9047.496
1781095500000,2026-06-10 12:45:00,64.27,64.47,64.13,64.13,7428.95
1781096400000,2026-06-10 13:00:00,64.12,64.25,64.01,64.18,4075.833
1781097300000,2026-06-10 13:15:00,64.18,64.42,64.11,64.39,5329.899
1781098200000,2026-06-10 13:30:00,64.4,65.39,64.4,65.38,10095.907
1781099100000,2026-06-10 13:45:00,65.38,65.52,65.02,65.06,5646.357
1781100000000,2026-06-10 14:00:00,65.08,65.27,64.87,65.0,6667.831
1781100900000,2026-06-10 14:15:00,64.91,65.14,64.68,65.02,7567.275
1781101800000,2026-06-10 14:30:00,65.0,65.15,64.62,64.91,7229.546
1781102700000,2026-06-10 14:45:00,64.88,65.06,64.6,65.06,8136.997
1781103600000,2026-06-10 15:00:00,65.07,65.33,64.6,64.79,7378.024
1781104500000,2026-06-10 15:15:00,64.72,65.31,64.58,65.23,7398.712
1781105400000,2026-06-10 15:30:00,65.23,65.41,65.09,65.4,8236.099
1781106300000,2026-06-10 15:45:00,65.39,65.72,64.83,65.41,7331.39
1781107200000,2026-06-10 16:00:00,65.44,65.45,65.08,65.09,6306.743
1781108100000,2026-06-10 16:15:00,65.09,65.26,64.71,64.96,6846.518
1781109000000,2026-06-10 16:30:00,64.97,65.1,64.77,64.78,5506.827
1781109900000,2026-06-10 16:45:00,64.79,64.79,64.27,64.62,7016.548
1781110800000,2026-06-10 17:00:00,64.62,64.95,64.49,64.51,4965.667
1781111700000,2026-06-10 17:15:00,64.5,64.67,64.11,64.11,8542.082
1781112600000,2026-06-10 17:30:00,64.08,64.1,63.65,63.74,8705.721
1781113500000,2026-06-10 17:45:00,63.73,64.24,63.71,64.05,6038.256
1781114400000,2026-06-10 18:00:00,64.05,64.21,63.87,63.96,6420.028
1781115300000,2026-06-10 18:15:00,63.97,64.05,63.78,64.05,5809.976
1781116200000,2026-06-10 18:30:00,64.07,64.08,63.44,63.44,7347.445
1781117100000,2026-06-10 18:45:00,63.45,63.87,63.43,63.84,5316.615
1781118000000,2026-06-10 19:00:00,63.83,63.94,63.6,63.63,5429.038
1781118900000,2026-06-10 19:15:00,63.64,63.71,63.48,63.6,7633.208
1781119800000,2026-06-10 19:30:00,63.65,63.91,63.65,63.75,4288.997
1781120700000,2026-06-10 19:45:00,63.75,63.78,63.54,63.6,3084.023
1781121600000,2026-06-10 20:00:00,63.52,63.64,63.21,63.46,1056.459
1781122500000,2026-06-10 20:15:00,63.45,63.64,63.34,63.63,1227.103
1781123400000,2026-06-10 20:30:00,63.61,63.62,63.43,63.49,712.429
1781124300000,2026-06-10 20:45:00,63.45,63.45,63.19,63.37,1211.206
1781125200000,2026-06-10 21:00:00,63.36,63.37,62.68,62.71,2260.676
1781126100000,2026-06-10 21:15:00,62.76,63.04,62.76,62.99,943.275
1781127000000,2026-06-10 21:30:00,63.03,63.11,62.96,63.04,2478.641
1781127900000,2026-06-10 21:45:00,63.05,63.09,62.4,62.59,347.668
1781128800000,2026-06-10 22:00:00,62.6,62.69,62.43,62.58,5097.123
1781129700000,2026-06-10 22:15:00,62.5,62.73,62.39,62.6,3168.802
1781130600000,2026-06-10 22:30:00,62.61,63.04,62.61,62.87,654.504
1781131500000,2026-06-10 22:45:00,62.92,62.92,62.79,62.84,737.547
1781132400000,2026-06-10 23:00:00,62.77,62.77,62.55,62.56,873.49
1781133300000,2026-06-10 23:15:00,62.58,63.08,62.47,63.08,650.558
1781134200000,2026-06-10 23:30:00,63.08,63.22,63.01,63.18,413.13
1781135100000,2026-06-10 23:45:00,63.14,63.3,63.12,63.24,102.294
1781136000000,2026-06-11 00:00:00,63.21,63.43,63.21,63.41,5654.437
1781136900000,2026-06-11 00:15:00,63.44,63.71,63.44,63.68,6356.187
1781137800000,2026-06-11 00:30:00,63.69,63.7,63.48,63.57,5385.948
1781138700000,2026-06-11 00:45:00,63.57,63.76,63.56,63.72,4382.407
1781139600000,2026-06-11 01:00:00,63.67,64.23,63.67,64.18,4941.075
1781140500000,2026-06-11 01:15:00,64.17,64.36,64.15,64.28,5768.312
1781141400000,2026-06-11 01:30:00,64.28,65.08,64.15,64.92,6705.237
1781142300000,2026-06-11 01:45:00,64.92,65.14,64.79,64.91,5470.361
1781143200000,2026-06-11 02:00:00,64.9,65.0,64.7,64.8,3701.001
1781144100000,2026-06-11 02:15:00,64.8,64.85,64.52,64.54,5131.139
1781145000000,2026-06-11 02:30:00,64.59,64.6,64.38,64.49,4488.61
1781145900000,2026-06-11 02:45:00,64.48,64.64,64.38,64.56,3861.698
1781146800000,2026-06-11 03:00:00,64.55,64.58,64.36,64.45,2457.786
1781147700000,2026-06-11 03:15:00,64.44,64.51,64.37,64.5,2809.034
1781148600000,2026-06-11 03:30:00,64.5,64.96,64.5,64.84,4659.878
1781149500000,2026-06-11 03:45:00,64.84,65.44,64.84,65.3,4426.923
1781150400000,2026-06-11 04:00:00,65.27,65.29,65.04,65.13,3566.956
1781151300000,2026-06-11 04:15:00,65.11,65.2,65.06,65.1,3981.526
1781152200000,2026-06-11 04:30:00,65.11,65.19,64.99,65.18,2444.032
1781153100000,2026-06-11 04:45:00,65.18,65.34,65.16,65.21,4679.498
1781154000000,2026-06-11 05:00:00,65.21,65.22,65.02,65.08,2523.299
1781154900000,2026-06-11 05:15:00,65.08,65.24,65.08,65.13,3126.121
1781155800000,2026-06-11 05:30:00,65.13,65.18,65.07,65.15,2485.467
1781156700000,2026-06-11 05:45:00,65.16,65.2,65.08,65.08,1956.386
1781157600000,2026-06-11 06:00:00,65.09,65.17,64.81,65.16,8278.851
1781158500000,2026-06-11 06:15:00,65.18,65.4,65.16,65.35,3857.967
1781159400000,2026-06-11 06:30:00,65.36,65.42,65.27,65.28,2018.186
1781160300000,2026-06-11 06:45:00,65.3,65.32,65.11,65.14,1140.185
1781161200000,2026-06-11 07:00:00,65.11,65.12,64.9,64.91,3179.95
1781162100000,2026-06-11 07:15:00,64.99,65.14,64.95,65.11,1581.173
1781163000000,2026-06-11 07:30:00,65.12,65.16,64.79,64.88,3136.887
1781163900000,2026-06-11 07:45:00,64.89,65.03,64.89,65.02,2028.187
1781164800000,2026-06-11 08:00:00,65.04,65.25,65.03,65.2,2541.597
1781165700000,2026-06-11 08:15:00,65.18,65.52,65.17,65.49,3168.67
1781166600000,2026-06-11 08:30:00,65.49,65.53,65.32,65.32,2168.246
1781167500000,2026-06-11 08:45:00,65.31,65.37,65.28,65.33,2656.128
1781168400000,2026-06-11 09:00:00,65.31,65.31,65.09,65.1,2947.18
1781169300000,2026-06-11 09:15:00,65.12,65.13,65.02,65.12,2304.275
1781170200000,2026-06-11 09:30:00,65.19,65.47,65.18,65.38,2969.775
1781171100000,2026-06-11 09:45:00,65.38,65.56,65.38,65.43,2291.064
1781172000000,2026-06-11 10:00:00,65.39,65.49,65.36,65.41,3556.09
1781172900000,2026-06-11 10:15:00,65.41,65.47,65.29,65.45,2300.421
1781173800000,2026-06-11 10:30:00,65.43,65.55,65.43,65.46,2037.304
1781174700000,2026-06-11 10:45:00,65.44,65.64,65.44,65.51,2211.536
1781175600000,2026-06-11 11:00:00,65.5,65.61,65.37,65.57,2082.44
1781176500000,2026-06-11 11:15:00,65.59,65.61,65.42,65.52,1986.212
1781177400000,2026-06-11 11:30:00,65.59,65.59,65.4,65.51,1831.801
1781178300000,2026-06-11 11:45:00,65.52,66.12,65.5,65.89,5153.527
1781179200000,2026-06-11 12:00:00,65.88,65.89,65.62,65.62,4314.054
1781180100000,2026-06-11 12:15:00,65.62,65.73,64.99,65.15,6640.759
1781181000000,2026-06-11 12:30:00,65.12,65.3,64.93,65.29,4147.644
1781181900000,2026-06-11 12:45:00,65.29,65.34,65.15,65.27,3493.228
1781182800000,2026-06-11 13:00:00,65.26,65.26,65.11,65.21,2803.307
1781183700000,2026-06-11 13:15:00,65.21,65.47,65.21,65.25,3028.815
1781184600000,2026-06-11 13:30:00,65.26,65.48,65.06,65.39,5737.245
1781185500000,2026-06-11 13:45:00,65.38,65.7,65.38,65.52,6366.071
1781186400000,2026-06-11 14:00:00,65.52,65.57,65.14,65.17,3557.786
1781187300000,2026-06-11 14:15:00,65.17,65.37,65.02,65.37,4963.215
1781188200000,2026-06-11 14:30:00,65.39,65.72,65.34,65.56,5141.303
1781189100000,2026-06-11 14:45:00,65.56,65.78,65.33,65.36,5478.962
1781190000000,2026-06-11 15:00:00,65.36,65.68,65.02,65.59,4345.589
1781190900000,2026-06-11 15:15:00,65.56,65.81,65.48,65.72,2770.344
1781191800000,2026-06-11 15:30:00,65.73,65.82,65.56,65.56,3512.978
1781192700000,2026-06-11 15:45:00,65.55,65.56,65.37,65.54,5580.927
1781193600000,2026-06-11 16:00:00,65.56,65.75,65.54,65.75,5013.781
1781194500000,2026-06-11 16:15:00,65.79,65.8,65.39,65.46,3277.323
1781195400000,2026-06-11 16:30:00,65.46,65.71,65.36,65.55,3870.908
1781196300000,2026-06-11 16:45:00,65.56,65.59,65.38,65.38,2101.721
1781197200000,2026-06-11 17:00:00,65.38,65.47,65.21,65.27,3830.182
1781198100000,2026-06-11 17:15:00,65.25,65.76,65.06,65.76,4950.813
1781199000000,2026-06-11 17:30:00,65.76,66.71,65.74,66.64,8309.005
1781199900000,2026-06-11 17:45:00,66.67,67.17,66.65,67.09,6635.677
1781200800000,2026-06-11 18:00:00,67.15,67.29,66.84,67.06,5378.652
1781201700000,2026-06-11 18:15:00,67.11,67.26,66.71,66.77,4007.402
1781202600000,2026-06-11 18:30:00,66.77,66.98,66.68,66.97,3869.157
1781203500000,2026-06-11 18:45:00,66.98,67.01,66.79,66.79,3932.75
1781204400000,2026-06-11 19:00:00,66.8,66.89,66.6,66.78,3297.522
1781205300000,2026-06-11 19:15:00,66.77,67.1,66.77,67.01,5203.241
1781206200000,2026-06-11 19:30:00,66.96,67.32,66.95,66.99,3651.89
1781207100000,2026-06-11 19:45:00,66.98,67.03,66.91,66.91,2482.997
1781208000000,2026-06-11 20:00:00,66.93,67.04,66.84,66.87,2061.303
1781208900000,2026-06-11 20:15:00,66.84,66.9,66.55,66.56,1467.674
1781209800000,2026-06-11 20:30:00,66.55,66.6,66.37,66.43,4988.673
1781210700000,2026-06-11 20:45:00,66.42,66.59,66.4,66.56,572.918
1781211600000,2026-06-11 21:00:00,66.59,67.09,66.59,67.03,2383.682
1781212500000,2026-06-11 21:15:00,67.04,67.04,66.91,66.93,1186.326
1781213400000,2026-06-11 21:30:00,66.96,67.03,66.95,67.01,1709.548
1781214300000,2026-06-11 21:45:00,67.01,67.1,66.83,66.88,3000.798
1781215200000,2026-06-11 22:00:00,66.9,67.1,66.9,67.07,5577.542
1781216100000,2026-06-11 22:15:00,67.04,67.09,66.92,66.96,2701.185
1781217000000,2026-06-11 22:30:00,67.01,67.09,66.89,66.97,2521.135
1781217900000,2026-06-11 22:45:00,66.92,67.02,66.87,66.91,1732.697
1781218800000,2026-06-11 23:00:00,66.89,66.89,66.72,66.78,2175.415
1781219700000,2026-06-11 23:15:00,66.79,66.86,66.74,66.78,3346.94
1781220600000,2026-06-11 23:30:00,66.74,67.08,66.74,67.04,3965.434
1781221500000,2026-06-11 23:45:00,67.04,67.05,66.78,66.86,2177.097
1781222400000,2026-06-12 00:00:00,66.92,67.08,66.76,66.97,3230.99
1781223300000,2026-06-12 00:15:00,66.95,66.95,66.79,66.93,4836.165
1781224200000,2026-06-12 00:30:00,66.9,67.07,66.87,66.95,2629.369
1781225100000,2026-06-12 00:45:00,66.99,67.04,66.92,66.92,1885.662
1781226000000,2026-06-12 01:00:00,66.88,66.88,66.65,66.72,2892.272
1781226900000,2026-06-12 01:15:00,66.72,66.81,66.47,66.56,5463.014
1781227800000,2026-06-12 01:30:00,66.56,66.62,66.49,66.55,2045.804
1781228700000,2026-06-12 01:45:00,66.55,66.68,66.55,66.68,1537.118
1781229600000,2026-06-12 02:00:00,66.7,67.13,66.69,67.07,4896.149
1781230500000,2026-06-12 02:15:00,67.06,67.11,66.95,67.0,2507.572
1781231400000,2026-06-12 02:30:00,67.01,67.29,67.0,67.29,3294.21
1781232300000,2026-06-12 02:45:00,67.28,67.28,67.09,67.17,1693.525
1781233200000,2026-06-12 03:00:00,67.15,67.15,66.95,67.0,3253.115
1781234100000,2026-06-12 03:15:00,66.91,66.99,66.7,66.84,2701.798
1781235000000,2026-06-12 03:30:00,66.83,66.98,66.83,66.89,5789.116
1781235900000,2026-06-12 03:45:00,66.94,67.05,66.85,67.04,5261.365
1781236800000,2026-06-12 04:00:00,67.04,67.04,66.86,66.91,1514.368
1781237700000,2026-06-12 04:15:00,66.9,67.15,66.9,67.11,3379.917
1781238600000,2026-06-12 04:30:00,67.12,67.17,67.04,67.1,2579.051
1781239500000,2026-06-12 04:45:00,67.15,67.16,67.07,67.08,2783.495
1781240400000,2026-06-12 05:00:00,67.06,67.06,66.83,66.88,4341.32
1781241300000,2026-06-12 05:15:00,66.88,67.01,66.77,66.77,1155.617
1781242200000,2026-06-12 05:30:00,66.79,66.84,66.65,66.73,2466.918
1781243100000,2026-06-12 05:45:00,66.76,66.8,66.66,66.74,4374.496
1781244000000,2026-06-12 06:00:00,66.74,66.8,66.64,66.66,5543.916
1781244900000,2026-06-12 06:15:00,66.68,66.68,66.45,66.48,1340.969
1781245800000,2026-06-12 06:30:00,66.44,66.44,65.95,66.01,4020.591
1781246700000,2026-06-12 06:45:00,66.03,66.2,66.03,66.12,3091.407
1781247600000,2026-06-12 07:00:00,66.11,66.34,66.11,66.19,5198.451
1781248500000,2026-06-12 07:15:00,66.18,66.36,66.17,66.28,3610.607
1781249400000,2026-06-12 07:30:00,66.29,66.36,66.24,66.31,3312.502
1781250300000,2026-06-12 07:45:00,66.26,66.46,66.18,66.34,3088.23
1781251200000,2026-06-12 08:00:00,66.34,66.69,66.33,66.62,2662.312
1781252100000,2026-06-12 08:15:00,66.61,67.01,66.6,66.94,2656.338
1781253000000,2026-06-12 08:30:00,66.95,66.97,66.81,66.82,3603.017
1781253900000,2026-06-12 08:45:00,66.8,66.96,66.79,66.94,2370.885
1781254800000,2026-06-12 09:00:00,66.92,66.99,66.87,66.97,2304.063
1781255700000,2026-06-12 09:15:00,66.99,67.26,66.99,67.23,4657.213
1781256600000,2026-06-12 09:30:00,67.22,67.45,67.22,67.3,6214.024
1781257500000,2026-06-12 09:45:00,67.31,67.35,67.21,67.21,3421.788
1781258400000,2026-06-12 10:00:00,67.19,67.33,67.12,67.17,4659.921
1781259300000,2026-06-12 10:15:00,67.16,67.22,66.59,66.69,5394.529
1781260200000,2026-06-12 10:30:00,66.69,66.87,66.69,66.76,3836.104
1781261100000,2026-06-12 10:45:00,66.77,66.9,66.73,66.81,5132.073
1781262000000,2026-06-12 11:00:00,66.79,66.99,66.79,66.93,5454.876
1781262900000,2026-06-12 11:15:00,66.94,67.05,66.83,67.0,4167.718
1781263800000,2026-06-12 11:30:00,66.98,67.0,66.84,66.99,2316.344
1781264700000,2026-06-12 11:45:00,67.0,67.09,66.92,66.94,3233.415
1781265600000,2026-06-12 12:00:00,66.89,66.98,66.78,66.88,6098.94
1781266500000,2026-06-12 12:15:00,66.91,67.0,66.77,66.78,5035.166
1781267400000,2026-06-12 12:30:00,66.75,66.92,66.67,66.74,4029.031
1781268300000,2026-06-12 12:45:00,66.78,66.94,66.68,66.76,4280.466
1781269200000,2026-06-12 13:00:00,66.77,66.85,66.72,66.82,2179.21
1781270100000,2026-06-12 13:15:00,66.84,66.99,66.73,66.83,4992.562
1781271000000,2026-06-12 13:30:00,66.78,66.99,66.37,66.58,11016.554
1781271900000,2026-06-12 13:45:00,66.59,66.85,66.53,66.72,9459.351
1781272800000,2026-06-12 14:00:00,66.71,67.06,66.7,66.95,6350.965
1781273700000,2026-06-12 14:15:00,66.97,67.19,66.73,67.18,33587.777
1781274600000,2026-06-12 14:30:00,67.18,67.55,67.09,67.24,11150.162
1781275500000,2026-06-12 14:45:00,67.21,67.98,67.15,67.92,11868.878
1781276400000,2026-06-12 15:00:00,67.92,68.76,67.7,68.76,10868.309
1781277300000,2026-06-12 15:15:00,68.76,68.8,68.22,68.23,7774.419
1781278200000,2026-06-12 15:30:00,68.22,68.25,67.69,67.73,5531.83
1781279100000,2026-06-12 15:45:00,67.73,67.83,67.21,67.22,7528.311
1781280000000,2026-06-12 16:00:00,67.21,67.76,67.08,67.69,5941.449
1781280900000,2026-06-12 16:15:00,67.67,67.85,67.43,67.65,5998.841
1781281800000,2026-06-12 16:30:00,67.65,67.95,67.53,67.74,6164.544
1781282700000,2026-06-12 16:45:00,67.74,68.0,67.73,67.99,5076.52
1781283600000,2026-06-12 17:00:00,68.02,68.17,67.75,67.78,6452.381
1781284500000,2026-06-12 17:15:00,67.77,67.8,67.34,67.53,5172.56
1781285400000,2026-06-12 17:30:00,67.53,67.67,67.38,67.43,6633.202
1781286300000,2026-06-12 17:45:00,67.47,67.5,67.28,67.39,5020.606
1781287200000,2026-06-12 18:00:00,67.42,67.47,67.02,67.26,3974.627
1781288100000,2026-06-12 18:15:00,67.24,67.29,67.04,67.25,3825.15
1781289000000,2026-06-12 18:30:00,67.21,67.46,67.2,67.4,1846.286
1781289900000,2026-06-12 18:45:00,67.39,67.39,67.08,67.1,2871.166
1781290800000,2026-06-12 19:00:00,67.07,67.23,67.06,67.22,4026.492
1781291700000,2026-06-12 19:15:00,67.18,67.29,67.07,67.21,3195.016
1781292600000,2026-06-12 19:30:00,67.23,67.38,66.98,66.99,4378.112
1781293500000,2026-06-12 19:45:00,66.99,67.07,66.69,66.8,3968.327
1781294400000,2026-06-12 20:00:00,66.8,66.81,66.51,66.71,2360.449
1781295300000,2026-06-12 20:15:00,66.72,66.75,66.59,66.73,1806.576
1781296200000,2026-06-12 20:30:00,66.76,66.82,66.7,66.81,1644.405
1781297100000,2026-06-12 20:45:00,66.76,66.76,66.57,66.7,3195.392
1781298000000,2026-06-12 21:00:00,66.69,66.84,66.64,66.82,1395.452
1781298900000,2026-06-12 21:15:00,66.83,66.91,66.78,66.79,805.893
1781299800000,2026-06-12 21:30:00,66.79,66.82,66.73,66.73,1364.999
1781300700000,2026-06-12 21:45:00,66.72,66.72,66.51,66.61,1279.778
1781301600000,2026-06-12 22:00:00,66.59,66.64,66.46,66.64,2193.913
1781302500000,2026-06-12 22:15:00,66.65,66.75,66.58,66.7,3397.458
1781303400000,2026-06-12 22:30:00,66.7,66.71,66.51,66.55,2379.598
1781304300000,2026-06-12 22:45:00,66.58,66.65,66.52,66.64,1106.322
1781305200000,2026-06-12 23:00:00,66.65,66.65,66.5,66.56,1302.373
1781306100000,2026-06-12 23:15:00,66.56,66.67,66.53,66.63,1140.865
1781307000000,2026-06-12 23:30:00,66.62,66.73,66.55,66.6,1882.75
1781307900000,2026-06-12 23:45:00,66.61,66.81,66.61,66.79,1571.547
1781308800000,2026-06-13 00:00:00,66.79,66.93,66.78,66.91,1308.641
1781309700000,2026-06-13 00:15:00,66.91,67.03,66.89,66.9,1627.339
1781310600000,2026-06-13 00:30:00,66.88,67.04,66.88,66.96,2216.554
1781311500000,2026-06-13 00:45:00,66.92,67.06,66.9,67.01,1962.468
1781312400000,2026-06-13 01:00:00,66.99,67.19,66.98,67.15,1533.263
1781313300000,2026-06-13 01:15:00,67.15,67.19,67.06,67.17,1481.596
1781314200000,2026-06-13 01:30:00,67.2,67.44,67.16,67.38,1867.906
1781315100000,2026-06-13 01:45:00,67.36,67.5,67.35,67.43,993.269
1781316000000,2026-06-13 02:00:00,67.45,67.51,67.29,67.3,2626.073
1781316900000,2026-06-13 02:15:00,67.28,67.28,67.11,67.13,2309.741
1781317800000,2026-06-13 02:30:00,67.15,67.16,67.01,67.06,1190.071
1781318700000,2026-06-13 02:45:00,67.02,67.03,66.89,67.0,1750.701
1781319600000,2026-06-13 03:00:00,66.99,67.05,66.96,66.96,1864.451
1781320500000,2026-06-13 03:15:00,66.96,66.99,66.76,66.76,1943.552
1781321400000,2026-06-13 03:30:00,66.8,66.9,66.77,66.89,1481.963
1781322300000,2026-06-13 03:45:00,66.89,66.92,66.88,66.89,441.712
1781323200000,2026-06-13 04:00:00,66.88,66.9,66.72,66.74,2678.869
1781324100000,2026-06-13 04:15:00,66.73,66.84,66.71,66.79,1122.706
1781325000000,2026-06-13 04:30:00,66.76,66.93,66.76,66.91,1278.774
1781325900000,2026-06-13 04:45:00,66.9,66.95,66.67,66.67,1688.243
1781326800000,2026-06-13 05:00:00,66.66,66.85,66.63,66.82,803.72
1781327700000,2026-06-13 05:15:00,66.8,66.85,66.71,66.73,1432.028
1781328600000,2026-06-13 05:30:00,66.7,66.82,66.7,66.76,1153.099
1781329500000,2026-06-13 05:45:00,66.76,66.77,66.65,66.74,1147.763
1781330400000,2026-06-13 06:00:00,66.79,66.8,66.72,66.73,1611.736
1781331300000,2026-06-13 06:15:00,66.73,66.85,66.68,66.85,1610.538
1781332200000,2026-06-13 06:30:00,66.86,66.97,66.81,66.92,824.401
1781333100000,2026-06-13 06:45:00,66.92,67.21,66.92,67.18,1592.714
1781334000000,2026-06-13 07:00:00,67.17,67.17,67.01,67.12,2391.176
1781334900000,2026-06-13 07:15:00,67.11,67.3,66.97,67.27,2607.047
1781335800000,2026-06-13 07:30:00,67.27,67.29,67.15,67.28,2026.206
1781336700000,2026-06-13 07:45:00,67.27,67.44,67.24,67.36,1094.543
1781337600000,2026-06-13 08:00:00,67.38,67.42,67.27,67.34,2407.885
1781338500000,2026-06-13 08:15:00,67.32,67.41,67.28,67.38,1595.785
1781339400000,2026-06-13 08:30:00,67.35,67.53,67.33,67.5,1303.932
1781340300000,2026-06-13 08:45:00,67.46,67.47,67.36,67.36,586.073
1781341200000,2026-06-13 09:00:00,67.33,67.49,67.32,67.43,1620.293
1781342100000,2026-06-13 09:15:00,67.44,67.54,67.39,67.4,658.86
1781343000000,2026-06-13 09:30:00,67.41,67.44,67.32,67.35,899.102
1781343900000,2026-06-13 09:45:00,67.34,67.39,67.29,67.37,706.459
1781344800000,2026-06-13 10:00:00,67.39,67.47,67.37,67.42,1756.284
1781345700000,2026-06-13 10:15:00,67.42,67.46,67.35,67.41,2389.942
1781346600000,2026-06-13 10:30:00,67.41,67.52,67.41,67.5,1850.385
1781347500000,2026-06-13 10:45:00,67.51,67.61,67.37,67.43,2016.308
1781348400000,2026-06-13 11:00:00,67.44,67.7,67.39,67.69,2171.468
1781349300000,2026-06-13 11:15:00,67.71,67.96,67.71,67.94,1942.914
1781350200000,2026-06-13 11:30:00,67.92,67.92,67.79,67.79,1271.229
1781351100000,2026-06-13 11:45:00,67.8,67.9,67.79,67.9,997.671
1781352000000,2026-06-13 12:00:00,67.91,67.92,67.8,67.89,3949.991
1781352900000,2026-06-13 12:15:00,67.85,67.88,67.81,67.81,1305.742
1781353800000,2026-06-13 12:30:00,67.81,67.89,67.8,67.82,719.105
1781354700000,2026-06-13 12:45:00,67.8,68.05,67.8,67.93,2260.217
1781355600000,2026-06-13 13:00:00,67.98,67.98,67.85,67.87,1020.627
1781356500000,2026-06-13 13:15:00,67.88,68.05,67.83,67.99,2446.686
1781357400000,2026-06-13 13:30:00,67.92,68.29,67.89,68.18,2032.872
1781358300000,2026-06-13 13:45:00,68.15,68.15,67.88,68.01,2338.821
1781359200000,2026-06-13 14:00:00,68.03,68.28,68.0,68.28,2960.814
1781360100000,2026-06-13 14:15:00,68.26,68.42,68.13,68.18,5121.665
1781361000000,2026-06-13 14:30:00,68.17,68.3,68.11,68.15,3583.544
1781361900000,2026-06-13 14:45:00,68.15,68.28,68.14,68.24,2088.585
1781362800000,2026-06-13 15:00:00,68.28,68.49,68.19,68.46,3083.517
1781363700000,2026-06-13 15:15:00,68.46,68.61,68.45,68.52,3642.934
1781364600000,2026-06-13 15:30:00,68.55,68.7,68.42,68.44,3658.298
1781365500000,2026-06-13 15:45:00,68.44,68.64,68.38,68.6,5574.825
1781366400000,2026-06-13 16:00:00,68.6,68.6,68.13,68.15,4381.732
1781367300000,2026-06-13 16:15:00,68.15,68.17,67.89,68.03,2551.377
1781368200000,2026-06-13 16:30:00,68.02,68.09,67.92,68.08,4292.834
1781369100000,2026-06-13 16:45:00,68.09,68.28,67.85,68.11,6655.452
1781370000000,2026-06-13 17:00:00,68.09,68.11,67.9,67.99,4427.182
1781370900000,2026-06-13 17:15:00,68.01,68.19,67.94,68.18,3767.227
1781371800000,2026-06-13 17:30:00,68.2,68.25,68.11,68.24,975.054
1781372700000,2026-06-13 17:45:00,68.25,68.28,67.85,68.01,5773.782
1781373600000,2026-06-13 18:00:00,67.98,68.23,67.98,68.23,3026.373
1781374500000,2026-06-13 18:15:00,68.21,68.32,68.12,68.27,1739.074
1781375400000,2026-06-13 18:30:00,68.27,68.36,68.22,68.32,952.586
1781376300000,2026-06-13 18:45:00,68.33,68.36,68.07,68.11,3428.018
1781377200000,2026-06-13 19:00:00,68.12,68.18,68.08,68.12,2823.476
1781378100000,2026-06-13 19:15:00,68.15,68.17,68.03,68.07,3476.492
1781379000000,2026-06-13 19:30:00,68.08,68.34,68.04,68.34,1665.309
1781379900000,2026-06-13 19:45:00,68.36,68.38,68.23,68.23,1118.549
1781380800000,2026-06-13 20:00:00,68.24,68.24,68.08,68.18,4013.684
1781381700000,2026-06-13 20:15:00,68.18,68.26,68.16,68.17,1152.104
1781382600000,2026-06-13 20:30:00,68.16,68.24,68.13,68.17,1394.779
1781383500000,2026-06-13 20:45:00,68.16,68.28,68.13,68.28,3875.137
1781384400000,2026-06-13 21:00:00,68.3,68.36,68.26,68.26,2086.229
1781385300000,2026-06-13 21:15:00,68.27,68.43,68.25,68.4,2363.819
1781386200000,2026-06-13 21:30:00,68.38,69.29,68.37,69.27,2634.084
1781387100000,2026-06-13 21:45:00,69.27,69.52,69.25,69.27,5144.27
1781388000000,2026-06-13 22:00:00,69.26,69.27,68.89,69.04,6595.515
1781388900000,2026-06-13 22:15:00,69.05,69.13,68.93,69.13,3884.959
1781389800000,2026-06-13 22:30:00,69.12,69.22,68.94,68.94,4557.094
1781390700000,2026-06-13 22:45:00,68.93,69.02,68.88,68.9,1529.348
1781391600000,2026-06-13 23:00:00,68.91,69.01,68.87,68.95,2972.667
1781392500000,2026-06-13 23:15:00,68.96,69.19,68.94,68.99,1846.1
1781393400000,2026-06-13 23:30:00,68.95,69.07,68.9,68.95,4554.461
1781394300000,2026-06-13 23:45:00,68.94,68.96,68.8,68.91,3755.525
1781395200000,2026-06-14 00:00:00,68.93,68.94,68.74,68.77,3346.47
1781396100000,2026-06-14 00:15:00,68.8,68.85,68.69,68.74,4019.346
1781397000000,2026-06-14 00:30:00,68.73,68.88,68.69,68.79,3977.844
1781397900000,2026-06-14 00:45:00,68.8,68.84,68.65,68.76,3306.008
1781398800000,2026-06-14 01:00:00,68.75,68.9,68.64,68.81,6754.175
1781399700000,2026-06-14 01:15:00,68.81,69.1,68.8,68.94,3103.708
1781400600000,2026-06-14 01:30:00,69.0,69.0,68.83,68.94,4416.945
1781401500000,2026-06-14 01:45:00,68.95,68.98,68.79,68.85,3158.766
1781402400000,2026-06-14 02:00:00,68.82,69.04,68.72,69.01,3675.046
1781403300000,2026-06-14 02:15:00,69.01,69.08,68.93,68.93,899.342
1781404200000,2026-06-14 02:30:00,68.96,69.02,68.85,68.87,5344.141
1781405100000,2026-06-14 02:45:00,68.89,68.89,68.8,68.83,210.325
1781406000000,2026-06-14 03:00:00,68.83,68.88,68.78,68.84,4089.022
1781406900000,2026-06-14 03:15:00,68.83,68.92,68.8,68.92,4240.937
1781407800000,2026-06-14 03:30:00,68.92,68.92,53.7,68.77,4553.538
1781408700000,2026-06-14 03:45:00,68.76,69.04,68.76,68.99,2899.886
1781409600000,2026-06-14 04:00:00,68.95,69.01,68.79,68.84,2047.728
1781410500000,2026-06-14 04:15:00,68.89,68.97,68.85,68.86,2152.616
1781411400000,2026-06-14 04:30:00,68.85,68.87,68.65,68.65,3376.687
1781412300000,2026-06-14 04:45:00,68.64,68.65,68.44,68.56,4772.576
1781413200000,2026-06-14 05:00:00,68.56,68.59,68.46,68.46,3657.107
1781414100000,2026-06-14 05:15:00,68.48,68.49,68.2,68.2,2056.017
1781415000000,2026-06-14 05:30:00,68.21,68.34,68.02,68.3,4732.471
1781415900000,2026-06-14 05:45:00,68.31,68.37,68.22,68.27,501.513
1781416800000,2026-06-14 06:00:00,68.26,68.48,68.26,68.46,1168.409
1781417700000,2026-06-14 06:15:00,68.45,68.45,68.28,68.34,1757.361
1781418600000,2026-06-14 06:30:00,68.39,68.4,68.14,68.18,2889.615
1781419500000,2026-06-14 06:45:00,68.18,68.2,68.14,68.19,2237.746
1781420400000,2026-06-14 07:00:00,68.2,68.21,68.07,68.1,1632.752
1781421300000,2026-06-14 07:15:00,68.09,68.24,68.09,68.21,2037.716
1781422200000,2026-06-14 07:30:00,68.2,68.2,68.04,68.05,1593.865
1781423100000,2026-06-14 07:45:00,68.06,68.24,68.05,68.22,1999.132
1781424000000,2026-06-14 08:00:00,68.23,68.26,68.12,68.22,3376.834
1781424900000,2026-06-14 08:15:00,68.23,68.35,68.23,68.3,583.198
1781425800000,2026-06-14 08:30:00,68.31,68.34,68.21,68.27,4243.285
1781426700000,2026-06-14 08:45:00,68.27,68.32,68.19,68.23,2894.64
1781427600000,2026-06-14 09:00:00,68.23,68.26,68.11,68.11,2292.334
1781428500000,2026-06-14 09:15:00,68.11,68.14,67.92,68.14,4055.71
1781429400000,2026-06-14 09:30:00,68.13,68.43,68.13,68.42,1276.314
1781430300000,2026-06-14 09:45:00,68.43,68.49,68.38,68.48,667.413
1781431200000,2026-06-14 10:00:00,68.47,68.47,68.32,68.37,3424.098
1781432100000,2026-06-14 10:15:00,68.38,68.51,68.35,68.42,2383.134
1781433000000,2026-06-14 10:30:00,68.4,68.51,68.38,68.38,893.261
1781433900000,2026-06-14 10:45:00,68.39,68.4,68.15,68.16,2811.005
1781434800000,2026-06-14 11:00:00,68.16,68.2,68.03,68.19,5717.34
1781435700000,2026-06-14 11:15:00,68.17,68.24,68.06,68.21,3194.902
1781436600000,2026-06-14 11:30:00,68.21,68.33,68.21,68.25,879.558
1781437500000,2026-06-14 11:45:00,68.27,68.27,68.12,68.13,2407.606
1781438400000,2026-06-14 12:00:00,68.11,68.17,68.03,68.05,1020.254
1781439300000,2026-06-14 12:15:00,68.06,68.12,68.01,68.01,2305.83
1781440200000,2026-06-14 12:30:00,68.01,68.03,67.73,67.89,1718.204
1781441100000,2026-06-14 12:45:00,67.89,67.89,67.73,67.78,3920.447
1781442000000,2026-06-14 13:00:00,67.78,67.87,67.7,67.79,13085.931
1781442900000,2026-06-14 13:15:00,67.81,67.85,67.62,67.64,3444.374
1781443800000,2026-06-14 13:30:00,67.65,67.79,67.52,67.78,4547.251
1781444700000,2026-06-14 13:45:00,67.77,67.81,67.64,67.75,1338.958
1781445600000,2026-06-14 14:00:00,67.74,67.77,67.63,67.7,2624.148
1781446500000,2026-06-14 14:15:00,67.71,67.82,67.61,67.61,2207.183
1781447400000,2026-06-14 14:30:00,67.6,67.6,66.96,67.01,8188.951
1781448300000,2026-06-14 14:45:00,67.03,67.25,67.03,67.25,4272.23
1781449200000,2026-06-14 15:00:00,67.27,67.47,67.27,67.46,2798.814
1781450100000,2026-06-14 15:15:00,67.42,67.49,67.34,67.44,13742.324
1781451000000,2026-06-14 15:30:00,67.42,67.52,67.36,67.48,2958.312
1781451900000,2026-06-14 15:45:00,67.47,67.53,67.4,67.45,1455.125
1781452800000,2026-06-14 16:00:00,67.43,67.66,67.42,67.61,3870.873
1781453700000,2026-06-14 16:15:00,67.62,67.73,67.58,67.69,1700.281
1781454600000,2026-06-14 16:30:00,67.69,67.72,67.61,67.68,4181.351
1781455500000,2026-06-14 16:45:00,67.72,67.73,67.46,67.47,3045.855
1781456400000,2026-06-14 17:00:00,67.49,67.64,67.45,67.64,2916.888
1781457300000,2026-06-14 17:15:00,67.65,67.72,67.59,67.6,1218.082
1781458200000,2026-06-14 17:30:00,67.6,67.66,67.48,67.58,3666.604
1781459100000,2026-06-14 17:45:00,67.6,67.6,67.31,67.34,3737.025
1781460000000,2026-06-14 18:00:00,67.36,67.48,67.36,67.48,3707.349
1781460900000,2026-06-14 18:15:00,67.45,67.49,67.21,67.3,3368.621
1781461800000,2026-06-14 18:30:00,67.28,67.41,67.26,67.4,1423.912
1781462700000,2026-06-14 18:45:00,67.42,67.44,67.39,67.4,80.227
1781463600000,2026-06-14 19:00:00,67.43,67.58,67.35,67.53,2787.441
1781464500000,2026-06-14 19:15:00,67.53,67.69,67.53,67.63,3159.899
1781465400000,2026-06-14 19:30:00,67.65,67.75,67.56,67.58,3970.745
1781466300000,2026-06-14 19:45:00,67.58,67.62,67.55,67.55,580.997
1781467200000,2026-06-14 20:00:00,67.59,67.66,67.45,67.52,3295.344
1781468100000,2026-06-14 20:15:00,67.51,67.77,67.51,67.72,2652.998
1781469000000,2026-06-14 20:30:00,67.76,68.06,67.74,67.91,6165.325
1781469900000,2026-06-14 20:45:00,67.92,67.96,67.81,67.81,1409.766
1781470800000,2026-06-14 21:00:00,67.8,68.04,67.8,68.04,3169.924
1781471700000,2026-06-14 21:15:00,68.02,69.43,68.02,69.07,32121.115
1781472600000,2026-06-14 21:30:00,69.07,70.34,69.0,70.19,17150.643
1781473500000,2026-06-14 21:45:00,70.2,70.54,70.01,70.15,7748.051
1781474400000,2026-06-14 22:00:00,70.15,70.47,69.73,70.19,7930.352
1781475300000,2026-06-14 22:15:00,70.17,70.4,69.93,70.15,6679.478
1781476200000,2026-06-14 22:30:00,70.18,70.63,70.13,70.62,4535.758
1781477100000,2026-06-14 22:45:00,70.6,70.6,70.36,70.4,3847.808
1781478000000,2026-06-14 23:00:00,70.4,70.68,70.17,70.57,6089.549
1781478900000,2026-06-14 23:15:00,70.57,70.84,70.43,70.78,3917.189
1781479800000,2026-06-14 23:30:00,70.8,70.86,70.59,70.71,4386.73
1781480700000,2026-06-14 23:45:00,70.7,71.29,70.7,71.28,11361.57
1781481600000,2026-06-15 00:00:00,71.29,71.67,71.18,71.67,12299.773
1781482500000,2026-06-15 00:15:00,71.7,71.7,71.33,71.65,12642.099
1781483400000,2026-06-15 00:30:00,71.66,71.66,70.95,71.04,6792.616
1781484300000,2026-06-15 00:45:00,71.04,71.17,70.97,71.11,3287.177
1781485200000,2026-06-15 01:00:00,71.11,71.13,70.71,70.99,6467.442
1781486100000,2026-06-15 01:15:00,70.99,71.0,70.71,70.8,6838.569
1781487000000,2026-06-15 01:30:00,70.81,71.33,70.75,71.33,7639.206
1781487900000,2026-06-15 01:45:00,71.33,71.34,70.95,70.98,6227.968
1781488800000,2026-06-15 02:00:00,70.98,71.32,70.94,71.28,4309.725
1781489700000,2026-06-15 02:15:00,71.29,71.56,71.26,71.29,6268.477
1781490600000,2026-06-15 02:30:00,71.3,71.3,71.16,71.2,2902.481
1781491500000,2026-06-15 02:45:00,71.2,71.22,70.76,70.93,7859.745
1781492400000,2026-06-15 03:00:00,70.98,71.21,70.93,71.18,2778.529
1781493300000,2026-06-15 03:15:00,71.21,71.25,71.14,71.2,1537.988
1781494200000,2026-06-15 03:30:00,71.21,71.35,71.1,71.35,3750.734
1781495100000,2026-06-15 03:45:00,71.35,71.36,71.23,71.24,2816.471
1781496000000,2026-06-15 04:00:00,71.2,71.22,71.07,71.19,3238.993
1781496900000,2026-06-15 04:15:00,71.17,71.27,71.08,71.08,1925.523
1781497800000,2026-06-15 04:30:00,71.09,71.12,70.92,70.94,1768.318
1781498700000,2026-06-15 04:45:00,70.9,71.02,70.9,70.94,2795.792
1781499600000,2026-06-15 05:00:00,70.94,71.01,70.81,70.95,2903.544
1781500500000,2026-06-15 05:15:00,70.97,71.22,70.97,71.21,2335.297
1781501400000,2026-06-15 05:30:00,71.22,71.22,70.91,71.01,2824.031
1781502300000,2026-06-15 05:45:00,70.99,71.29,70.99,71.24,4906.947
1781503200000,2026-06-15 06:00:00,71.23,71.28,71.11,71.22,3892.402
1781504100000,2026-06-15 06:15:00,71.22,71.44,71.17,71.41,3187.647
1781505000000,2026-06-15 06:30:00,71.42,71.45,71.22,71.35,3156.713
1781505900000,2026-06-15 06:45:00,71.36,71.48,71.35,71.37,2869.093
1781506800000,2026-06-15 07:00:00,71.36,71.37,71.12,71.29,3966.349
1781507700000,2026-06-15 07:15:00,71.29,71.49,71.29,71.41,5793.066
1781508600000,2026-06-15 07:30:00,71.41,71.41,71.15,71.34,1584.765
1781509500000,2026-06-15 07:45:00,71.33,71.4,71.23,71.25,2048.504
1781510400000,2026-06-15 08:00:00,71.29,71.5,71.18,71.49,4491.623
1781511300000,2026-06-15 08:15:00,71.48,71.58,71.22,71.36,3677.317
1781512200000,2026-06-15 08:30:00,71.37,71.52,71.32,71.44,2909.141
1781513100000,2026-06-15 08:45:00,71.44,71.49,71.29,71.29,3252.346
1781514000000,2026-06-15 09:00:00,71.28,71.39,71.27,71.29,2390.911
1781514900000,2026-06-15 09:15:00,71.28,71.46,71.2,71.2,3020.402
1781515800000,2026-06-15 09:30:00,71.19,71.19,70.86,70.95,3356.769
1781516700000,2026-06-15 09:45:00,71.0,71.22,70.94,71.22,1592.29
1781517600000,2026-06-15 10:00:00,71.22,71.45,71.2,71.39,4141.221
1781518500000,2026-06-15 10:15:00,71.37,71.5,71.37,71.4,3238.804
1781519400000,2026-06-15 10:30:00,71.41,71.52,71.41,71.48,2271.099
1781520300000,2026-06-15 10:45:00,71.48,71.96,71.46,71.85,5460.314
1781521200000,2026-06-15 11:00:00,71.85,72.16,71.69,72.06,7264.314
1781522100000,2026-06-15 11:15:00,72.05,72.78,72.05,72.63,10635.152
1781523000000,2026-06-15 11:30:00,72.64,72.73,72.46,72.52,3248.254
1781523900000,2026-06-15 11:45:00,72.5,72.72,72.45,72.64,4081.654
1781524800000,2026-06-15 12:00:00,72.64,72.68,72.46,72.62,2485.25
1781525700000,2026-06-15 12:15:00,72.63,72.64,72.36,72.55,4764.48
1781526600000,2026-06-15 12:30:00,72.52,72.99,72.45,72.96,6488.458
1781527500000,2026-06-15 12:45:00,72.95,72.96,72.76,72.84,2711.802
1781528400000,2026-06-15 13:00:00,72.85,73.4,72.72,73.33,8582.797
1781529300000,2026-06-15 13:15:00,73.34,74.24,73.34,73.95,12976.334
1781530200000,2026-06-15 13:30:00,73.94,74.17,73.45,73.64,10910.7
1781531100000,2026-06-15 13:45:00,73.65,73.86,73.48,73.63,6367.172
1781532000000,2026-06-15 14:00:00,73.64,73.64,73.24,73.44,4661.306
1781532900000,2026-06-15 14:15:00,73.49,73.82,73.41,73.82,8137.848
1781533800000,2026-06-15 14:30:00,73.83,73.94,73.66,73.8,4962.799
1781534700000,2026-06-15 14:45:00,73.78,73.97,73.74,73.82,5161.578
1781535600000,2026-06-15 15:00:00,73.82,73.99,73.8,73.91,3742.586
1781536500000,2026-06-15 15:15:00,73.85,74.18,73.85,74.05,3821.623
1781537400000,2026-06-15 15:30:00,74.05,74.74,73.85,74.67,5055.603
1781538300000,2026-06-15 15:45:00,74.73,75.23,74.73,75.18,7350.526
1781539200000,2026-06-15 16:00:00,75.21,75.93,75.0,75.86,9664.37
1781540100000,2026-06-15 16:15:00,75.85,75.86,75.31,75.74,10394.023
1781541000000,2026-06-15 16:30:00,75.74,76.05,75.53,75.87,10418.195
1781541900000,2026-06-15 16:45:00,75.87,76.01,75.46,75.46,5128.267
1781542800000,2026-06-15 17:00:00,75.47,75.47,74.84,75.13,6228.676
1781543700000,2026-06-15 17:15:00,75.13,75.24,74.91,74.98,4698.43
1781544600000,2026-06-15 17:30:00,74.97,75.28,74.68,75.24,7118.143
1781545500000,2026-06-15 17:45:00,75.24,75.33,75.15,75.29,5507.62
1781546400000,2026-06-15 18:00:00,75.29,75.39,75.11,75.36,5357.116
1781547300000,2026-06-15 18:15:00,75.37,75.51,75.37,75.4,6084.925
1781548200000,2026-06-15 18:30:00,75.41,75.69,75.33,75.49,5731.689
1781549100000,2026-06-15 18:45:00,75.46,75.6,75.29,75.29,2368.599
1781550000000,2026-06-15 19:00:00,75.29,75.71,75.19,75.65,3530.085
1781550900000,2026-06-15 19:15:00,75.67,75.8,74.65,74.95,3561.046
1781551800000,2026-06-15 19:30:00,74.94,75.54,74.93,75.46,2863.134
1781552700000,2026-06-15 19:45:00,75.45,75.55,75.03,75.06,2527.119
1781553600000,2026-06-15 20:00:00,75.18,75.44,75.05,75.24,1634.348
1781554500000,2026-06-15 20:15:00,75.23,75.27,74.95,75.05,1340.203
1781555400000,2026-06-15 20:30:00,75.1,75.2,74.96,75.03,3201.687
1781556300000,2026-06-15 20:45:00,74.96,74.97,74.78,74.94,3035.622
1781557200000,2026-06-15 21:00:00,74.95,74.99,74.69,74.9,1905.96
1781558100000,2026-06-15 21:15:00,75.0,75.0,74.46,74.46,1832.313
1781559000000,2026-06-15 21:30:00,74.45,74.64,74.42,74.59,6764.996
1781559900000,2026-06-15 21:45:00,74.63,74.63,74.41,74.47,5331.569
1781560800000,2026-06-15 22:00:00,74.46,74.58,74.4,74.4,4521.232
1781561700000,2026-06-15 22:15:00,74.37,74.44,73.77,73.84,5121.029
1781562600000,2026-06-15 22:30:00,73.83,74.09,73.64,73.91,4635.189
1781563500000,2026-06-15 22:45:00,73.91,73.96,73.72,73.8,87.103
1781564400000,2026-06-15 23:00:00,73.79,73.9,73.72,73.82,344.752
1781565300000,2026-06-15 23:15:00,73.87,73.91,73.69,73.9,383.995
1781566200000,2026-06-15 23:30:00,73.86,73.95,73.71,73.95,354.502
1781567100000,2026-06-15 23:45:00,73.95,74.03,73.89,74.02,4275.717
1781568000000,2026-06-16 00:00:00,73.96,74.16,73.87,74.12,9373.909
1781568900000,2026-06-16 00:15:00,74.11,74.15,73.9,73.91,4476.783
1781569800000,2026-06-16 00:30:00,73.9,74.39,73.89,74.3,3204.203
1781570700000,2026-06-16 00:45:00,74.3,74.33,74.01,74.01,5161.756
1781571600000,2026-06-16 01:00:00,74.02,74.33,74.02,74.1,4228.987
1781572500000,2026-06-16 01:15:00,74.12,74.27,74.07,74.23,5459.189
1781573400000,2026-06-16 01:30:00,74.2,74.25,74.11,74.15,4979.05
1781574300000,2026-06-16 01:45:00,74.15,74.26,73.87,73.87,4395.411
1781575200000,2026-06-16 02:00:00,73.88,73.88,73.79,73.79,7703.665
1781576100000,2026-06-16 02:15:00,73.79,73.9,72.83,72.84,7326.009
1781577000000,2026-06-16 02:30:00,72.84,73.09,72.83,73.04,4744.775
1781577900000,2026-06-16 02:45:00,73.08,73.18,72.91,72.95,3029.714
1781578800000,2026-06-16 03:00:00,73.01,73.1,72.9,73.09,3770.746
1781579700000,2026-06-16 03:15:00,73.11,73.48,72.89,73.48,2903.292
1781580600000,2026-06-16 03:30:00,73.5,73.66,73.45,73.62,2042.181
1781581500000,2026-06-16 03:45:00,73.65,73.8,73.62,73.75,3237.162
1781582400000,2026-06-16 04:00:00,73.75,73.93,73.71,73.75,8378.203
1781583300000,2026-06-16 04:15:00,73.73,73.74,73.48,73.49,4353.231
1781584200000,2026-06-16 04:30:00,73.49,73.49,73.21,73.27,1177.869
1781585100000,2026-06-16 04:45:00,73.3,73.42,73.23,73.4,670.861
1781586000000,2026-06-16 05:00:00,73.4,73.71,73.39,73.67,5888.21
1781586900000,2026-06-16 05:15:00,73.64,73.79,73.55,73.73,9576.153
1781587800000,2026-06-16 05:30:00,73.75,73.8,73.62,73.68,6305.676
1781588700000,2026-06-16 05:45:00,73.73,73.83,73.66,73.67,3909.214
1781589600000,2026-06-16 06:00:00,73.67,73.9,73.66,73.87,4796.98
1781590500000,2026-06-16 06:15:00,73.86,74.0,73.8,73.99,1153.097
1781591400000,2026-06-16 06:30:00,74.01,74.15,73.96,74.08,6505.58
1781592300000,2026-06-16 06:45:00,74.08,74.28,74.06,74.18,2944.389
1781593200000,2026-06-16 07:00:00,74.18,74.49,74.13,74.29,3371.373
1781594100000,2026-06-16 07:15:00,74.29,74.33,74.2,74.29,2813.207
1781595000000,2026-06-16 07:30:00,74.29,74.51,74.27,74.36,2705.71
1781595900000,2026-06-16 07:45:00,74.34,74.53,74.29,74.45,5345.083
1781596800000,2026-06-16 08:00:00,74.47,74.78,74.37,74.77,4913.252
1781597700000,2026-06-16 08:15:00,74.78,75.04,74.58,74.8,7713.485
1781598600000,2026-06-16 08:30:00,74.77,75.03,74.77,75.0,6643.548
1781599500000,2026-06-16 08:45:00,75.03,75.57,75.0,75.39,5635.202
1781600400000,2026-06-16 09:00:00,75.39,75.46,75.2,75.3,6674.753
1781601300000,2026-06-16 09:15:00,75.32,75.32,74.85,74.97,5421.532
1781602200000,2026-06-16 09:30:00,74.94,75.12,74.9,75.12,4150.188
1781603100000,2026-06-16 09:45:00,75.16,75.18,74.86,74.87,3162.324
1781604000000,2026-06-16 10:00:00,74.86,74.95,74.78,74.8,5869.376
1781604900000,2026-06-16 10:15:00,74.82,75.1,74.82,75.02,5225.66
1781605800000,2026-06-16 10:30:00,75.05,75.11,74.91,75.0,2977.818
1781606700000,2026-06-16 10:45:00,75.03,75.04,74.7,74.71,5821.892
1781607600000,2026-06-16 11:00:00,74.71,74.88,74.59,74.66,6353.839
1781608500000,2026-06-16 11:15:00,74.66,74.88,74.48,74.57,4732.823
1781609400000,2026-06-16 11:30:00,74.56,74.57,74.39,74.53,7376.78
1781610300000,2026-06-16 11:45:00,74.51,74.67,74.43,74.66,4814.088
1781611200000,2026-06-16 12:00:00,74.67,74.81,74.5,74.69,5775.487
1781612100000,2026-06-16 12:15:00,74.71,75.11,74.71,74.96,5426.822
1781613000000,2026-06-16 12:30:00,74.98,75.51,74.88,74.99,7566.552
1781613900000,2026-06-16 12:45:00,75.0,75.04,74.77,74.93,4595.679
1781614800000,2026-06-16 13:00:00,74.94,74.94,73.97,74.28,5631.032
1781615700000,2026-06-16 13:15:00,74.28,74.44,74.07,74.07,4553.473
1781616600000,2026-06-16 13:30:00,74.06,74.33,73.93,74.3,6756.505
1781617500000,2026-06-16 13:45:00,74.29,74.34,73.96,74.04,3384.145
1781618400000,2026-06-16 14:00:00,74.0,74.28,73.73,73.77,9168.581
1781619300000,2026-06-16 14:15:00,73.76,73.85,72.81,72.82,10120.124
1781620200000,2026-06-16 14:30:00,72.79,73.02,72.4,72.87,5339.69
1781621100000,2026-06-16 14:45:00,72.86,73.07,72.86,72.97,2765.912
1781622000000,2026-06-16 15:00:00,72.97,73.46,72.91,73.46,7549.267
1781622900000,2026-06-16 15:15:00,73.46,73.47,73.01,73.22,8259.241
1781623800000,2026-06-16 15:30:00,73.22,73.61,73.13,73.28,9138.036
1781624700000,2026-06-16 15:45:00,73.22,73.53,73.04,73.3,5579.145
1781625600000,2026-06-16 16:00:00,73.31,73.46,73.25,73.25,2703.15
1781626500000,2026-06-16 16:15:00,73.24,73.39,73.21,73.35,2464.955
1781627400000,2026-06-16 16:30:00,73.39,73.39,73.05,73.29,2312.075
1781628300000,2026-06-16 16:45:00,73.24,73.28,73.03,73.08,1101.454
1781629200000,2026-06-16 17:00:00,73.09,73.32,73.08,73.26,1579.706
1781630100000,2026-06-16 17:15:00,73.26,73.4,73.07,73.27,1638.803
1781631000000,2026-06-16 17:30:00,73.28,73.46,73.15,73.29,2364.059
1781631900000,2026-06-16 17:45:00,73.27,73.82,73.27,73.66,2335.916
1781632800000,2026-06-16 18:00:00,73.68,74.29,73.66,74.05,2702.426
1781633700000,2026-06-16 18:15:00,74.1,74.1,73.59,73.72,2953.199
1781634600000,2026-06-16 18:30:00,73.72,73.93,73.72,73.93,2834.713
1781635500000,2026-06-16 18:45:00,73.93,74.18,73.91,73.99,1808.835
1781636400000,2026-06-16 19:00:00,74.0,74.0,73.68,73.75,2655.267
1781637300000,2026-06-16 19:15:00,73.75,74.03,73.54,74.02,1288.803
1781638200000,2026-06-16 19:30:00,74.01,74.2,73.93,74.04,2683.292
1781639100000,2026-06-16 19:45:00,74.07,74.15,73.75,73.85,2214.978
1781640000000,2026-06-16 20:00:00,73.86,74.09,73.68,74.05,672.567
1781640900000,2026-06-16 20:15:00,74.02,74.2,73.85,73.89,401.504
1781641800000,2026-06-16 20:30:00,73.88,74.22,73.88,74.18,685.247
1781642700000,2026-06-16 20:45:00,74.19,74.21,74.09,74.14,221.136
1781643600000,2026-06-16 21:00:00,74.14,74.18,74.03,74.05,404.601
1781644500000,2026-06-16 21:15:00,74.05,74.08,73.79,73.79,264.908
1781645400000,2026-06-16 21:30:00,73.79,73.9,73.76,73.9,164.955
1781646300000,2026-06-16 21:45:00,73.9,73.97,73.87,73.92,304.353
1781647200000,2026-06-16 22:00:00,73.93,74.09,73.77,73.96,805.037
1781648100000,2026-06-16 22:15:00,73.97,73.98,73.71,73.87,1615.635
1781649000000,2026-06-16 22:30:00,73.85,73.9,73.69,73.7,1027.969
1781649900000,2026-06-16 22:45:00,73.69,73.84,73.64,73.84,462.927
1781650800000,2026-06-16 23:00:00,73.84,73.96,73.77,73.8,3995.393
1781651700000,2026-06-16 23:15:00,73.82,73.82,73.6,73.75,506.357
1781652600000,2026-06-16 23:30:00,73.75,73.81,73.63,73.65,445.806
1781653500000,2026-06-16 23:45:00,73.65,73.65,73.45,73.52,616.392
1781654400000,2026-06-17 00:00:00,73.53,73.78,73.53,73.65,2763.671
1781655300000,2026-06-17 00:15:00,73.64,73.66,73.46,73.53,2180.945
1781656200000,2026-06-17 00:30:00,73.52,73.63,73.36,73.62,2889.585
1781657100000,2026-06-17 00:45:00,73.6,73.64,73.35,73.38,1655.632
1781658000000,2026-06-17 01:00:00,73.36,73.64,73.34,73.61,1933.876
1781658900000,2026-06-17 01:15:00,73.61,73.97,73.07,73.42,2457.34
1781659800000,2026-06-17 01:30:00,73.43,73.67,73.3,73.57,2261.939
1781660700000,2026-06-17 01:45:00,73.56,73.98,73.56,73.94,2208.058
1781661600000,2026-06-17 02:00:00,73.92,73.96,73.83,73.96,1611.604
1781662500000,2026-06-17 02:15:00,73.98,74.45,73.87,74.4,3125.589
1781663400000,2026-06-17 02:30:00,74.39,74.4,73.7,73.88,2224.588
1781664300000,2026-06-17 02:45:00,73.87,74.06,73.84,74.05,2577.282
1781665200000,2026-06-17 03:00:00,74.04,74.05,73.82,73.85,2850.231
1781666100000,2026-06-17 03:15:00,73.84,73.85,73.6,73.68,2278.055
1781667000000,2026-06-17 03:30:00,73.7,73.88,73.6,73.6,2131.968
1781667900000,2026-06-17 03:45:00,73.6,73.72,73.55,73.65,1804.616
1781668800000,2026-06-17 04:00:00,73.67,73.88,73.6,73.74,1959.104
1781669700000,2026-06-17 04:15:00,73.69,73.82,73.63,73.72,1615.178
1781670600000,2026-06-17 04:30:00,73.74,73.87,73.71,73.81,2871.25
1781671500000,2026-06-17 04:45:00,73.83,74.06,73.79,73.83,1961.778
1781672400000,2026-06-17 05:00:00,73.83,74.0,73.58,73.58,1408.763
1781673300000,2026-06-17 05:15:00,73.59,73.74,73.45,73.73,1673.889
1781674200000,2026-06-17 05:30:00,73.69,73.88,73.68,73.87,2726.151
1781675100000,2026-06-17 05:45:00,73.87,73.9,73.58,73.64,1731.017
1781676000000,2026-06-17 06:00:00,73.64,73.79,73.59,73.79,2300.332
1781676900000,2026-06-17 06:15:00,73.78,73.82,73.37,73.41,1299.738
1781677800000,2026-06-17 06:30:00,73.36,73.52,73.22,73.34,3699.8
1781678700000,2026-06-17 06:45:00,73.37,73.56,73.32,73.4,1150.615
1781679600000,2026-06-17 07:00:00,73.41,73.55,73.22,73.54,1542.908
1781680500000,2026-06-17 07:15:00,73.52,73.59,73.19,73.2,2175.797
1781681400000,2026-06-17 07:30:00,73.2,73.39,73.1,73.31,3217.577
1781682300000,2026-06-17 07:45:00,73.26,73.38,73.01,73.23,4671.696
1781683200000,2026-06-17 08:00:00,73.27,73.27,72.88,72.88,4035.555
1781684100000,2026-06-17 08:15:00,72.88,72.96,72.72,72.88,2410.26
1781685000000,2026-06-17 08:30:00,72.81,72.81,72.39,72.4,3919.826
1781685900000,2026-06-17 08:45:00,72.4,72.48,72.19,72.35,6795.13
1781686800000,2026-06-17 09:00:00,72.34,72.5,72.34,72.4,3507.388
1781687700000,2026-06-17 09:15:00,72.4,72.57,72.35,72.53,2781.669
1781688600000,2026-06-17 09:30:00,72.52,72.56,72.43,72.55,3222.876
1781689500000,2026-06-17 09:45:00,72.52,72.65,72.36,72.53,3035.746
1781690400000,2026-06-17 10:00:00,72.54,72.66,72.4,72.52,3055.624
1781691300000,2026-06-17 10:15:00,72.53,72.58,72.42,72.45,2089.947
1781692200000,2026-06-17 10:30:00,72.46,72.52,72.3,72.4,1665.102
1781693100000,2026-06-17 10:45:00,72.4,72.44,72.13,72.13,2120.354
1781694000000,2026-06-17 11:00:00,72.15,72.2,71.74,72.02,2775.186
1781694900000,2026-06-17 11:15:00,72.0,72.07,71.83,72.02,2158.581
1781695800000,2026-06-17 11:30:00,72.02,72.17,71.96,72.11,2659.031
1781696700000,2026-06-17 11:45:00,72.14,72.22,72.03,72.03,2614.932
1781697600000,2026-06-17 12:00:00,72.03,72.29,71.99,72.27,2594.278
1781698500000,2026-06-17 12:15:00,72.27,72.28,71.72,71.72,3341.522
1781699400000,2026-06-17 12:30:00,71.74,72.16,71.64,72.16,3186.773
1781700300000,2026-06-17 12:45:00,72.17,72.34,72.17,72.34,1516.698
1781701200000,2026-06-17 13:00:00,72.34,72.5,72.24,72.46,2385.555
1781702100000,2026-06-17 13:15:00,72.47,72.47,72.18,72.29,2135.056
1781703000000,2026-06-17 13:30:00,72.35,72.65,72.17,72.58,3620.301
1781703900000,2026-06-17 13:45:00,72.6,72.76,72.42,72.46,2418.878
1781704800000,2026-06-17 14:00:00,72.37,72.5,72.17,72.5,2325.139
1781705700000,2026-06-17 14:15:00,72.5,72.65,72.3,72.41,3645.971
1781706600000,2026-06-17 14:30:00,72.47,72.53,72.24,72.4,3305.818
1781707500000,2026-06-17 14:45:00,72.39,72.54,71.86,72.43,3478.52
1781708400000,2026-06-17 15:00:00,72.39,72.78,72.39,72.78,3161.792
1781709300000,2026-06-17 15:15:00,72.78,73.1,72.75,73.04,3104.649
1781710200000,2026-06-17 15:30:00,73.03,73.43,72.92,73.4,4665.049
1781711100000,2026-06-17 15:45:00,73.41,73.82,73.34,73.81,3384.502
1781712000000,2026-06-17 16:00:00,73.82,73.94,73.74,73.9,3704.592
1781712900000,2026-06-17 16:15:00,73.9,74.63,73.86,74.58,4535.966
1781713800000,2026-06-17 16:30:00,74.58,74.58,73.89,74.05,3202.268
1781714700000,2026-06-17 16:45:00,74.05,74.08,73.72,73.74,2768.286
1781715600000,2026-06-17 17:00:00,73.77,73.84,73.5,73.56,4288.054
1781716500000,2026-06-17 17:15:00,73.56,73.91,73.52,73.83,5226.003
1781717400000,2026-06-17 17:30:00,73.83,73.87,73.59,73.61,2466.014
1781718300000,2026-06-17 17:45:00,73.64,74.33,73.46,74.09,4094.16
1781719200000,2026-06-17 18:00:00,74.14,74.15,72.37,73.24,4485.924
1781720100000,2026-06-17 18:15:00,73.17,73.51,73.1,73.13,4076.317
1781721000000,2026-06-17 18:30:00,73.18,74.31,73.05,74.3,6122.233
1781721900000,2026-06-17 18:45:00,74.29,74.29,73.38,73.54,4606.334
1781722800000,2026-06-17 19:00:00,73.51,73.65,72.94,73.49,4571.924
1781723700000,2026-06-17 19:15:00,73.51,73.51,71.91,72.04,2454.743
1781724600000,2026-06-17 19:30:00,72.05,72.33,71.57,71.59,2255.185
1781725500000,2026-06-17 19:45:00,71.61,71.91,71.54,71.64,1599.672
1781726400000,2026-06-17 20:00:00,71.67,72.02,71.6,71.76,1887.891
1781727300000,2026-06-17 20:15:00,71.74,72.01,71.68,71.89,1752.22
1781728200000,2026-06-17 20:30:00,71.92,72.24,71.78,71.79,1881.355
1781729100000,2026-06-17 20:45:00,71.77,72.17,71.73,72.16,2642.039
1781730000000,2026-06-17 21:00:00,72.19,72.19,71.93,72.02,987.938
1781730900000,2026-06-17 21:15:00,72.01,72.06,71.91,71.94,324.341
1781731800000,2026-06-17 21:30:00,71.89,72.01,71.63,71.64,900.779
1781732700000,2026-06-17 21:45:00,71.64,71.64,71.4,71.56,760.139
1781733600000,2026-06-17 22:00:00,71.62,71.62,70.88,71.52,1569.777
1781734500000,2026-06-17 22:15:00,71.47,71.83,71.47,71.82,838.304
1781735400000,2026-06-17 22:30:00,71.84,71.89,71.81,71.86,1042.92
1781736300000,2026-06-17 22:45:00,71.78,71.94,71.71,71.71,1187.172
1781737200000,2026-06-17 23:00:00,71.7,71.92,71.7,71.82,1017.585
1781738100000,2026-06-17 23:15:00,71.86,72.12,71.86,72.04,1612.568
1781739000000,2026-06-17 23:30:00,72.05,72.06,71.95,71.98,432.359
1781739900000,2026-06-17 23:45:00,71.94,72.08,71.92,72.01,1204.444
1781740800000,2026-06-18 00:00:00,72.05,72.33,72.03,72.29,3217.035
1781741700000,2026-06-18 00:15:00,72.31,72.34,72.19,72.29,3220.901
1781742600000,2026-06-18 00:30:00,72.32,72.41,72.31,72.37,12889.7
1781743500000,2026-06-18 00:45:00,72.37,72.48,72.17,72.23,3745.684
1781744400000,2026-06-18 01:00:00,72.23,72.63,72.23,72.5,5684.778
1781745300000,2026-06-18 01:15:00,72.52,72.52,72.37,72.43,2518.39
1781746200000,2026-06-18 01:30:00,72.43,72.53,72.29,72.29,1732.922
1781747100000,2026-06-18 01:45:00,72.31,72.31,72.12,72.22,2238.211
1781748000000,2026-06-18 02:00:00,72.24,72.47,72.24,72.28,2901.533
1781748900000,2026-06-18 02:15:00,72.21,72.67,72.13,72.58,4619.191
1781749800000,2026-06-18 02:30:00,72.63,72.66,72.49,72.61,1630.155
1781750700000,2026-06-18 02:45:00,72.59,72.6,72.5,72.53,2460.158
1781751600000,2026-06-18 03:00:00,72.52,72.52,72.3,72.31,2678.693
1781752500000,2026-06-18 03:15:00,72.28,72.29,71.81,71.81,1614.664
1781753400000,2026-06-18 03:30:00,71.8,71.92,71.6,71.68,3451.34
1781754300000,2026-06-18 03:45:00,71.67,71.85,71.65,71.66,1396.508
1781755200000,2026-06-18 04:00:00,71.66,71.72,71.02,71.23,3077.762
1781756100000,2026-06-18 04:15:00,71.2,71.39,71.03,71.2,2648.851
1781757000000,2026-06-18 04:30:00,71.22,71.24,71.01,71.07,3130.369
1781757900000,2026-06-18 04:45:00,70.93,71.19,70.92,71.14,1767.281
1781758800000,2026-06-18 05:00:00,71.13,71.13,70.67,70.86,6374.138
1781759700000,2026-06-18 05:15:00,70.91,71.03,70.83,70.94,3535.78
1781760600000,2026-06-18 05:30:00,70.93,71.09,70.81,70.99,4310.916
1781761500000,2026-06-18 05:45:00,70.99,71.14,70.96,71.11,2770.655
1781762400000,2026-06-18 06:00:00,71.1,71.29,71.0,71.12,4254.751
1781763300000,2026-06-18 06:15:00,71.17,71.25,71.02,71.17,5193.923
1781764200000,2026-06-18 06:30:00,71.19,71.34,71.14,71.31,4616.101
1781765100000,2026-06-18 06:45:00,71.33,71.41,71.24,71.41,4098.59
1781766000000,2026-06-18 07:00:00,71.4,71.4,71.17,71.22,1962.193
1781766900000,2026-06-18 07:15:00,71.22,71.78,71.22,71.74,4331.567
1781767800000,2026-06-18 07:30:00,71.71,71.79,71.57,71.68,3254.161
1781768700000,2026-06-18 07:45:00,71.71,71.84,71.7,71.77,4284.262
1781769600000,2026-06-18 08:00:00,71.8,71.94,71.67,71.85,5302.017
1781770500000,2026-06-18 08:15:00,71.84,71.94,71.81,71.94,1939.24
1781771400000,2026-06-18 08:30:00,71.94,72.07,71.93,71.94,2397.242
1781772300000,2026-06-18 08:45:00,71.95,72.03,71.87,71.87,2278.38
1781773200000,2026-06-18 09:00:00,71.85,71.97,71.79,71.96,1763.724
1781774100000,2026-06-18 09:15:00,71.96,72.15,71.85,71.85,2395.204
1781775000000,2026-06-18 09:30:00,71.82,71.96,71.78,71.96,3069.555
1781775900000,2026-06-18 09:45:00,71.97,72.04,71.8,71.85,1432.548
1781776800000,2026-06-18 10:00:00,71.85,71.85,71.35,71.35,4434.3
1781777700000,2026-06-18 10:15:00,71.33,71.42,71.13,71.23,3847.215
1781778600000,2026-06-18 10:30:00,71.22,71.29,71.12,71.15,3730.651
1781779500000,2026-06-18 10:45:00,71.15,71.49,71.09,71.39,7474.138
1781780400000,2026-06-18 11:00:00,71.4,71.53,71.05,71.15,7107.959
1781781300000,2026-06-18 11:15:00,71.14,71.19,70.83,71.17,3977.463
1781782200000,2026-06-18 11:30:00,71.17,71.24,70.78,70.95,2942.986
1781783100000,2026-06-18 11:45:00,70.96,70.99,70.75,70.93,3221.623
1781784000000,2026-06-18 12:00:00,70.95,71.1,70.89,71.01,2783.142
1781784900000,2026-06-18 12:15:00,71.01,71.37,70.99,71.35,5019.754
1781785800000,2026-06-18 12:30:00,71.35,71.44,71.25,71.44,4465.25
1781786700000,2026-06-18 12:45:00,71.44,71.61,71.41,71.56,3809.577
1781787600000,2026-06-18 13:00:00,71.59,71.71,71.49,71.6,4210.801
1781788500000,2026-06-18 13:15:00,71.59,71.76,71.55,71.69,2626.175
1781789400000,2026-06-18 13:30:00,71.68,71.68,70.75,70.75,5677.769
1781790300000,2026-06-18 13:45:00,70.75,71.34,70.74,70.96,7110.048
1781791200000,2026-06-18 14:00:00,70.96,71.2,70.88,70.95,8296.323
1781792100000,2026-06-18 14:15:00,70.86,71.67,70.76,71.06,7383.611
1781793000000,2026-06-18 14:30:00,71.03,71.41,70.97,70.97,6606.738
1781793900000,2026-06-18 14:45:00,70.97,71.25,70.75,71.12,7603.157
1781794800000,2026-06-18 15:00:00,71.02,71.02,70.65,70.65,7229.814
1781795700000,2026-06-18 15:15:00,70.64,70.68,69.9,69.92,9861.084
1781796600000,2026-06-18 15:30:00,69.93,70.03,68.96,69.07,8265.177
1781797500000,2026-06-18 15:45:00,69.07,69.1,68.36,68.44,7776.979
1781798400000,2026-06-18 16:00:00,68.43,68.97,68.43,68.91,7057.922
1781799300000,2026-06-18 16:15:00,68.9,68.91,68.49,68.71,4692.13
1781800200000,2026-06-18 16:30:00,68.7,68.88,68.51,68.88,7065.077
1781801100000,2026-06-18 16:45:00,68.83,69.12,68.78,69.05,3715.346
1781802000000,2026-06-18 17:00:00,69.1,69.11,68.78,68.85,4815.479
1781802900000,2026-06-18 17:15:00,68.87,69.05,68.63,68.9,4820.384
1781803800000,2026-06-18 17:30:00,69.0,69.12,68.69,68.75,4063.076
1781804700000,2026-06-18 17:45:00,68.71,68.82,68.51,68.65,2209.058
1781805600000,2026-06-18 18:00:00,68.65,68.68,68.44,68.44,5754.632
1781806500000,2026-06-18 18:15:00,68.43,68.94,68.26,68.82,5464.73
1781807400000,2026-06-18 18:30:00,68.83,68.83,68.52,68.74,3453.597
1781808300000,2026-06-18 18:45:00,68.76,68.83,68.57,68.68,3267.3
1781809200000,2026-06-18 19:00:00,68.66,68.72,68.58,68.67,4947.658
1781810100000,2026-06-18 19:15:00,68.68,68.89,68.6,68.84,3448.673
1781811000000,2026-06-18 19:30:00,68.82,69.44,68.8,69.43,8602.842
1781811900000,2026-06-18 19:45:00,69.43,69.51,69.25,69.43,3988.785
1781812800000,2026-06-18 20:00:00,69.42,69.81,69.42,69.74,7142.935
1781813700000,2026-06-18 20:15:00,69.75,69.95,69.69,69.83,8412.106
1781814600000,2026-06-18 20:30:00,69.83,69.93,69.76,69.85,7124.784
1781815500000,2026-06-18 20:45:00,69.85,69.91,69.75,69.81,3948.902
1781816400000,2026-06-18 21:00:00,69.81,69.89,69.59,69.59,2746.273
1781817300000,2026-06-18 21:15:00,69.53,69.71,69.42,69.68,4943.403
1781818200000,2026-06-18 21:30:00,69.67,69.72,69.42,69.57,2202.073
1781819100000,2026-06-18 21:45:00,69.53,69.62,69.5,69.55,2547.239
1781820000000,2026-06-18 22:00:00,69.56,69.67,69.44,69.65,2106.685
1781820900000,2026-06-18 22:15:00,69.64,69.64,69.44,69.47,2764.922
1781821800000,2026-06-18 22:30:00,69.45,69.45,69.28,69.43,1676.26
1781822700000,2026-06-18 22:45:00,69.46,69.64,69.39,69.54,1951.121
1781823600000,2026-06-18 23:00:00,69.51,69.56,69.32,69.32,491.041
1781824500000,2026-06-18 23:15:00,69.28,69.56,69.28,69.56,90.034
1781825400000,2026-06-18 23:30:00,69.56,69.7,69.56,69.7,254.8
1781826300000,2026-06-18 23:45:00,69.67,69.72,69.54,69.71,699.392
1781827200000,2026-06-19 00:00:00,69.72,69.75,69.4,69.61,2354.004
1781828100000,2026-06-19 00:15:00,69.61,69.8,69.61,69.74,3065.517
1781829000000,2026-06-19 00:30:00,69.74,69.89,69.74,69.82,1407.561
1781829900000,2026-06-19 00:45:00,69.85,69.86,69.74,69.79,1568.165
1781830800000,2026-06-19 01:00:00,69.78,70.01,69.67,69.69,3751.286
1781831700000,2026-06-19 01:15:00,69.69,69.95,69.68,69.69,3680.689
1781832600000,2026-06-19 01:30:00,69.71,69.76,69.54,69.76,2961.296
1781833500000,2026-06-19 01:45:00,69.75,69.94,69.75,69.94,1957.459
1781834400000,2026-06-19 02:00:00,69.93,70.09,69.83,69.83,2492.099
1781835300000,2026-06-19 02:15:00,69.84,69.87,69.54,69.54,2109.537
1781836200000,2026-06-19 02:30:00,69.52,69.61,69.45,69.53,3013.23
1781837100000,2026-06-19 02:45:00,69.52,69.69,69.45,69.66,1746.014
1781838000000,2026-06-19 03:00:00,69.66,69.74,69.33,69.33,2889.118
1781838900000,2026-06-19 03:15:00,69.3,69.4,68.66,69.35,6166.046
1781839800000,2026-06-19 03:30:00,69.35,69.36,68.87,69.01,4308.384
1781840700000,2026-06-19 03:45:00,68.98,69.13,68.96,69.05,3957.454
1781841600000,2026-06-19 04:00:00,69.06,69.15,68.7,69.12,2272.859
1781842500000,2026-06-19 04:15:00,69.12,69.27,68.76,68.78,3309.45
1781843400000,2026-06-19 04:30:00,68.79,68.79,68.42,68.54,5593.3
1781844300000,2026-06-19 04:45:00,68.52,68.63,68.21,68.35,3507.839
1781845200000,2026-06-19 05:00:00,68.32,68.73,68.32,68.68,4865.741
1781846100000,2026-06-19 05:15:00,68.69,68.69,68.43,68.5,3422.335
1781847000000,2026-06-19 05:30:00,68.53,68.65,68.37,68.52,5650.019
1781847900000,2026-06-19 05:45:00,68.54,68.73,68.53,68.68,3313.115
1781848800000,2026-06-19 06:00:00,68.65,68.82,68.58,68.81,5057.593
1781849700000,2026-06-19 06:15:00,68.82,68.83,68.7,68.73,3984.232
1781850600000,2026-06-19 06:30:00,68.74,68.81,68.47,68.66,3030.027
1781851500000,2026-06-19 06:45:00,68.66,68.78,68.49,68.77,3227.061
1781852400000,2026-06-19 07:00:00,68.76,68.76,68.53,68.57,2404.973
1781853300000,2026-06-19 07:15:00,68.52,68.57,68.39,68.44,2502.371
1781854200000,2026-06-19 07:30:00,68.43,68.59,68.01,68.23,4385.611
1781855100000,2026-06-19 07:45:00,68.23,68.41,68.1,68.35,2865.098
1781856000000,2026-06-19 08:00:00,68.37,68.48,68.28,68.48,4347.771
1781856900000,2026-06-19 08:15:00,68.49,68.65,68.45,68.55,3794.484
1781857800000,2026-06-19 08:30:00,68.54,68.75,68.51,68.62,4064.603
1781858700000,2026-06-19 08:45:00,68.63,68.71,68.59,68.64,2898.5
1781859600000,2026-06-19 09:00:00,68.65,68.76,68.24,68.3,5050.999
1781860500000,2026-06-19 09:15:00,68.32,68.44,68.26,68.35,2223.022
1781861400000,2026-06-19 09:30:00,68.32,68.53,68.32,68.48,3584.696
1781862300000,2026-06-19 09:45:00,68.45,68.46,68.31,68.34,2482.619
1781863200000,2026-06-19 10:00:00,68.32,68.46,68.26,68.34,2540.256
1781864100000,2026-06-19 10:15:00,68.36,68.36,68.16,68.34,3246.376
1781865000000,2026-06-19 10:30:00,68.33,68.33,68.06,68.12,2804.21
1781865900000,2026-06-19 10:45:00,68.12,68.43,68.12,68.32,3329.956
1781866800000,2026-06-19 11:00:00,68.33,68.34,68.11,68.19,2404.069
1781867700000,2026-06-19 11:15:00,68.24,68.44,68.18,68.36,2534.058
1781868600000,2026-06-19 11:30:00,68.36,68.42,68.3,68.41,2082.228
1781869500000,2026-06-19 11:45:00,68.39,68.44,68.23,68.24,2657.18
1781870400000,2026-06-19 12:00:00,68.24,68.38,68.24,68.32,2865.987
1781871300000,2026-06-19 12:15:00,68.31,68.32,68.14,68.24,3803.752
1781872200000,2026-06-19 12:30:00,68.25,68.38,68.12,68.3,5179.149
1781873100000,2026-06-19 12:45:00,68.27,68.69,67.93,68.64,7028.695
1781874000000,2026-06-19 13:00:00,68.65,68.78,68.5,68.59,5841.024
1781874900000,2026-06-19 13:15:00,68.59,68.62,68.41,68.53,5158.794
1781875800000,2026-06-19 13:30:00,68.61,69.06,68.49,69.03,4921.416
1781876700000,2026-06-19 13:45:00,69.02,69.5,69.01,69.31,5597.26
1781877600000,2026-06-19 14:00:00,69.28,69.39,68.91,68.98,4755.58
1781878500000,2026-06-19 14:15:00,68.99,69.34,68.85,69.31,4448.137
1781879400000,2026-06-19 14:30:00,69.31,69.47,69.13,69.33,7509.4
1781880300000,2026-06-19 14:45:00,69.33,69.46,69.15,69.19,3900.776
1781881200000,2026-06-19 15:00:00,69.17,69.19,68.97,69.16,2588.368
1781882100000,2026-06-19 15:15:00,69.19,69.24,68.94,69.02,4373.668
1781883000000,2026-06-19 15:30:00,69.04,69.52,69.04,69.45,5438.248
1781883900000,2026-06-19 15:45:00,69.45,69.47,69.27,69.32,3817.958
1781884800000,2026-06-19 16:00:00,69.31,69.55,69.25,69.55,6602.144
1781885700000,2026-06-19 16:15:00,69.56,69.56,69.43,69.43,3232.419
1781886600000,2026-06-19 16:30:00,69.42,69.45,69.19,69.27,3233.098
1781887500000,2026-06-19 16:45:00,69.26,69.26,68.7,68.7,5441.191
1781888400000,2026-06-19 17:00:00,68.7,68.9,68.69,68.89,2443.746
1781889300000,2026-06-19 17:15:00,68.94,69.23,68.9,68.96,4096.251
1781890200000,2026-06-19 17:30:00,68.97,69.41,68.97,69.41,3985.692
1781891100000,2026-06-19 17:45:00,69.37,69.51,69.26,69.35,3154.862
1781892000000,2026-06-19 18:00:00,69.37,69.37,69.16,69.26,3676.903
1781892900000,2026-06-19 18:15:00,69.25,69.25,69.08,69.08,1485.997
1781893800000,2026-06-19 18:30:00,69.05,69.15,68.82,68.88,3933.437
1781894700000,2026-06-19 18:45:00,68.9,69.06,68.9,69.05,2845.414
1781895600000,2026-06-19 19:00:00,69.05,69.14,68.83,68.98,4777.823
1781896500000,2026-06-19 19:15:00,68.97,69.01,68.81,68.92,4023.67
1781897400000,2026-06-19 19:30:00,68.92,68.92,68.79,68.88,3115.157
1781898300000,2026-06-19 19:45:00,68.88,69.12,68.86,68.96,3452.13
1781899200000,2026-06-19 20:00:00,68.97,69.08,68.96,69.01,2877.462
1781900100000,2026-06-19 20:15:00,68.99,68.99,68.75,68.94,2399.391
1781901000000,2026-06-19 20:30:00,68.95,69.0,68.84,68.93,3529.857
1781901900000,2026-06-19 20:45:00,68.92,69.29,68.92,69.26,4653.239
1781902800000,2026-06-19 21:00:00,69.26,69.3,69.09,69.27,2447.012
1781903700000,2026-06-19 21:15:00,69.29,69.29,69.12,69.13,2553.852
1781904600000,2026-06-19 21:30:00,69.14,69.19,68.94,68.95,1560.545
1781905500000,2026-06-19 21:45:00,68.94,69.02,68.91,69.0,1834.779
1781906400000,2026-06-19 22:00:00,69.01,69.08,69.0,69.08,1092.388
1781907300000,2026-06-19 22:15:00,69.09,69.38,69.08,69.31,1663.135
1781908200000,2026-06-19 22:30:00,69.32,69.43,69.27,69.37,2475.142
1781909100000,2026-06-19 22:45:00,69.37,69.43,69.27,69.37,2529.786
1781910000000,2026-06-19 23:00:00,69.38,69.43,69.24,69.24,2035.737
1781910900000,2026-06-19 23:15:00,69.25,70.4,69.24,69.42,8778.43
1781911800000,2026-06-19 23:30:00,69.45,69.52,69.41,69.42,3224.576
1781912700000,2026-06-19 23:45:00,69.45,69.83,69.4,69.76,2230.751
1781913600000,2026-06-20 00:00:00,69.76,69.86,69.62,69.68,5633.803
1781914500000,2026-06-20 00:15:00,69.69,69.95,69.69,69.9,4761.454
1781915400000,2026-06-20 00:30:00,69.89,70.09,69.75,69.82,2680.397
1781916300000,2026-06-20 00:45:00,69.82,69.82,69.62,69.63,5451.374
1781917200000,2026-06-20 01:00:00,69.62,69.67,69.56,69.57,1791.791
1781918100000,2026-06-20 01:15:00,69.56,69.74,69.54,69.63,2293.279
1781919000000,2026-06-20 01:30:00,69.63,69.93,69.62,69.81,2470.977
1781919900000,2026-06-20 01:45:00,69.79,69.85,69.75,69.8,2079.885
1781920800000,2026-06-20 02:00:00,69.81,69.85,69.64,69.66,1173.618
1781921700000,2026-06-20 02:15:00,69.67,69.67,69.49,69.51,1297.092
1781922600000,2026-06-20 02:30:00,69.53,69.73,69.52,69.57,2363.949
1781923500000,2026-06-20 02:45:00,69.58,69.72,69.58,69.65,1975.383
1781924400000,2026-06-20 03:00:00,69.65,69.85,69.65,69.83,2728.347
1781925300000,2026-06-20 03:15:00,69.83,70.03,69.83,69.93,2188.621
1781926200000,2026-06-20 03:30:00,69.96,70.08,69.89,70.06,2740.042
1781927100000,2026-06-20 03:45:00,70.06,70.11,69.97,70.0,1343.035
1781928000000,2026-06-20 04:00:00,70.0,70.05,69.9,70.01,3089.765
1781928900000,2026-06-20 04:15:00,70.02,70.43,70.01,70.43,7084.896
1781929800000,2026-06-20 04:30:00,70.42,70.91,70.37,70.87,7216.383
1781930700000,2026-06-20 04:45:00,70.89,71.07,70.77,70.84,5812.942
1781931600000,2026-06-20 05:00:00,70.85,72.36,70.72,72.28,11249.273
1781932500000,2026-06-20 05:15:00,72.28,72.3,71.45,71.48,9202.052
1781933400000,2026-06-20 05:30:00,71.47,71.82,71.47,71.64,8927.534
1781934300000,2026-06-20 05:45:00,71.63,71.84,71.6,71.81,7008.073
1781935200000,2026-06-20 06:00:00,71.79,71.94,71.73,71.9,5479.109
1781936100000,2026-06-20 06:15:00,71.9,72.39,71.83,72.06,10520.59
1781937000000,2026-06-20 06:30:00,72.07,72.3,71.99,72.2,7449.169
1781937900000,2026-06-20 06:45:00,72.19,72.26,72.04,72.12,3438.565
1781938800000,2026-06-20 07:00:00,72.1,72.12,71.57,71.71,6241.932
1781939700000,2026-06-20 07:15:00,71.71,71.93,71.66,71.89,4307.215
1781940600000,2026-06-20 07:30:00,71.89,71.97,71.72,71.74,4175.251
1781941500000,2026-06-20 07:45:00,71.73,71.76,71.48,71.58,4496.054
1781942400000,2026-06-20 08:00:00,71.6,71.61,71.38,71.51,3564.935
1781943300000,2026-06-20 08:15:00,71.52,71.64,71.52,71.58,3039.697
1781944200000,2026-06-20 08:30:00,71.57,71.57,71.33,71.42,6001.754
1781945100000,2026-06-20 08:45:00,71.43,71.44,71.27,71.34,3080.318
1781946000000,2026-06-20 09:00:00,71.34,71.49,71.34,71.38,2781.627
1781946900000,2026-06-20 09:15:00,71.38,71.39,71.22,71.38,3664.367
1781947800000,2026-06-20 09:30:00,71.37,71.59,71.37,71.5,3531.236
1781948700000,2026-06-20 09:45:00,71.57,71.63,71.5,71.56,2776.07
1781949600000,2026-06-20 10:00:00,71.56,71.64,71.45,71.52,2864.922
1781950500000,2026-06-20 10:15:00,71.52,71.64,71.51,71.6,4628.879
1781951400000,2026-06-20 10:30:00,71.62,71.64,71.41,71.47,3403.635
1781952300000,2026-06-20 10:45:00,71.47,71.71,71.47,71.69,5156.36
1781953200000,2026-06-20 11:00:00,71.69,71.76,71.45,71.52,4897.194
1781954100000,2026-06-20 11:15:00,71.53,71.61,71.47,71.6,3962.052
1781955000000,2026-06-20 11:30:00,71.61,71.89,71.58,71.85,4037.286
1781955900000,2026-06-20 11:45:00,71.85,72.06,71.78,71.78,5435.965
1781956800000,2026-06-20 12:00:00,71.77,71.92,71.72,71.9,4976.326
1781957700000,2026-06-20 12:15:00,71.9,71.93,71.79,71.79,4360.308
1781958600000,2026-06-20 12:30:00,71.8,71.8,71.51,71.56,3321.888
1781959500000,2026-06-20 12:45:00,71.58,71.59,71.43,71.55,3484.953
1781960400000,2026-06-20 13:00:00,71.55,71.57,71.47,71.5,3212.627
1781961300000,2026-06-20 13:15:00,71.49,71.58,70.78,70.85,5779.623
1781962200000,2026-06-20 13:30:00,70.86,71.15,70.86,71.14,6027.909
1781963100000,2026-06-20 13:45:00,71.15,71.3,71.13,71.25,5077.807
1781964000000,2026-06-20 14:00:00,71.24,71.25,70.49,70.5,7102.781
1781964900000,2026-06-20 14:15:00,70.53,70.83,70.53,70.78,4495.999
1781965800000,2026-06-20 14:30:00,70.78,71.09,70.73,71.09,5551.663
1781966700000,2026-06-20 14:45:00,71.09,72.04,71.09,71.87,9803.524
1781967600000,2026-06-20 15:00:00,71.95,71.98,71.61,71.95,7454.794
1781968500000,2026-06-20 15:15:00,71.99,72.56,71.86,72.15,7904.087
1781969400000,2026-06-20 15:30:00,72.17,72.25,71.75,71.78,6579.093
1781970300000,2026-06-20 15:45:00,71.79,72.07,71.79,71.99,2391.709
1781971200000,2026-06-20 16:00:00,72.0,72.05,71.66,71.69,4141.935
1781972100000,2026-06-20 16:15:00,71.73,71.83,71.47,71.49,3727.834
1781973000000,2026-06-20 16:30:00,71.49,71.58,71.33,71.56,4329.206
1781973900000,2026-06-20 16:45:00,71.53,71.67,71.48,71.67,2768.402
1781974800000,2026-06-20 17:00:00,71.67,71.67,71.4,71.5,1933.141
1781975700000,2026-06-20 17:15:00,71.49,71.53,71.36,71.51,3108.934
1781976600000,2026-06-20 17:30:00,71.51,71.62,71.09,71.4,6474.226
1781977500000,2026-06-20 17:45:00,71.4,71.65,71.4,71.57,3996.182
1781978400000,2026-06-20 18:00:00,71.57,71.78,71.53,71.68,3967.656
1781979300000,2026-06-20 18:15:00,71.68,71.88,71.67,71.88,1837.916
1781980200000,2026-06-20 18:30:00,71.89,71.95,71.72,71.78,3577.204
1781981100000,2026-06-20 18:45:00,71.78,71.83,71.72,71.76,1981.435
1781982000000,2026-06-20 19:00:00,71.75,71.84,71.63,71.79,4619.677
1781982900000,2026-06-20 19:15:00,71.81,71.81,71.62,71.65,4423.971
1781983800000,2026-06-20 19:30:00,71.67,71.92,71.66,71.87,3030.156
1781984700000,2026-06-20 19:45:00,71.9,71.9,71.78,71.87,538.38
1781985600000,2026-06-20 20:00:00,71.87,71.98,71.86,71.93,3732.295
1781986500000,2026-06-20 20:15:00,71.92,71.93,71.83,71.83,1631.284
1781987400000,2026-06-20 20:30:00,71.83,71.87,71.71,71.86,2102.088
1781988300000,2026-06-20 20:45:00,71.85,72.02,71.85,72.02,1399.855
1781989200000,2026-06-20 21:00:00,72.02,72.58,71.96,72.3,2394.375
1781990100000,2026-06-20 21:15:00,72.3,72.3,72.15,72.16,2096.863
1781991000000,2026-06-20 21:30:00,72.16,72.35,72.14,72.34,2112.51
1781991900000,2026-06-20 21:45:00,72.34,72.43,72.27,72.37,2601.675
1781992800000,2026-06-20 22:00:00,72.41,73.45,72.36,73.29,4664.564
1781993700000,2026-06-20 22:15:00,73.29,73.94,72.99,73.94,6021.685
1781994600000,2026-06-20 22:30:00,73.94,73.95,73.93,73.93,4496.958
1781995500000,2026-06-20 22:45:00,73.93,74.09,73.54,73.54,5637.263
1781996400000,2026-06-20 23:00:00,73.54,73.64,73.45,73.46,2496.454
1781997300000,2026-06-20 23:15:00,73.47,73.62,73.3,73.33,2138.799
1781998200000,2026-06-20 23:30:00,73.33,73.45,73.25,73.4,2924.671
1781999100000,2026-06-20 23:45:00,73.39,73.39,73.22,73.24,751.265
1782000000000,2026-06-21 00:00:00,73.25,73.25,73.08,73.19,2916.941
1782000900000,2026-06-21 00:15:00,73.21,73.28,73.03,73.07,1940.293
1782001800000,2026-06-21 00:30:00,73.06,73.2,73.02,73.1,2318.212
1782002700000,2026-06-21 00:45:00,73.07,73.2,73.04,73.15,3548.428
1782003600000,2026-06-21 01:00:00,73.15,73.28,73.14,73.16,3536.291
1782004500000,2026-06-21 01:15:00,73.17,73.18,72.95,72.97,1898.323
1782005400000,2026-06-21 01:30:00,72.97,73.15,72.88,73.11,2122.572
1782006300000,2026-06-21 01:45:00,73.13,73.26,73.11,73.2,1976.314
1782007200000,2026-06-21 02:00:00,73.19,73.24,73.09,73.24,2284.385
1782008100000,2026-06-21 02:15:00,73.25,73.26,73.14,73.2,1677.818
1782009000000,2026-06-21 02:30:00,73.18,73.3,73.14,73.23,1218.939
1782009900000,2026-06-21 02:45:00,73.23,73.38,73.23,73.33,872.666
1782010800000,2026-06-21 03:00:00,73.34,73.62,73.16,73.59,4565.15
1782011700000,2026-06-21 03:15:00,73.59,73.84,73.48,73.6,4207.584
1782012600000,2026-06-21 03:30:00,73.55,73.74,73.46,73.74,3185.616
1782013500000,2026-06-21 03:45:00,73.74,73.78,73.58,73.64,1207.572
1782014400000,2026-06-21 04:00:00,73.64,73.65,73.47,73.49,1298.393
1782015300000,2026-06-21 04:15:00,73.52,73.81,73.52,73.79,2050.541
1782016200000,2026-06-21 04:30:00,73.79,73.81,73.65,73.74,1743.7
1782017100000,2026-06-21 04:45:00,73.74,73.75,73.4,73.44,888.429
1782018000000,2026-06-21 05:00:00,73.44,73.51,73.22,73.23,1337.538
1782018900000,2026-06-21 05:15:00,73.22,73.24,73.05,73.24,1129.27
1782019800000,2026-06-21 05:30:00,73.22,73.25,73.14,73.16,1628.795
1782020700000,2026-06-21 05:45:00,73.15,73.16,73.02,73.09,1192.392
1782021600000,2026-06-21 06:00:00,73.09,73.2,73.05,73.06,2019.541
1782022500000,2026-06-21 06:15:00,73.06,73.28,73.06,73.24,1758.962
1782023400000,2026-06-21 06:30:00,73.23,73.36,73.15,73.33,975.862
1782024300000,2026-06-21 06:45:00,73.31,73.31,73.2,73.24,695.146
1782025200000,2026-06-21 07:00:00,73.23,73.35,73.2,73.35,1329.297
1782026100000,2026-06-21 07:15:00,73.34,73.45,73.22,73.29,890.811
1782027000000,2026-06-21 07:30:00,73.29,73.44,73.2,73.31,4342.961
1782027900000,2026-06-21 07:45:00,73.32,73.38,73.12,73.2,1641.174
1782028800000,2026-06-21 08:00:00,73.2,73.24,73.07,73.14,1193.468
1782029700000,2026-06-21 08:15:00,73.12,73.12,72.96,73.02,1054.322
1782030600000,2026-06-21 08:30:00,73.01,73.05,72.75,73.05,2000.269
1782031500000,2026-06-21 08:45:00,73.06,73.15,72.9,73.15,2714.231
1782032400000,2026-06-21 09:00:00,73.16,73.25,73.11,73.21,3842.487
1782033300000,2026-06-21 09:15:00,73.2,73.69,73.2,73.59,5130.33
1782034200000,2026-06-21 09:30:00,73.59,73.98,73.58,73.79,2769.106
1782035100000,2026-06-21 09:45:00,73.79,74.08,73.76,74.05,1918.528
1782036000000,2026-06-21 10:00:00,74.05,74.13,73.9,74.04,1937.499
1782036900000,2026-06-21 10:15:00,74.04,74.39,73.99,74.17,3155.361
1782037800000,2026-06-21 10:30:00,74.16,74.28,74.04,74.05,2076.159
1782038700000,2026-06-21 10:45:00,74.06,74.18,73.9,73.9,2757.576
1782039600000,2026-06-21 11:00:00,73.89,74.01,73.74,73.91,2080.78
1782040500000,2026-06-21 11:15:00,73.93,73.94,73.39,73.58,3063.982
1782041400000,2026-06-21 11:30:00,73.58,73.58,73.3,73.42,1965.707
1782042300000,2026-06-21 11:45:00,73.44,73.51,73.14,73.19,3493.972
1782043200000,2026-06-21 12:00:00,73.2,73.29,73.12,73.15,2657.548
1782044100000,2026-06-21 12:15:00,73.14,73.15,72.93,73.05,2874.818
1782045000000,2026-06-21 12:30:00,73.06,73.24,73.03,73.23,1794.151
1782045900000,2026-06-21 12:45:00,73.25,73.69,73.2,73.66,2078.482
1782046800000,2026-06-21 13:00:00,73.65,73.82,73.57,73.73,2978.862
1782047700000,2026-06-21 13:15:00,73.76,73.92,73.7,73.74,2863.359
1782048600000,2026-06-21 13:30:00,73.76,73.78,73.48,73.54,2253.496
1782049500000,2026-06-21 13:45:00,73.51,73.92,73.51,73.91,2475.695
1782050400000,2026-06-21 14:00:00,73.91,73.98,73.78,73.79,1862.612
1782051300000,2026-06-21 14:15:00,73.78,73.97,73.65,73.81,2201.977
1782052200000,2026-06-21 14:30:00,73.82,74.11,73.78,74.02,3384.954
1782053100000,2026-06-21 14:45:00,74.03,74.1,73.81,74.1,2282.634
1782054000000,2026-06-21 15:00:00,74.1,74.25,73.99,74.01,3880.05
1782054900000,2026-06-21 15:15:00,74.01,74.19,73.93,74.16,2085.606
1782055800000,2026-06-21 15:30:00,74.16,74.23,74.05,74.21,1765.014
1782056700000,2026-06-21 15:45:00,74.21,74.21,74.01,74.14,1066.307
1782057600000,2026-06-21 16:00:00,74.15,74.15,73.87,73.87,2570.048
1782058500000,2026-06-21 16:15:00,73.88,74.08,73.88,74.01,2210.747
1782059400000,2026-06-21 16:30:00,74.0,74.07,73.8,74.05,4185.675
1782060300000,2026-06-21 16:45:00,74.07,74.59,74.05,74.34,7038.243
1782061200000,2026-06-21 17:00:00,74.34,74.55,74.19,74.52,3638.33
1782062100000,2026-06-21 17:15:00,74.53,74.63,74.3,74.5,4377.95
1782063000000,2026-06-21 17:30:00,74.49,74.49,74.05,74.19,1755.71
1782063900000,2026-06-21 17:45:00,74.21,74.41,74.21,74.32,1679.817
1782064800000,2026-06-21 18:00:00,74.25,74.25,73.89,73.95,2702.587
1782065700000,2026-06-21 18:15:00,73.96,74.15,73.96,74.1,2322.312
1782066600000,2026-06-21 18:30:00,74.13,74.43,74.06,74.31,2685.981
1782067500000,2026-06-21 18:45:00,74.28,74.34,74.12,74.21,3267.511
1782068400000,2026-06-21 19:00:00,74.21,74.47,74.11,74.43,2650.515
1782069300000,2026-06-21 19:15:00,74.43,74.43,74.24,74.27,2734.733
1782070200000,2026-06-21 19:30:00,74.26,74.39,74.23,74.34,1546.349
1782071100000,2026-06-21 19:45:00,74.38,74.46,74.34,74.42,1517.66
1782072000000,2026-06-21 20:00:00,74.42,74.51,74.19,74.24,2036.199
1782072900000,2026-06-21 20:15:00,74.24,74.26,73.99,74.09,1982.711
1782073800000,2026-06-21 20:30:00,74.11,74.13,73.87,73.87,1843.665
1782074700000,2026-06-21 20:45:00,73.86,73.86,73.38,73.43,3878.214
1782075600000,2026-06-21 21:00:00,73.43,73.47,72.43,72.73,3171.833
1782076500000,2026-06-21 21:15:00,72.73,73.1,72.49,72.79,3029.674
1782077400000,2026-06-21 21:30:00,72.78,73.32,72.78,73.26,4540.613
1782078300000,2026-06-21 21:45:00,73.26,73.36,73.19,73.35,2049.339
1782079200000,2026-06-21 22:00:00,73.33,73.49,72.9,73.04,4619.897
1782080100000,2026-06-21 22:15:00,73.04,73.24,72.97,72.97,2436.012
1782081000000,2026-06-21 22:30:00,72.97,72.97,72.64,72.91,4299.937
1782081900000,2026-06-21 22:45:00,72.91,73.22,72.87,73.08,2834.486
1782082800000,2026-06-21 23:00:00,73.05,73.06,72.74,72.82,3331.814
1782083700000,2026-06-21 23:15:00,72.81,73.09,72.76,72.89,2922.37
1782084600000,2026-06-21 23:30:00,72.9,72.97,72.36,72.5,3340.084
1782085500000,2026-06-21 23:45:00,72.5,72.64,72.42,72.51,3486.337
1782086400000,2026-06-22 00:00:00,72.47,72.87,72.46,72.75,3860.446
1782087300000,2026-06-22 00:15:00,72.75,73.12,72.7,72.98,3671.478
1782088200000,2026-06-22 00:30:00,72.99,73.53,72.97,73.29,2579.433
1782089100000,2026-06-22 00:45:00,73.29,73.46,73.06,73.4,2572.997
1782090000000,2026-06-22 01:00:00,73.37,73.58,73.27,73.31,3847.658
1782090900000,2026-06-22 01:15:00,73.32,74.91,73.32,74.59,6093.039
1782091800000,2026-06-22 01:30:00,74.59,74.76,74.12,74.4,4571.031
1782092700000,2026-06-22 01:45:00,74.4,74.52,74.32,74.47,3188.85
1782093600000,2026-06-22 02:00:00,74.37,74.37,74.02,74.12,3637.638
1782094500000,2026-06-22 02:15:00,74.13,74.33,74.0,74.25,4559.292
1782095400000,2026-06-22 02:30:00,74.25,74.28,74.07,74.07,6848.648
1782096300000,2026-06-22 02:45:00,74.07,74.09,73.79,73.83,3777.077
1782097200000,2026-06-22 03:00:00,73.84,73.84,73.3,73.56,6066.668
1782098100000,2026-06-22 03:15:00,73.55,74.02,73.55,73.8,3372.119
1782099000000,2026-06-22 03:30:00,73.81,74.04,73.72,73.74,2904.333
1782099900000,2026-06-22 03:45:00,73.73,73.74,73.39,73.52,3726.027
1782100800000,2026-06-22 04:00:00,73.53,73.68,73.38,73.63,3354.433
1782101700000,2026-06-22 04:15:00,73.59,73.69,73.55,73.67,1559.551
1782102600000,2026-06-22 04:30:00,73.67,73.7,73.47,73.47,2113.147
1782103500000,2026-06-22 04:45:00,73.45,73.91,73.45,73.87,2693.22
1782104400000,2026-06-22 05:00:00,73.87,74.12,73.81,74.12,3937.065
1782105300000,2026-06-22 05:15:00,74.14,74.14,74.01,74.08,1890.251
1782106200000,2026-06-22 05:30:00,74.05,74.12,73.97,74.01,2126.579
1782107100000,2026-06-22 05:45:00,74.03,74.03,73.87,73.93,855.085
1782108000000,2026-06-22 06:00:00,73.96,74.17,73.84,74.0,2379.372
1782108900000,2026-06-22 06:15:00,74.0,74.09,73.81,73.87,2410.381
1782109800000,2026-06-22 06:30:00,73.85,73.85,73.62,73.69,2424.025
1782110700000,2026-06-22 06:45:00,73.69,73.77,73.56,73.76,2402.343
1782111600000,2026-06-22 07:00:00,73.72,74.26,73.68,74.21,2989.803
1782112500000,2026-06-22 07:15:00,74.2,74.37,74.15,74.31,2620.434
1782113400000,2026-06-22 07:30:00,74.33,74.44,74.19,74.19,1378.364
1782114300000,2026-06-22 07:45:00,74.19,74.24,74.03,74.11,2459.89
1782115200000,2026-06-22 08:00:00,74.11,74.3,74.02,74.3,3459.095
1782116100000,2026-06-22 08:15:00,74.3,74.3,74.0,74.01,2039.652
1782117000000,2026-06-22 08:30:00,73.98,74.04,73.72,74.03,3261.503
1782117900000,2026-06-22 08:45:00,74.04,74.1,73.83,73.91,2372.163
1782118800000,2026-06-22 09:00:00,73.9,74.02,73.84,73.91,2363.773
1782119700000,2026-06-22 09:15:00,73.91,73.94,73.7,73.7,2075.55
1782120600000,2026-06-22 09:30:00,73.69,73.82,73.58,73.75,2789.234
1782121500000,2026-06-22 09:45:00,73.76,73.88,73.71,73.78,2735.586
1782122400000,2026-06-22 10:00:00,73.79,74.01,73.71,73.92,4322.916
1782123300000,2026-06-22 10:15:00,73.89,73.94,73.67,73.67,1680.419
1782124200000,2026-06-22 10:30:00,73.67,73.77,73.64,73.64,989.244
1782125100000,2026-06-22 10:45:00,73.61,73.88,73.61,73.8,1889.716
1782126000000,2026-06-22 11:00:00,73.77,74.21,73.66,73.98,1749.172
1782126900000,2026-06-22 11:15:00,73.99,74.05,73.8,73.9,2765.616
1782127800000,2026-06-22 11:30:00,73.89,74.39,73.88,74.2,3055.844
1782128700000,2026-06-22 11:45:00,74.22,74.4,74.15,74.19,4367.461
1782129600000,2026-06-22 12:00:00,74.18,74.23,74.06,74.18,4088.427
1782130500000,2026-06-22 12:15:00,74.16,74.36,74.05,74.34,1703.794
1782131400000,2026-06-22 12:30:00,74.36,74.54,74.16,74.39,4466.401
1782132300000,2026-06-22 12:45:00,74.4,74.54,74.26,74.38,2641.992
1782133200000,2026-06-22 13:00:00,74.41,74.54,74.28,74.45,2719.377
1782134100000,2026-06-22 13:15:00,74.43,74.52,74.24,74.31,1628.309
1782135000000,2026-06-22 13:30:00,74.29,74.84,74.28,74.7,5005.011
1782135900000,2026-06-22 13:45:00,74.7,74.98,74.7,74.96,4503.727
1782136800000,2026-06-22 14:00:00,74.97,74.98,74.25,74.31,3304.389
1782137700000,2026-06-22 14:15:00,74.31,74.33,73.75,73.76,4206.121
1782138600000,2026-06-22 14:30:00,73.77,73.83,73.41,73.46,5706.688
1782139500000,2026-06-22 14:45:00,73.46,73.68,73.26,73.43,3710.952
1782140400000,2026-06-22 15:00:00,73.42,73.7,73.28,73.64,4718.293
1782141300000,2026-06-22 15:15:00,73.64,73.75,73.48,73.63,5635.964
1782142200000,2026-06-22 15:30:00,73.62,73.76,73.51,73.52,5493.215
1782143100000,2026-06-22 15:45:00,73.44,73.55,73.02,73.12,3809.975
1782144000000,2026-06-22 16:00:00,73.11,73.16,72.69,72.75,5366.046
1782144900000,2026-06-22 16:15:00,72.76,72.95,72.67,72.8,2530.305
1782145800000,2026-06-22 16:30:00,72.77,72.77,72.6,72.7,2129.966
1782146700000,2026-06-22 16:45:00,72.72,72.98,72.63,72.96,1648.863
1782147600000,2026-06-22 17:00:00,72.97,73.03,72.83,72.97,1678.053
1782148500000,2026-06-22 17:15:00,72.99,73.03,72.79,72.79,1982.244
1782149400000,2026-06-22 17:30:00,72.77,72.93,72.69,72.91,4745.962
1782150300000,2026-06-22 17:45:00,72.92,73.34,72.91,73.29,4058.367
1782151200000,2026-06-22 18:00:00,73.28,73.51,73.27,73.48,6603.741
1782152100000,2026-06-22 18:15:00,73.49,73.57,73.31,73.36,2126.292
1782153000000,2026-06-22 18:30:00,73.36,73.42,73.28,73.29,966.467
1782153900000,2026-06-22 18:45:00,73.31,73.32,72.59,72.62,11381.245
1782154800000,2026-06-22 19:00:00,72.65,72.73,72.53,72.66,2079.888
1782155700000,2026-06-22 19:15:00,72.66,72.81,72.46,72.65,1443.333
1782156600000,2026-06-22 19:30:00,72.64,72.81,72.6,72.74,1145.364
1782157500000,2026-06-22 19:45:00,72.7,72.78,72.56,72.74,1370.079
1782158400000,2026-06-22 20:00:00,72.71,72.96,72.69,72.79,2871.318
1782159300000,2026-06-22 20:15:00,72.78,72.81,72.51,72.61,1540.66
1782160200000,2026-06-22 20:30:00,72.62,72.82,72.62,72.81,1337.516
1782161100000,2026-06-22 20:45:00,72.81,72.85,72.63,72.81,1937.606
1782162000000,2026-06-22 21:00:00,72.82,72.88,72.73,72.74,2839.575
1782162900000,2026-06-22 21:15:00,72.73,72.74,71.76,72.68,7534.342
1782163800000,2026-06-22 21:30:00,72.69,72.69,72.28,72.42,1315.654
1782164700000,2026-06-22 21:45:00,72.39,72.71,72.39,72.7,234.908
1782165600000,2026-06-22 22:00:00,72.73,72.93,72.69,72.74,924.021
1782166500000,2026-06-22 22:15:00,72.74,72.79,71.54,71.87,1324.775
1782167400000,2026-06-22 22:30:00,71.88,72.02,71.63,71.74,1483.052
1782168300000,2026-06-22 22:45:00,71.72,72.14,71.7,72.11,205.672
1782169200000,2026-06-22 23:00:00,72.11,72.14,71.98,72.05,1159.468
1782170100000,2026-06-22 23:15:00,72.03,72.16,71.92,72.1,1345.347
1782171000000,2026-06-22 23:30:00,72.08,72.08,71.94,71.96,600.069
1782171900000,2026-06-22 23:45:00,71.95,72.02,71.84,72.0,444.02
1782172800000,2026-06-23 00:00:00,71.96,71.97,71.8,71.82,1684.082
1782173700000,2026-06-23 00:15:00,71.9,71.9,71.48,71.48,2313.363
1782174600000,2026-06-23 00:30:00,71.49,71.86,71.47,71.86,2009.764
1782175500000,2026-06-23 00:45:00,71.86,71.89,71.69,71.89,1750.203
1782176400000,2026-06-23 01:00:00,71.88,72.03,71.82,71.86,1919.413
1782177300000,2026-06-23 01:15:00,71.85,72.02,71.84,71.86,1819.272
1782178200000,2026-06-23 01:30:00,71.89,72.01,71.64,71.68,1325.963
1782179100000,2026-06-23 01:45:00,71.68,71.78,71.33,71.71,2025.985
1782180000000,2026-06-23 02:00:00,71.73,71.79,71.56,71.76,2534.162
1782180900000,2026-06-23 02:15:00,71.77,72.01,71.77,71.9,4597.245
1782181800000,2026-06-23 02:30:00,71.9,72.01,71.87,72.01,2450.323
1782182700000,2026-06-23 02:45:00,72.01,72.06,71.9,72.03,2484.734
1782183600000,2026-06-23 03:00:00,72.01,72.01,71.72,71.81,1256.62
1782184500000,2026-06-23 03:15:00,71.8,71.95,71.76,71.92,1831.373
1782185400000,2026-06-23 03:30:00,71.93,71.93,71.75,71.86,1137.704
1782186300000,2026-06-23 03:45:00,71.86,71.99,71.85,71.99,2054.779
1782187200000,2026-06-23 04:00:00,72.0,72.02,71.8,71.92,1912.759
1782188100000,2026-06-23 04:15:00,71.92,71.93,71.71,71.92,793.009
1782189000000,2026-06-23 04:30:00,71.93,71.98,71.77,71.8,1274.464
1782189900000,2026-06-23 04:45:00,71.78,71.8,71.4,71.48,2846.875
1782190800000,2026-06-23 05:00:00,71.48,71.6,71.39,71.45,3007.034
1782191700000,2026-06-23 05:15:00,71.45,71.53,71.04,71.16,2330.958
1782192600000,2026-06-23 05:30:00,71.16,71.2,70.93,71.18,2759.103
1782193500000,2026-06-23 05:45:00,71.18,71.18,70.92,71.02,3938.715
1782194400000,2026-06-23 06:00:00,71.0,71.05,70.61,70.77,5348.291
1782195300000,2026-06-23 06:15:00,70.79,70.85,69.73,69.98,8451.859
1782196200000,2026-06-23 06:30:00,69.98,70.29,69.88,70.17,2861.44
1782197100000,2026-06-23 06:45:00,70.18,70.39,70.14,70.33,2740.39
1782198000000,2026-06-23 07:00:00,70.32,70.53,70.3,70.53,1766.273
1782198900000,2026-06-23 07:15:00,70.51,70.56,70.37,70.46,1673.745
1782199800000,2026-06-23 07:30:00,70.45,70.45,70.14,70.14,2505.946
1782200700000,2026-06-23 07:45:00,70.15,70.26,69.97,69.97,2221.351
1782201600000,2026-06-23 08:00:00,70.0,70.09,69.02,69.11,4324.119
1782202500000,2026-06-23 08:15:00,69.12,69.12,68.25,68.48,4734.207
1782203400000,2026-06-23 08:30:00,68.44,68.91,68.44,68.79,3250.006
1782204300000,2026-06-23 08:45:00,68.79,68.79,68.58,68.67,2835.099
1782205200000,2026-06-23 09:00:00,68.67,68.92,68.67,68.83,2830.954
1782206100000,2026-06-23 09:15:00,68.83,69.03,68.82,68.98,3404.799
1782207000000,2026-06-23 09:30:00,68.98,69.03,68.77,68.88,2783.112
1782207900000,2026-06-23 09:45:00,68.88,69.05,68.83,68.9,4098.75
1782208800000,2026-06-23 10:00:00,68.94,69.19,68.94,68.99,2356.588
1782209700000,2026-06-23 10:15:00,68.99,69.03,68.9,68.91,2840.71
1782210600000,2026-06-23 10:30:00,68.92,68.97,68.69,68.72,1544.516
1782211500000,2026-06-23 10:45:00,68.71,68.84,68.65,68.83,1152.902
1782212400000,2026-06-23 11:00:00,68.83,68.98,68.82,68.98,1507.212
1782213300000,2026-06-23 11:15:00,68.98,69.23,68.94,69.16,4441.045
1782214200000,2026-06-23 11:30:00,69.17,69.32,69.14,69.23,2719.661
1782215100000,2026-06-23 11:45:00,69.23,69.35,69.12,69.31,3227.906
1782216000000,2026-06-23 12:00:00,69.33,69.37,69.14,69.19,3819.956
1782216900000,2026-06-23 12:15:00,69.19,69.24,69.06,69.16,1827.119
1782217800000,2026-06-23 12:30:00,69.2,69.34,69.1,69.1,3841.868
1782218700000,2026-06-23 12:45:00,69.1,69.11,68.89,68.97,3592.944
1782219600000,2026-06-23 13:00:00,68.98,69.0,68.77,68.97,1048.015
1782220500000,2026-06-23 13:15:00,68.95,68.95,68.7,68.81,3230.707
1782221400000,2026-06-23 13:30:00,68.81,69.3,68.66,69.0,5396.308
1782222300000,2026-06-23 13:45:00,68.99,69.29,68.84,69.18,5829.658
1782223200000,2026-06-23 14:00:00,69.19,69.47,69.11,69.47,3318.272
1782224100000,2026-06-23 14:15:00,69.51,69.66,69.15,69.32,3542.878
1782225000000,2026-06-23 14:30:00,69.36,69.59,69.16,69.27,5105.898
1782225900000,2026-06-23 14:45:00,69.27,69.38,69.12,69.2,4938.297
1782226800000,2026-06-23 15:00:00,69.2,69.21,68.71,68.8,4571.232
1782227700000,2026-06-23 15:15:00,68.85,68.85,68.56,68.63,3918.088
1782228600000,2026-06-23 15:30:00,68.65,69.02,68.65,68.72,4425.645
1782229500000,2026-06-23 15:45:00,68.72,68.92,68.42,68.92,5051.244
1782230400000,2026-06-23 16:00:00,68.92,75.09,68.82,69.29,5182.794
1782231300000,2026-06-23 16:15:00,69.28,69.28,69.0,69.1,2183.916
1782232200000,2026-06-23 16:30:00,69.06,69.15,69.0,69.04,1970.478
1782233100000,2026-06-23 16:45:00,69.03,69.11,68.84,68.93,2078.505
1782234000000,2026-06-23 17:00:00,68.92,68.92,68.67,68.69,3501.181
1782234900000,2026-06-23 17:15:00,68.72,69.11,68.72,69.06,3836.185
1782235800000,2026-06-23 17:30:00,69.09,69.18,68.87,68.89,2194.637
1782236700000,2026-06-23 17:45:00,68.91,68.97,68.65,68.78,3003.5
1782237600000,2026-06-23 18:00:00,68.78,68.95,68.72,68.92,3048.379
1782238500000,2026-06-23 18:15:00,68.89,69.01,68.81,68.98,2910.073
1782239400000,2026-06-23 18:30:00,68.97,68.97,68.71,68.74,1900.177
1782240300000,2026-06-23 18:45:00,68.74,68.94,68.73,68.89,2217.079
1782241200000,2026-06-23 19:00:00,68.89,69.1,68.87,68.94,3314.138
1782242100000,2026-06-23 19:15:00,68.93,68.96,68.78,68.96,2204.758
1782243000000,2026-06-23 19:30:00,68.96,68.99,68.77,68.82,2260.472
1782243900000,2026-06-23 19:45:00,68.77,69.05,68.74,68.93,3338.988
1782244800000,2026-06-23 20:00:00,68.87,69.05,68.83,68.95,2333.326
1782245700000,2026-06-23 20:15:00,68.94,69.05,68.92,69.01,3934.924
1782246600000,2026-06-23 20:30:00,69.02,69.03,69.02,69.02,1111.751
1782247500000,2026-06-23 20:45:00,69.02,69.09,68.65,69.01,1036.866
1782248400000,2026-06-23 21:00:00,69.01,69.19,68.99,69.15,3141.4
1782249300000,2026-06-23 21:15:00,69.17,69.24,69.08,69.24,3106.758
1782250200000,2026-06-23 21:30:00,69.25,69.32,69.22,69.27,3679.262
1782251100000,2026-06-23 21:45:00,69.25,69.29,69.24,69.27,209.241
1782252000000,2026-06-23 22:00:00,69.27,69.7,69.26,69.69,2855.552
1782252900000,2026-06-23 22:15:00,69.68,69.83,69.35,69.39,3051.8
1782253800000,2026-06-23 22:30:00,69.48,69.6,69.41,69.47,2173.236
1782254700000,2026-06-23 22:45:00,69.48,69.6,69.42,69.56,1012.989
1782255600000,2026-06-23 23:00:00,69.56,69.57,69.32,69.37,1722.481
1782256500000,2026-06-23 23:15:00,69.37,69.6,69.36,69.52,1646.886
1782257400000,2026-06-23 23:30:00,69.52,69.6,69.42,69.43,1646.987
1782258300000,2026-06-23 23:45:00,69.43,69.76,69.43,69.71,1480.334
1782259200000,2026-06-24 00:00:00,69.69,69.95,69.6,69.94,5903.554
1782260100000,2026-06-24 00:15:00,69.94,69.99,69.81,69.85,4908.875
1782261000000,2026-06-24 00:30:00,69.9,70.14,69.82,70.03,4298.657
1782261900000,2026-06-24 00:45:00,70.03,70.11,69.87,69.98,2840.383
1782262800000,2026-06-24 01:00:00,70.0,70.02,69.69,70.0,3960.536
1782263700000,2026-06-24 01:15:00,69.99,69.99,69.68,69.91,4338.445
1782264600000,2026-06-24 01:30:00,69.92,70.41,69.92,70.16,4189.886
1782265500000,2026-06-24 01:45:00,70.16,70.32,70.08,70.08,4018.166
1782266400000,2026-06-24 02:00:00,70.09,70.14,69.84,69.93,4194.457
1782267300000,2026-06-24 02:15:00,69.93,69.94,69.56,69.73,3236.018
1782268200000,2026-06-24 02:30:00,69.72,69.79,69.52,69.7,2489.427
1782269100000,2026-06-24 02:45:00,69.66,69.68,69.45,69.46,2245.615
1782270000000,2026-06-24 03:00:00,69.51,69.51,69.32,69.37,2103.89
1782270900000,2026-06-24 03:15:00,69.31,69.34,69.12,69.33,2797.829
1782271800000,2026-06-24 03:30:00,69.36,69.76,69.35,69.71,2210.995
1782272700000,2026-06-24 03:45:00,69.73,69.74,69.56,69.6,1258.768
1782273600000,2026-06-24 04:00:00,69.59,69.62,69.44,69.49,2516.912
1782274500000,2026-06-24 04:15:00,69.51,69.58,69.0,69.15,3185.658
1782275400000,2026-06-24 04:30:00,69.15,69.39,69.11,69.34,1910.321
1782276300000,2026-06-24 04:45:00,69.34,69.69,69.34,69.6,4141.296
1782277200000,2026-06-24 05:00:00,69.61,69.82,69.53,69.7,5744.976
1782278100000,2026-06-24 05:15:00,69.72,70.0,69.7,69.99,3345.032
1782279000000,2026-06-24 05:30:00,70.0,70.21,69.93,70.04,2498.01
1782279900000,2026-06-24 05:45:00,70.03,70.07,69.88,69.94,996.115
1782280800000,2026-06-24 06:00:00,69.94,69.99,69.77,69.94,3280.911
1782281700000,2026-06-24 06:15:00,69.93,70.04,69.85,69.89,1811.827
1782282600000,2026-06-24 06:30:00,69.9,70.01,69.77,69.77,3334.096
1782283500000,2026-06-24 06:45:00,69.77,69.82,69.72,69.76,2257.633
1782284400000,2026-06-24 07:00:00,69.75,69.77,69.56,69.68,2834.993
1782285300000,2026-06-24 07:15:00,69.69,69.69,69.55,69.57,3654.162
1782286200000,2026-06-24 07:30:00,69.56,69.66,69.44,69.53,3547.948
1782287100000,2026-06-24 07:45:00,69.53,69.55,69.29,69.37,2898.641
1782288000000,2026-06-24 08:00:00,69.37,69.48,69.25,69.34,3902.288
1782288900000,2026-06-24 08:15:00,69.36,69.41,69.26,69.4,3485.616
1782289800000,2026-06-24 08:30:00,69.43,69.63,69.43,69.5,906.812
1782290700000,2026-06-24 08:45:00,69.51,69.52,69.39,69.49,1267.056
1782291600000,2026-06-24 09:00:00,69.5,69.55,69.32,69.42,1781.278
1782292500000,2026-06-24 09:15:00,69.4,69.52,69.4,69.41,1075.206
1782293400000,2026-06-24 09:30:00,69.32,69.35,69.25,69.28,910.441
1782294300000,2026-06-24 09:45:00,69.29,69.36,69.23,69.31,2222.24
1782295200000,2026-06-24 10:00:00,69.31,69.33,69.12,69.23,2629.387
1782296100000,2026-06-24 10:15:00,69.25,69.26,68.98,69.08,2716.415
1782297000000,2026-06-24 10:30:00,69.09,69.25,69.08,69.25,1833.968
1782297900000,2026-06-24 10:45:00,69.21,69.22,69.0,69.03,751.087
1782298800000,2026-06-24 11:00:00,69.02,69.16,68.87,68.89,3061.372
1782299700000,2026-06-24 11:15:00,68.89,68.95,68.79,68.88,1763.561
1782300600000,2026-06-24 11:30:00,68.86,69.54,68.86,69.54,3297.945
1782301500000,2026-06-24 11:45:00,69.53,70.37,69.52,69.79,4286.322
1782302400000,2026-06-24 12:00:00,69.81,69.89,69.68,69.87,3210.919
1782303300000,2026-06-24 12:15:00,69.84,69.91,69.63,69.75,5233.096
1782304200000,2026-06-24 12:30:00,69.75,69.81,69.61,69.75,3027.284
1782305100000,2026-06-24 12:45:00,69.77,69.78,69.44,69.44,1887.403
1782306000000,2026-06-24 13:00:00,69.45,69.48,68.61,68.72,4829.189
1782306900000,2026-06-24 13:15:00,68.79,68.97,68.42,68.97,2826.634
1782307800000,2026-06-24 13:30:00,68.96,69.41,68.69,68.74,6125.594
1782308700000,2026-06-24 13:45:00,68.81,69.27,68.69,68.89,3991.019
1782309600000,2026-06-24 14:00:00,68.88,69.15,68.75,68.91,4773.529
1782310500000,2026-06-24 14:15:00,68.92,69.09,68.65,69.02,5368.55
1782311400000,2026-06-24 14:30:00,69.03,69.4,68.78,69.07,4555.326
1782312300000,2026-06-24 14:45:00,69.06,69.17,68.76,68.86,3783.101
1782313200000,2026-06-24 15:00:00,68.87,68.87,68.32,68.4,3255.762
1782314100000,2026-06-24 15:15:00,68.38,68.64,68.34,68.45,6018.688
1782315000000,2026-06-24 15:30:00,68.45,68.45,67.72,67.72,3060.692
1782315900000,2026-06-24 15:45:00,67.72,67.76,67.26,67.34,5945.998
1782316800000,2026-06-24 16:00:00,67.33,67.72,67.31,67.69,5237.439
1782317700000,2026-06-24 16:15:00,67.68,68.01,67.38,67.89,6977.911
1782318600000,2026-06-24 16:30:00,67.81,67.89,67.33,67.4,10009.663
1782319500000,2026-06-24 16:45:00,67.4,67.4,66.34,66.56,6054.994
1782320400000,2026-06-24 17:00:00,66.56,66.88,66.26,66.37,3997.22
1782321300000,2026-06-24 17:15:00,66.4,66.43,65.21,65.65,5256.798
1782322200000,2026-06-24 17:30:00,65.62,65.67,65.24,65.25,4033.972
1782323100000,2026-06-24 17:45:00,65.25,65.32,64.77,64.96,4074.192
1782324000000,2026-06-24 18:00:00,64.97,65.48,64.84,65.48,4372.516
1782324900000,2026-06-24 18:15:00,65.49,66.49,65.49,66.21,4982.862
1782325800000,2026-06-24 18:30:00,66.17,66.26,65.95,66.04,4239.515
1782326700000,2026-06-24 18:45:00,66.01,66.15,65.81,66.0,3138.61
1782327600000,2026-06-24 19:00:00,66.01,66.35,65.64,65.76,4296.316
1782328500000,2026-06-24 19:15:00,65.74,65.98,65.57,65.91,3043.699
1782329400000,2026-06-24 19:30:00,65.92,66.02,65.76,65.8,736.64
1782330300000,2026-06-24 19:45:00,65.87,66.22,65.77,66.19,2916.008
1782331200000,2026-06-24 20:00:00,66.19,67.35,65.95,67.22,2411.438
1782332100000,2026-06-24 20:15:00,67.25,67.61,67.15,67.49,1297.508
1782333000000,2026-06-24 20:30:00,67.5,67.64,67.34,67.58,3235.494
1782333900000,2026-06-24 20:45:00,67.56,68.0,67.54,67.67,1195.556
1782334800000,2026-06-24 21:00:00,67.7,67.73,67.26,67.33,3189.372
1782335700000,2026-06-24 21:15:00,67.31,67.56,67.25,67.56,197.28
1782336600000,2026-06-24 21:30:00,67.56,67.91,67.48,67.83,2578.125
1782337500000,2026-06-24 21:45:00,67.84,68.1,67.79,68.1,2881.83
1782338400000,2026-06-24 22:00:00,68.11,68.46,68.08,68.1,564.605
1782339300000,2026-06-24 22:15:00,68.02,68.06,67.85,67.85,1395.287
1782340200000,2026-06-24 22:30:00,67.86,67.99,67.79,67.8,1685.137
1782341100000,2026-06-24 22:45:00,67.93,67.94,67.73,67.83,1458.593
1782342000000,2026-06-24 23:00:00,67.84,67.91,67.77,67.87,1427.943
1782342900000,2026-06-24 23:15:00,67.88,68.18,67.84,68.01,2364.485
1782343800000,2026-06-24 23:30:00,67.99,68.11,67.95,68.0,2994.117
1782344700000,2026-06-24 23:45:00,68.05,68.16,67.91,68.08,3038.931
1782345600000,2026-06-25 00:00:00,68.09,68.28,68.03,68.13,4105.053
1782346500000,2026-06-25 00:15:00,68.14,68.19,67.92,67.96,4580.906
1782347400000,2026-06-25 00:30:00,67.93,67.98,67.79,67.79,4265.236
1782348300000,2026-06-25 00:45:00,67.8,67.91,67.6,67.65,2732.022
1782349200000,2026-06-25 01:00:00,67.67,67.78,67.48,67.52,3102.479
1782350100000,2026-06-25 01:15:00,67.52,67.73,67.42,67.65,3689.169
1782351000000,2026-06-25 01:30:00,67.63,67.79,67.62,67.76,3552.638
1782351900000,2026-06-25 01:45:00,67.77,67.99,67.76,67.87,1530.41
1782352800000,2026-06-25 02:00:00,67.9,67.94,67.67,67.69,2594.802
1782353700000,2026-06-25 02:15:00,67.67,67.9,67.64,67.88,2157.121
1782354600000,2026-06-25 02:30:00,67.89,67.9,67.66,67.66,1352.161
1782355500000,2026-06-25 02:45:00,67.67,67.76,67.64,67.76,2256.316
1782356400000,2026-06-25 03:00:00,67.75,67.86,67.6,67.61,3059.956
1782357300000,2026-06-25 03:15:00,67.61,67.69,67.54,67.66,1935.07
1782358200000,2026-06-25 03:30:00,67.66,67.76,67.55,67.55,2148.528
1782359100000,2026-06-25 03:45:00,67.52,67.73,67.52,67.73,1361.803
1782360000000,2026-06-25 04:00:00,67.7,67.73,67.59,67.59,2613.103
1782360900000,2026-06-25 04:15:00,67.6,67.7,67.57,67.63,1892.032
1782361800000,2026-06-25 04:30:00,67.63,67.8,67.5,67.8,1331.649
1782362700000,2026-06-25 04:45:00,67.81,68.49,67.81,68.47,3320.041
1782363600000,2026-06-25 05:00:00,68.46,69.07,68.36,69.02,5177.091
1782364500000,2026-06-25 05:15:00,69.03,69.22,68.86,69.06,3568.587
1782365400000,2026-06-25 05:30:00,69.06,69.29,69.03,69.03,2122.759
1782366300000,2026-06-25 05:45:00,69.01,69.17,68.96,69.04,2616.362
1782367200000,2026-06-25 06:00:00,69.03,69.27,69.03,69.25,1772.527
1782368100000,2026-06-25 06:15:00,69.25,69.59,69.2,69.25,4217.807
1782369000000,2026-06-25 06:30:00,69.25,69.47,69.25,69.4,2769.828
1782369900000,2026-06-25 06:45:00,69.41,69.59,69.41,69.46,2734.642
1782370800000,2026-06-25 07:00:00,69.51,69.55,69.28,69.34,2043.237
1782371700000,2026-06-25 07:15:00,69.34,69.52,69.31,69.34,2150.925
1782372600000,2026-06-25 07:30:00,69.37,69.49,69.35,69.49,961.979
1782373500000,2026-06-25 07:45:00,69.44,69.49,69.27,69.44,2830.521
1782374400000,2026-06-25 08:00:00,69.44,69.45,69.27,69.33,1233.959
1782375300000,2026-06-25 08:15:00,69.25,69.25,69.02,69.14,1346.185
1782376200000,2026-06-25 08:30:00,69.12,69.2,69.0,69.2,1819.587
1782377100000,2026-06-25 08:45:00,69.2,69.21,69.0,69.03,1942.426
1782378000000,2026-06-25 09:00:00,69.03,69.18,69.02,69.14,2244.857
1782378900000,2026-06-25 09:15:00,69.15,69.18,68.87,68.96,1816.489
1782379800000,2026-06-25 09:30:00,68.96,69.04,68.88,68.94,2290.582
1782380700000,2026-06-25 09:45:00,68.95,69.0,68.81,68.83,1443.42
1782381600000,2026-06-25 10:00:00,68.83,68.85,68.75,68.81,2770.035
1782382500000,2026-06-25 10:15:00,68.83,68.88,68.53,68.56,2438.628
1782383400000,2026-06-25 10:30:00,68.55,68.59,68.34,68.34,2013.351
1782384300000,2026-06-25 10:45:00,68.32,68.39,68.18,68.28,3584.085
1782385200000,2026-06-25 11:00:00,68.29,68.36,68.01,68.36,1681.166
1782386100000,2026-06-25 11:15:00,68.36,68.41,68.11,68.11,1849.927
1782387000000,2026-06-25 11:30:00,68.13,68.31,68.13,68.23,760.104
1782387900000,2026-06-25 11:45:00,68.2,68.22,68.02,68.17,1891.734
1782388800000,2026-06-25 12:00:00,68.18,68.26,68.09,68.12,2998.448
1782389700000,2026-06-25 12:15:00,68.12,68.16,67.82,67.87,3196.963
1782390600000,2026-06-25 12:30:00,67.87,69.02,67.87,68.38,2961.372
1782391500000,2026-06-25 12:45:00,68.36,68.51,68.2,68.27,2517.026
1782392400000,2026-06-25 13:00:00,68.3,68.42,68.11,68.37,2558.382
1782393300000,2026-06-25 13:15:00,68.35,68.39,68.17,68.21,2638.751
1782394200000,2026-06-25 13:30:00,68.21,68.25,66.54,66.54,5989.201
1782395100000,2026-06-25 13:45:00,66.54,66.67,64.11,64.12,5349.617
1782396000000,2026-06-25 14:00:00,64.12,66.26,64.12,65.93,5550.11
1782396900000,2026-06-25 14:15:00,65.88,66.25,65.28,65.75,4813.167
1782397800000,2026-06-25 14:30:00,65.74,67.12,65.61,66.1,5472.985
1782398700000,2026-06-25 14:45:00,66.09,66.69,66.02,66.47,7193.771
1782399600000,2026-06-25 15:00:00,66.37,66.37,65.76,65.81,4177.921
1782400500000,2026-06-25 15:15:00,65.76,65.99,65.3,65.89,5311.35
1782401400000,2026-06-25 15:30:00,65.87,66.18,65.68,65.76,3174.144
1782402300000,2026-06-25 15:45:00,65.76,66.34,65.75,66.31,2819.8
1782403200000,2026-06-25 16:00:00,66.31,67.04,66.3,66.66,3399.755
1782404100000,2026-06-25 16:15:00,66.68,66.73,66.52,66.7,2642.713
1782405000000,2026-06-25 16:30:00,66.7,66.7,66.01,66.01,2825.485
1782405900000,2026-06-25 16:45:00,66.0,66.0,65.66,65.98,2353.304
1782406800000,2026-06-25 17:00:00,65.99,66.5,65.83,66.5,3165.454
1782407700000,2026-06-25 17:15:00,66.42,67.34,66.42,67.33,5727.968
1782408600000,2026-06-25 17:30:00,67.31,67.34,66.95,66.98,3923.369
1782409500000,2026-06-25 17:45:00,66.95,67.11,66.71,67.11,5014.52
1782410400000,2026-06-25 18:00:00,67.12,67.12,66.11,66.14,4774.801
1782411300000,2026-06-25 18:15:00,66.14,66.66,66.08,66.55,3045.846
1782412200000,2026-06-25 18:30:00,66.55,66.55,66.01,66.09,3531.685
1782413100000,2026-06-25 18:45:00,66.08,66.3,65.92,66.15,5602.827
1782414000000,2026-06-25 19:00:00,66.17,66.17,65.76,65.84,5269.89
1782414900000,2026-06-25 19:15:00,65.84,65.97,65.79,65.97,7819.579
1782415800000,2026-06-25 19:30:00,65.96,66.22,65.96,66.08,2787.098
1782416700000,2026-06-25 19:45:00,66.08,66.18,65.87,66.18,941.384
1782417600000,2026-06-25 20:00:00,66.16,66.62,66.16,66.46,2665.594
1782418500000,2026-06-25 20:15:00,66.46,66.8,66.46,66.73,931.586
1782419400000,2026-06-25 20:30:00,66.73,66.73,66.35,66.45,985.948
1782420300000,2026-06-25 20:45:00,66.44,66.44,66.09,66.28,1198.574
1782421200000,2026-06-25 21:00:00,66.27,66.49,66.27,66.44,2982.692
1782422100000,2026-06-25 21:15:00,66.44,66.85,66.4,66.81,2519.809
1782423000000,2026-06-25 21:30:00,66.82,67.19,66.75,66.95,1451.14
1782423900000,2026-06-25 21:45:00,66.96,67.29,66.95,67.25,2193.513
1782424800000,2026-06-25 22:00:00,67.29,67.3,66.96,66.99,2018.88
1782425700000,2026-06-25 22:15:00,66.98,67.16,66.96,67.06,1613.488
1782426600000,2026-06-25 22:30:00,67.08,67.26,67.06,67.19,638.224
1782427500000,2026-06-25 22:45:00,67.19,67.29,67.08,67.18,191.077
1782428400000,2026-06-25 23:00:00,67.16,67.26,67.03,67.17,316.836
1782429300000,2026-06-25 23:15:00,67.2,68.44,67.2,68.37,650.082
1782430200000,2026-06-25 23:30:00,68.33,68.73,67.84,67.86,837.397
1782431100000,2026-06-25 23:45:00,67.9,67.91,67.65,67.68,729.952
1782432000000,2026-06-26 00:00:00,67.69,67.89,67.67,67.87,3372.616
1782432900000,2026-06-26 00:15:00,67.87,68.09,67.73,67.89,3331.977
1782433800000,2026-06-26 00:30:00,67.95,68.07,67.77,67.96,2757.858
1782434700000,2026-06-26 00:45:00,67.94,67.96,67.65,67.79,3774.13
1782435600000,2026-06-26 01:00:00,67.76,67.87,67.48,67.62,2603.477
1782436500000,2026-06-26 01:15:00,67.59,67.8,67.23,67.23,3125.104
1782437400000,2026-06-26 01:30:00,67.22,67.37,67.14,67.36,2756.797
1782438300000,2026-06-26 01:45:00,67.37,67.46,67.2,67.28,3802.391
1782439200000,2026-06-26 02:00:00,67.32,67.32,66.08,66.14,3035.701
1782440100000,2026-06-26 02:15:00,66.14,66.69,65.93,66.66,2995.599
1782441000000,2026-06-26 02:30:00,66.66,66.79,66.4,66.65,3241.471
1782441900000,2026-06-26 02:45:00,66.58,66.62,66.04,66.19,2527.154
1782442800000,2026-06-26 03:00:00,66.21,67.12,65.98,66.95,3738.4
1782443700000,2026-06-26 03:15:00,66.97,67.01,66.54,66.88,2878.878
1782444600000,2026-06-26 03:30:00,66.84,67.53,66.65,67.52,2889.787
1782445500000,2026-06-26 03:45:00,67.57,68.46,67.57,68.16,3279.028
1782446400000,2026-06-26 04:00:00,68.22,68.26,68.0,68.02,3221.629
1782447300000,2026-06-26 04:15:00,68.03,68.35,67.99,68.08,3200.563
1782448200000,2026-06-26 04:30:00,68.11,68.14,68.01,68.14,2117.575
1782449100000,2026-06-26 04:45:00,68.16,68.16,68.0,68.05,1988.81
1782450000000,2026-06-26 05:00:00,68.07,68.2,68.0,68.18,1770.228
1782450900000,2026-06-26 05:15:00,68.23,68.37,68.04,68.3,2985.19
1782451800000,2026-06-26 05:30:00,68.3,68.47,68.26,68.27,1439.001
1782452700000,2026-06-26 05:45:00,68.18,68.42,68.1,68.38,2131.815
1782453600000,2026-06-26 06:00:00,68.37,68.38,68.02,68.12,2007.772
1782454500000,2026-06-26 06:15:00,68.14,69.37,68.14,69.08,6775.546
1782455400000,2026-06-26 06:30:00,69.21,69.77,69.03,69.77,4325.417
1782456300000,2026-06-26 06:45:00,69.77,69.86,69.52,69.77,3974.143
1782457200000,2026-06-26 07:00:00,69.8,70.75,69.8,70.63,5676.454
1782458100000,2026-06-26 07:15:00,70.64,70.74,70.37,70.52,3875.435
1782459000000,2026-06-26 07:30:00,70.51,70.99,70.49,70.74,5303.011
1782459900000,2026-06-26 07:45:00,70.73,70.81,70.59,70.81,3521.518
1782460800000,2026-06-26 08:00:00,70.78,70.85,69.97,69.99,5013.128
1782461700000,2026-06-26 08:15:00,69.99,70.12,69.84,69.9,3339.629
1782462600000,2026-06-26 08:30:00,69.91,69.98,69.73,69.86,3475.386
1782463500000,2026-06-26 08:45:00,69.86,70.04,69.75,69.91,6600.537
1782464400000,2026-06-26 09:00:00,69.94,69.95,69.56,69.83,6403.139
1782465300000,2026-06-26 09:15:00,69.83,69.88,69.7,69.77,2813.452
1782466200000,2026-06-26 09:30:00,69.79,69.89,69.57,69.59,3935.05
1782467100000,2026-06-26 09:45:00,69.59,69.63,68.85,69.03,2523.783
1782468000000,2026-06-26 10:00:00,69.01,69.17,68.95,69.09,3744.184
1782468900000,2026-06-26 10:15:00,69.14,69.22,69.01,69.16,2260.654
1782469800000,2026-06-26 10:30:00,69.16,69.23,68.73,68.96,3074.072
1782470700000,2026-06-26 10:45:00,68.95,68.97,68.69,68.75,2167.472
1782471600000,2026-06-26 11:00:00,68.78,69.06,68.71,68.79,3371.773
1782472500000,2026-06-26 11:15:00,68.76,68.76,68.54,68.55,3650.551
1782473400000,2026-06-26 11:30:00,68.58,68.75,68.58,68.63,2859.996
1782474300000,2026-06-26 11:45:00,68.64,68.66,68.42,68.59,3361.601
1782475200000,2026-06-26 12:00:00,68.61,68.92,68.6,68.85,7268.371
1782476100000,2026-06-26 12:15:00,68.85,69.21,68.85,69.19,5829.661
1782477000000,2026-06-26 12:30:00,69.24,69.67,68.43,68.6,10289.352
1782477900000,2026-06-26 12:45:00,68.6,69.17,68.57,68.93,8348.147
1782478800000,2026-06-26 13:00:00,68.92,69.31,68.66,68.94,8195.946
1782479700000,2026-06-26 13:15:00,68.93,69.01,68.35,68.75,9606.461
1782480600000,2026-06-26 13:30:00,68.75,69.67,68.69,69.65,15825.551
1782481500000,2026-06-26 13:45:00,69.65,70.86,69.48,70.62,12177.953
1782482400000,2026-06-26 14:00:00,70.62,71.25,70.25,71.01,11421.814
1782483300000,2026-06-26 14:15:00,71.0,71.91,70.88,71.75,14343.973
1782484200000,2026-06-26 14:30:00,71.73,71.84,70.71,70.74,10727.149
1782485100000,2026-06-26 14:45:00,70.74,71.16,70.39,70.52,12303.199
1782486000000,2026-06-26 15:00:00,70.52,71.29,70.34,70.84,9151.508
1782486900000,2026-06-26 15:15:00,70.79,71.82,70.79,71.44,8407.951
1782487800000,2026-06-26 15:30:00,71.45,72.21,71.45,72.14,8607.554
1782488700000,2026-06-26 15:45:00,72.14,72.14,71.6,72.06,9798.809
1782489600000,2026-06-26 16:00:00,72.07,73.23,72.07,72.44,11732.097
1782490500000,2026-06-26 16:15:00,72.44,72.68,72.08,72.18,10010.355
1782491400000,2026-06-26 16:30:00,72.26,73.18,72.26,72.61,11466.541
1782492300000,2026-06-26 16:45:00,72.61,72.84,72.45,72.52,6839.32
1782493200000,2026-06-26 17:00:00,72.5,72.87,72.42,72.75,7183.954
1782494100000,2026-06-26 17:15:00,72.74,72.75,72.26,72.63,8543.165
1782495000000,2026-06-26 17:30:00,72.61,72.78,72.27,72.64,5156.053
1782495900000,2026-06-26 17:45:00,72.65,72.77,72.51,72.61,4942.244
1782496800000,2026-06-26 18:00:00,72.57,73.07,72.56,72.97,5999.573
1782497700000,2026-06-26 18:15:00,72.94,72.96,72.43,72.44,7211.238
1782498600000,2026-06-26 18:30:00,72.44,72.69,72.4,72.63,10439.151
1782499500000,2026-06-26 18:45:00,72.62,72.63,72.4,72.58,4739.441
1782500400000,2026-06-26 19:00:00,72.61,73.28,72.49,73.22,8545.908
1782501300000,2026-06-26 19:15:00,73.19,73.39,73.12,73.31,5722.521
1782502200000,2026-06-26 19:30:00,73.33,73.89,73.33,73.8,8498.447
1782503100000,2026-06-26 19:45:00,73.73,73.84,73.22,73.38,7099.946
1782504000000,2026-06-26 20:00:00,73.39,73.6,72.75,72.79,9932.971
1782504900000,2026-06-26 20:15:00,72.8,73.05,72.75,73.05,4519.659
1782505800000,2026-06-26 20:30:00,73.05,73.08,72.22,72.25,9383.816
1782506700000,2026-06-26 20:45:00,72.25,72.44,72.13,72.13,5440.789
1782507600000,2026-06-26 21:00:00,72.16,72.2,71.85,71.94,4134.747
1782508500000,2026-06-26 21:15:00,71.97,72.26,71.82,72.26,4673.223
1782509400000,2026-06-26 21:30:00,72.26,72.37,72.04,72.23,5322.998
1782510300000,2026-06-26 21:45:00,72.23,72.26,71.98,72.01,2615.532
1782511200000,2026-06-26 22:00:00,72.01,72.09,71.55,71.75,3552.173
1782512100000,2026-06-26 22:15:00,71.75,71.87,71.63,71.64,1842.605
1782513000000,2026-06-26 22:30:00,71.64,71.87,71.54,71.86,2822.079
1782513900000,2026-06-26 22:45:00,71.86,71.92,71.75,71.82,2932.314
1782514800000,2026-06-26 23:00:00,71.81,71.96,71.8,71.88,1975.598
1782515700000,2026-06-26 23:15:00,71.91,71.92,71.69,71.71,1713.786
1782516600000,2026-06-26 23:30:00,71.69,72.02,71.69,71.96,4725.263
1782517500000,2026-06-26 23:45:00,71.95,72.0,71.91,71.91,359.302
1782518400000,2026-06-27 00:00:00,71.91,72.45,71.89,72.38,7096.19
1782519300000,2026-06-27 00:15:00,72.38,72.39,72.06,72.07,3441.148
1782520200000,2026-06-27 00:30:00,72.07,72.07,71.64,71.68,3485.188
1782521100000,2026-06-27 00:45:00,71.67,71.91,71.64,71.83,1476.307
1782522000000,2026-06-27 01:00:00,71.83,71.83,71.61,71.68,1800.676
1782522900000,2026-06-27 01:15:00,71.67,71.76,71.64,71.71,2067.711
1782523800000,2026-06-27 01:30:00,71.7,71.7,71.5,71.6,3146.096
1782524700000,2026-06-27 01:45:00,71.59,71.66,71.37,71.44,2680.954
1782525600000,2026-06-27 02:00:00,71.44,71.85,71.41,71.85,2718.601
1782526500000,2026-06-27 02:15:00,71.84,72.21,71.79,72.15,4114.574
1782527400000,2026-06-27 02:30:00,72.11,72.18,71.91,72.09,3147.983
1782528300000,2026-06-27 02:45:00,72.08,72.25,72.02,72.16,1763.036
1782529200000,2026-06-27 03:00:00,72.16,72.2,71.86,71.86,3168.178
1782530100000,2026-06-27 03:15:00,71.85,72.39,71.85,72.18,4056.855
1782531000000,2026-06-27 03:30:00,72.17,72.34,72.04,72.33,3417.096
1782531900000,2026-06-27 03:45:00,72.33,72.4,72.21,72.27,3257.657
1782532800000,2026-06-27 04:00:00,72.26,72.48,72.25,72.37,2034.73
1782533700000,2026-06-27 04:15:00,72.39,72.58,72.28,72.35,2677.807
1782534600000,2026-06-27 04:30:00,72.35,72.43,72.19,72.19,2195.077
1782535500000,2026-06-27 04:45:00,72.22,72.23,71.91,71.93,1580.539
1782536400000,2026-06-27 05:00:00,71.93,72.03,71.83,72.0,1131.638
1782537300000,2026-06-27 05:15:00,72.01,72.03,71.52,71.56,2550.324
1782538200000,2026-06-27 05:30:00,71.55,71.78,71.55,71.71,1631.763
1782539100000,2026-06-27 05:45:00,71.72,71.85,71.68,71.83,1792.443
1782540000000,2026-06-27 06:00:00,71.83,71.84,71.65,71.7,2581.081
1782540900000,2026-06-27 06:15:00,71.72,71.92,71.66,71.91,1496.143
1782541800000,2026-06-27 06:30:00,71.93,72.29,71.9,72.21,2969.741
1782542700000,2026-06-27 06:45:00,72.21,72.31,72.09,72.12,2056.541
1782543600000,2026-06-27 07:00:00,72.13,72.15,72.01,72.05,1669.349
1782544500000,2026-06-27 07:15:00,72.06,72.24,72.06,72.13,1522.963
1782545400000,2026-06-27 07:30:00,72.14,72.14,72.02,72.12,984.685
1782546300000,2026-06-27 07:45:00,72.12,72.34,72.12,72.3,2585.639
1782547200000,2026-06-27 08:00:00,72.31,72.31,72.18,72.2,1048.288
1782548100000,2026-06-27 08:15:00,72.2,72.3,72.06,72.18,2122.386
1782549000000,2026-06-27 08:30:00,72.18,72.19,71.89,71.89,1306.407
1782549900000,2026-06-27 08:45:00,71.92,72.12,71.91,72.05,2984.598
1782550800000,2026-06-27 09:00:00,72.04,72.1,71.81,71.81,1531.616
1782551700000,2026-06-27 09:15:00,71.79,71.83,71.73,71.8,1124.479
1782552600000,2026-06-27 09:30:00,71.79,71.9,71.74,71.74,1330.44
1782553500000,2026-06-27 09:45:00,71.76,71.88,71.75,71.87,412.592
1782554400000,2026-06-27 10:00:00,71.87,71.95,71.83,71.89,607.047
1782555300000,2026-06-27 10:15:00,71.89,72.05,71.87,71.96,908.185
1782556200000,2026-06-27 10:30:00,71.96,72.04,71.88,71.94,1502.732
1782557100000,2026-06-27 10:45:00,71.93,72.04,71.93,72.03,930.315
1782558000000,2026-06-27 11:00:00,72.04,72.08,71.88,71.9,1056.666
1782558900000,2026-06-27 11:15:00,71.9,71.9,71.55,71.61,6164.515
1782559800000,2026-06-27 11:30:00,71.63,71.71,71.55,71.71,1713.473
1782560700000,2026-06-27 11:45:00,71.7,71.91,71.7,71.8,1328.015
1782561600000,2026-06-27 12:00:00,71.79,71.89,71.64,71.73,1917.307
1782562500000,2026-06-27 12:15:00,71.73,71.91,71.73,71.84,678.354
1782563400000,2026-06-27 12:30:00,71.83,71.91,71.77,71.83,1075.115
1782564300000,2026-06-27 12:45:00,71.85,72.18,71.81,72.18,1721.566
1782565200000,2026-06-27 13:00:00,72.17,72.31,72.13,72.25,2367.225
1782566100000,2026-06-27 13:15:00,72.23,72.47,72.18,72.4,1919.325
1782567000000,2026-06-27 13:30:00,72.41,72.58,72.32,72.47,2391.474
1782567900000,2026-06-27 13:45:00,72.48,72.49,72.32,72.36,1710.507
1782568800000,2026-06-27 14:00:00,72.37,72.67,72.23,72.61,2538.314
1782569700000,2026-06-27 14:15:00,72.62,72.82,72.54,72.72,3735.802
1782570600000,2026-06-27 14:30:00,72.72,72.86,72.59,72.84,2498.276
1782571500000,2026-06-27 14:45:00,72.85,72.9,72.66,72.71,1692.544
1782572400000,2026-06-27 15:00:00,72.73,73.17,72.63,73.04,4131.123
1782573300000,2026-06-27 15:15:00,73.03,73.03,72.84,72.93,1782.552
1782574200000,2026-06-27 15:30:00,72.93,73.06,72.8,73.02,3035.038
1782575100000,2026-06-27 15:45:00,73.01,73.01,72.74,72.82,1507.254
1782576000000,2026-06-27 16:00:00,72.83,72.99,72.71,72.77,3483.107
1782576900000,2026-06-27 16:15:00,72.75,72.83,72.64,72.83,1558.278
1782577800000,2026-06-27 16:30:00,72.82,72.83,72.66,72.76,3468.991
1782578700000,2026-06-27 16:45:00,72.75,72.81,72.65,72.67,1779.533
1782579600000,2026-06-27 17:00:00,72.67,72.67,71.91,72.23,7752.966
1782580500000,2026-06-27 17:15:00,72.23,72.3,72.04,72.27,2869.921
1782581400000,2026-06-27 17:30:00,72.27,72.34,72.15,72.26,3056.789
1782582300000,2026-06-27 17:45:00,72.26,72.28,72.17,72.23,4180.57
1782583200000,2026-06-27 18:00:00,72.23,72.47,59.2,72.05,14175.691
1782584100000,2026-06-27 18:15:00,72.05,72.15,71.76,71.91,1939.216
1782585000000,2026-06-27 18:30:00,71.91,72.03,71.88,71.94,1320.272
1782585900000,2026-06-27 18:45:00,71.95,71.98,71.9,71.91,515.152
1782586800000,2026-06-27 19:00:00,71.91,72.01,71.88,71.91,955.471
1782587700000,2026-06-27 19:15:00,71.91,71.91,71.13,71.32,4051.947
1782588600000,2026-06-27 19:30:00,71.32,71.32,70.99,71.15,3872.512
1782589500000,2026-06-27 19:45:00,71.16,71.23,71.07,71.12,1965.178
1782590400000,2026-06-27 20:00:00,71.11,71.28,71.1,71.24,1571.344
1782591300000,2026-06-27 20:15:00,71.25,71.3,71.17,71.24,498.416
1782592200000,2026-06-27 20:30:00,71.23,71.29,71.18,71.18,609.145
1782593100000,2026-06-27 20:45:00,71.2,71.35,71.19,71.27,2099.607
1782594000000,2026-06-27 21:00:00,71.28,71.51,71.27,71.49,2161.051
1782594900000,2026-06-27 21:15:00,71.5,71.56,71.42,71.54,2013.813
1782595800000,2026-06-27 21:30:00,71.56,71.63,71.03,71.04,5684.225
1782596700000,2026-06-27 21:45:00,71.05,71.14,70.81,70.99,4120.43
1782597600000,2026-06-27 22:00:00,70.98,70.98,70.66,70.78,4645.467
1782598500000,2026-06-27 22:15:00,70.77,70.77,70.3,70.7,5498.85
1782599400000,2026-06-27 22:30:00,70.71,71.05,70.7,70.91,3053.888
1782600300000,2026-06-27 22:45:00,70.9,71.09,70.83,71.09,1530.281
1782601200000,2026-06-27 23:00:00,71.09,71.14,70.62,70.62,3346.216
1782602100000,2026-06-27 23:15:00,70.62,70.69,70.44,70.48,4162.688
1782603000000,2026-06-27 23:30:00,70.49,70.68,70.44,70.62,2053.561
1782603900000,2026-06-27 23:45:00,70.62,70.62,70.47,70.49,2020.375
1782604800000,2026-06-28 00:00:00,70.5,70.64,70.47,70.61,2945.06
1782605700000,2026-06-28 00:15:00,70.63,70.77,70.61,70.77,2849.722
1782606600000,2026-06-28 00:30:00,70.77,70.77,70.61,70.75,1141.39
1782607500000,2026-06-28 00:45:00,70.76,70.82,70.63,70.76,1076.173
1782608400000,2026-06-28 01:00:00,70.75,70.76,70.46,70.59,2232.834
1782609300000,2026-06-28 01:15:00,70.59,70.82,70.56,70.78,1723.416
1782610200000,2026-06-28 01:30:00,70.79,70.88,70.75,70.88,688.134
1782611100000,2026-06-28 01:45:00,70.82,70.93,70.82,70.82,1378.548
1782612000000,2026-06-28 02:00:00,70.84,71.01,70.84,70.98,866.079
1782612900000,2026-06-28 02:15:00,70.98,71.0,70.49,70.7,1850.595
1782613800000,2026-06-28 02:30:00,70.7,70.81,70.7,70.74,1343.358
1782614700000,2026-06-28 02:45:00,70.73,70.78,70.68,70.74,1336.546
1782615600000,2026-06-28 03:00:00,70.74,70.97,70.73,70.97,1289.933
1782616500000,2026-06-28 03:15:00,70.94,70.94,70.81,70.83,1783.706
1782617400000,2026-06-28 03:30:00,70.85,70.92,70.82,70.85,1174.558
1782618300000,2026-06-28 03:45:00,70.85,70.92,70.78,70.88,973.126
1782619200000,2026-06-28 04:00:00,70.86,70.87,70.76,70.78,1357.079
1782620100000,2026-06-28 04:15:00,70.8,70.85,70.72,70.74,1353.54
1782621000000,2026-06-28 04:30:00,70.74,70.89,70.57,70.88,1974.529
1782621900000,2026-06-28 04:45:00,70.88,70.99,70.75,70.76,2699.021
1782622800000,2026-06-28 05:00:00,70.77,70.77,70.48,70.56,2171.979
1782623700000,2026-06-28 05:15:00,70.56,70.62,70.22,70.25,3046.32
1782624600000,2026-06-28 05:30:00,70.24,70.47,70.14,70.43,2699.479
1782625500000,2026-06-28 05:45:00,70.43,70.54,70.38,70.52,2460.724
1782626400000,2026-06-28 06:00:00,70.52,70.56,70.22,70.22,4158.112
1782627300000,2026-06-28 06:15:00,70.21,70.45,70.2,70.4,5101.498
1782628200000,2026-06-28 06:30:00,70.45,70.52,70.44,70.45,2563.881
1782629100000,2026-06-28 06:45:00,70.45,70.53,70.39,70.47,3021.013
1782630000000,2026-06-28 07:00:00,70.48,70.84,70.44,70.77,2256.478
1782630900000,2026-06-28 07:15:00,70.79,70.79,70.67,70.69,1536.322
1782631800000,2026-06-28 07:30:00,70.67,70.96,70.67,70.86,2969.562
1782632700000,2026-06-28 07:45:00,70.86,71.08,70.84,71.05,1960.207
1782633600000,2026-06-28 08:00:00,71.05,71.29,71.04,71.13,1832.13
1782634500000,2026-06-28 08:15:00,71.13,71.29,71.12,71.23,1886.823
1782635400000,2026-06-28 08:30:00,71.23,72.18,71.23,72.11,8035.873
1782636300000,2026-06-28 08:45:00,72.11,72.16,71.87,71.93,4900.006
1782637200000,2026-06-28 09:00:00,71.93,71.94,71.69,71.75,3657.489
1782638100000,2026-06-28 09:15:00,71.75,71.8,71.7,71.78,2030.942
1782639000000,2026-06-28 09:30:00,71.77,72.0,71.72,71.97,3608.827
1782639900000,2026-06-28 09:45:00,71.97,72.01,71.51,71.54,3202.002
1782640800000,2026-06-28 10:00:00,71.54,71.59,71.29,71.54,2131.305
1782641700000,2026-06-28 10:15:00,71.55,71.59,71.15,71.21,2973.66
1782642600000,2026-06-28 10:30:00,71.2,71.44,71.2,71.43,1785.152
1782643500000,2026-06-28 10:45:00,71.4,71.48,71.39,71.47,1125.213
1782644400000,2026-06-28 11:00:00,71.48,71.78,71.47,71.53,4659.611
1782645300000,2026-06-28 11:15:00,71.53,71.92,71.44,71.9,7856.576
1782646200000,2026-06-28 11:30:00,71.89,71.92,71.63,71.92,4015.168
1782647100000,2026-06-28 11:45:00,71.93,72.01,71.82,71.9,3895.472
1782648000000,2026-06-28 12:00:00,71.92,71.98,71.8,71.86,2746.675
1782648900000,2026-06-28 12:15:00,71.86,72.1,71.68,72.1,2990.29
1782649800000,2026-06-28 12:30:00,72.11,72.3,71.76,71.8,3987.008
1782650700000,2026-06-28 12:45:00,71.8,71.93,71.8,71.89,1240.45
1782651600000,2026-06-28 13:00:00,71.89,71.89,71.37,71.61,6772.193
1782652500000,2026-06-28 13:15:00,71.61,71.73,71.5,71.67,5492.803
1782653400000,2026-06-28 13:30:00,71.67,72.07,71.62,72.06,3582.768
1782654300000,2026-06-28 13:45:00,72.07,72.07,71.68,71.73,10599.662
1782655200000,2026-06-28 14:00:00,71.75,71.98,71.74,71.92,2538.104
1782656100000,2026-06-28 14:15:00,71.96,72.2,71.78,71.9,3066.173
1782657000000,2026-06-28 14:30:00,71.86,71.98,71.79,71.84,2038.828
1782657900000,2026-06-28 14:45:00,71.87,72.01,71.69,71.69,1907.58
1782658800000,2026-06-28 15:00:00,71.69,71.89,71.46,71.8,8473.036
1782659700000,2026-06-28 15:15:00,71.81,71.96,71.68,71.8,2707.575
1782660600000,2026-06-28 15:30:00,71.78,72.05,71.73,71.93,6200.075
1782661500000,2026-06-28 15:45:00,71.88,72.02,71.73,72.02,3539.095
1782662400000,2026-06-28 16:00:00,72.02,72.08,71.82,71.89,2413.62
1782663300000,2026-06-28 16:15:00,71.87,72.0,71.43,71.53,3973.464
1782664200000,2026-06-28 16:30:00,71.53,71.6,71.19,71.27,4874.33
1782665100000,2026-06-28 16:45:00,71.26,71.59,71.22,71.57,1689.749
1782666000000,2026-06-28 17:00:00,71.57,71.92,71.57,71.73,5363.972
1782666900000,2026-06-28 17:15:00,71.74,72.0,71.35,71.35,2601.135
1782667800000,2026-06-28 17:30:00,71.34,71.46,70.97,71.37,4192.818
1782668700000,2026-06-28 17:45:00,71.31,71.63,71.31,71.56,2158.398
1782669600000,2026-06-28 18:00:00,71.55,71.69,71.42,71.42,2418.381
1782670500000,2026-06-28 18:15:00,71.38,71.4,71.17,71.21,1548.515
1782671400000,2026-06-28 18:30:00,71.22,71.24,71.01,71.13,2106.79
1782672300000,2026-06-28 18:45:00,71.13,71.28,71.0,71.17,2332.369
1782673200000,2026-06-28 19:00:00,71.18,71.18,70.89,71.04,1532.429
1782674100000,2026-06-28 19:15:00,71.08,71.08,70.91,71.04,2223.05
1782675000000,2026-06-28 19:30:00,71.05,71.29,70.81,70.81,2507.974
1782675900000,2026-06-28 19:45:00,70.8,70.81,70.3,70.74,6796.498
1782676800000,2026-06-28 20:00:00,70.72,71.12,70.71,71.09,2728.84
1782677700000,2026-06-28 20:15:00,71.09,71.21,71.0,71.01,4195.811
1782678600000,2026-06-28 20:30:00,71.01,71.02,70.73,70.74,3900.747
1782679500000,2026-06-28 20:45:00,70.73,70.95,70.67,70.94,2640.974
1782680400000,2026-06-28 21:00:00,70.91,70.91,70.72,70.81,2518.443
1782681300000,2026-06-28 21:15:00,70.76,70.86,70.67,70.84,2109.675
1782682200000,2026-06-28 21:30:00,70.85,71.01,70.76,70.76,2243.786
1782683100000,2026-06-28 21:45:00,70.78,70.82,70.29,70.44,3920.884
1782684000000,2026-06-28 22:00:00,70.45,71.44,70.45,71.1,7298.549
1782684900000,2026-06-28 22:15:00,71.05,71.09,70.48,70.86,8497.592
1782685800000,2026-06-28 22:30:00,70.88,70.96,70.49,70.58,5071.247
1782686700000,2026-06-28 22:45:00,70.58,70.64,69.81,70.25,6612.249
1782687600000,2026-06-28 23:00:00,70.25,70.81,70.16,70.62,7715.533
1782688500000,2026-06-28 23:15:00,70.59,71.14,70.54,71.04,5065.804
1782689400000,2026-06-28 23:30:00,71.04,71.74,71.04,71.5,3926.493
1782690300000,2026-06-28 23:45:00,71.49,71.71,71.36,71.38,2930.034
1782691200000,2026-06-29 00:00:00,71.39,71.53,70.93,71.46,6183.647
1782692100000,2026-06-29 00:15:00,71.42,71.44,70.81,70.81,7256.372
1782693000000,2026-06-29 00:30:00,70.81,71.13,70.38,71.08,7988.486
1782693900000,2026-06-29 00:45:00,71.02,71.68,70.81,71.67,5726.569
1782694800000,2026-06-29 01:00:00,71.69,71.69,71.28,71.35,5786.654
1782695700000,2026-06-29 01:15:00,71.37,71.41,71.01,71.1,5749.249
1782696600000,2026-06-29 01:30:00,71.08,71.67,71.0,71.65,7403.223
1782697500000,2026-06-29 01:45:00,71.66,71.67,71.48,71.49,3950.836
1782698400000,2026-06-29 02:00:00,71.49,71.64,70.58,70.67,7053.319
1782699300000,2026-06-29 02:15:00,70.68,71.82,70.68,71.78,7578.608
1782700200000,2026-06-29 02:30:00,71.78,72.15,71.64,72.09,4389.242
1782701100000,2026-06-29 02:45:00,72.09,72.2,71.99,72.17,4136.858
1782702000000,2026-06-29 03:00:00,72.18,73.32,72.18,72.91,9980.072
1782702900000,2026-06-29 03:15:00,72.93,73.25,72.82,73.22,3820.976
1782703800000,2026-06-29 03:30:00,73.19,73.21,72.67,72.74,4867.207
1782704700000,2026-06-29 03:45:00,72.72,72.91,72.58,72.66,4724.199
1782705600000,2026-06-29 04:00:00,72.69,72.69,72.38,72.45,3073.234
1782706500000,2026-06-29 04:15:00,72.45,72.49,72.15,72.37,2986.708
1782707400000,2026-06-29 04:30:00,72.4,72.4,71.82,71.9,3109.42
1782708300000,2026-06-29 04:45:00,71.86,71.87,71.64,71.67,2200.812
1782709200000,2026-06-29 05:00:00,71.67,71.72,71.05,71.28,5430.779
1782710100000,2026-06-29 05:15:00,71.29,71.52,71.29,71.42,3938.014
1782711000000,2026-06-29 05:30:00,71.44,71.83,71.32,71.82,4015.374
1782711900000,2026-06-29 05:45:00,71.82,72.3,71.72,72.29,2890.282
1782712800000,2026-06-29 06:00:00,72.3,72.53,72.23,72.44,4404.69
1782713700000,2026-06-29 06:15:00,72.47,73.08,72.46,72.68,5940.279
1782714600000,2026-06-29 06:30:00,72.67,72.73,72.32,72.39,3539.007
1782715500000,2026-06-29 06:45:00,72.39,72.44,72.29,72.39,2907.949
1782716400000,2026-06-29 07:00:00,72.39,72.39,72.11,72.33,3946.198
1782717300000,2026-06-29 07:15:00,72.34,72.57,72.29,72.5,4104.16
1782718200000,2026-06-29 07:30:00,72.49,72.57,72.36,72.36,3475.65
1782719100000,2026-06-29 07:45:00,72.38,72.92,72.31,72.73,5711.745
1782720000000,2026-06-29 08:00:00,72.73,72.93,72.54,72.76,6350.905
1782720900000,2026-06-29 08:15:00,72.76,72.93,72.42,72.47,6810.27
1782721800000,2026-06-29 08:30:00,72.47,72.77,72.4,72.76,4353.531
1782722700000,2026-06-29 08:45:00,72.74,73.0,72.69,72.74,3611.994
1782723600000,2026-06-29 09:00:00,72.73,72.88,72.62,72.88,3985.73
1782724500000,2026-06-29 09:15:00,72.88,73.1,72.63,72.92,3966.41
1782725400000,2026-06-29 09:30:00,72.95,72.99,72.74,72.79,2677.335
1782726300000,2026-06-29 09:45:00,72.78,72.95,72.7,72.9,2618.539
1782727200000,2026-06-29 10:00:00,72.93,73.5,72.93,73.45,4366.438
1782728100000,2026-06-29 10:15:00,73.45,73.66,73.35,73.44,3840.448
1782729000000,2026-06-29 10:30:00,73.43,73.43,73.18,73.24,3334.097
1782729900000,2026-06-29 10:45:00,73.25,73.34,73.2,73.26,2449.053
1782730800000,2026-06-29 11:00:00,73.25,73.27,72.62,72.65,3982.119
1782731700000,2026-06-29 11:15:00,72.62,72.74,72.47,72.74,2481.102
1782732600000,2026-06-29 11:30:00,72.74,73.08,72.39,72.4,4691.636
1782733500000,2026-06-29 11:45:00,72.44,72.5,72.25,72.5,2813.749
1782734400000,2026-06-29 12:00:00,72.5,74.08,72.19,74.08,11023.021
1782735300000,2026-06-29 12:15:00,74.08,74.09,73.7,73.99,6491.047
1782736200000,2026-06-29 12:30:00,74.0,74.47,73.24,73.41,7440.0
1782737100000,2026-06-29 12:45:00,73.41,73.59,73.1,73.51,5562.86
1782738000000,2026-06-29 13:00:00,73.52,74.3,73.52,74.16,6269.218
1782738900000,2026-06-29 13:15:00,74.16,74.33,73.63,73.63,9595.608
1782739800000,2026-06-29 13:30:00,73.63,74.04,72.99,73.01,13092.573
1782740700000,2026-06-29 13:45:00,73.04,73.67,72.82,73.67,12176.666
1782741600000,2026-06-29 14:00:00,73.71,73.89,72.53,72.53,8970.352
1782742500000,2026-06-29 14:15:00,72.53,73.29,72.35,73.18,11934.477
1782743400000,2026-06-29 14:30:00,73.17,73.54,72.92,73.04,9880.436
1782744300000,2026-06-29 14:45:00,73.03,73.83,72.95,73.72,8809.144
1782745200000,2026-06-29 15:00:00,73.7,73.7,72.79,73.27,11680.288
1782746100000,2026-06-29 15:15:00,73.27,73.97,73.19,73.89,9635.463
1782747000000,2026-06-29 15:30:00,73.89,74.34,73.83,73.94,9337.539
1782747900000,2026-06-29 15:45:00,74.0,74.16,73.81,73.91,6522.844
1782748800000,2026-06-29 16:00:00,73.92,74.06,73.53,73.56,9725.162
1782749700000,2026-06-29 16:15:00,73.57,73.71,72.89,72.96,7656.046
1782750600000,2026-06-29 16:30:00,72.96,73.76,72.96,73.75,6415.666
1782751500000,2026-06-29 16:45:00,73.74,74.14,73.68,74.03,5922.893
1782752400000,2026-06-29 17:00:00,74.02,75.42,74.02,75.3,7253.897
1782753300000,2026-06-29 17:15:00,75.3,76.34,75.3,75.93,10659.037
1782754200000,2026-06-29 17:30:00,75.93,76.07,75.56,75.77,7386.256
1782755100000,2026-06-29 17:45:00,75.78,75.83,75.26,75.3,5949.998
1782756000000,2026-06-29 18:00:00,75.31,75.74,75.17,75.63,4679.708
1782756900000,2026-06-29 18:15:00,75.62,75.67,75.23,75.24,3457.744
1782757800000,2026-06-29 18:30:00,75.24,75.74,75.23,75.7,4620.655
1782758700000,2026-06-29 18:45:00,75.71,75.72,75.41,75.56,1724.327
1782759600000,2026-06-29 19:00:00,75.59,75.77,75.42,75.49,4675.51
1782760500000,2026-06-29 19:15:00,75.51,76.2,75.5,76.06,4417.12
1782761400000,2026-06-29 19:30:00,76.05,76.07,75.67,75.96,4342.458
1782762300000,2026-06-29 19:45:00,76.02,76.22,75.9,75.98,6090.009
1782763200000,2026-06-29 20:00:00,75.98,75.98,75.65,75.77,7082.316
1782764100000,2026-06-29 20:15:00,75.77,75.77,75.51,75.52,2801.614
1782765000000,2026-06-29 20:30:00,75.52,75.69,75.4,75.42,3220.709
1782765900000,2026-06-29 20:45:00,75.42,75.53,75.27,75.38,3559.584
1782766800000,2026-06-29 21:00:00,75.38,75.64,75.25,75.56,3849.366
1782767700000,2026-06-29 21:15:00,75.57,75.57,75.44,75.45,2343.699
1782768600000,2026-06-29 21:30:00,75.45,75.77,75.45,75.67,2903.544
1782769500000,2026-06-29 21:45:00,75.65,75.73,75.48,75.49,1730.608
1782770400000,2026-06-29 22:00:00,75.52,75.65,75.47,75.56,3262.827
1782771300000,2026-06-29 22:15:00,75.59,75.65,75.32,75.41,1588.641
1782772200000,2026-06-29 22:30:00,75.41,75.41,75.21,75.33,1628.973
1782773100000,2026-06-29 22:45:00,75.33,75.49,75.1,75.28,2859.678
1782774000000,2026-06-29 23:00:00,75.27,75.43,75.27,75.4,2463.296
1782774900000,2026-06-29 23:15:00,75.39,75.4,75.08,75.2,1707.089
1782775800000,2026-06-29 23:30:00,75.2,75.2,74.9,75.0,2643.757
1782776700000,2026-06-29 23:45:00,75.03,75.21,75.03,75.16,3759.471
1782777600000,2026-06-30 00:00:00,75.16,75.2,74.95,74.99,3739.484
1782778500000,2026-06-30 00:15:00,75.02,75.07,74.64,74.65,2755.597
1782779400000,2026-06-30 00:30:00,74.63,74.64,74.21,74.39,5443.358
1782780300000,2026-06-30 00:45:00,74.38,74.6,74.32,74.41,3504.248
1782781200000,2026-06-30 01:00:00,74.41,74.46,74.06,74.23,4822.092
1782782100000,2026-06-30 01:15:00,74.24,74.66,74.23,74.66,5118.592
1782783000000,2026-06-30 01:30:00,74.65,74.65,74.2,74.3,2167.145
1782783900000,2026-06-30 01:45:00,74.3,74.42,74.29,74.41,1418.182
1782784800000,2026-06-30 02:00:00,74.41,74.42,74.06,74.1,1349.25
1782785700000,2026-06-30 02:15:00,74.1,74.33,74.09,74.31,373.919
1782786600000,2026-06-30 02:30:00,74.34,74.53,74.21,74.53,1123.371
1782787500000,2026-06-30 02:45:00,74.53,74.8,74.53,74.59,1643.783
1782788400000,2026-06-30 03:00:00,74.59,74.76,74.58,74.68,3099.922
1782789300000,2026-06-30 03:15:00,74.67,74.88,74.56,74.56,2383.862
1782790200000,2026-06-30 03:30:00,74.61,74.65,74.35,74.45,2363.374
1782791100000,2026-06-30 03:45:00,74.44,74.46,74.14,74.19,1897.146
1782792000000,2026-06-30 04:00:00,74.18,74.23,73.8,74.13,3556.667
1782792900000,2026-06-30 04:15:00,74.17,74.17,73.71,73.97,3353.067
1782793800000,2026-06-30 04:30:00,73.98,74.16,73.98,74.04,1384.189
1782794700000,2026-06-30 04:45:00,74.04,74.08,74.0,74.04,1402.556
1782795600000,2026-06-30 05:00:00,74.02,74.17,73.96,74.05,2140.366
1782796500000,2026-06-30 05:15:00,74.05,74.09,73.86,73.96,1988.55
1782797400000,2026-06-30 05:30:00,73.96,74.17,73.85,74.15,12556.067
1782798300000,2026-06-30 05:45:00,74.15,74.28,73.58,74.23,2171.565
1782799200000,2026-06-30 06:00:00,74.22,74.24,74.0,74.07,1226.186
1782800100000,2026-06-30 06:15:00,74.06,74.24,73.92,74.24,1717.993
1782801000000,2026-06-30 06:30:00,74.24,74.25,74.05,74.1,1638.473
1782801900000,2026-06-30 06:45:00,74.09,74.2,74.08,74.16,496.975
1782802800000,2026-06-30 07:00:00,74.17,74.24,73.86,73.95,1833.01
1782803700000,2026-06-30 07:15:00,73.98,74.03,73.9,73.93,1145.827
1782804600000,2026-06-30 07:30:00,73.93,74.1,73.93,74.1,633.561
1782805500000,2026-06-30 07:45:00,74.05,74.19,74.02,74.19,1589.54
1782806400000,2026-06-30 08:00:00,74.17,74.21,73.91,73.94,1966.785
1782807300000,2026-06-30 08:15:00,73.91,74.01,73.9,74.01,391.809
1782808200000,2026-06-30 08:30:00,74.0,74.02,73.48,73.62,3904.408
1782809100000,2026-06-30 08:45:00,73.58,73.67,73.33,73.64,4719.892
1782810000000,2026-06-30 09:00:00,73.64,73.81,73.6,73.81,2197.648
1782810900000,2026-06-30 09:15:00,73.81,73.83,73.63,73.64,2913.471
1782811800000,2026-06-30 09:30:00,73.64,73.79,73.56,73.72,1387.484
1782812700000,2026-06-30 09:45:00,73.73,73.88,73.73,73.81,856.009
1782813600000,2026-06-30 10:00:00,73.81,73.89,73.63,73.74,1734.186
1782814500000,2026-06-30 10:15:00,73.78,73.84,73.66,73.73,1484.036
1782815400000,2026-06-30 10:30:00,73.67,73.67,73.53,73.58,2404.263
1782816300000,2026-06-30 10:45:00,73.6,73.8,73.57,73.71,1734.794
1782817200000,2026-06-30 11:00:00,73.7,73.76,73.65,73.7,1234.326
1782818100000,2026-06-30 11:15:00,73.72,73.72,73.41,73.41,1864.007
1782819000000,2026-06-30 11:30:00,73.46,73.58,73.38,73.58,3078.412
1782819900000,2026-06-30 11:45:00,73.58,73.68,73.35,73.4,3147.118
1782820800000,2026-06-30 12:00:00,73.41,73.41,72.97,72.97,2998.934
1782821700000,2026-06-30 12:15:00,72.98,73.05,72.6,72.68,4550.621
1782822600000,2026-06-30 12:30:00,72.7,72.75,72.45,72.54,4440.8
1782823500000,2026-06-30 12:45:00,72.53,72.53,72.13,72.14,3924.651
1782824400000,2026-06-30 13:00:00,72.11,72.47,71.97,72.36,5948.561
1782825300000,2026-06-30 13:15:00,72.37,72.58,72.37,72.49,3784.313
1782826200000,2026-06-30 13:30:00,72.59,72.84,72.03,72.49,10872.541
1782827100000,2026-06-30 13:45:00,72.49,72.92,72.32,72.89,5408.934
1782828000000,2026-06-30 14:00:00,72.89,73.55,72.84,73.35,10591.212
1782828900000,2026-06-30 14:15:00,73.35,73.76,73.27,73.74,8529.058
1782829800000,2026-06-30 14:30:00,73.74,73.9,73.18,73.59,5524.555
1782830700000,2026-06-30 14:45:00,73.59,73.59,72.76,72.97,5977.515
1782831600000,2026-06-30 15:00:00,72.96,73.16,72.62,72.99,6921.982
1782832500000,2026-06-30 15:15:00,73.0,73.39,72.71,73.27,5997.346
1782833400000,2026-06-30 15:30:00,73.27,73.38,73.1,73.32,3585.443
1782834300000,2026-06-30 15:45:00,73.36,74.09,73.09,73.13,6866.92
1782835200000,2026-06-30 16:00:00,73.15,73.54,72.9,72.91,6648.357
1782836100000,2026-06-30 16:15:00,72.91,73.06,72.75,72.79,4159.88
1782837000000,2026-06-30 16:30:00,72.82,73.27,72.78,73.1,5561.639
1782837900000,2026-06-30 16:45:00,73.1,73.71,73.1,73.52,5088.211
1782838800000,2026-06-30 17:00:00,73.53,73.91,73.46,73.47,4081.379
1782839700000,2026-06-30 17:15:00,73.47,73.6,73.38,73.44,3968.865
1782840600000,2026-06-30 17:30:00,73.44,73.54,73.36,73.36,2969.208
1782841500000,2026-06-30 17:45:00,73.35,73.47,73.16,73.18,3646.111
1782842400000,2026-06-30 18:00:00,73.19,73.34,73.12,73.32,2225.599
1782843300000,2026-06-30 18:15:00,73.32,73.72,73.21,73.43,4554.829
1782844200000,2026-06-30 18:30:00,73.43,73.44,73.0,73.24,2509.625
1782845100000,2026-06-30 18:45:00,73.31,73.68,73.31,73.61,3571.4
1782846000000,2026-06-30 19:00:00,73.58,73.71,73.46,73.58,2632.552
1782846900000,2026-06-30 19:15:00,73.57,73.57,73.36,73.46,1449.414
1782847800000,2026-06-30 19:30:00,73.56,73.93,73.53,73.81,3259.311
1782848700000,2026-06-30 19:45:00,73.82,73.82,73.55,73.7,2683.391
1782849600000,2026-06-30 20:00:00,73.72,73.92,73.65,73.87,3179.636
1782850500000,2026-06-30 20:15:00,73.85,73.85,73.61,73.71,2470.118
1782851400000,2026-06-30 20:30:00,73.7,73.74,73.58,73.63,2327.822
1782852300000,2026-06-30 20:45:00,73.63,73.91,73.58,73.74,3509.478
1782853200000,2026-06-30 21:00:00,73.69,73.76,73.24,73.35,2882.637
1782854100000,2026-06-30 21:15:00,73.35,73.4,73.25,73.35,1667.441
1782855000000,2026-06-30 21:30:00,73.35,73.49,73.31,73.36,3953.738
1782855900000,2026-06-30 21:45:00,73.36,73.48,73.33,73.48,1924.014
1782856800000,2026-06-30 22:00:00,73.48,73.69,73.48,73.62,1794.994
1782857700000,2026-06-30 22:15:00,73.64,73.69,73.53,73.53,1942.338
1782858600000,2026-06-30 22:30:00,73.51,73.51,73.3,73.44,1760.829
1782859500000,2026-06-30 22:45:00,73.45,73.46,73.35,73.44,1482.979
1782860400000,2026-06-30 23:00:00,73.39,73.44,73.34,73.36,1712.665
1782861300000,2026-06-30 23:15:00,73.4,73.66,73.4,73.59,1585.71
1782862200000,2026-06-30 23:30:00,73.6,73.71,73.5,73.6,2534.149
1782863100000,2026-06-30 23:45:00,73.62,73.7,73.58,73.69,1596.833
1782864000000,2026-07-01 00:00:00,73.67,73.74,73.58,73.74,2184.045
1782864900000,2026-07-01 00:15:00,73.73,73.76,73.39,73.53,2839.418
1782865800000,2026-07-01 00:30:00,73.52,73.77,73.51,73.61,2168.274
1782866700000,2026-07-01 00:45:00,73.6,73.82,73.6,73.62,2393.416
1782867600000,2026-07-01 01:00:00,73.64,73.65,72.3,72.8,5706.42
1782868500000,2026-07-01 01:15:00,72.87,73.39,72.74,73.28,6233.74
1782869400000,2026-07-01 01:30:00,73.22,74.33,73.22,74.22,6655.308
1782870300000,2026-07-01 01:45:00,74.2,74.23,73.82,73.99,4399.783
1782871200000,2026-07-01 02:00:00,73.96,74.21,73.81,74.13,3309.83
1782872100000,2026-07-01 02:15:00,74.15,74.58,74.12,74.52,4449.5
1782873000000,2026-07-01 02:30:00,74.51,74.99,74.46,74.99,6235.635
1782873900000,2026-07-01 02:45:00,75.0,75.01,74.7,74.8,2942.799
1782874800000,2026-07-01 03:00:00,74.82,74.92,74.58,74.68,2585.87
1782875700000,2026-07-01 03:15:00,74.67,74.67,74.36,74.51,2542.868
1782876600000,2026-07-01 03:30:00,74.57,75.19,74.43,74.83,4946.09
1782877500000,2026-07-01 03:45:00,74.82,75.63,74.82,75.47,4626.197
1782878400000,2026-07-01 04:00:00,75.47,75.62,75.36,75.38,2475.884
1782879300000,2026-07-01 04:15:00,75.37,75.46,75.25,75.44,2978.115
1782880200000,2026-07-01 04:30:00,75.43,75.73,75.39,75.6,4431.343
1782881100000,2026-07-01 04:45:00,75.6,75.79,75.6,75.64,4930.899
1782882000000,2026-07-01 05:00:00,75.64,75.64,75.63,75.63,3506.014
1782882900000,2026-07-01 05:15:00,75.63,75.64,73.68,75.16,2634.171
1782883800000,2026-07-01 05:30:00,75.16,75.35,75.16,75.34,2245.727
1782884700000,2026-07-01 05:45:00,75.35,75.4,75.18,75.25,1723.494
1782885600000,2026-07-01 06:00:00,75.26,75.27,74.94,75.01,1306.94
1782886500000,2026-07-01 06:15:00,75.02,75.04,74.57,74.74,3465.772
1782887400000,2026-07-01 06:30:00,74.74,74.78,73.96,74.25,4611.205
1782888300000,2026-07-01 06:45:00,74.23,74.35,74.04,74.27,3373.161
1782889200000,2026-07-01 07:00:00,74.27,74.41,74.11,74.41,2941.581
1782890100000,2026-07-01 07:15:00,74.4,74.74,74.27,74.59,2997.098
1782891000000,2026-07-01 07:30:00,74.59,74.84,74.41,74.7,3968.919
1782891900000,2026-07-01 07:45:00,74.7,74.93,74.64,74.85,1839.065
1782892800000,2026-07-01 08:00:00,74.87,75.04,74.65,74.9,3236.739
1782893700000,2026-07-01 08:15:00,74.85,74.91,74.54,74.65,2176.307
1782894600000,2026-07-01 08:30:00,74.68,74.86,74.51,74.86,3632.315
1782895500000,2026-07-01 08:45:00,74.84,75.49,74.7,75.46,2125.873
1782896400000,2026-07-01 09:00:00,75.44,75.44,75.15,75.15,3330.979
1782897300000,2026-07-01 09:15:00,75.16,75.4,75.08,75.1,2074.898
1782898200000,2026-07-01 09:30:00,75.11,75.33,75.11,75.17,3396.907
1782899100000,2026-07-01 09:45:00,75.2,75.54,75.14,75.49,2530.948
1782900000000,2026-07-01 10:00:00,75.49,75.54,75.27,75.32,2607.459
1782900900000,2026-07-01 10:15:00,75.3,75.51,75.16,75.32,2157.988
1782901800000,2026-07-01 10:30:00,75.33,75.34,75.03,75.07,1434.145
1782902700000,2026-07-01 10:45:00,75.07,75.23,74.98,74.98,1657.819
1782903600000,2026-07-01 11:00:00,75.01,75.15,74.7,75.14,3679.359
1782904500000,2026-07-01 11:15:00,75.14,75.3,75.04,75.06,3296.633
1782905400000,2026-07-01 11:30:00,75.02,75.1,74.85,74.95,2318.712
1782906300000,2026-07-01 11:45:00,74.96,75.03,74.64,74.84,2170.813
1782907200000,2026-07-01 12:00:00,74.89,74.94,74.4,74.47,4509.051
1782908100000,2026-07-01 12:15:00,74.47,74.67,74.47,74.62,2399.786
1782909000000,2026-07-01 12:30:00,74.62,74.66,74.38,74.48,3825.375
1782909900000,2026-07-01 12:45:00,74.49,74.63,74.29,74.63,2780.425
1782910800000,2026-07-01 13:00:00,74.62,75.05,74.62,74.96,4087.501
1782911700000,2026-07-01 13:15:00,74.96,75.3,74.86,75.26,3806.048
1782912600000,2026-07-01 13:30:00,75.25,75.64,74.75,75.51,10791.845
1782913500000,2026-07-01 13:45:00,75.52,76.09,75.38,75.99,7099.096
1782914400000,2026-07-01 14:00:00,76.01,76.3,75.67,76.3,8128.695
1782915300000,2026-07-01 14:15:00,76.3,77.17,76.27,76.7,7354.258
1782916200000,2026-07-01 14:30:00,76.67,77.0,76.41,76.85,7745.027
1782917100000,2026-07-01 14:45:00,76.85,77.13,76.44,76.95,5892.2
1782918000000,2026-07-01 15:00:00,76.95,77.46,76.93,76.99,7085.492
1782918900000,2026-07-01 15:15:00,77.01,77.69,76.87,77.52,5288.532
1782919800000,2026-07-01 15:30:00,77.52,77.6,77.24,77.46,4449.332
1782920700000,2026-07-01 15:45:00,77.46,77.48,77.15,77.46,3812.435
1782921600000,2026-07-01 16:00:00,77.45,77.49,77.21,77.29,3370.553
1782922500000,2026-07-01 16:15:00,77.29,78.08,77.28,77.81,6507.693
1782923400000,2026-07-01 16:30:00,77.82,77.82,77.49,77.66,2996.896
1782924300000,2026-07-01 16:45:00,77.59,77.61,76.93,77.12,3689.505
1782925200000,2026-07-01 17:00:00,77.13,77.26,76.87,77.24,3589.684
1782926100000,2026-07-01 17:15:00,77.25,77.9,77.23,77.74,4398.786
1782927000000,2026-07-01 17:30:00,77.73,77.88,77.6,77.67,3580.655
1782927900000,2026-07-01 17:45:00,77.66,77.88,77.66,77.77,2245.355
1782928800000,2026-07-01 18:00:00,77.7,77.89,77.54,77.78,3170.384
1782929700000,2026-07-01 18:15:00,77.78,77.82,77.54,77.58,2970.032
1782930600000,2026-07-01 18:30:00,77.61,77.77,77.43,77.72,3202.766
1782931500000,2026-07-01 18:45:00,77.73,77.73,77.34,77.43,3547.285
1782932400000,2026-07-01 19:00:00,77.42,77.67,77.4,77.49,2211.66
1782933300000,2026-07-01 19:15:00,77.49,77.61,77.21,77.22,2931.467
1782934200000,2026-07-01 19:30:00,77.22,77.38,77.2,77.35,3395.22
1782935100000,2026-07-01 19:45:00,77.3,77.3,76.83,76.95,3363.37
1782936000000,2026-07-01 20:00:00,76.96,76.98,76.72,76.85,3007.722
1782936900000,2026-07-01 20:15:00,76.85,76.92,76.61,76.89,2760.651
1782937800000,2026-07-01 20:30:00,76.89,77.23,76.86,77.23,3017.198
1782938700000,2026-07-01 20:45:00,77.24,77.47,77.23,77.42,1653.148
1782939600000,2026-07-01 21:00:00,77.41,78.0,77.41,77.85,4136.158
1782940500000,2026-07-01 21:15:00,77.88,77.9,77.73,77.85,3594.365
1782941400000,2026-07-01 21:30:00,77.83,78.44,77.83,78.23,4855.829
1782942300000,2026-07-01 21:45:00,78.23,78.68,78.18,78.46,2751.658
1782943200000,2026-07-01 22:00:00,78.39,78.39,78.24,78.33,1516.808
1782944100000,2026-07-01 22:15:00,78.32,78.9,78.27,78.27,4859.48
1782945000000,2026-07-01 22:30:00,78.27,78.35,78.02,78.05,2940.694
1782945900000,2026-07-01 22:45:00,78.04,78.04,77.77,77.9,2017.362
1782946800000,2026-07-01 23:00:00,77.89,77.89,77.51,77.53,3204.079
1782947700000,2026-07-01 23:15:00,77.48,77.71,77.42,77.68,1805.051
1782948600000,2026-07-01 23:30:00,77.69,77.77,77.48,77.53,3100.534
1782949500000,2026-07-01 23:45:00,77.51,77.62,77.27,77.43,2152.134
1782950400000,2026-07-02 00:00:00,77.46,77.46,77.19,77.33,4295.308
1782951300000,2026-07-02 00:15:00,77.33,77.35,77.09,77.19,2124.317
1782952200000,2026-07-02 00:30:00,77.19,77.19,76.9,76.98,1568.589
1782953100000,2026-07-02 00:45:00,76.98,77.34,76.98,77.22,2279.659
1782954000000,2026-07-02 01:00:00,77.21,77.65,77.2,77.62,2568.389
1782954900000,2026-07-02 01:15:00,77.62,77.92,77.57,77.92,2906.319
1782955800000,2026-07-02 01:30:00,77.92,78.67,77.92,78.32,5103.921
1782956700000,2026-07-02 01:45:00,78.32,78.4,78.04,78.19,1962.078
1782957600000,2026-07-02 02:00:00,78.18,78.18,77.83,78.04,3623.852
1782958500000,2026-07-02 02:15:00,78.05,78.24,78.05,78.17,2839.076
1782959400000,2026-07-02 02:30:00,78.18,78.52,78.13,78.5,3446.116
1782960300000,2026-07-02 02:45:00,78.5,78.59,78.32,78.43,1487.481
1782961200000,2026-07-02 03:00:00,78.45,78.53,78.37,78.48,2578.22
1782962100000,2026-07-02 03:15:00,78.44,78.66,77.95,78.46,3279.083
1782963000000,2026-07-02 03:30:00,78.46,78.57,78.29,78.55,1990.406
1782963900000,2026-07-02 03:45:00,78.54,78.94,78.42,78.73,3838.217
1782964800000,2026-07-02 04:00:00,78.74,78.74,78.36,78.51,3379.473
1782965700000,2026-07-02 04:15:00,78.49,78.49,78.27,78.31,10514.318
1782966600000,2026-07-02 04:30:00,78.31,78.77,78.09,78.16,12847.849
1782967500000,2026-07-02 04:45:00,78.2,78.39,78.18,78.28,1632.542
1782968400000,2026-07-02 05:00:00,78.26,78.34,78.11,78.26,2053.805
1782969300000,2026-07-02 05:15:00,78.26,78.31,78.06,78.06,1393.265
1782970200000,2026-07-02 05:30:00,78.04,78.14,77.8,77.85,2030.362
1782971100000,2026-07-02 05:45:00,77.83,78.11,77.82,78.1,1668.59
1782972000000,2026-07-02 06:00:00,78.11,78.2,77.95,78.07,2783.633
1782972900000,2026-07-02 06:15:00,78.08,78.4,78.07,78.26,2363.656
1782973800000,2026-07-02 06:30:00,78.26,78.62,78.1,78.13,2148.909
1782974700000,2026-07-02 06:45:00,78.14,78.16,77.79,77.91,2336.194
1782975600000,2026-07-02 07:00:00,77.91,77.96,77.68,77.77,2277.212
1782976500000,2026-07-02 07:15:00,77.8,77.91,77.62,77.75,2050.505
1782977400000,2026-07-02 07:30:00,77.73,77.97,77.66,77.97,1057.407
1782978300000,2026-07-02 07:45:00,77.97,78.18,77.92,77.97,2120.713
1782979200000,2026-07-02 08:00:00,78.03,78.22,77.94,78.14,3244.088
1782980100000,2026-07-02 08:15:00,78.14,78.3,78.14,78.22,1772.346
1782981000000,2026-07-02 08:30:00,78.2,78.46,78.12,78.4,1790.633
1782981900000,2026-07-02 08:45:00,78.4,78.5,78.36,78.47,1838.269
1782982800000,2026-07-02 09:00:00,78.47,78.61,78.3,78.44,1901.45
1782983700000,2026-07-02 09:15:00,78.44,78.88,78.35,78.85,3301.884
1782984600000,2026-07-02 09:30:00,78.81,79.75,78.8,79.55,8561.547
1782985500000,2026-07-02 09:45:00,79.55,79.66,79.27,79.51,3865.531
1782986400000,2026-07-02 10:00:00,79.5,79.82,79.45,79.7,2798.561
1782987300000,2026-07-02 10:15:00,79.7,80.56,79.49,80.27,7351.885
1782988200000,2026-07-02 10:30:00,80.26,81.28,80.21,81.05,7678.142
1782989100000,2026-07-02 10:45:00,81.06,82.03,80.92,82.02,9106.634
1782990000000,2026-07-02 11:00:00,82.02,82.64,81.52,82.3,7572.207
1782990900000,2026-07-02 11:15:00,82.3,82.76,81.96,82.41,8165.175
1782991800000,2026-07-02 11:30:00,82.52,82.69,82.21,82.43,3546.084
1782992700000,2026-07-02 11:45:00,82.43,82.53,82.02,82.45,3722.547
1782993600000,2026-07-02 12:00:00,82.44,82.44,82.2,82.3,4247.187
1782994500000,2026-07-02 12:15:00,82.28,82.39,81.71,82.06,5552.276
1782995400000,2026-07-02 12:30:00,82.05,82.06,81.12,81.22,7812.554
1782996300000,2026-07-02 12:45:00,81.22,81.5,81.21,81.39,4452.278
1782997200000,2026-07-02 13:00:00,81.39,81.64,81.29,81.44,4327.131
1782998100000,2026-07-02 13:15:00,81.46,81.61,80.82,80.83,4993.696
1782999000000,2026-07-02 13:30:00,80.83,81.77,80.82,81.75,6526.309
1782999900000,2026-07-02 13:45:00,81.75,81.97,81.36,81.5,5462.132
1783000800000,2026-07-02 14:00:00,81.47,81.5,81.09,81.34,3812.601
1783001700000,2026-07-02 14:15:00,81.3,81.42,80.49,80.61,5585.224
1783002600000,2026-07-02 14:30:00,80.62,80.88,80.45,80.53,5459.565
1783003500000,2026-07-02 14:45:00,80.54,80.84,80.18,80.53,5088.337
1783004400000,2026-07-02 15:00:00,80.54,80.66,80.11,80.32,4529.577
1783005300000,2026-07-02 15:15:00,80.36,80.78,80.29,80.65,4034.528
1783006200000,2026-07-02 15:30:00,80.68,80.86,80.55,80.82,3231.778
1783007100000,2026-07-02 15:45:00,80.77,80.91,80.57,80.86,2137.276
1783008000000,2026-07-02 16:00:00,80.86,81.1,80.72,81.06,3178.323
1783008900000,2026-07-02 16:15:00,81.02,81.02,80.41,80.48,3149.396
1783009800000,2026-07-02 16:30:00,80.49,80.71,80.17,80.28,2816.898
1783010700000,2026-07-02 16:45:00,80.24,80.75,80.23,80.54,3259.052
1783011600000,2026-07-02 17:00:00,80.56,80.97,80.53,80.97,4333.666
1783012500000,2026-07-02 17:15:00,80.94,81.2,80.93,81.11,1936.095
1783013400000,2026-07-02 17:30:00,81.13,81.14,80.69,80.86,5289.267
1783014300000,2026-07-02 17:45:00,80.87,80.92,80.63,80.63,2637.89
1783015200000,2026-07-02 18:00:00,80.64,81.1,80.64,81.09,3527.827
1783016100000,2026-07-02 18:15:00,81.1,81.1,80.87,80.96,6182.359
1783017000000,2026-07-02 18:30:00,80.97,81.09,80.92,81.09,1577.959
1783017900000,2026-07-02 18:45:00,81.07,81.24,80.97,81.03,2219.056
1783018800000,2026-07-02 19:00:00,81.02,81.11,80.94,81.11,3402.152
1783019700000,2026-07-02 19:15:00,81.1,81.1,80.83,80.83,2451.365
1783020600000,2026-07-02 19:30:00,80.82,81.08,80.82,81.07,1642.285
1783021500000,2026-07-02 19:45:00,81.09,81.28,80.85,80.85,2375.906
1783022400000,2026-07-02 20:00:00,80.85,80.86,80.61,80.78,2849.885
1783023300000,2026-07-02 20:15:00,80.8,80.87,80.61,80.61,1202.258
1783024200000,2026-07-02 20:30:00,80.63,80.82,80.61,80.8,1860.044
1783025100000,2026-07-02 20:45:00,80.78,81.07,80.78,81.03,1715.251
1783026000000,2026-07-02 21:00:00,81.02,81.1,80.94,81.08,1644.793
1783026900000,2026-07-02 21:15:00,81.09,81.12,80.94,80.95,1363.771
1783027800000,2026-07-02 21:30:00,80.94,81.0,80.74,80.75,1901.846
1783028700000,2026-07-02 21:45:00,80.75,80.8,80.52,80.8,2099.906
1783029600000,2026-07-02 22:00:00,80.8,80.8,80.46,80.46,2190.735
1783030500000,2026-07-02 22:15:00,80.47,80.68,80.47,80.62,1094.115
1783031400000,2026-07-02 22:30:00,80.62,80.73,80.55,80.57,1403.108
1783032300000,2026-07-02 22:45:00,80.54,80.87,80.51,80.7,1430.1
1783033200000,2026-07-02 23:00:00,80.69,80.7,80.52,80.53,2023.424
1783034100000,2026-07-02 23:15:00,80.53,80.74,80.51,80.69,2524.981
1783035000000,2026-07-02 23:30:00,80.69,80.74,80.52,80.66,700.558
1783035900000,2026-07-02 23:45:00,80.63,80.78,80.63,80.67,657.491
1783036800000,2026-07-03 00:00:00,80.71,80.83,80.6,80.79,2983.182
1783037700000,2026-07-03 00:15:00,80.79,80.81,80.62,80.62,2160.934
1783038600000,2026-07-03 00:30:00,80.62,80.86,80.53,80.85,3413.319
1783039500000,2026-07-03 00:45:00,80.82,80.91,80.74,80.79,3073.584
1783040400000,2026-07-03 01:00:00,80.79,81.24,80.72,81.24,1909.818
1783041300000,2026-07-03 01:15:00,81.24,81.25,81.02,81.17,2401.817
1783042200000,2026-07-03 01:30:00,81.19,81.59,81.1,81.47,5574.701
1783043100000,2026-07-03 01:45:00,81.46,81.69,81.4,81.48,1213.636
1783044000000,2026-07-03 02:00:00,81.47,81.67,81.32,81.32,1882.363
1783044900000,2026-07-03 02:15:00,81.32,81.52,81.16,81.18,1618.566
1783045800000,2026-07-03 02:30:00,81.18,81.19,80.79,80.82,2572.988
1783046700000,2026-07-03 02:45:00,80.82,80.85,80.69,80.82,2125.936
1783047600000,2026-07-03 03:00:00,80.77,80.8,80.36,80.43,2343.804
1783048500000,2026-07-03 03:15:00,80.42,80.97,80.42,80.9,1908.98
1783049400000,2026-07-03 03:30:00,80.89,80.97,80.6,80.65,5732.452
1783050300000,2026-07-03 03:45:00,80.65,80.68,80.64,80.68,18918.627
1783051200000,2026-07-03 04:00:00,80.68,80.68,62.95,80.64,5365.494
1783052100000,2026-07-03 04:15:00,80.65,80.66,80.51,80.63,986.446
1783053000000,2026-07-03 04:30:00,80.64,80.8,80.57,80.74,3189.2
1783053900000,2026-07-03 04:45:00,80.77,80.79,80.5,80.53,989.617
1783054800000,2026-07-03 05:00:00,80.51,80.73,80.5,80.7,2498.482
1783055700000,2026-07-03 05:15:00,80.72,80.9,80.61,80.87,1947.692
1783056600000,2026-07-03 05:30:00,80.85,81.18,80.83,81.09,2276.726
1783057500000,2026-07-03 05:45:00,81.08,81.24,81.03,81.17,1447.676
1783058400000,2026-07-03 06:00:00,81.15,81.37,81.12,81.17,2031.774
1783059300000,2026-07-03 06:15:00,81.15,81.22,80.95,81.0,1371.061
1783060200000,2026-07-03 06:30:00,81.09,81.11,80.76,80.84,2076.66
1783061100000,2026-07-03 06:45:00,80.85,81.09,80.84,80.97,2276.663
1783062000000,2026-07-03 07:00:00,80.97,81.02,80.85,80.93,2251.755
1783062900000,2026-07-03 07:15:00,80.94,81.11,80.94,81.1,931.966
1783063800000,2026-07-03 07:30:00,81.1,81.32,81.05,81.28,2568.044
1783064700000,2026-07-03 07:45:00,81.29,81.48,81.21,81.22,7568.517
1783065600000,2026-07-03 08:00:00,81.23,81.32,81.13,81.18,1340.956
1783066500000,2026-07-03 08:15:00,81.18,81.25,81.03,81.03,1763.287
1783067400000,2026-07-03 08:30:00,81.04,81.48,80.95,81.39,1419.955
1783068300000,2026-07-03 08:45:00,81.38,81.38,80.84,80.92,4097.727
1783069200000,2026-07-03 09:00:00,80.9,81.05,80.82,81.05,1653.956
1783070100000,2026-07-03 09:15:00,81.09,81.1,80.89,80.96,679.887
1783071000000,2026-07-03 09:30:00,80.9,80.93,80.68,80.87,1618.811
1783071900000,2026-07-03 09:45:00,80.86,81.2,80.86,81.05,2140.327
1783072800000,2026-07-03 10:00:00,81.04,81.25,81.03,81.08,2833.771
1783073700000,2026-07-03 10:15:00,81.09,81.24,80.91,81.13,1926.199
1783074600000,2026-07-03 10:30:00,81.17,81.53,81.05,81.46,2637.574
1783075500000,2026-07-03 10:45:00,81.46,81.85,81.26,81.54,3656.231
1783076400000,2026-07-03 11:00:00,81.54,81.7,81.44,81.53,2787.443
1783077300000,2026-07-03 11:15:00,81.59,81.62,81.39,81.4,1986.083
1783078200000,2026-07-03 11:30:00,81.41,81.43,81.27,81.33,1142.67
1783079100000,2026-07-03 11:45:00,81.35,81.66,81.34,81.58,1193.509
1783080000000,2026-07-03 12:00:00,81.58,81.73,81.47,81.53,1961.099
1783080900000,2026-07-03 12:15:00,81.51,81.52,81.22,81.33,1975.847
1783081800000,2026-07-03 12:30:00,81.31,81.41,81.26,81.37,1882.364
1783082700000,2026-07-03 12:45:00,81.36,81.55,81.36,81.52,925.779
1783083600000,2026-07-03 13:00:00,81.54,81.7,81.53,81.63,1707.729
1783084500000,2026-07-03 13:15:00,81.63,81.7,81.45,81.66,559.164
1783085400000,2026-07-03 13:30:00,81.66,81.69,81.46,81.64,1083.186
1783086300000,2026-07-03 13:45:00,81.66,81.84,81.48,81.61,1741.262
1783087200000,2026-07-03 14:00:00,81.6,81.61,81.0,81.0,2091.928
1783088100000,2026-07-03 14:15:00,81.0,81.29,80.98,81.29,1489.625
1783089000000,2026-07-03 14:30:00,81.28,81.58,81.27,81.53,2334.198
1783089900000,2026-07-03 14:45:00,81.55,81.76,81.5,81.68,1785.246
1783090800000,2026-07-03 15:00:00,81.68,82.0,81.62,81.62,3980.485
1783091700000,2026-07-03 15:15:00,81.63,81.64,81.26,81.27,1976.82
1783092600000,2026-07-03 15:30:00,81.26,81.37,81.16,81.28,1920.746
1783093500000,2026-07-03 15:45:00,81.27,81.32,81.15,81.22,1314.429
1783094400000,2026-07-03 16:00:00,81.22,81.36,81.09,81.2,1327.874
1783095300000,2026-07-03 16:15:00,81.2,81.42,81.18,81.34,906.184
1783096200000,2026-07-03 16:30:00,81.33,81.45,81.18,81.44,1186.748
1783097100000,2026-07-03 16:45:00,81.45,81.57,81.3,81.54,1588.669
1783098000000,2026-07-03 17:00:00,81.54,81.73,81.49,81.65,1210.97
1783098900000,2026-07-03 17:15:00,81.65,81.96,81.65,81.82,1814.728
1783099800000,2026-07-03 17:30:00,81.76,81.84,81.59,81.7,3039.974
1783100700000,2026-07-03 17:45:00,81.71,81.81,81.65,81.76,1223.366
1783101600000,2026-07-03 18:00:00,81.76,81.82,81.63,81.69,1235.157
1783102500000,2026-07-03 18:15:00,81.72,81.9,81.71,81.77,1152.606
1783103400000,2026-07-03 18:30:00,81.77,81.96,81.76,81.96,883.281
1783104300000,2026-07-03 18:45:00,81.95,82.26,81.91,82.13,1077.067
1783105200000,2026-07-03 19:00:00,82.11,82.29,82.09,82.11,2531.545
1783106100000,2026-07-03 19:15:00,82.14,82.37,82.14,82.33,1221.3
1783107000000,2026-07-03 19:30:00,82.32,83.12,82.22,82.82,4561.675
1783107900000,2026-07-03 19:45:00,82.83,82.83,82.43,82.49,3010.522
1783108800000,2026-07-03 20:00:00,82.49,82.66,82.25,82.43,2809.027
1783109700000,2026-07-03 20:15:00,82.5,82.65,82.29,82.56,2710.08
1783110600000,2026-07-03 20:30:00,82.54,82.98,82.39,82.76,3439.882
1783111500000,2026-07-03 20:45:00,82.75,82.93,82.68,82.72,3266.16
1783112400000,2026-07-03 21:00:00,82.72,82.92,82.65,82.66,2241.636
1783113300000,2026-07-03 21:15:00,82.65,82.71,82.35,82.39,1230.297
1783114200000,2026-07-03 21:30:00,82.4,82.45,82.22,82.33,2130.149
1783115100000,2026-07-03 21:45:00,82.38,82.81,82.38,82.67,1766.213
1783116000000,2026-07-03 22:00:00,82.64,82.68,82.37,82.38,1368.774
1783116900000,2026-07-03 22:15:00,82.36,82.55,82.36,82.39,1002.776
1783117800000,2026-07-03 22:30:00,82.4,82.43,82.27,82.39,1183.067
1783118700000,2026-07-03 22:45:00,82.41,82.41,82.26,82.36,502.076
1783119600000,2026-07-03 23:00:00,82.35,82.38,82.19,82.24,703.939
1783120500000,2026-07-03 23:15:00,82.23,82.34,82.18,82.25,667.496
1783121400000,2026-07-03 23:30:00,82.25,82.48,82.25,82.45,927.182
1783122300000,2026-07-03 23:45:00,82.45,82.45,82.33,82.37,830.977
1783123200000,2026-07-04 00:00:00,82.38,82.7,82.28,82.62,2349.219
1783124100000,2026-07-04 00:15:00,82.6,82.73,82.44,82.58,1053.922
1783125000000,2026-07-04 00:30:00,82.59,82.66,82.41,82.48,1547.306
1783125900000,2026-07-04 00:45:00,82.5,82.61,82.41,82.44,759.26
1783126800000,2026-07-04 01:00:00,82.4,82.41,81.92,82.01,13339.936
1783127700000,2026-07-04 01:15:00,82.02,82.2,81.95,82.0,1584.338
1783128600000,2026-07-04 01:30:00,81.99,82.04,81.86,81.9,1407.148
1783129500000,2026-07-04 01:45:00,81.92,81.98,81.82,81.97,717.478
1783130400000,2026-07-04 02:00:00,81.95,82.12,81.91,82.09,933.068
1783131300000,2026-07-04 02:15:00,82.04,82.08,81.96,82.04,729.265
1783132200000,2026-07-04 02:30:00,82.05,82.16,81.93,82.16,853.773
1783133100000,2026-07-04 02:45:00,82.17,82.39,82.14,82.19,1257.514
1783134000000,2026-07-04 03:00:00,82.18,82.36,82.08,82.36,1064.984
1783134900000,2026-07-04 03:15:00,82.35,84.16,81.79,82.29,628.859
1783135800000,2026-07-04 03:30:00,82.3,82.81,82.3,82.73,2437.624
1783136700000,2026-07-04 03:45:00,82.73,82.78,82.6,82.74,986.62
1783137600000,2026-07-04 04:00:00,82.74,83.04,82.67,82.89,1468.34
1783138500000,2026-07-04 04:15:00,82.9,83.08,82.77,83.02,1975.488
1783139400000,2026-07-04 04:30:00,82.97,83.92,82.97,83.73,5701.228
1783140300000,2026-07-04 04:45:00,83.71,83.94,83.43,83.47,3269.91
1783141200000,2026-07-04 05:00:00,83.48,83.48,83.13,83.23,1953.571
1783142100000,2026-07-04 05:15:00,83.24,83.4,82.94,83.11,2565.816
1783143000000,2026-07-04 05:30:00,83.1,83.37,83.05,83.35,1997.827
1783143900000,2026-07-04 05:45:00,83.34,83.46,83.21,83.36,1745.649
1783144800000,2026-07-04 06:00:00,83.38,83.59,83.3,83.33,1941.272
1783145700000,2026-07-04 06:15:00,83.3,83.3,82.55,82.64,4492.582
1783146600000,2026-07-04 06:30:00,82.64,82.79,82.63,82.65,1207.757
1783147500000,2026-07-04 06:45:00,82.68,82.7,82.5,82.56,1152.596
1783148400000,2026-07-04 07:00:00,82.54,82.57,82.27,82.41,2837.331
1783149300000,2026-07-04 07:15:00,82.42,82.54,82.32,82.41,1076.601
1783150200000,2026-07-04 07:30:00,82.4,82.56,82.4,82.51,1431.585
1783151100000,2026-07-04 07:45:00,82.51,82.81,82.46,82.72,1113.323
1783152000000,2026-07-04 08:00:00,82.71,82.77,82.56,82.64,2046.086
1783152900000,2026-07-04 08:15:00,82.63,82.67,82.46,82.46,858.324
1783153800000,2026-07-04 08:30:00,82.45,82.67,82.43,82.48,1392.232
1783154700000,2026-07-04 08:45:00,82.45,82.59,82.27,82.31,1242.145
1783155600000,2026-07-04 09:00:00,82.31,82.32,81.88,82.1,2294.374
1783156500000,2026-07-04 09:15:00,82.1,82.15,81.97,82.01,1124.736
1783157400000,2026-07-04 09:30:00,82.01,82.02,81.64,81.66,1971.131
1783158300000,2026-07-04 09:45:00,81.67,81.84,81.65,81.74,713.665
1783159200000,2026-07-04 10:00:00,81.74,81.83,81.69,81.8,1059.002
1783160100000,2026-07-04 10:15:00,81.79,81.93,81.7,81.74,972.762
1783161000000,2026-07-04 10:30:00,81.74,81.75,81.47,81.61,5031.987
1783161900000,2026-07-04 10:45:00,81.59,81.74,81.55,81.65,1327.8
1783162800000,2026-07-04 11:00:00,81.65,81.77,81.56,81.65,2040.487
1783163700000,2026-07-04 11:15:00,81.66,81.79,81.66,81.71,2674.721
1783164600000,2026-07-04 11:30:00,81.73,81.92,81.73,81.85,4445.191
1783165500000,2026-07-04 11:45:00,81.86,81.91,81.78,81.83,4294.345
1783166400000,2026-07-04 12:00:00,81.82,81.99,81.81,81.83,1272.116
1783167300000,2026-07-04 12:15:00,81.83,81.83,81.56,81.66,1290.674
1783168200000,2026-07-04 12:30:00,81.65,81.68,81.39,81.49,2600.117
1783169100000,2026-07-04 12:45:00,81.48,81.65,81.38,81.6,668.096
1783170000000,2026-07-04 13:00:00,81.59,81.67,81.49,81.5,1091.472
1783170900000,2026-07-04 13:15:00,81.52,81.82,81.52,81.62,1724.709
1783171800000,2026-07-04 13:30:00,81.64,81.64,81.4,81.59,1913.319
1783172700000,2026-07-04 13:45:00,81.56,81.68,81.43,81.68,2815.47
1783173600000,2026-07-04 14:00:00,81.65,81.85,81.65,81.79,2710.875
1783174500000,2026-07-04 14:15:00,81.79,81.85,81.57,81.69,2305.634
1783175400000,2026-07-04 14:30:00,81.7,81.83,81.61,81.83,2333.078
1783176300000,2026-07-04 14:45:00,81.83,81.83,81.69,81.83,956.627
1783177200000,2026-07-04 15:00:00,81.81,82.31,81.73,82.05,5908.675
1783178100000,2026-07-04 15:15:00,82.06,82.26,81.98,82.21,3901.291
1783179000000,2026-07-04 15:30:00,82.23,82.32,82.1,82.23,3005.17
1783179900000,2026-07-04 15:45:00,82.21,82.41,82.1,82.23,1336.911
1783180800000,2026-07-04 16:00:00,82.24,82.29,82.0,82.04,4566.559
1783181700000,2026-07-04 16:15:00,82.03,82.27,82.03,82.26,2491.276
1783182600000,2026-07-04 16:30:00,82.24,82.37,82.19,82.23,2743.47
1783183500000,2026-07-04 16:45:00,82.19,82.3,82.17,82.22,1259.646
1783184400000,2026-07-04 17:00:00,82.17,82.2,81.9,82.03,2933.467
1783185300000,2026-07-04 17:15:00,82.02,82.31,82.02,82.28,2506.086
1783186200000,2026-07-04 17:30:00,82.32,82.58,82.32,82.48,5954.406
1783187100000,2026-07-04 17:45:00,82.47,82.81,82.41,82.54,3368.17
1783188000000,2026-07-04 18:00:00,82.53,82.59,82.43,82.57,2382.05
1783188900000,2026-07-04 18:15:00,82.57,82.59,82.13,82.3,3029.268
1783189800000,2026-07-04 18:30:00,82.3,82.3,82.16,82.2,815.658
1783190700000,2026-07-04 18:45:00,82.19,82.35,82.15,82.26,2504.382
1783191600000,2026-07-04 19:00:00,82.26,82.33,81.71,81.79,4099.847
1783192500000,2026-07-04 19:15:00,81.82,81.96,81.78,81.89,3009.934
1783193400000,2026-07-04 19:30:00,81.9,82.03,81.79,82.0,2309.257
1783194300000,2026-07-04 19:45:00,82.01,82.01,81.76,81.91,1442.996
1783195200000,2026-07-04 20:00:00,81.89,81.95,81.81,81.92,2289.33
1783196100000,2026-07-04 20:15:00,81.92,81.97,81.6,81.7,2600.921
1783197000000,2026-07-04 20:30:00,81.74,82.08,81.73,82.08,4654.99
1783197900000,2026-07-04 20:45:00,82.08,82.13,81.93,81.99,1170.419
1783198800000,2026-07-04 21:00:00,81.99,82.01,81.86,82.0,2345.745
1783199700000,2026-07-04 21:15:00,81.99,82.14,81.99,82.11,1006.169
1783200600000,2026-07-04 21:30:00,82.1,82.23,81.98,82.02,1294.385
1783201500000,2026-07-04 21:45:00,82.03,82.05,81.92,81.99,1724.169
1783202400000,2026-07-04 22:00:00,81.99,82.0,81.81,81.93,1135.754
1783203300000,2026-07-04 22:15:00,81.9,81.98,81.8,81.83,365.672
1783204200000,2026-07-04 22:30:00,81.83,81.9,81.83,81.84,466.771
1783205100000,2026-07-04 22:45:00,81.84,81.92,81.8,81.92,1229.507
1783206000000,2026-07-04 23:00:00,81.94,81.94,81.55,81.55,2139.102
1783206900000,2026-07-04 23:15:00,81.56,81.74,81.45,81.69,2425.616
1783207800000,2026-07-04 23:30:00,81.69,81.83,81.69,81.75,1842.25
1783208700000,2026-07-04 23:45:00,81.8,81.85,81.65,81.8,1132.854
1783209600000,2026-07-05 00:00:00,81.8,81.82,81.53,81.58,1848.384
1783210500000,2026-07-05 00:15:00,81.6,81.61,81.32,81.39,1789.58
1783211400000,2026-07-05 00:30:00,81.44,81.46,81.14,81.39,2177.833
1783212300000,2026-07-05 00:45:00,81.39,81.41,81.16,81.29,1114.372
1783213200000,2026-07-05 01:00:00,81.31,81.45,81.19,81.19,2006.15
1783214100000,2026-07-05 01:15:00,81.18,81.2,80.76,81.05,4147.692
1783215000000,2026-07-05 01:30:00,81.05,81.05,80.6,80.84,3474.281
1783215900000,2026-07-05 01:45:00,80.84,80.94,80.76,80.82,1941.191
1783216800000,2026-07-05 02:00:00,80.84,80.89,80.48,80.54,2398.363
1783217700000,2026-07-05 02:15:00,80.53,80.69,80.42,80.52,5017.373
1783218600000,2026-07-05 02:30:00,80.54,80.64,80.34,80.43,10951.419
1783219500000,2026-07-05 02:45:00,80.43,80.64,67.33,80.36,8064.575
1783220400000,2026-07-05 03:00:00,80.37,80.58,80.36,80.57,1046.757
1783221300000,2026-07-05 03:15:00,80.58,80.59,80.35,80.35,2356.868
1783222200000,2026-07-05 03:30:00,80.38,80.55,80.38,80.43,1243.873
1783223100000,2026-07-05 03:45:00,80.46,80.57,80.45,80.55,296.154
1783224000000,2026-07-05 04:00:00,80.56,80.59,80.41,80.54,1253.408
1783224900000,2026-07-05 04:15:00,80.53,80.69,80.53,80.68,1610.013
1783225800000,2026-07-05 04:30:00,80.69,80.87,80.68,80.85,1010.029
1783226700000,2026-07-05 04:45:00,80.85,80.85,80.58,80.58,1003.107
1783227600000,2026-07-05 05:00:00,80.57,80.58,80.44,80.51,808.101
1783228500000,2026-07-05 05:15:00,80.5,80.57,80.43,80.5,390.238
1783229400000,2026-07-05 05:30:00,80.5,80.58,80.26,80.26,1041.476
1783230300000,2026-07-05 05:45:00,80.28,80.51,80.27,80.45,1557.686
1783231200000,2026-07-05 06:00:00,80.46,80.48,80.34,80.44,3281.19
1783232100000,2026-07-05 06:15:00,80.44,80.5,80.38,80.5,1893.319
1783233000000,2026-07-05 06:30:00,80.52,80.64,80.5,80.54,2566.061
1783233900000,2026-07-05 06:45:00,80.52,80.62,80.49,80.62,989.184
1783234800000,2026-07-05 07:00:00,80.62,80.63,80.44,80.47,2287.426
1783235700000,2026-07-05 07:15:00,80.46,80.52,80.38,80.41,1745.333
1783236600000,2026-07-05 07:30:00,80.42,80.64,80.41,80.59,928.359
1783237500000,2026-07-05 07:45:00,80.58,80.76,80.57,80.76,960.284
1783238400000,2026-07-05 08:00:00,80.75,80.87,80.53,80.64,3622.17
1783239300000,2026-07-05 08:15:00,80.64,80.7,80.46,80.49,868.533
1783240200000,2026-07-05 08:30:00,80.48,80.61,80.48,80.58,793.275
1783241100000,2026-07-05 08:45:00,80.59,80.61,80.47,80.52,1117.4
1783242000000,2026-07-05 09:00:00,80.52,80.55,80.42,80.42,2831.332
1783242900000,2026-07-05 09:15:00,80.41,80.45,80.16,80.19,3380.846
1783243800000,2026-07-05 09:30:00,80.19,80.24,79.73,79.8,4860.005
1783244700000,2026-07-05 09:45:00,79.8,79.92,79.75,79.91,4516.721
1783245600000,2026-07-05 10:00:00,79.91,80.1,79.76,80.02,2750.018
1783246500000,2026-07-05 10:15:00,80.01,80.24,80.0,80.2,1401.853
1783247400000,2026-07-05 10:30:00,80.19,80.29,80.19,80.24,1168.114
1783248300000,2026-07-05 10:45:00,80.24,80.44,80.24,80.43,1291.453
1783249200000,2026-07-05 11:00:00,80.43,80.55,80.38,80.5,6471.427
1783250100000,2026-07-05 11:15:00,80.53,80.56,80.38,80.49,4139.937
1783251000000,2026-07-05 11:30:00,80.48,80.66,80.41,80.58,3149.058
1783251900000,2026-07-05 11:45:00,80.59,80.66,80.55,80.6,990.414
1783252800000,2026-07-05 12:00:00,80.61,80.61,80.38,80.54,1541.042
1783253700000,2026-07-05 12:15:00,80.53,81.05,80.53,81.05,3174.036
1783254600000,2026-07-05 12:30:00,81.09,81.28,80.81,80.82,5133.799
1783255500000,2026-07-05 12:45:00,80.82,80.91,80.78,80.78,1404.233
1783256400000,2026-07-05 13:00:00,80.77,81.02,80.72,80.91,2061.727
1783257300000,2026-07-05 13:15:00,80.9,80.91,80.71,80.8,1547.781
1783258200000,2026-07-05 13:30:00,80.79,81.13,80.79,81.13,4939.759
1783259100000,2026-07-05 13:45:00,81.13,81.24,81.09,81.24,5646.286
1783260000000,2026-07-05 14:00:00,81.25,81.33,81.15,81.19,5996.321
1783260900000,2026-07-05 14:15:00,81.21,81.24,81.04,81.1,1633.965
1783261800000,2026-07-05 14:30:00,81.1,81.53,81.06,81.39,6013.79
1783262700000,2026-07-05 14:45:00,81.39,81.46,81.27,81.45,3487.98
1783263600000,2026-07-05 15:00:00,81.45,81.65,81.32,81.32,3477.168
1783264500000,2026-07-05 15:15:00,81.31,81.37,81.19,81.27,1932.798
1783265400000,2026-07-05 15:30:00,81.26,81.53,81.17,81.17,2024.783
1783266300000,2026-07-05 15:45:00,81.17,81.45,81.14,81.34,1061.055
1783267200000,2026-07-05 16:00:00,81.35,81.51,81.28,81.28,4743.954
1783268100000,2026-07-05 16:15:00,81.26,81.27,81.05,81.06,4340.986
1783269000000,2026-07-05 16:30:00,81.05,81.19,80.97,80.98,1450.049
1783269900000,2026-07-05 16:45:00,80.98,81.15,80.91,81.11,1152.168
1783270800000,2026-07-05 17:00:00,81.1,81.26,81.06,81.1,2121.976
1783271700000,2026-07-05 17:15:00,81.12,81.37,81.07,81.07,1675.937
1783272600000,2026-07-05 17:30:00,81.07,81.21,81.03,81.03,827.424
1783273500000,2026-07-05 17:45:00,81.05,81.18,81.04,81.15,2207.008
1783274400000,2026-07-05 18:00:00,81.14,81.21,81.12,81.16,4031.759
1783275300000,2026-07-05 18:15:00,81.15,81.26,81.15,81.18,1324.318
1783276200000,2026-07-05 18:30:00,81.15,81.22,81.08,81.19,1244.841
1783277100000,2026-07-05 18:45:00,81.19,81.26,81.0,81.0,2466.775
1783278000000,2026-07-05 19:00:00,81.01,81.09,80.95,81.05,2887.423
1783278900000,2026-07-05 19:15:00,81.06,81.09,80.82,80.91,2185.561
1783279800000,2026-07-05 19:30:00,80.95,81.07,80.9,81.03,1752.102
1783280700000,2026-07-05 19:45:00,81.03,81.13,80.97,81.05,1004.454
1783281600000,2026-07-05 20:00:00,81.04,81.17,81.0,81.08,1632.843
1783282500000,2026-07-05 20:15:00,81.09,81.1,80.96,81.0,3415.356
1783283400000,2026-07-05 20:30:00,81.01,81.02,80.96,80.99,687.966
1783284300000,2026-07-05 20:45:00,81.0,81.08,80.98,81.07,2208.313
1783285200000,2026-07-05 21:00:00,81.06,81.1,80.81,80.95,2163.335
1783286100000,2026-07-05 21:15:00,80.95,81.53,80.94,81.52,10389.285
1783287000000,2026-07-05 21:30:00,81.51,82.03,81.51,81.64,3486.727
1783287900000,2026-07-05 21:45:00,81.66,81.98,81.5,81.83,2261.989
1783288800000,2026-07-05 22:00:00,81.83,82.09,81.72,82.03,4916.375
1783289700000,2026-07-05 22:15:00,82.04,82.41,81.92,82.12,9304.076
1783290600000,2026-07-05 22:30:00,82.12,82.33,81.67,81.68,3687.718
1783291500000,2026-07-05 22:45:00,81.69,81.86,81.66,81.84,2279.329
1783292400000,2026-07-05 23:00:00,81.83,81.96,81.73,81.96,1707.225
1783293300000,2026-07-05 23:15:00,81.96,82.07,81.59,81.63,5493.21
1783294200000,2026-07-05 23:30:00,81.65,81.78,81.55,81.68,2271.033
1783295100000,2026-07-05 23:45:00,81.68,81.69,81.45,81.58,1937.204
1783296000000,2026-07-06 00:00:00,81.58,81.59,81.32,81.52,4463.202
1783296900000,2026-07-06 00:15:00,81.54,81.71,81.22,81.25,3805.875
1783297800000,2026-07-06 00:30:00,81.25,81.91,81.13,81.86,5073.743
1783298700000,2026-07-06 00:45:00,81.87,82.23,81.85,82.22,2813.823
1783299600000,2026-07-06 01:00:00,82.22,82.25,81.98,81.98,2763.212
1783300500000,2026-07-06 01:15:00,82.02,82.08,81.69,81.83,4134.477
1783301400000,2026-07-06 01:30:00,81.84,82.1,81.81,82.0,3421.517
1783302300000,2026-07-06 01:45:00,81.97,81.97,81.66,81.67,4927.638
1783303200000,2026-07-06 02:00:00,81.67,81.68,81.11,81.25,11620.845
1783304100000,2026-07-06 02:15:00,81.24,81.67,81.23,81.37,3733.938
1783305000000,2026-07-06 02:30:00,81.37,81.44,81.17,81.17,6539.112
1783305900000,2026-07-06 02:45:00,81.16,81.24,80.89,81.01,1696.209
1783306800000,2026-07-06 03:00:00,81.05,81.05,80.86,80.88,1948.496
1783307700000,2026-07-06 03:15:00,80.91,80.99,80.48,80.64,3732.092
1783308600000,2026-07-06 03:30:00,80.66,80.8,80.49,80.6,4685.412
1783309500000,2026-07-06 03:45:00,80.59,80.76,80.58,80.76,2520.625
1783310400000,2026-07-06 04:00:00,80.79,80.91,80.71,80.91,1836.977
1783311300000,2026-07-06 04:15:00,80.93,80.99,80.74,80.78,1471.943
1783312200000,2026-07-06 04:30:00,80.77,80.97,80.75,80.89,4146.38
1783313100000,2026-07-06 04:45:00,80.89,80.97,80.81,80.81,1558.621
1783314000000,2026-07-06 05:00:00,80.82,80.82,80.57,80.6,2033.939
1783314900000,2026-07-06 05:15:00,80.59,80.64,80.23,80.24,1623.945
1783315800000,2026-07-06 05:30:00,80.27,80.55,80.21,80.44,3433.872
1783316700000,2026-07-06 05:45:00,80.44,80.56,80.41,80.44,2475.974
1783317600000,2026-07-06 06:00:00,80.43,80.51,80.33,80.46,3577.293
1783318500000,2026-07-06 06:15:00,80.47,80.53,80.31,80.39,5271.334
1783319400000,2026-07-06 06:30:00,80.39,80.44,80.26,80.44,1953.324
1783320300000,2026-07-06 06:45:00,80.44,80.45,80.28,80.4,2868.424
1783321200000,2026-07-06 07:00:00,80.38,80.5,80.28,80.4,6012.105
1783322100000,2026-07-06 07:15:00,80.39,80.75,80.39,80.69,2701.417
1783323000000,2026-07-06 07:30:00,80.67,80.93,80.64,80.93,5059.912
1783323900000,2026-07-06 07:45:00,80.93,80.98,80.81,80.82,2474.907
1783324800000,2026-07-06 08:00:00,80.83,81.08,80.77,80.78,2872.805
1783325700000,2026-07-06 08:15:00,80.81,80.84,80.65,80.71,2011.266
1783326600000,2026-07-06 08:30:00,80.73,80.73,80.31,80.4,1938.916
1783327500000,2026-07-06 08:45:00,80.4,80.5,80.35,80.48,2834.809
1783328400000,2026-07-06 09:00:00,80.5,80.5,80.38,80.38,2999.656
1783329300000,2026-07-06 09:15:00,80.38,80.46,80.33,80.35,3693.488
1783330200000,2026-07-06 09:30:00,80.38,80.41,80.17,80.28,2560.812
1783331100000,2026-07-06 09:45:00,80.26,80.26,80.06,80.08,2665.825
1783332000000,2026-07-06 10:00:00,80.07,80.25,80.06,80.24,2931.402
1783332900000,2026-07-06 10:15:00,80.23,80.43,80.23,80.41,3205.522
1783333800000,2026-07-06 10:30:00,80.41,80.68,80.39,80.58,1174.876
1783334700000,2026-07-06 10:45:00,80.6,80.67,80.57,80.65,6012.162
1783335600000,2026-07-06 11:00:00,80.67,80.79,80.66,80.66,2001.732
1783336500000,2026-07-06 11:15:00,80.66,80.94,80.65,80.81,3373.649
1783337400000,2026-07-06 11:30:00,80.77,80.98,80.76,80.94,2564.9
1783338300000,2026-07-06 11:45:00,80.95,80.97,80.44,80.45,6386.575
1783339200000,2026-07-06 12:00:00,80.44,80.52,79.43,80.25,16271.691
1783340100000,2026-07-06 12:15:00,80.25,80.62,80.24,80.26,12674.462
1783341000000,2026-07-06 12:30:00,80.27,80.52,79.9,79.97,12690.917
1783341900000,2026-07-06 12:45:00,79.97,79.97,79.51,79.52,9318.928
1783342800000,2026-07-06 13:00:00,79.51,79.64,79.26,79.46,5809.292
1783343700000,2026-07-06 13:15:00,79.46,79.58,79.25,79.44,6611.463
1783344600000,2026-07-06 13:30:00,79.43,80.39,79.43,80.32,10476.624
1783345500000,2026-07-06 13:45:00,80.32,80.87,80.19,80.19,5921.131
1783346400000,2026-07-06 14:00:00,80.18,80.29,80.06,80.11,4758.369
1783347300000,2026-07-06 14:15:00,80.15,80.69,79.86,80.41,6180.375
1783348200000,2026-07-06 14:30:00,80.37,80.5,80.17,80.39,3572.564
1783349100000,2026-07-06 14:45:00,80.35,80.37,80.09,80.28,3616.563
1783350000000,2026-07-06 15:00:00,80.28,80.82,80.28,80.68,5068.832
1783350900000,2026-07-06 15:15:00,80.68,80.79,80.41,80.79,3448.037
1783351800000,2026-07-06 15:30:00,80.78,81.36,80.46,81.23,4986.98
1783352700000,2026-07-06 15:45:00,81.23,81.51,81.1,81.47,5099.745
1783353600000,2026-07-06 16:00:00,81.48,82.19,81.3,82.09,6371.044
1783354500000,2026-07-06 16:15:00,82.09,82.3,81.7,81.84,5249.274
1783355400000,2026-07-06 16:30:00,81.83,82.16,81.81,82.05,3113.814
1783356300000,2026-07-06 16:45:00,82.03,82.1,81.97,82.08,2292.368
1783357200000,2026-07-06 17:00:00,82.09,82.16,81.81,81.98,3877.86
1783358100000,2026-07-06 17:15:00,81.96,82.13,81.89,82.02,3086.328
1783359000000,2026-07-06 17:30:00,82.0,82.04,81.55,81.6,4669.894
1783359900000,2026-07-06 17:45:00,81.6,81.85,81.48,81.64,3214.512
1783360800000,2026-07-06 18:00:00,81.64,81.8,81.36,81.4,4004.618
1783361700000,2026-07-06 18:15:00,81.39,81.72,81.32,81.54,2838.107
1783362600000,2026-07-06 18:30:00,81.56,81.93,81.56,81.84,4828.278
1783363500000,2026-07-06 18:45:00,81.85,82.31,81.83,81.98,4903.092
1783364400000,2026-07-06 19:00:00,81.99,81.99,81.83,81.93,2509.807
1783365300000,2026-07-06 19:15:00,81.96,82.1,81.9,82.08,2865.706
1783366200000,2026-07-06 19:30:00,82.08,82.19,81.97,82.1,3734.359
1783367100000,2026-07-06 19:45:00,82.08,82.12,81.88,82.07,2371.77
1783368000000,2026-07-06 20:00:00,82.09,82.09,81.71,81.79,2067.82
1783368900000,2026-07-06 20:15:00,81.77,81.98,81.77,81.98,1543.233
1783369800000,2026-07-06 20:30:00,81.95,82.17,81.95,82.0,1822.01
1783370700000,2026-07-06 20:45:00,82.0,82.24,81.91,82.08,2840.897
1783371600000,2026-07-06 21:00:00,82.09,83.59,82.07,83.02,7247.439
1783372500000,2026-07-06 21:15:00,83.03,83.05,82.6,82.66,2842.412
1783373400000,2026-07-06 21:30:00,82.67,82.82,82.48,82.61,3200.316
1783374300000,2026-07-06 21:45:00,82.62,82.89,82.48,82.79,3469.871
1783375200000,2026-07-06 22:00:00,82.8,82.85,82.62,82.68,2087.049
1783376100000,2026-07-06 22:15:00,82.68,82.71,82.39,82.39,1509.318
1783377000000,2026-07-06 22:30:00,82.38,82.53,82.35,82.39,1510.098
1783377900000,2026-07-06 22:45:00,82.4,82.47,82.28,82.28,1148.915
1783378800000,2026-07-06 23:00:00,82.3,82.4,82.25,82.32,1185.265
1783379700000,2026-07-06 23:15:00,82.3,82.31,82.0,82.16,2323.743
1783380600000,2026-07-06 23:30:00,82.14,82.16,82.01,82.04,1257.511
1783381500000,2026-07-06 23:45:00,82.05,82.05,81.92,81.93,637.484
1783382400000,2026-07-07 00:00:00,81.93,82.0,81.83,81.88,1672.861
1783383300000,2026-07-07 00:15:00,81.88,82.39,81.87,82.33,3807.986
1783384200000,2026-07-07 00:30:00,82.34,82.47,82.18,82.35,1979.846
1783385100000,2026-07-07 00:45:00,82.33,82.47,82.24,82.37,3546.044
1783386000000,2026-07-07 01:00:00,82.37,82.37,81.87,82.19,4211.3
1783386900000,2026-07-07 01:15:00,82.21,82.21,82.18,82.18,14783.156
1783387800000,2026-07-07 01:30:00,82.18,82.21,81.85,82.01,14958.444
1783388700000,2026-07-07 01:45:00,82.01,82.16,81.89,81.89,2940.48
1783389600000,2026-07-07 02:00:00,81.89,81.98,81.78,81.84,1497.29
1783390500000,2026-07-07 02:15:00,81.84,81.89,81.58,81.59,2877.89
1783391400000,2026-07-07 02:30:00,81.59,81.62,81.44,81.6,2529.313
1783392300000,2026-07-07 02:45:00,81.59,81.67,81.3,81.32,2082.228
1783393200000,2026-07-07 03:00:00,81.34,81.47,81.26,81.32,1775.437
1783394100000,2026-07-07 03:15:00,81.3,81.32,81.15,81.19,3021.602
1783395000000,2026-07-07 03:30:00,81.18,81.28,81.13,81.17,1421.411
1783395900000,2026-07-07 03:45:00,81.17,81.18,80.97,81.08,1222.69
1783396800000,2026-07-07 04:00:00,81.06,81.07,80.92,80.94,2009.574
1783397700000,2026-07-07 04:15:00,80.92,81.02,80.8,81.01,4250.264
1783398600000,2026-07-07 04:30:00,81.01,81.02,80.83,80.83,1484.313
1783399500000,2026-07-07 04:45:00,80.8,80.94,80.66,80.93,1274.312
1783400400000,2026-07-07 05:00:00,80.91,80.92,80.51,80.53,1981.535
1783401300000,2026-07-07 05:15:00,80.53,80.63,80.48,80.55,917.592
1783402200000,2026-07-07 05:30:00,80.6,81.06,80.6,80.99,1672.271
1783403100000,2026-07-07 05:45:00,80.99,81.22,80.98,81.09,1818.567
1783404000000,2026-07-07 06:00:00,81.1,81.22,80.84,80.91,1739.522
1783404900000,2026-07-07 06:15:00,80.93,81.05,80.93,81.05,1210.944
1783405800000,2026-07-07 06:30:00,81.1,81.41,81.01,81.34,2388.941
1783406700000,2026-07-07 06:45:00,81.36,81.62,81.36,81.54,2085.761
1783407600000,2026-07-07 07:00:00,81.51,81.73,81.46,81.72,2207.825
1783408500000,2026-07-07 07:15:00,81.72,81.75,81.59,81.6,1831.38
1783409400000,2026-07-07 07:30:00,81.61,81.68,81.37,81.66,2212.824
1783410300000,2026-07-07 07:45:00,81.64,81.7,81.5,81.5,1520.116
1783411200000,2026-07-07 08:00:00,81.5,81.57,81.21,81.42,3819.959
1783412100000,2026-07-07 08:15:00,81.44,81.56,81.37,81.48,2124.156
1783413000000,2026-07-07 08:30:00,81.5,81.5,81.31,81.34,1762.747
1783413900000,2026-07-07 08:45:00,81.34,81.59,81.25,81.25,4354.356
1783414800000,2026-07-07 09:00:00,81.27,81.49,81.21,81.49,1696.626
1783415700000,2026-07-07 09:15:00,81.48,81.48,81.19,81.19,1248.127
1783416600000,2026-07-07 09:30:00,81.18,81.36,81.16,81.32,2326.274
1783417500000,2026-07-07 09:45:00,81.36,81.4,81.23,81.33,2097.507
1783418400000,2026-07-07 10:00:00,81.31,81.57,81.29,81.34,3398.891
1783419300000,2026-07-07 10:15:00,81.32,81.44,81.15,81.15,3243.88
1783420200000,2026-07-07 10:30:00,81.14,81.16,80.93,81.12,3685.247
1783421100000,2026-07-07 10:45:00,81.12,81.13,80.96,80.98,1837.924
1783422000000,2026-07-07 11:00:00,80.98,80.99,80.77,80.85,4605.863
1783422900000,2026-07-07 11:15:00,80.87,81.06,80.87,80.97,2030.221
1783423800000,2026-07-07 11:30:00,80.98,81.15,80.87,81.15,3121.625
1783424700000,2026-07-07 11:45:00,81.16,81.38,81.15,81.3,1963.436
1783425600000,2026-07-07 12:00:00,81.32,81.89,81.32,81.81,3440.814
1783426500000,2026-07-07 12:15:00,81.83,81.98,81.73,81.89,1871.189
1783427400000,2026-07-07 12:30:00,81.9,81.91,81.61,81.71,1393.109
1783428300000,2026-07-07 12:45:00,81.7,81.71,81.45,81.45,1122.248
1783429200000,2026-07-07 13:00:00,81.45,81.61,81.19,81.29,2161.647
1783430100000,2026-07-07 13:15:00,81.29,81.33,80.9,80.94,2015.026
1783431000000,2026-07-07 13:30:00,80.95,81.15,80.69,80.87,6750.377
1783431900000,2026-07-07 13:45:00,80.94,81.37,80.72,80.84,6515.724
1783432800000,2026-07-07 14:00:00,80.83,81.2,80.66,80.87,6154.721
1783433700000,2026-07-07 14:15:00,80.87,81.15,80.8,81.13,5715.098
1783434600000,2026-07-07 14:30:00,81.14,81.34,80.57,80.9,4983.305
1783435500000,2026-07-07 14:45:00,80.94,81.85,80.94,81.84,5557.601
1783436400000,2026-07-07 15:00:00,81.82,81.9,81.51,81.61,3936.06
1783437300000,2026-07-07 15:15:00,81.57,82.02,81.54,81.98,4326.161
1783438200000,2026-07-07 15:30:00,81.99,82.31,81.88,81.97,3003.037
1783439100000,2026-07-07 15:45:00,81.98,82.34,81.98,82.12,4285.937
1783440000000,2026-07-07 16:00:00,82.13,82.13,81.82,81.92,3897.802
1783440900000,2026-07-07 16:15:00,81.91,82.43,81.86,82.26,5074.197
1783441800000,2026-07-07 16:30:00,82.25,82.29,82.07,82.22,2901.289
1783442700000,2026-07-07 16:45:00,82.24,82.56,82.2,82.21,3655.363
1783443600000,2026-07-07 17:00:00,82.21,82.45,82.14,82.32,2364.329
1783444500000,2026-07-07 17:15:00,82.35,82.63,82.16,82.59,5069.741
1783445400000,2026-07-07 17:30:00,82.58,82.77,82.43,82.77,4076.234
1783446300000,2026-07-07 17:45:00,82.77,82.79,82.55,82.71,2804.816
1783447200000,2026-07-07 18:00:00,82.69,82.69,82.3,82.32,3210.506
1783448100000,2026-07-07 18:15:00,82.31,82.36,82.0,82.04,2592.079
1783449000000,2026-07-07 18:30:00,82.04,82.21,81.96,82.21,2511.788
1783449900000,2026-07-07 18:45:00,82.21,82.29,81.26,81.27,3140.073
1783450800000,2026-07-07 19:00:00,81.28,81.41,80.92,81.08,5025.986
1783451700000,2026-07-07 19:15:00,81.1,81.17,80.81,81.11,4403.45
1783452600000,2026-07-07 19:30:00,81.1,81.48,81.1,81.43,2856.912
1783453500000,2026-07-07 19:45:00,81.42,81.57,81.28,81.34,2594.295
1783454400000,2026-07-07 20:00:00,81.34,81.48,81.17,81.42,1972.66
1783455300000,2026-07-07 20:15:00,81.41,81.47,81.25,81.32,1562.329
1783456200000,2026-07-07 20:30:00,81.34,81.35,81.17,81.17,1305.273
1783457100000,2026-07-07 20:45:00,81.15,81.16,81.03,81.15,1099.561
1783458000000,2026-07-07 21:00:00,81.16,81.4,81.16,81.31,2700.86
1783458900000,2026-07-07 21:15:00,81.31,81.31,80.71,80.88,3170.588
1783459800000,2026-07-07 21:30:00,80.88,80.89,80.58,80.66,2756.568
1783460700000,2026-07-07 21:45:00,80.66,80.89,80.62,80.8,1622.039
1783461600000,2026-07-07 22:00:00,80.83,80.85,80.37,80.81,3450.455
1783462500000,2026-07-07 22:15:00,80.81,80.99,80.73,80.82,2972.816
1783463400000,2026-07-07 22:30:00,80.81,81.09,80.78,81.02,2049.861
1783464300000,2026-07-07 22:45:00,81.02,81.02,80.82,80.86,2323.594
1783465200000,2026-07-07 23:00:00,80.89,81.05,80.86,81.0,2221.569
1783466100000,2026-07-07 23:15:00,80.99,81.15,80.99,81.11,1414.261
1783467000000,2026-07-07 23:30:00,81.11,81.13,80.72,80.73,1627.15
1783467900000,2026-07-07 23:45:00,80.73,80.81,80.51,80.52,1313.864
1783468800000,2026-07-08 00:00:00,80.52,80.77,80.51,80.65,3790.935
1783469700000,2026-07-08 00:15:00,80.65,80.78,80.5,80.63,2427.023
1783470600000,2026-07-08 00:30:00,80.62,80.66,80.42,80.65,2992.416
1783471500000,2026-07-08 00:45:00,80.65,80.67,80.36,80.5,19785.578
1783472400000,2026-07-08 01:00:00,80.36,80.41,80.2,80.38,1600.256
1783473300000,2026-07-08 01:15:00,80.37,80.38,80.08,80.09,1024.754
1783474200000,2026-07-08 01:30:00,80.07,80.08,78.9,79.36,4829.245
1783475100000,2026-07-08 01:45:00,79.36,79.44,78.96,79.1,4166.123
1783476000000,2026-07-08 02:00:00,79.09,79.18,78.77,78.96,4055.186
1783476900000,2026-07-08 02:15:00,78.97,79.0,78.78,78.94,4432.74
1783477800000,2026-07-08 02:30:00,78.91,78.95,78.27,78.93,4980.81
1783478700000,2026-07-08 02:45:00,78.95,79.15,78.95,79.03,3251.986
1783479600000,2026-07-08 03:00:00,79.06,79.32,79.06,79.27,1931.429
1783480500000,2026-07-08 03:15:00,79.26,79.3,79.19,79.23,1528.643
1783481400000,2026-07-08 03:30:00,79.24,79.25,78.96,79.03,1535.277
1783482300000,2026-07-08 03:45:00,79.02,79.04,78.63,78.71,1781.582
1783483200000,2026-07-08 04:00:00,78.72,78.78,78.58,78.7,3587.002
1783484100000,2026-07-08 04:15:00,78.72,78.91,78.7,78.87,2573.452
1783485000000,2026-07-08 04:30:00,78.87,78.92,78.67,78.68,2074.776
1783485900000,2026-07-08 04:45:00,78.67,78.7,78.42,78.64,2173.433
1783486800000,2026-07-08 05:00:00,78.64,78.78,78.54,78.73,1283.971
1783487700000,2026-07-08 05:15:00,78.72,78.81,78.57,78.6,2188.587
1783488600000,2026-07-08 05:30:00,78.62,78.65,78.43,78.43,1142.013
1783489500000,2026-07-08 05:45:00,78.42,78.5,78.36,78.41,1638.145
1783490400000,2026-07-08 06:00:00,78.42,78.43,78.25,78.36,1926.031
1783491300000,2026-07-08 06:15:00,78.35,78.38,78.15,78.29,2689.558
1783492200000,2026-07-08 06:30:00,78.28,78.31,77.95,78.05,2217.733
1783493100000,2026-07-08 06:45:00,78.04,78.36,78.04,78.21,3329.383
1783494000000,2026-07-08 07:00:00,78.22,78.23,77.82,78.15,2213.486
1783494900000,2026-07-08 07:15:00,78.15,78.22,77.97,78.12,4067.428
1783495800000,2026-07-08 07:30:00,78.13,78.23,78.05,78.12,1295.056
1783496700000,2026-07-08 07:45:00,78.14,78.32,78.1,78.29,1666.831
1783497600000,2026-07-08 08:00:00,78.29,78.42,78.25,78.33,2312.176
1783498500000,2026-07-08 08:15:00,78.32,78.38,77.2,77.24,8991.762
1783499400000,2026-07-08 08:30:00,77.21,77.32,76.94,77.13,4903.829
1783500300000,2026-07-08 08:45:00,77.13,77.67,77.13,77.26,2289.049
1783501200000,2026-07-08 09:00:00,77.25,77.36,77.19,77.29,6059.994
1783502100000,2026-07-08 09:15:00,77.29,77.29,77.03,77.18,2648.988
1783503000000,2026-07-08 09:30:00,77.23,77.44,77.23,77.32,2321.448
1783503900000,2026-07-08 09:45:00,77.32,77.36,77.19,77.19,1232.016
1783504800000,2026-07-08 10:00:00,77.18,77.26,76.96,77.05,1223.339
1783505700000,2026-07-08 10:15:00,77.07,77.37,77.01,77.37,1033.099
1783506600000,2026-07-08 10:30:00,77.39,77.46,77.34,77.35,1195.024
1783507500000,2026-07-08 10:45:00,77.34,77.4,77.26,77.31,1460.67
1783508400000,2026-07-08 11:00:00,77.32,77.36,77.2,77.23,1495.79
1783509300000,2026-07-08 11:15:00,77.22,77.24,77.09,77.13,1973.609
1783510200000,2026-07-08 11:30:00,77.15,77.66,77.13,77.56,1740.098
1783511100000,2026-07-08 11:45:00,77.58,77.64,77.46,77.55,2324.773
1783512000000,2026-07-08 12:00:00,77.55,77.64,77.44,77.54,1531.078
1783512900000,2026-07-08 12:15:00,77.54,77.59,77.45,77.51,1004.09
1783513800000,2026-07-08 12:30:00,77.52,77.52,77.31,77.32,1294.203
1783514700000,2026-07-08 12:45:00,77.31,77.33,77.05,77.05,1054.753
1783515600000,2026-07-08 13:00:00,77.03,77.1,76.8,76.94,2535.862
1783516500000,2026-07-08 13:15:00,76.94,76.94,76.66,76.84,1496.609
1783517400000,2026-07-08 13:30:00,76.86,77.45,76.86,77.31,4190.23
1783518300000,2026-07-08 13:45:00,77.3,77.46,76.95,77.3,4938.427
1783519200000,2026-07-08 14:00:00,77.3,77.41,77.14,77.26,3089.663
1783520100000,2026-07-08 14:15:00,77.26,77.38,76.89,77.1,4238.785
1783521000000,2026-07-08 14:30:00,77.1,77.11,76.92,76.99,3520.686
1783521900000,2026-07-08 14:45:00,76.98,77.23,76.75,77.14,5439.577
1783522800000,2026-07-08 15:00:00,77.11,77.12,76.74,76.74,2120.331
1783523700000,2026-07-08 15:15:00,76.74,76.78,76.31,76.47,4583.231
1783524600000,2026-07-08 15:30:00,76.43,76.66,76.38,76.5,2818.345
1783525500000,2026-07-08 15:45:00,76.51,76.78,76.48,76.75,2227.81
1783526400000,2026-07-08 16:00:00,76.75,76.99,76.75,76.97,2289.08
1783527300000,2026-07-08 16:15:00,76.95,77.15,76.9,77.04,1941.447
1783528200000,2026-07-08 16:30:00,77.04,77.31,76.84,77.29,3759.052
1783529100000,2026-07-08 16:45:00,77.29,77.35,77.22,77.3,1420.927
1783530000000,2026-07-08 17:00:00,77.28,77.31,77.12,77.12,2070.68
1783530900000,2026-07-08 17:15:00,77.11,77.59,77.11,77.59,1575.193
1783531800000,2026-07-08 17:30:00,77.6,77.66,77.4,77.4,2053.401
1783532700000,2026-07-08 17:45:00,77.41,77.42,77.05,77.13,1385.812
1783533600000,2026-07-08 18:00:00,77.13,77.36,77.11,77.29,1933.43
1783534500000,2026-07-08 18:15:00,77.3,77.31,77.13,77.14,1269.671
1783535400000,2026-07-08 18:30:00,77.1,77.1,76.83,76.99,1969.09
1783536300000,2026-07-08 18:45:00,76.98,77.32,76.97,77.16,2265.688
1783537200000,2026-07-08 19:00:00,77.14,77.25,77.01,77.02,1893.575
1783538100000,2026-07-08 19:15:00,77.01,77.16,76.95,77.14,2134.587
1783539000000,2026-07-08 19:30:00,77.14,77.34,77.13,77.34,1617.917
1783539900000,2026-07-08 19:45:00,77.33,77.49,77.2,77.43,3775.322
1783540800000,2026-07-08 20:00:00,77.43,77.55,77.34,77.45,2167.441
1783541700000,2026-07-08 20:15:00,77.46,77.46,77.3,77.37,1101.702
1783542600000,2026-07-08 20:30:00,77.39,77.4,77.09,77.16,1928.166
1783543500000,2026-07-08 20:45:00,77.15,77.22,77.06,77.18,1377.34
1783544400000,2026-07-08 21:00:00,77.18,77.18,76.96,77.01,1250.776
1783545300000,2026-07-08 21:15:00,77.01,77.12,76.94,77.11,1370.127
1783546200000,2026-07-08 21:30:00,77.12,77.25,77.04,77.18,2125.483
1783547100000,2026-07-08 21:45:00,77.18,77.32,77.18,77.25,1882.337
1783548000000,2026-07-08 22:00:00,77.26,77.48,77.22,77.27,4076.636
1783548900000,2026-07-08 22:15:00,77.27,77.4,77.2,77.4,3117.918
1783549800000,2026-07-08 22:30:00,77.4,77.45,77.31,77.45,1043.764
1783550700000,2026-07-08 22:45:00,77.45,77.53,77.44,77.53,337.714
1783551600000,2026-07-08 23:00:00,77.54,77.65,77.49,77.59,1211.691
1783552500000,2026-07-08 23:15:00,77.59,77.62,77.48,77.56,2819.229
1783553400000,2026-07-08 23:30:00,77.56,77.62,77.46,77.62,3201.729
1783554300000,2026-07-08 23:45:00,77.62,77.9,77.56,77.82,2009.825
1783555200000,2026-07-09 00:00:00,77.81,77.88,77.73,77.76,7697.269
1783556100000,2026-07-09 00:15:00,77.76,77.77,77.56,77.68,4015.287
1783557000000,2026-07-09 00:30:00,77.67,77.79,77.56,77.63,2805.714
1783557900000,2026-07-09 00:45:00,77.63,77.75,77.53,77.7,3804.194
1783558800000,2026-07-09 01:00:00,77.7,78.63,77.67,78.37,3706.232
1783559700000,2026-07-09 01:15:00,78.37,78.48,78.15,78.18,2488.838
1783560600000,2026-07-09 01:30:00,78.2,78.21,77.6,77.64,4067.891
1783561500000,2026-07-09 01:45:00,77.63,77.78,77.35,77.37,4756.464
1783562400000,2026-07-09 02:00:00,77.37,77.84,77.25,77.82,3827.267
1783563300000,2026-07-09 02:15:00,77.82,77.82,77.59,77.63,2165.236
1783564200000,2026-07-09 02:30:00,77.66,77.67,77.3,77.34,2025.496
1783565100000,2026-07-09 02:45:00,77.33,77.34,77.0,77.06,3546.333
1783566000000,2026-07-09 03:00:00,77.07,77.11,76.87,76.99,1668.494
1783566900000,2026-07-09 03:15:00,76.98,77.16,76.72,77.02,3816.591
1783567800000,2026-07-09 03:30:00,77.02,77.34,77.02,77.22,2735.745
1783568700000,2026-07-09 03:45:00,77.22,77.36,77.17,77.29,1579.153
1783569600000,2026-07-09 04:00:00,77.29,77.42,77.26,77.27,2791.848
1783570500000,2026-07-09 04:15:00,77.26,77.37,77.23,77.37,1506.836
1783571400000,2026-07-09 04:30:00,77.37,77.81,77.36,77.77,2842.331
1783572300000,2026-07-09 04:45:00,77.81,78.01,77.71,77.99,1473.496
1783573200000,2026-07-09 05:00:00,77.97,78.26,77.83,78.14,2747.939
1783574100000,2026-07-09 05:15:00,78.16,78.17,77.84,77.91,2192.999
1783575000000,2026-07-09 05:30:00,77.91,78.07,77.75,77.99,2894.945
1783575900000,2026-07-09 05:45:00,78.01,78.4,78.01,78.4,2561.532
1783576800000,2026-07-09 06:00:00,78.41,78.44,78.13,78.18,2179.458
1783577700000,2026-07-09 06:15:00,78.18,78.58,78.17,78.44,2073.448
1783578600000,2026-07-09 06:30:00,78.44,78.5,78.34,78.41,2209.572
1783579500000,2026-07-09 06:45:00,78.45,78.48,78.37,78.45,3793.475
1783580400000,2026-07-09 07:00:00,78.47,78.8,78.32,78.4,2789.9
1783581300000,2026-07-09 07:15:00,78.37,78.44,78.22,78.32,1283.686
1783582200000,2026-07-09 07:30:00,78.31,78.32,78.15,78.3,1958.326
1783583100000,2026-07-09 07:45:00,78.33,78.52,78.16,78.21,1896.645
1783584000000,2026-07-09 08:00:00,78.22,78.22,78.08,78.15,1287.18
1783584900000,2026-07-09 08:15:00,78.15,78.36,78.02,78.35,2830.399
1783585800000,2026-07-09 08:30:00,78.37,78.39,78.23,78.3,2148.608
1783586700000,2026-07-09 08:45:00,78.3,78.3,78.07,78.14,2505.989
1783587600000,2026-07-09 09:00:00,78.12,78.19,77.99,77.99,1590.337
1783588500000,2026-07-09 09:15:00,77.99,78.06,77.92,78.02,2808.366
1783589400000,2026-07-09 09:30:00,78.02,78.1,77.87,77.88,2056.065
1783590300000,2026-07-09 09:45:00,77.88,78.16,77.87,78.12,1820.973
1783591200000,2026-07-09 10:00:00,78.13,78.19,78.06,78.08,2201.194
1783592100000,2026-07-09 10:15:00,78.1,78.12,77.96,78.04,2435.256
1783593000000,2026-07-09 10:30:00,78.04,78.09,77.98,78.01,3115.547
1783593900000,2026-07-09 10:45:00,78.01,78.02,77.54,77.66,3259.29
1783594800000,2026-07-09 11:00:00,77.69,77.75,77.6,77.71,5166.319
1783595700000,2026-07-09 11:15:00,77.72,77.73,77.39,77.43,4959.3
1783596600000,2026-07-09 11:30:00,77.43,77.44,77.33,77.42,2042.066
1783597500000,2026-07-09 11:45:00,77.4,77.69,77.37,77.62,3924.209
1783598400000,2026-07-09 12:00:00,77.62,77.77,77.44,77.64,5148.886
1783599300000,2026-07-09 12:15:00,77.63,77.78,77.58,77.7,4715.537
1783600200000,2026-07-09 12:30:00,77.71,78.14,77.71,77.78,4987.283
1783601100000,2026-07-09 12:45:00,77.78,77.79,77.48,77.64,2882.312
1783602000000,2026-07-09 13:00:00,77.63,78.05,77.63,78.02,2600.851
1783602900000,2026-07-09 13:15:00,78.01,78.02,77.68,77.7,4564.261
1783603800000,2026-07-09 13:30:00,77.71,78.06,77.44,78.06,6219.169
1783604700000,2026-07-09 13:45:00,78.06,78.49,77.82,78.23,4011.588
1783605600000,2026-07-09 14:00:00,78.23,78.34,77.96,78.06,3825.809
1783606500000,2026-07-09 14:15:00,78.07,78.07,77.71,77.9,7181.242
1783607400000,2026-07-09 14:30:00,77.91,77.91,77.58,77.76,4524.362
1783608300000,2026-07-09 14:45:00,77.75,77.97,77.67,77.87,3010.862
1783609200000,2026-07-09 15:00:00,77.92,78.07,77.67,78.02,4003.374
1783610100000,2026-07-09 15:15:00,78.01,78.14,77.79,77.82,6368.925
1783611000000,2026-07-09 15:30:00,77.83,77.91,77.65,77.66,4976.303
1783611900000,2026-07-09 15:45:00,77.66,77.73,77.54,77.64,1955.196
1783612800000,2026-07-09 16:00:00,77.62,77.79,77.55,77.63,2241.885
1783613700000,2026-07-09 16:15:00,77.59,77.6,77.26,77.43,3635.664
1783614600000,2026-07-09 16:30:00,77.43,77.71,77.43,77.67,2824.884
1783615500000,2026-07-09 16:45:00,77.66,77.7,77.52,77.66,2346.408
1783616400000,2026-07-09 17:00:00,77.68,77.85,77.68,77.69,3097.909
1783617300000,2026-07-09 17:15:00,77.69,78.0,77.69,77.77,2787.469
1783618200000,2026-07-09 17:30:00,77.77,78.13,77.63,78.11,3072.823
1783619100000,2026-07-09 17:45:00,78.11,78.11,77.99,78.05,1197.024
1783620000000,2026-07-09 18:00:00,78.08,78.37,78.02,78.27,4300.197
1783620900000,2026-07-09 18:15:00,78.28,78.4,78.1,78.26,2435.908
1783621800000,2026-07-09 18:30:00,78.27,78.27,78.08,78.13,2206.887
1783622700000,2026-07-09 18:45:00,78.15,78.24,78.02,78.23,2330.791
1783623600000,2026-07-09 19:00:00,78.23,78.23,78.01,78.01,2170.493
1783624500000,2026-07-09 19:15:00,78.01,78.14,77.92,78.14,1562.893
1783625400000,2026-07-09 19:30:00,78.13,78.3,78.1,78.3,1525.218
1783626300000,2026-07-09 19:45:00,78.3,78.31,78.07,78.12,1952.144
1783627200000,2026-07-09 20:00:00,78.17,78.18,78.01,78.05,2406.214
1783628100000,2026-07-09 20:15:00,78.04,78.2,77.99,78.15,1144.629
1783629000000,2026-07-09 20:30:00,78.16,78.3,78.12,78.28,983.448
1783629900000,2026-07-09 20:45:00,78.27,78.27,78.09,78.09,886.434
1783630800000,2026-07-09 21:00:00,78.16,78.27,78.07,78.13,1863.096
1783631700000,2026-07-09 21:15:00,78.12,78.18,78.01,78.01,1108.912
1783632600000,2026-07-09 21:30:00,78.03,78.09,77.92,77.92,2719.214
1783633500000,2026-07-09 21:45:00,77.92,78.08,77.92,78.05,1041.162
1783634400000,2026-07-09 22:00:00,78.04,78.17,78.01,78.09,2733.653
1783635300000,2026-07-09 22:15:00,78.09,78.21,78.08,78.19,3027.187
1783636200000,2026-07-09 22:30:00,78.19,78.28,78.07,78.24,2990.828
1783637100000,2026-07-09 22:45:00,78.24,78.28,78.13,78.13,2143.497
1783638000000,2026-07-09 23:00:00,78.11,78.21,78.03,78.03,3823.975
1783638900000,2026-07-09 23:15:00,78.02,78.04,77.78,78.04,11769.354
1783639800000,2026-07-09 23:30:00,78.01,78.04,78.01,78.04,4949.564
1783640700000,2026-07-09 23:45:00,78.04,80.77,66.0,78.06,2482.126
1783641600000,2026-07-10 00:00:00,78.04,78.06,77.83,78.0,3486.801
1783642500000,2026-07-10 00:15:00,78.0,78.16,77.93,77.96,4761.901
1783643400000,2026-07-10 00:30:00,77.95,78.12,77.83,77.98,4282.09
1783644300000,2026-07-10 00:45:00,77.99,78.09,77.86,78.09,2677.79
1783645200000,2026-07-10 01:00:00,78.1,78.18,77.96,78.18,3511.254
1783646100000,2026-07-10 01:15:00,78.18,78.66,78.17,78.48,3771.536
1783647000000,2026-07-10 01:30:00,78.49,78.51,78.32,78.41,2522.608
1783647900000,2026-07-10 01:45:00,78.42,79.44,78.41,79.04,3743.617
1783648800000,2026-07-10 02:00:00,79.05,79.1,78.84,78.97,4431.141
1783649700000,2026-07-10 02:15:00,79.0,79.0,78.84,78.92,2398.836
1783650600000,2026-07-10 02:30:00,78.91,79.03,78.85,78.94,3019.313
1783651500000,2026-07-10 02:45:00,78.96,79.14,78.93,79.05,1614.599
1783652400000,2026-07-10 03:00:00,79.05,79.05,78.74,78.84,1385.775
1783653300000,2026-07-10 03:15:00,78.83,78.94,78.73,78.85,2543.317
1783654200000,2026-07-10 03:30:00,78.85,79.02,78.74,78.99,5381.538
1783655100000,2026-07-10 03:45:00,78.98,79.1,78.92,78.95,2258.177
1783656000000,2026-07-10 04:00:00,78.95,79.1,78.95,79.04,906.606
1783656900000,2026-07-10 04:15:00,79.05,79.1,78.91,78.91,1085.948
1783657800000,2026-07-10 04:30:00,78.89,79.05,78.85,78.99,2503.792
1783658700000,2026-07-10 04:45:00,78.98,79.07,78.96,78.98,2574.416
1783659600000,2026-07-10 05:00:00,78.97,79.05,78.88,78.94,2688.248
1783660500000,2026-07-10 05:15:00,78.94,79.09,78.93,79.08,1766.924
1783661400000,2026-07-10 05:30:00,79.1,79.34,79.04,79.22,1960.15
1783662300000,2026-07-10 05:45:00,79.22,79.23,79.13,79.17,4847.238
1783663200000,2026-07-10 06:00:00,79.19,79.24,79.1,79.15,1400.258
1783664100000,2026-07-10 06:15:00,79.11,79.11,78.88,78.95,1755.205
1783665000000,2026-07-10 06:30:00,78.95,79.03,78.94,78.96,2162.639
1783665900000,2026-07-10 06:45:00,78.95,79.01,78.89,78.89,405.769
1783666800000,2026-07-10 07:00:00,78.92,79.08,78.87,79.08,724.671
1783667700000,2026-07-10 07:15:00,79.07,79.07,78.98,78.98,854.145
1783668600000,2026-07-10 07:30:00,78.96,78.96,78.8,78.8,322.501
1783669500000,2026-07-10 07:45:00,78.8,78.87,78.76,78.84,279.024
1783670400000,2026-07-10 08:00:00,78.88,79.0,78.83,78.95,1279.273
1783671300000,2026-07-10 08:15:00,78.99,79.39,78.99,79.36,2384.051
1783672200000,2026-07-10 08:30:00,79.36,79.41,79.28,79.33,1894.534
1783673100000,2026-07-10 08:45:00,79.33,79.39,79.2,79.2,2319.752
1783674000000,2026-07-10 09:00:00,79.2,79.21,78.95,79.01,2806.35
1783674900000,2026-07-10 09:15:00,79.0,79.23,79.0,79.22,1231.762
1783675800000,2026-07-10 09:30:00,79.22,79.35,79.17,79.35,2195.294
1783676700000,2026-07-10 09:45:00,79.34,79.37,79.22,79.22,1336.295
1783677600000,2026-07-10 10:00:00,79.23,79.26,79.15,79.17,1339.071
1783678500000,2026-07-10 10:15:00,79.22,79.63,79.22,79.63,2430.927
1783679400000,2026-07-10 10:30:00,79.62,79.62,79.42,79.51,840.274
1783680300000,2026-07-10 10:45:00,79.53,79.57,79.41,79.41,1546.204
1783681200000,2026-07-10 11:00:00,79.4,79.47,79.33,79.42,882.656
1783682100000,2026-07-10 11:15:00,79.44,79.52,79.32,79.38,980.985
1783683000000,2026-07-10 11:30:00,79.39,79.39,79.19,79.33,1627.79
1783683900000,2026-07-10 11:45:00,79.32,79.42,79.27,79.35,846.341
1783684800000,2026-07-10 12:00:00,79.39,79.52,79.18,79.43,1686.917
1783685700000,2026-07-10 12:15:00,79.44,79.44,79.24,79.36,1978.823
1783686600000,2026-07-10 12:30:00,79.36,79.36,79.02,79.02,1576.348
1783687500000,2026-07-10 12:45:00,79.01,79.05,78.91,78.94,1560.922
1783688400000,2026-07-10 13:00:00,78.91,79.0,78.86,78.88,1730.291
1783689300000,2026-07-10 13:15:00,78.89,78.97,78.85,78.88,1012.35
1783690200000,2026-07-10 13:30:00,78.88,79.08,78.8,78.97,4326.666
1783691100000,2026-07-10 13:45:00,78.97,79.33,78.96,79.02,2633.17
1783692000000,2026-07-10 14:00:00,79.0,79.0,78.27,78.27,3976.112
1783692900000,2026-07-10 14:15:00,78.25,78.33,77.59,77.77,7965.6
1783693800000,2026-07-10 14:30:00,77.76,77.94,77.23,77.76,7647.372
1783694700000,2026-07-10 14:45:00,77.74,78.26,77.64,77.93,7996.96
1783695600000,2026-07-10 15:00:00,77.93,78.15,77.82,77.93,5525.161
1783696500000,2026-07-10 15:15:00,77.94,78.35,77.93,78.29,4831.715
1783697400000,2026-07-10 15:30:00,78.3,78.35,78.02,78.14,4217.241
1783698300000,2026-07-10 15:45:00,78.14,78.23,77.98,78.11,5952.582
1783699200000,2026-07-10 16:00:00,78.1,78.17,77.9,78.14,5297.257
1783700100000,2026-07-10 16:15:00,78.14,78.25,77.9,77.93,3624.681
1783701000000,2026-07-10 16:30:00,77.94,77.98,77.67,77.87,1871.041
1783701900000,2026-07-10 16:45:00,77.85,78.21,77.82,78.14,1741.22
1783702800000,2026-07-10 17:00:00,78.14,78.16,77.8,77.82,3713.74
1783703700000,2026-07-10 17:15:00,77.8,77.87,77.71,77.84,1421.074
1783704600000,2026-07-10 17:30:00,77.84,77.85,77.68,77.72,1243.164
1783705500000,2026-07-10 17:45:00,77.73,77.8,77.58,77.58,1192.409
1783706400000,2026-07-10 18:00:00,77.58,77.86,77.58,77.69,2211.356
1783707300000,2026-07-10 18:15:00,77.67,77.75,77.6,77.68,1548.011
1783708200000,2026-07-10 18:30:00,77.69,77.73,77.48,77.48,1556.401
1783709100000,2026-07-10 18:45:00,77.48,77.53,77.36,77.53,2598.083
1783710000000,2026-07-10 19:00:00,77.53,77.72,77.46,77.69,1948.765
1783710900000,2026-07-10 19:15:00,77.68,77.83,77.61,77.81,3054.767
1783711800000,2026-07-10 19:30:00,77.8,78.05,77.79,77.96,2360.469
1783712700000,2026-07-10 19:45:00,77.96,78.03,77.89,77.92,2279.382
1783713600000,2026-07-10 20:00:00,77.92,77.94,77.79,77.94,1353.269
1783714500000,2026-07-10 20:15:00,77.93,77.99,77.72,77.79,2165.439
1783715400000,2026-07-10 20:30:00,77.81,77.94,77.79,77.89,6062.185
1783716300000,2026-07-10 20:45:00,77.88,77.9,77.76,77.76,7830.759
1783717200000,2026-07-10 21:00:00,77.73,77.95,77.72,77.89,6951.195
1783718100000,2026-07-10 21:15:00,77.91,77.99,77.86,77.96,1380.357
1783719000000,2026-07-10 21:30:00,77.97,78.09,77.97,78.02,1253.232
1783719900000,2026-07-10 21:45:00,78.02,78.04,77.93,77.99,1027.693
1783720800000,2026-07-10 22:00:00,77.99,78.18,77.97,78.08,2175.433
1783721700000,2026-07-10 22:15:00,78.08,78.11,77.98,78.09,615.958
1783722600000,2026-07-10 22:30:00,78.08,78.12,78.03,78.11,1168.26
1783723500000,2026-07-10 22:45:00,78.08,78.22,78.05,78.18,2230.932
1783724400000,2026-07-10 23:00:00,78.19,78.19,78.0,78.0,11417.563
1783725300000,2026-07-10 23:15:00,78.0,78.14,77.98,78.1,1976.001
1783726200000,2026-07-10 23:30:00,78.1,78.12,78.05,78.11,346.703
1783727100000,2026-07-10 23:45:00,78.11,78.15,78.07,78.13,1353.756
1783728000000,2026-07-11 00:00:00,78.13,78.13,77.9,77.91,5635.65
1783728900000,2026-07-11 00:15:00,77.92,78.03,77.85,77.95,1589.232
1783729800000,2026-07-11 00:30:00,77.97,77.98,77.8,77.94,737.866
1783730700000,2026-07-11 00:45:00,77.94,77.95,77.8,77.88,2033.231
1783731600000,2026-07-11 01:00:00,77.87,77.87,77.79,77.81,394.625
1783732500000,2026-07-11 01:15:00,77.79,78.03,77.79,78.0,1256.723
1783733400000,2026-07-11 01:30:00,78.01,78.06,77.48,77.57,1622.295
1783734300000,2026-07-11 01:45:00,77.54,77.69,77.54,77.57,1330.131
1783735200000,2026-07-11 02:00:00,77.54,77.68,77.51,77.56,920.124
1783736100000,2026-07-11 02:15:00,77.56,77.7,77.56,77.65,567.119
1783737000000,2026-07-11 02:30:00,77.66,77.78,77.62,77.76,1361.853
1783737900000,2026-07-11 02:45:00,77.76,77.82,77.74,77.78,1846.15
1783738800000,2026-07-11 03:00:00,77.77,77.81,77.67,77.75,484.561
1783739700000,2026-07-11 03:15:00,77.77,77.82,77.63,77.7,662.928
1783740600000,2026-07-11 03:30:00,77.7,77.86,77.68,77.82,1653.208
1783741500000,2026-07-11 03:45:00,77.84,77.86,77.79,77.81,666.769
1783742400000,2026-07-11 04:00:00,77.79,77.81,77.67,77.74,2285.02
1783743300000,2026-07-11 04:15:00,77.75,77.79,77.65,77.7,924.417
1783744200000,2026-07-11 04:30:00,77.71,77.86,77.7,77.78,534.487
1783745100000,2026-07-11 04:45:00,77.78,77.8,77.67,77.72,1434.807
1783746000000,2026-07-11 05:00:00,77.73,77.79,77.61,77.77,663.011
1783746900000,2026-07-11 05:15:00,77.76,77.87,77.72,77.84,951.681
1783747800000,2026-07-11 05:30:00,77.84,77.96,77.82,77.87,450.047
1783748700000,2026-07-11 05:45:00,77.86,77.91,77.81,77.9,814.246
1783749600000,2026-07-11 06:00:00,77.91,77.91,77.8,77.87,1814.869
1783750500000,2026-07-11 06:15:00,77.83,78.03,77.82,77.97,768.387
1783751400000,2026-07-11 06:30:00,77.97,78.12,77.97,78.08,2373.555
1783752300000,2026-07-11 06:45:00,78.08,78.11,78.0,78.06,1872.095
1783753200000,2026-07-11 07:00:00,78.07,78.1,77.96,78.0,2671.602
1783754100000,2026-07-11 07:15:00,77.99,78.1,77.98,78.04,371.458
1783755000000,2026-07-11 07:30:00,78.03,78.1,78.0,78.0,1073.082
1783755900000,2026-07-11 07:45:00,78.0,78.03,77.98,77.98,1132.358
1783756800000,2026-07-11 08:00:00,77.98,78.08,77.95,78.04,1341.368
1783757700000,2026-07-11 08:15:00,78.04,78.09,78.02,78.03,857.336
1783758600000,2026-07-11 08:30:00,78.03,78.14,78.01,78.09,2888.329
1783759500000,2026-07-11 08:45:00,78.08,78.17,78.03,78.16,8152.181
1783760400000,2026-07-11 09:00:00,78.17,78.33,78.14,78.14,1653.999
1783761300000,2026-07-11 09:15:00,78.14,78.19,78.05,78.06,2248.257
1783762200000,2026-07-11 09:30:00,78.06,78.07,77.94,77.99,1757.458
1783763100000,2026-07-11 09:45:00,77.99,77.99,77.83,77.83,1289.641
1783764000000,2026-07-11 10:00:00,77.84,77.93,77.79,77.92,1616.685
1783764900000,2026-07-11 10:15:00,77.93,77.93,77.8,77.92,1659.563
1783765800000,2026-07-11 10:30:00,77.93,78.02,77.86,77.98,1920.618
1783766700000,2026-07-11 10:45:00,77.96,78.1,77.95,78.05,1399.117
1783767600000,2026-07-11 11:00:00,78.04,78.09,77.99,78.05,1733.516
1783768500000,2026-07-11 11:15:00,78.07,78.07,78.0,78.04,927.866
1783769400000,2026-07-11 11:30:00,78.04,78.11,78.0,78.08,474.731
1783770300000,2026-07-11 11:45:00,78.07,78.15,78.07,78.1,1727.12
1783771200000,2026-07-11 12:00:00,78.1,78.21,77.99,78.09,4244.411
1783772100000,2026-07-11 12:15:00,78.1,78.11,78.03,78.09,5252.308
1783773000000,2026-07-11 12:30:00,78.09,78.09,77.96,77.97,5667.947
1783773900000,2026-07-11 12:45:00,77.98,78.11,77.97,78.09,2446.915
1783774800000,2026-07-11 13:00:00,78.08,78.11,78.04,78.11,9271.48
1783775700000,2026-07-11 13:15:00,78.1,78.27,78.07,78.23,2965.532
1783776600000,2026-07-11 13:30:00,78.23,78.42,78.15,78.17,1663.165
1783777500000,2026-07-11 13:45:00,78.18,78.25,78.17,78.17,722.284
1783778400000,2026-07-11 14:00:00,78.17,78.31,78.17,78.26,852.666
1783779300000,2026-07-11 14:15:00,78.25,78.5,78.25,78.38,1678.343
1783780200000,2026-07-11 14:30:00,78.38,78.65,78.37,78.55,3188.6
1783781100000,2026-07-11 14:45:00,78.57,78.59,78.48,78.49,2541.937
1783782000000,2026-07-11 15:00:00,78.49,78.7,78.49,78.63,2716.3
1783782900000,2026-07-11 15:15:00,78.64,78.81,78.53,78.73,2032.198
1783783800000,2026-07-11 15:30:00,78.73,78.73,78.21,78.23,4449.49
1783784700000,2026-07-11 15:45:00,78.22,78.4,77.99,78.38,2071.17
1783785600000,2026-07-11 16:00:00,78.38,78.4,78.15,78.32,2463.472
1783786500000,2026-07-11 16:15:00,78.33,78.33,78.09,78.11,1533.884
1783787400000,2026-07-11 16:30:00,78.14,78.26,77.76,77.77,4170.222
1783788300000,2026-07-11 16:45:00,77.77,77.94,77.68,77.93,1691.253
1783789200000,2026-07-11 17:00:00,77.93,77.96,77.83,77.94,1358.494
1783790100000,2026-07-11 17:15:00,77.93,78.02,77.83,78.02,1289.031
1783791000000,2026-07-11 17:30:00,78.01,78.16,78.0,78.13,1926.328
1783791900000,2026-07-11 17:45:00,78.13,78.17,78.02,78.08,1221.832
1783792800000,2026-07-11 18:00:00,78.09,78.1,78.01,78.08,1843.837
1783793700000,2026-07-11 18:15:00,78.1,78.27,78.06,78.2,1246.596
1783794600000,2026-07-11 18:30:00,78.21,78.21,78.12,78.13,2684.062
1783795500000,2026-07-11 18:45:00,78.14,78.15,78.04,78.08,4788.626
1783796400000,2026-07-11 19:00:00,78.08,78.11,78.03,78.05,3117.573
1783797300000,2026-07-11 19:15:00,78.05,78.08,77.9,77.91,5030.036
1783798200000,2026-07-11 19:30:00,77.91,78.05,77.9,78.01,4258.908
1783799100000,2026-07-11 19:45:00,78.01,78.15,77.98,78.14,2058.177
1783800000000,2026-07-11 20:00:00,78.15,78.18,78.11,78.16,840.986
1783800900000,2026-07-11 20:15:00,78.18,78.22,78.15,78.2,301.955
1783801800000,2026-07-11 20:30:00,78.23,78.28,78.17,78.21,427.164
1783802700000,2026-07-11 20:45:00,78.21,78.25,78.15,78.18,1542.722
1783803600000,2026-07-11 21:00:00,78.17,78.3,78.16,78.26,1442.427
1783804500000,2026-07-11 21:15:00,78.27,78.32,78.21,78.26,1633.161
1783805400000,2026-07-11 21:30:00,78.24,78.28,78.14,78.19,1393.003
1783806300000,2026-07-11 21:45:00,78.18,78.29,78.17,78.22,1932.067
1783807200000,2026-07-11 22:00:00,78.23,78.27,78.1,78.23,2898.165
1783808100000,2026-07-11 22:15:00,78.22,78.78,77.64,77.94,2691.227
1783809000000,2026-07-11 22:30:00,77.95,78.05,77.89,77.98,3635.839
1783809900000,2026-07-11 22:45:00,77.97,78.0,77.81,77.88,3256.672
1783810800000,2026-07-11 23:00:00,77.88,77.92,77.48,77.6,2884.431
1783811700000,2026-07-11 23:15:00,77.6,77.61,76.91,77.01,4372.987
1783812600000,2026-07-11 23:30:00,77.0,77.07,76.81,77.06,3051.009
1783813500000,2026-07-11 23:45:00,77.02,77.13,76.78,76.79,2499.97
1783814400000,2026-07-12 00:00:00,76.79,76.85,76.41,76.47,4566.068
1783815300000,2026-07-12 00:15:00,76.47,76.58,76.35,76.35,4743.661
1783816200000,2026-07-12 00:30:00,76.35,76.35,75.64,76.07,13370.238
1783817100000,2026-07-12 00:45:00,76.06,76.16,75.91,76.08,9420.395
1783818000000,2026-07-12 01:00:00,76.08,76.34,76.04,76.25,4845.831
1783818900000,2026-07-12 01:15:00,76.25,76.69,76.15,76.63,4719.151
1783819800000,2026-07-12 01:30:00,76.63,76.86,76.59,76.82,3382.898
1783820700000,2026-07-12 01:45:00,76.82,76.87,76.76,76.83,3169.68
1783821600000,2026-07-12 02:00:00,76.84,76.85,76.64,76.72,3807.428
1783822500000,2026-07-12 02:15:00,76.7,76.89,76.69,76.86,3930.133
1783823400000,2026-07-12 02:30:00,76.85,76.87,76.73,76.75,3158.505
1783824300000,2026-07-12 02:45:00,76.75,76.92,76.73,76.86,2057.719
1783825200000,2026-07-12 03:00:00,76.87,76.96,76.76,76.94,2349.908
1783826100000,2026-07-12 03:15:00,76.93,76.99,76.84,76.99,1358.957
1783827000000,2026-07-12 03:30:00,76.99,77.08,76.91,76.93,1819.383
1783827900000,2026-07-12 03:45:00,76.96,77.04,76.92,77.03,943.789
1783828800000,2026-07-12 04:00:00,77.04,77.06,76.9,76.9,2255.262
1783829700000,2026-07-12 04:15:00,76.91,77.06,76.84,76.87,1741.757
1783830600000,2026-07-12 04:30:00,76.89,76.9,76.64,76.8,3048.554
1783831500000,2026-07-12 04:45:00,76.79,76.8,76.62,76.7,1794.341
1783832400000,2026-07-12 05:00:00,76.71,76.81,76.68,76.72,2618.277
1783833300000,2026-07-12 05:15:00,76.71,76.72,76.41,76.45,3420.499
1783834200000,2026-07-12 05:30:00,76.44,76.54,76.4,76.51,2415.527
1783835100000,2026-07-12 05:45:00,76.52,76.53,76.45,76.45,1718.847
1783836000000,2026-07-12 06:00:00,76.45,76.45,76.04,76.04,3100.636
1783836900000,2026-07-12 06:15:00,76.04,76.14,75.88,75.88,1470.274
1783837800000,2026-07-12 06:30:00,75.92,76.23,75.91,76.2,2990.613
1783838700000,2026-07-12 06:45:00,76.2,76.39,76.2,76.36,1512.992
1783839600000,2026-07-12 07:00:00,76.37,76.57,76.32,76.55,2366.401
1783840500000,2026-07-12 07:15:00,76.54,76.7,76.52,76.54,3134.453
1783841400000,2026-07-12 07:30:00,76.54,76.56,76.49,76.49,2601.574
1783842300000,2026-07-12 07:45:00,76.52,76.55,76.45,76.51,2035.489
1783843200000,2026-07-12 08:00:00,76.51,76.83,76.47,76.71,3426.979
1783844100000,2026-07-12 08:15:00,76.71,76.79,76.63,76.63,5146.338
1783845000000,2026-07-12 08:30:00,76.63,76.69,76.61,76.68,1806.743
1783845900000,2026-07-12 08:45:00,76.68,76.72,76.61,76.7,986.824
1783846800000,2026-07-12 09:00:00,76.71,76.75,76.58,76.59,1471.365
1783847700000,2026-07-12 09:15:00,76.57,76.57,76.4,76.53,3039.41
1783848600000,2026-07-12 09:30:00,76.53,76.88,76.53,76.86,3849.255
1783849500000,2026-07-12 09:45:00,76.84,76.9,76.74,76.76,2322.038
1783850400000,2026-07-12 10:00:00,76.76,76.77,76.67,76.74,1553.281
1783851300000,2026-07-12 10:15:00,76.74,76.84,76.67,76.8,2154.145
1783852200000,2026-07-12 10:30:00,76.78,76.82,76.71,76.74,2258.738
1783853100000,2026-07-12 10:45:00,76.76,76.79,76.7,76.7,1788.814
1783854000000,2026-07-12 11:00:00,76.71,76.76,76.54,76.68,2117.274
1783854900000,2026-07-12 11:15:00,76.67,76.86,76.67,76.84,1341.79
1783855800000,2026-07-12 11:30:00,76.84,76.99,76.84,76.93,473.051
1783856700000,2026-07-12 11:45:00,76.98,77.25,76.95,76.96,2096.945
1783857600000,2026-07-12 12:00:00,76.96,77.05,76.79,77.03,989.323
1783858500000,2026-07-12 12:15:00,77.04,77.12,77.02,77.1,427.352
1783859400000,2026-07-12 12:30:00,77.11,77.2,77.07,77.16,2731.515
1783860300000,2026-07-12 12:45:00,77.18,77.24,77.06,77.17,2779.717
1783861200000,2026-07-12 13:00:00,77.17,77.48,77.13,77.29,2403.936
1783862100000,2026-07-12 13:15:00,77.3,77.34,77.22,77.28,2470.441
1783863000000,2026-07-12 13:30:00,77.29,77.35,77.25,77.26,1769.286
1783863900000,2026-07-12 13:45:00,77.26,77.31,77.14,77.16,2328.921
1783864800000,2026-07-12 14:00:00,77.15,77.16,77.01,77.01,2046.575
1783865700000,2026-07-12 14:15:00,77.01,77.05,76.98,77.04,2605.169
1783866600000,2026-07-12 14:30:00,77.04,77.23,77.04,77.23,1784.591
1783867500000,2026-07-12 14:45:00,77.2,77.74,77.19,77.55,6259.248
1783868400000,2026-07-12 15:00:00,77.54,77.62,77.39,77.52,3808.354
1783869300000,2026-07-12 15:15:00,77.52,77.57,77.4,77.53,5793.595
1783870200000,2026-07-12 15:30:00,77.55,77.57,77.28,77.33,1890.327
1783871100000,2026-07-12 15:45:00,77.34,77.51,77.34,77.45,1828.389
1783872000000,2026-07-12 16:00:00,77.47,77.66,77.41,77.41,3316.312
1783872900000,2026-07-12 16:15:00,77.41,77.6,77.39,77.56,2342.422
1783873800000,2026-07-12 16:30:00,77.56,77.56,77.38,77.51,2577.316
1783874700000,2026-07-12 16:45:00,77.52,77.66,77.5,77.55,2224.227
1783875600000,2026-07-12 17:00:00,77.55,77.58,77.47,77.49,5953.003
1783876500000,2026-07-12 17:15:00,77.49,77.49,77.42,77.43,2041.43
1783877400000,2026-07-12 17:30:00,77.42,77.61,77.42,77.56,2483.863
1783878300000,2026-07-12 17:45:00,77.55,77.55,77.26,77.36,7585.698
1783879200000,2026-07-12 18:00:00,77.36,77.48,77.3,77.35,5024.604
1783880100000,2026-07-12 18:15:00,77.35,77.38,77.25,77.38,1876.715
1783881000000,2026-07-12 18:30:00,77.38,77.54,77.36,77.51,1978.583
1783881900000,2026-07-12 18:45:00,77.54,77.64,77.53,77.57,1831.395
1783882800000,2026-07-12 19:00:00,77.57,77.64,77.53,77.53,1295.429
1783883700000,2026-07-12 19:15:00,77.53,77.63,77.53,77.58,798.954
1783884600000,2026-07-12 19:30:00,77.58,77.58,77.44,77.49,983.002
1783885500000,2026-07-12 19:45:00,77.49,77.75,77.49,77.68,3022.494
1783886400000,2026-07-12 20:00:00,77.69,77.71,77.55,77.58,2865.79
1783887300000,2026-07-12 20:15:00,77.58,77.58,77.49,77.51,2905.608
1783888200000,2026-07-12 20:30:00,77.52,77.6,77.45,77.6,4679.458
1783889100000,2026-07-12 20:45:00,77.59,77.61,77.44,77.46,6760.48
1783890000000,2026-07-12 21:00:00,77.45,77.69,77.45,77.56,3436.195
1783890900000,2026-07-12 21:15:00,77.55,77.57,77.23,77.26,2608.237
1783891800000,2026-07-12 21:30:00,77.27,77.27,77.1,77.24,7304.122
1783892700000,2026-07-12 21:45:00,77.24,78.39,76.86,77.1,6084.495
1783893600000,2026-07-12 22:00:00,77.1,77.11,76.63,76.74,3619.196
1783894500000,2026-07-12 22:15:00,76.68,76.76,76.53,76.71,3171.586
1783895400000,2026-07-12 22:30:00,76.7,76.78,76.59,76.62,2753.734
1783896300000,2026-07-12 22:45:00,76.62,76.81,76.5,76.77,2860.916
1783897200000,2026-07-12 23:00:00,76.76,76.82,76.65,76.78,2897.389
1783898100000,2026-07-12 23:15:00,76.77,76.81,76.71,76.81,1752.641
1783899000000,2026-07-12 23:30:00,76.8,76.86,76.68,76.8,2644.513
1783899900000,2026-07-12 23:45:00,76.81,76.94,76.68,76.9,2714.949
1783900800000,2026-07-13 00:00:00,76.92,78.13,76.85,78.0,8401.397
1783901700000,2026-07-13 00:15:00,78.0,78.09,77.7,77.73,5016.49
1783902600000,2026-07-13 00:30:00,77.71,77.77,76.98,77.15,6519.768
1783903500000,2026-07-13 00:45:00,77.18,77.6,77.18,77.54,5266.649
1783904400000,2026-07-13 01:00:00,77.54,77.64,77.02,77.3,3829.079
1783905300000,2026-07-13 01:15:00,77.31,77.5,77.01,77.04,4021.8
1783906200000,2026-07-13 01:30:00,77.05,77.12,76.83,77.01,4397.277
1783907100000,2026-07-13 01:45:00,76.99,77.0,76.31,76.36,4298.308
1783908000000,2026-07-13 02:00:00,76.31,76.45,76.16,76.45,4401.748
1783908900000,2026-07-13 02:15:00,76.46,76.63,76.37,76.59,3224.734
1783909800000,2026-07-13 02:30:00,76.58,76.67,76.42,76.59,1594.658
1783910700000,2026-07-13 02:45:00,76.59,76.64,76.44,76.5,1849.451
1783911600000,2026-07-13 03:00:00,76.48,76.49,75.78,75.95,4422.111
1783912500000,2026-07-13 03:15:00,75.94,76.11,75.68,76.1,4387.747
1783913400000,2026-07-13 03:30:00,76.08,76.08,75.47,75.72,2269.729
1783914300000,2026-07-13 03:45:00,75.72,75.91,75.71,75.84,2421.757
1783915200000,2026-07-13 04:00:00,75.86,75.97,75.73,75.95,3176.693
1783916100000,2026-07-13 04:15:00,75.94,76.13,75.94,76.09,1594.44
1783917000000,2026-07-13 04:30:00,76.11,76.12,75.93,75.96,3704.397
1783917900000,2026-07-13 04:45:00,75.96,76.12,75.93,75.94,1285.069
1783918800000,2026-07-13 05:00:00,75.94,76.39,75.81,76.3,2987.127
1783919700000,2026-07-13 05:15:00,76.3,76.42,76.1,76.12,2179.323
1783920600000,2026-07-13 05:30:00,76.13,76.46,75.98,76.4,6564.233
1783921500000,2026-07-13 05:45:00,76.4,76.41,76.31,76.38,762.28
1783922400000,2026-07-13 06:00:00,76.38,76.56,76.33,76.33,1351.11
1783923300000,2026-07-13 06:15:00,76.31,76.49,76.28,76.48,2002.684
1783924200000,2026-07-13 06:30:00,76.51,76.58,76.32,76.51,2671.571
1783925100000,2026-07-13 06:45:00,76.52,76.54,76.31,76.35,2193.478
1783926000000,2026-07-13 07:00:00,76.35,76.53,76.23,76.47,1851.965
1783926900000,2026-07-13 07:15:00,76.47,76.65,76.34,76.62,2264.596
1783927800000,2026-07-13 07:30:00,76.62,76.68,76.48,76.48,1438.613
1783928700000,2026-07-13 07:45:00,76.46,76.49,76.39,76.45,1427.053
1783929600000,2026-07-13 08:00:00,76.44,76.55,76.39,76.51,4521.819
1783930500000,2026-07-13 08:15:00,76.51,76.56,76.41,76.47,1377.749
1783931400000,2026-07-13 08:30:00,76.47,76.64,76.36,76.64,1502.656
1783932300000,2026-07-13 08:45:00,76.68,76.89,76.63,76.73,2718.902
1783933200000,2026-07-13 09:00:00,76.74,76.74,76.65,76.68,1359.7
1783934100000,2026-07-13 09:15:00,76.71,76.71,76.6,76.63,989.593
1783935000000,2026-07-13 09:30:00,76.66,76.73,76.63,76.7,462.852
1783935900000,2026-07-13 09:45:00,76.7,76.71,76.62,76.63,175.612
1783936800000,2026-07-13 10:00:00,76.63,76.63,76.25,76.26,1492.322
1783937700000,2026-07-13 10:15:00,76.26,76.45,76.2,76.31,2331.51
1783938600000,2026-07-13 10:30:00,76.31,76.4,76.18,76.19,1344.515
1783939500000,2026-07-13 10:45:00,76.17,76.33,76.12,76.26,1960.29
1783940400000,2026-07-13 11:00:00,76.27,76.58,76.27,76.43,2576.251
1783941300000,2026-07-13 11:15:00,76.43,76.5,76.32,76.5,1142.195
1783942200000,2026-07-13 11:30:00,76.45,76.47,76.33,76.4,1404.802
1783943100000,2026-07-13 11:45:00,76.4,76.53,76.34,76.34,600.149
1783944000000,2026-07-13 12:00:00,76.36,76.4,76.02,76.09,3950.617
1783944900000,2026-07-13 12:15:00,76.09,76.18,75.97,75.97,1961.773
1783945800000,2026-07-13 12:30:00,75.97,76.03,75.75,75.82,1773.859
1783946700000,2026-07-13 12:45:00,75.82,75.92,75.8,75.85,1491.295
1783947600000,2026-07-13 13:00:00,75.85,75.93,75.69,75.69,1776.412
1783948500000,2026-07-13 13:15:00,75.68,75.7,75.51,75.65,2155.222
1783949400000,2026-07-13 13:30:00,75.64,75.83,75.23,75.35,4971.513
1783950300000,2026-07-13 13:45:00,75.34,75.44,75.14,75.39,4356.992
1783951200000,2026-07-13 14:00:00,75.4,75.77,75.37,75.77,3838.716
1783952100000,2026-07-13 14:15:00,75.8,76.11,75.51,75.89,7034.013
1783953000000,2026-07-13 14:30:00,75.86,76.08,75.69,75.99,3727.917
1783953900000,2026-07-13 14:45:00,75.98,76.18,75.97,76.15,2745.831
1783954800000,2026-07-13 15:00:00,76.15,76.26,75.98,76.02,1375.053
1783955700000,2026-07-13 15:15:00,76.02,76.3,76.01,76.18,2620.538
1783956600000,2026-07-13 15:30:00,76.17,76.23,75.77,75.82,1633.704
1783957500000,2026-07-13 15:45:00,75.83,75.92,75.76,75.82,1848.747
1783958400000,2026-07-13 16:00:00,75.82,75.99,75.77,75.87,1789.823
1783959300000,2026-07-13 16:15:00,75.86,75.87,75.46,75.5,1926.505
1783960200000,2026-07-13 16:30:00,75.49,75.5,75.28,75.44,2475.553
1783961100000,2026-07-13 16:45:00,75.44,75.52,75.21,75.29,1823.117
1783962000000,2026-07-13 17:00:00,75.29,75.44,75.22,75.4,1674.86
1783962900000,2026-07-13 17:15:00,75.39,75.42,75.3,75.33,1259.665
1783963800000,2026-07-13 17:30:00,75.32,75.36,74.74,75.11,2532.388
1783964700000,2026-07-13 17:45:00,75.1,75.15,74.57,74.57,2622.581
1783965600000,2026-07-13 18:00:00,74.62,74.86,74.6,74.72,2874.522
1783966500000,2026-07-13 18:15:00,74.73,74.95,74.57,74.95,2508.28
1783967400000,2026-07-13 18:30:00,74.94,74.94,74.77,74.87,1717.363
1783968300000,2026-07-13 18:45:00,74.88,75.04,74.86,74.87,2236.197
1783969200000,2026-07-13 19:00:00,74.86,74.91,74.8,74.86,1036.412
1783970100000,2026-07-13 19:15:00,74.88,74.93,74.76,74.76,1588.733
1783971000000,2026-07-13 19:30:00,74.78,75.04,74.77,75.04,1595.256
1783971900000,2026-07-13 19:45:00,75.05,75.23,74.93,75.23,1409.524
1783972800000,2026-07-13 20:00:00,75.19,75.33,75.1,75.1,2199.244
1783973700000,2026-07-13 20:15:00,75.11,75.12,74.81,74.99,1138.212
1783974600000,2026-07-13 20:30:00,74.96,75.0,74.76,74.77,1706.484
1783975500000,2026-07-13 20:45:00,74.75,74.8,74.63,74.77,572.131
1783976400000,2026-07-13 21:00:00,74.79,74.81,74.58,74.58,12010.551
1783977300000,2026-07-13 21:15:00,74.58,74.73,74.41,74.5,127.966
1783978200000,2026-07-13 21:30:00,74.5,74.53,74.19,74.29,3633.736
1783979100000,2026-07-13 21:45:00,74.29,74.47,74.26,74.42,2064.174
1783980000000,2026-07-13 22:00:00,74.41,74.64,74.41,74.62,1420.274
1783980900000,2026-07-13 22:15:00,74.61,74.73,74.6,74.65,1566.735
1783981800000,2026-07-13 22:30:00,74.64,74.7,74.51,74.63,1368.808
1783982700000,2026-07-13 22:45:00,74.62,74.67,74.46,74.51,603.482
1783983600000,2026-07-13 23:00:00,74.51,74.57,74.41,74.56,1226.519
1783984500000,2026-07-13 23:15:00,74.55,74.86,74.55,74.73,1129.006
1783985400000,2026-07-13 23:30:00,74.74,74.83,74.68,74.68,2369.082
1783986300000,2026-07-13 23:45:00,74.66,75.01,74.65,75.01,2139.971
1783987200000,2026-07-14 00:00:00,75.03,75.2,74.84,75.15,3453.929
1783988100000,2026-07-14 00:15:00,75.14,75.22,75.04,75.17,2890.337
1783989000000,2026-07-14 00:30:00,75.23,75.25,75.01,75.03,2247.153
1783989900000,2026-07-14 00:45:00,75.04,75.47,75.04,75.44,2869.001
1783990800000,2026-07-14 01:00:00,75.45,75.45,75.33,75.35,765.17
1783991700000,2026-07-14 01:15:00,75.35,75.55,75.3,75.33,4041.964
1783992600000,2026-07-14 01:30:00,75.32,75.33,75.22,75.27,604.322
1783993500000,2026-07-14 01:45:00,75.27,75.39,75.26,75.31,511.279
1783994400000,2026-07-14 02:00:00,75.31,75.33,75.16,75.16,743.584
1783995300000,2026-07-14 02:15:00,75.17,75.18,74.88,74.91,2371.099
1783996200000,2026-07-14 02:30:00,74.92,75.21,74.89,75.2,778.096
1783997100000,2026-07-14 02:45:00,75.21,75.28,75.04,75.09,779.634
1783998000000,2026-07-14 03:00:00,75.06,75.14,74.67,74.72,2906.882
1783998900000,2026-07-14 03:15:00,74.72,74.8,74.57,74.8,1743.902
1783999800000,2026-07-14 03:30:00,74.82,75.04,74.8,74.95,913.582
1784000700000,2026-07-14 03:45:00,74.98,75.17,74.97,75.16,677.178
1784001600000,2026-07-14 04:00:00,75.16,75.34,75.09,75.13,1343.211
1784002500000,2026-07-14 04:15:00,75.12,75.23,75.05,75.17,528.603
1784003400000,2026-07-14 04:30:00,75.16,75.32,75.12,75.18,1482.046
1784004300000,2026-07-14 04:45:00,75.16,75.21,75.09,75.15,833.812
1784005200000,2026-07-14 05:00:00,75.16,75.43,75.11,75.4,1249.019
1784006100000,2026-07-14 05:15:00,75.39,75.47,75.27,75.42,847.122
1784007000000,2026-07-14 05:30:00,75.41,75.47,75.27,75.4,872.64
1784007900000,2026-07-14 05:45:00,75.4,75.42,75.34,75.38,311.084
1784008800000,2026-07-14 06:00:00,75.38,75.44,75.19,75.26,1762.312
1784009700000,2026-07-14 06:15:00,75.26,75.32,75.2,75.21,461.825
1784010600000,2026-07-14 06:30:00,75.21,75.33,75.15,75.27,915.861
1784011500000,2026-07-14 06:45:00,75.27,75.27,75.1,75.16,442.469
1784012400000,2026-07-14 07:00:00,75.15,75.17,75.01,75.04,1195.215
1784013300000,2026-07-14 07:15:00,75.03,75.25,75.02,75.22,531.921
1784014200000,2026-07-14 07:30:00,75.23,75.23,75.02,75.04,768.477
1784015100000,2026-07-14 07:45:00,75.04,75.05,74.91,74.97,975.887
1784016000000,2026-07-14 08:00:00,74.95,75.05,74.89,75.04,1168.776
1784016900000,2026-07-14 08:15:00,75.06,75.36,75.05,75.33,1087.166
1784017800000,2026-07-14 08:30:00,75.34,75.39,75.25,75.34,1314.058
1784018700000,2026-07-14 08:45:00,75.33,75.34,75.14,75.17,870.0
1784019600000,2026-07-14 09:00:00,75.17,75.27,75.16,75.24,447.738
1784020500000,2026-07-14 09:15:00,75.23,75.31,75.11,75.12,866.799
1784021400000,2026-07-14 09:30:00,75.11,75.16,74.88,75.03,1425.366
1784022300000,2026-07-14 09:45:00,75.02,75.15,74.96,75.08,1062.946
1784023200000,2026-07-14 10:00:00,75.09,75.28,75.07,75.23,1048.749
1784024100000,2026-07-14 10:15:00,75.23,75.27,75.06,75.1,1601.338
1784025000000,2026-07-14 10:30:00,75.1,75.3,74.98,75.25,1850.712
1784025900000,2026-07-14 10:45:00,75.27,75.58,75.25,75.47,1824.824
1784026800000,2026-07-14 11:00:00,75.48,75.49,75.36,75.47,720.254
1784027700000,2026-07-14 11:15:00,75.48,75.59,75.4,75.55,1561.079
1784028600000,2026-07-14 11:30:00,75.56,75.6,75.43,75.43,571.717
1784029500000,2026-07-14 11:45:00,75.44,75.49,75.36,75.38,348.896
1784030400000,2026-07-14 12:00:00,75.39,75.44,75.2,75.23,968.488
1784031300000,2026-07-14 12:15:00,75.23,75.58,75.22,75.41,4590.296
1784032200000,2026-07-14 12:30:00,75.41,76.32,75.4,76.06,9508.642
1784033100000,2026-07-14 12:45:00,76.07,76.87,76.07,76.85,5660.392
1784034000000,2026-07-14 13:00:00,76.85,76.89,76.54,76.58,2936.382
1784034900000,2026-07-14 13:15:00,76.59,77.71,76.58,77.43,5368.959
1784035800000,2026-07-14 13:30:00,77.43,77.49,77.05,77.05,5755.883
1784036700000,2026-07-14 13:45:00,77.07,77.24,76.84,76.94,4901.743
1784037600000,2026-07-14 14:00:00,76.95,77.07,76.68,76.98,5703.846
1784038500000,2026-07-14 14:15:00,77.0,77.0,76.71,76.87,4017.863
1784039400000,2026-07-14 14:30:00,76.88,77.16,76.81,77.03,3997.049
1784040300000,2026-07-14 14:45:00,77.05,77.4,76.94,77.4,4153.716
1784041200000,2026-07-14 15:00:00,77.4,77.44,77.22,77.29,4075.877
1784042100000,2026-07-14 15:15:00,77.29,77.49,77.2,77.49,3028.499
1784043000000,2026-07-14 15:30:00,77.5,77.69,77.34,77.5,5460.859
1784043900000,2026-07-14 15:45:00,77.49,77.81,77.32,77.38,2626.034
1784044800000,2026-07-14 16:00:00,77.37,77.49,77.14,77.35,2692.449
1784045700000,2026-07-14 16:15:00,77.34,77.6,77.24,77.55,1640.471
1784046600000,2026-07-14 16:30:00,77.54,77.63,77.45,77.45,2930.55
1784047500000,2026-07-14 16:45:00,77.45,77.49,77.29,77.29,3564.378
1784048400000,2026-07-14 17:00:00,77.26,77.28,76.93,77.05,1871.021
1784049300000,2026-07-14 17:15:00,77.05,77.11,76.86,77.08,2021.286
1784050200000,2026-07-14 17:30:00,77.09,77.12,76.95,77.11,2854.557
1784051100000,2026-07-14 17:45:00,77.11,77.28,76.99,77.17,1944.316
1784052000000,2026-07-14 18:00:00,77.19,77.31,77.01,77.01,1862.254
1784052900000,2026-07-14 18:15:00,77.01,77.12,77.0,77.09,1085.511
1784053800000,2026-07-14 18:30:00,77.06,77.32,77.0,77.14,2135.099
1784054700000,2026-07-14 18:45:00,77.19,77.34,77.18,77.29,992.178
1784055600000,2026-07-14 19:00:00,77.29,77.43,77.27,77.41,1479.961
1784056500000,2026-07-14 19:15:00,77.41,77.54,77.3,77.3,994.344
1784057400000,2026-07-14 19:30:00,77.31,77.31,77.1,77.2,1327.74
1784058300000,2026-07-14 19:45:00,77.2,77.28,77.13,77.15,1872.08
1784059200000,2026-07-14 20:00:00,77.15,77.21,76.95,76.95,643.224
1784060100000,2026-07-14 20:15:00,76.95,77.03,76.93,76.93,551.202
1784061000000,2026-07-14 20:30:00,76.94,77.0,76.94,77.0,207.932
1784061900000,2026-07-14 20:45:00,77.0,77.2,76.99,77.18,8087.718
1784062800000,2026-07-14 21:00:00,77.18,77.34,60.85,77.33,4187.675
1784063700000,2026-07-14 21:15:00,77.34,77.36,77.23,77.3,970.217
1784064600000,2026-07-14 21:30:00,77.28,77.4,77.24,77.29,1244.455
1784065500000,2026-07-14 21:45:00,77.3,77.3,77.17,77.2,1106.812
1784066400000,2026-07-14 22:00:00,77.22,77.3,77.14,77.16,959.303
1784067300000,2026-07-14 22:15:00,77.17,77.61,77.15,77.6,2630.049
1784068200000,2026-07-14 22:30:00,77.57,77.91,77.57,77.81,2727.688
1784069100000,2026-07-14 22:45:00,77.79,77.9,77.62,77.62,971.354
1784070000000,2026-07-14 23:00:00,77.63,77.92,77.58,77.91,1746.707
1784070900000,2026-07-14 23:15:00,77.9,77.91,77.63,77.69,2046.064
1784071800000,2026-07-14 23:30:00,77.69,77.77,77.62,77.72,1931.196
1784072700000,2026-07-14 23:45:00,77.72,77.85,77.71,77.84,1385.423
1784073600000,2026-07-15 00:00:00,77.85,77.91,77.69,77.7,2662.865
1784074500000,2026-07-15 00:15:00,77.69,77.74,77.6,77.63,2940.358
1784075400000,2026-07-15 00:30:00,77.64,77.64,77.47,77.52,1645.782
1784076300000,2026-07-15 00:45:00,77.52,77.7,77.52,77.67,1049.247
1784077200000,2026-07-15 01:00:00,77.67,77.72,77.48,77.58,2853.462
1784078100000,2026-07-15 01:15:00,77.57,77.82,77.56,77.78,1069.745
1784079000000,2026-07-15 01:30:00,77.78,77.79,77.51,77.54,2840.945
1784079900000,2026-07-15 01:45:00,77.55,77.55,77.29,77.44,1917.203
1784080800000,2026-07-15 02:00:00,77.44,77.58,77.33,77.39,1299.35
1784081700000,2026-07-15 02:15:00,77.41,77.41,77.16,77.17,1437.421
1784082600000,2026-07-15 02:30:00,77.15,77.21,77.05,77.21,1629.198
1784083500000,2026-07-15 02:45:00,77.22,77.31,77.14,77.27,1278.45
1784084400000,2026-07-15 03:00:00,77.28,77.53,77.23,77.49,1440.166
1784085300000,2026-07-15 03:15:00,77.47,77.54,77.44,77.51,467.368
1784086200000,2026-07-15 03:30:00,77.51,77.8,77.51,77.7,1693.86
1784087100000,2026-07-15 03:45:00,77.7,77.89,77.65,77.8,1159.175
1784088000000,2026-07-15 04:00:00,77.8,77.85,77.71,77.72,1261.363
1784088900000,2026-07-15 04:15:00,77.71,77.8,77.62,77.62,793.261
1784089800000,2026-07-15 04:30:00,77.63,77.95,77.55,77.92,1083.298
1784090700000,2026-07-15 04:45:00,77.91,78.18,77.91,78.02,2688.564
1784091600000,2026-07-15 05:00:00,78.01,78.1,77.76,77.79,2159.204
1784092500000,2026-07-15 05:15:00,77.78,77.89,77.68,77.68,643.731
1784093400000,2026-07-15 05:30:00,77.67,78.0,77.66,77.9,1786.242
1784094300000,2026-07-15 05:45:00,77.89,78.28,77.84,78.28,2007.486
1784095200000,2026-07-15 06:00:00,78.27,78.45,78.14,78.44,2622.889
1784096100000,2026-07-15 06:15:00,78.45,78.48,78.26,78.3,1076.592
1784097000000,2026-07-15 06:30:00,78.3,78.67,78.29,78.32,2974.92
1784097900000,2026-07-15 06:45:00,78.32,78.38,77.94,77.94,1918.614
1784098800000,2026-07-15 07:00:00,77.95,78.01,77.83,77.95,1415.332
1784099700000,2026-07-15 07:15:00,77.96,77.98,77.49,77.52,1670.975
1784100600000,2026-07-15 07:30:00,77.51,77.64,77.51,77.56,827.277
1784101500000,2026-07-15 07:45:00,77.56,77.59,77.4,77.42,490.052
1784102400000,2026-07-15 08:00:00,77.41,77.53,77.34,77.43,1785.044
1784103300000,2026-07-15 08:15:00,77.44,77.51,77.24,77.41,1529.711
1784104200000,2026-07-15 08:30:00,77.4,77.53,77.34,77.53,986.18
1784105100000,2026-07-15 08:45:00,77.53,77.61,77.48,77.58,279.101
1784106000000,2026-07-15 09:00:00,77.57,77.82,77.57,77.75,1409.467
1784106900000,2026-07-15 09:15:00,77.76,77.91,77.74,77.81,1075.878
1784107800000,2026-07-15 09:30:00,77.8,77.82,77.56,77.58,867.88
1784108700000,2026-07-15 09:45:00,77.58,77.61,77.44,77.49,772.922
1784109600000,2026-07-15 10:00:00,77.48,77.71,77.45,77.63,793.244
1784110500000,2026-07-15 10:15:00,77.62,77.67,77.33,77.35,775.587
1784111400000,2026-07-15 10:30:00,77.34,77.39,77.24,77.38,1326.914
1784112300000,2026-07-15 10:45:00,77.35,77.4,77.32,77.37,455.588
1784113200000,2026-07-15 11:00:00,77.36,77.47,77.35,77.46,1425.909
1784114100000,2026-07-15 11:15:00,77.47,77.49,77.35,77.37,863.047
1784115000000,2026-07-15 11:30:00,77.38,77.48,77.37,77.45,487.677
1784115900000,2026-07-15 11:45:00,77.44,77.53,77.41,77.53,671.943
1784116800000,2026-07-15 12:00:00,77.53,77.53,77.27,77.45,2655.589
1784117700000,2026-07-15 12:15:00,77.46,77.52,77.29,77.45,1030.039
1784118600000,2026-07-15 12:30:00,77.44,77.86,77.44,77.64,4909.108
1784119500000,2026-07-15 12:45:00,77.63,78.3,77.63,78.28,4471.531
1784120400000,2026-07-15 13:00:00,78.28,78.99,78.23,78.76,5657.249
1784121300000,2026-07-15 13:15:00,78.81,79.02,78.51,78.68,4258.442
1784122200000,2026-07-15 13:30:00,78.71,78.97,78.5,78.53,5555.295
1784123100000,2026-07-15 13:45:00,78.51,78.51,77.76,78.09,6538.896
1784124000000,2026-07-15 14:00:00,78.09,78.37,78.08,78.18,5101.66
1784124900000,2026-07-15 14:15:00,78.18,78.33,77.8,78.16,3437.229
1784125800000,2026-07-15 14:30:00,78.16,78.22,77.9,77.97,4999.598
1784126700000,2026-07-15 14:45:00,77.98,78.22,77.84,78.21,2760.034
1784127600000,2026-07-15 15:00:00,78.21,78.25,77.93,77.93,5336.912
1784128500000,2026-07-15 15:15:00,77.94,78.2,77.78,78.07,2207.65
1784129400000,2026-07-15 15:30:00,78.08,78.21,77.92,78.11,2205.257
1784130300000,2026-07-15 15:45:00,78.11,78.21,77.94,78.06,1558.636
1784131200000,2026-07-15 16:00:00,78.07,78.12,77.53,77.54,4926.452
1784132100000,2026-07-15 16:15:00,77.53,77.74,77.43,77.73,3919.514
1784133000000,2026-07-15 16:30:00,77.73,77.73,77.1,77.37,4776.325
1784133900000,2026-07-15 16:45:00,77.37,77.69,77.35,77.64,2935.183
1784134800000,2026-07-15 17:00:00,77.63,77.79,77.57,77.57,2182.055
1784135700000,2026-07-15 17:15:00,77.58,77.76,77.5,77.69,2380.832
1784136600000,2026-07-15 17:30:00,77.7,77.85,77.64,77.79,1585.758
1784137500000,2026-07-15 17:45:00,77.78,78.03,77.71,77.82,3938.609
1784138400000,2026-07-15 18:00:00,77.83,78.08,77.77,78.06,1901.025
1784139300000,2026-07-15 18:15:00,78.07,78.08,77.89,77.97,1563.6
1784140200000,2026-07-15 18:30:00,77.96,78.08,77.84,77.84,961.189
1784141100000,2026-07-15 18:45:00,77.83,77.89,77.54,77.57,2047.771
1784142000000,2026-07-15 19:00:00,77.56,77.69,77.48,77.56,1866.593
1784142900000,2026-07-15 19:15:00,77.55,77.56,77.15,77.21,2021.784
1784143800000,2026-07-15 19:30:00,77.2,77.35,77.19,77.31,1856.28
1784144700000,2026-07-15 19:45:00,77.3,77.31,76.98,77.16,2039.367
1784145600000,2026-07-15 20:00:00,77.15,77.31,77.13,77.21,1595.346
1784146500000,2026-07-15 20:15:00,77.2,78.48,77.19,77.4,16222.304
1784147400000,2026-07-15 20:30:00,77.4,77.54,77.4,77.46,1104.342
1784148300000,2026-07-15 20:45:00,77.45,77.47,77.37,77.39,669.463
1784149200000,2026-07-15 21:00:00,77.38,77.52,77.27,77.44,1507.096
1784150100000,2026-07-15 21:15:00,77.42,77.46,77.33,77.37,1561.607
1784151000000,2026-07-15 21:30:00,77.36,77.39,77.24,77.34,762.588
1784151900000,2026-07-15 21:45:00,77.33,77.42,77.32,77.42,836.67
1784152800000,2026-07-15 22:00:00,77.41,77.58,77.32,77.5,2518.171
1784153700000,2026-07-15 22:15:00,77.49,77.67,77.45,77.67,883.462
1784154600000,2026-07-15 22:30:00,77.66,77.71,77.51,77.52,988.323
1784155500000,2026-07-15 22:45:00,77.5,77.62,77.46,77.49,845.099
1784156400000,2026-07-15 23:00:00,77.48,77.61,77.47,77.56,1169.79
1784157300000,2026-07-15 23:15:00,77.55,77.59,77.42,77.43,1262.904
1784158200000,2026-07-15 23:30:00,77.43,77.53,77.28,77.31,862.921
1784159100000,2026-07-15 23:45:00,77.29,77.36,77.22,77.28,878.166
1784160000000,2026-07-16 00:00:00,77.28,77.49,77.28,77.44,1675.977
1784160900000,2026-07-16 00:15:00,77.43,77.46,77.01,77.05,3135.115
1784161800000,2026-07-16 00:30:00,77.04,77.11,76.72,76.74,2603.179
1784162700000,2026-07-16 00:45:00,76.74,77.01,76.7,76.94,1772.457
1784163600000,2026-07-16 01:00:00,76.94,77.1,76.89,76.94,1084.37
1784164500000,2026-07-16 01:15:00,76.94,76.95,76.72,76.83,2337.973
1784165400000,2026-07-16 01:30:00,76.83,77.11,76.82,76.83,1950.413
1784166300000,2026-07-16 01:45:00,76.84,77.15,76.8,77.08,2642.412
1784167200000,2026-07-16 02:00:00,77.08,77.1,76.95,76.99,725.352
1784168100000,2026-07-16 02:15:00,76.98,77.08,76.88,77.02,1063.505
1784169000000,2026-07-16 02:30:00,77.02,77.1,76.94,77.04,1562.95
1784169900000,2026-07-16 02:45:00,77.05,77.15,77.04,77.14,955.703
1784170800000,2026-07-16 03:00:00,77.13,77.26,77.07,77.2,1411.92
1784171700000,2026-07-16 03:15:00,77.2,77.2,76.97,77.04,1559.73
1784172600000,2026-07-16 03:30:00,77.04,77.1,76.97,76.98,2009.506
1784173500000,2026-07-16 03:45:00,76.97,76.98,76.81,76.94,3579.311
1784174400000,2026-07-16 04:00:00,76.95,77.0,76.79,76.97,2037.258
1784175300000,2026-07-16 04:15:00,76.98,76.99,76.74,76.84,2281.996
1784176200000,2026-07-16 04:30:00,76.86,76.96,76.84,76.92,561.038
1784177100000,2026-07-16 04:45:00,76.92,76.92,76.7,76.77,1063.628
1784178000000,2026-07-16 05:00:00,76.78,76.92,76.75,76.91,1150.727
1784178900000,2026-07-16 05:15:00,76.93,77.33,76.93,77.24,1698.03
1784179800000,2026-07-16 05:30:00,77.25,77.46,77.18,77.38,5911.242
1784180700000,2026-07-16 05:45:00,77.38,77.51,77.37,77.48,1839.715
1784181600000,2026-07-16 06:00:00,77.48,77.53,77.4,77.44,5144.839
1784182500000,2026-07-16 06:15:00,77.46,77.46,77.32,77.36,479.165
1784183400000,2026-07-16 06:30:00,77.38,77.4,77.11,77.27,1254.414
1784184300000,2026-07-16 06:45:00,77.26,77.4,77.24,77.34,593.485
1784185200000,2026-07-16 07:00:00,77.35,77.35,77.26,77.26,762.653
1784186100000,2026-07-16 07:15:00,77.26,77.26,77.04,77.05,1168.408
1784187000000,2026-07-16 07:30:00,77.02,77.03,76.27,76.34,4749.616
1784187900000,2026-07-16 07:45:00,76.31,76.44,76.21,76.43,2917.978
1784188800000,2026-07-16 08:00:00,76.43,76.47,75.85,75.86,7102.341
1784189700000,2026-07-16 08:15:00,75.85,76.24,75.68,76.22,4087.846
1784190600000,2026-07-16 08:30:00,76.26,76.45,76.18,76.18,1163.898
1784191500000,2026-07-16 08:45:00,76.18,76.31,76.04,76.13,2208.819
1784192400000,2026-07-16 09:00:00,76.16,76.26,76.09,76.18,1562.736
1784193300000,2026-07-16 09:15:00,76.18,76.18,76.03,76.04,1550.458
1784194200000,2026-07-16 09:30:00,76.08,76.18,76.03,76.16,1674.093
1784195100000,2026-07-16 09:45:00,76.12,76.12,76.01,76.03,1011.923
1784196000000,2026-07-16 10:00:00,76.02,76.23,76.02,76.17,847.599
1784196900000,2026-07-16 10:15:00,76.16,76.3,76.16,76.26,611.332
1784197800000,2026-07-16 10:30:00,76.27,76.35,76.2,76.21,404.805
1784198700000,2026-07-16 10:45:00,76.2,76.21,76.15,76.19,50.565
1784199600000,2026-07-16 11:00:00,76.21,76.23,76.06,76.19,339.271
1784200500000,2026-07-16 11:15:00,76.18,76.24,76.06,76.1,958.294
1784201400000,2026-07-16 11:30:00,76.09,76.26,76.06,76.25,716.695
1784202300000,2026-07-16 11:45:00,76.24,76.29,76.05,76.28,1311.472
1784203200000,2026-07-16 12:00:00,76.28,76.28,76.12,76.12,476.636
1784204100000,2026-07-16 12:15:00,76.13,76.21,76.07,76.2,942.038
1784205000000,2026-07-16 12:30:00,76.23,76.28,75.7,75.8,2121.172
1784205900000,2026-07-16 12:45:00,75.79,76.01,75.75,75.93,1777.276
1784206800000,2026-07-16 13:00:00,75.92,76.14,75.92,76.12,2061.61
1784207700000,2026-07-16 13:15:00,76.11,76.41,76.11,76.4,561.474
1784208600000,2026-07-16 13:30:00,76.41,76.61,76.29,76.3,4581.8
1784209500000,2026-07-16 13:45:00,76.29,76.42,76.14,76.35,3418.135
1784210400000,2026-07-16 14:00:00,76.34,76.77,76.34,76.67,2927.484
1784211300000,2026-07-16 14:15:00,76.66,76.74,76.45,76.63,2983.962
1784212200000,2026-07-16 14:30:00,76.64,76.74,76.55,76.65,2029.453
1784213100000,2026-07-16 14:45:00,76.66,76.68,76.25,76.48,2291.424
1784214000000,2026-07-16 15:00:00,76.46,76.46,76.0,76.04,2109.577
1784214900000,2026-07-16 15:15:00,76.05,76.76,76.02,76.73,4158.66
1784215800000,2026-07-16 15:30:00,76.72,76.81,76.52,76.56,2188.204
1784216700000,2026-07-16 15:45:00,76.57,76.84,76.52,76.62,1609.506
1784217600000,2026-07-16 16:00:00,76.63,76.63,76.24,76.33,3571.72
1784218500000,2026-07-16 16:15:00,76.31,76.42,76.2,76.36,1564.313
1784219400000,2026-07-16 16:30:00,76.37,76.51,76.13,76.16,1676.582
1784220300000,2026-07-16 16:45:00,76.17,76.35,76.11,76.28,1308.362
1784221200000,2026-07-16 17:00:00,76.27,76.27,75.85,75.85,2895.41
1784222100000,2026-07-16 17:15:00,75.85,75.98,75.73,75.87,2119.418
1784223000000,2026-07-16 17:30:00,75.86,76.03,75.81,75.81,2512.458
1784223900000,2026-07-16 17:45:00,75.85,75.91,75.42,75.6,3158.985
1784224800000,2026-07-16 18:00:00,75.6,75.85,75.52,75.71,2366.856
1784225700000,2026-07-16 18:15:00,75.72,75.92,75.68,75.85,1533.596
1784226600000,2026-07-16 18:30:00,75.82,75.82,75.44,75.53,2060.732
1784227500000,2026-07-16 18:45:00,75.53,75.76,75.53,75.75,23683.983
1784228400000,2026-07-16 19:00:00,75.75,75.84,75.65,75.69,12057.066
1784229300000,2026-07-16 19:15:00,75.67,75.8,75.62,75.8,1461.012
1784230200000,2026-07-16 19:30:00,75.8,75.89,75.79,75.85,395.055
1784231100000,2026-07-16 19:45:00,75.84,75.86,75.83,75.86,4158.926
1784232000000,2026-07-16 20:00:00,75.83,75.86,75.61,75.76,2231.085
1784232900000,2026-07-16 20:15:00,75.76,75.88,75.72,75.82,456.228
1784233800000,2026-07-16 20:30:00,75.83,75.9,75.74,75.77,831.648
1784234700000,2026-07-16 20:45:00,75.8,75.87,75.75,75.8,791.738
1784235600000,2026-07-16 21:00:00,75.8,76.0,75.77,75.98,608.616
1784236500000,2026-07-16 21:15:00,76.0,76.02,75.89,75.91,101.833
1784237400000,2026-07-16 21:30:00,75.91,76.08,75.87,75.97,914.251
1784238300000,2026-07-16 21:45:00,75.97,76.02,75.9,75.94,589.745
1784239200000,2026-07-16 22:00:00,75.94,76.04,75.92,75.96,774.82
1784240100000,2026-07-16 22:15:00,75.95,75.97,75.57,75.58,758.301
1784241000000,2026-07-16 22:30:00,75.59,75.78,75.57,75.63,1196.699
1784241900000,2026-07-16 22:45:00,75.63,75.66,75.26,75.35,2220.289
1784242800000,2026-07-16 23:00:00,75.33,75.41,75.24,75.36,940.472
1784243700000,2026-07-16 23:15:00,75.36,75.38,75.04,75.16,2404.624
1784244600000,2026-07-16 23:30:00,75.16,75.3,75.12,75.3,1198.046
1784245500000,2026-07-16 23:45:00,75.29,75.39,75.22,75.3,2290.085
1784246400000,2026-07-17 00:00:00,75.32,75.39,75.22,75.22,2439.597
1784247300000,2026-07-17 00:15:00,75.26,75.45,75.25,75.31,2755.998
1784248200000,2026-07-17 00:30:00,75.32,75.33,75.03,75.29,3928.124
1784249100000,2026-07-17 00:45:00,75.3,75.55,75.3,75.55,2482.061
1784250000000,2026-07-17 01:00:00,75.56,75.73,75.53,75.71,1918.734
1784250900000,2026-07-17 01:15:00,75.69,75.73,75.46,75.67,1473.21
1784251800000,2026-07-17 01:30:00,75.68,75.68,75.28,75.29,3206.397
1784252700000,2026-07-17 01:45:00,75.28,75.29,74.98,75.1,2290.362
1784253600000,2026-07-17 02:00:00,75.1,75.23,74.95,75.2,2575.838
1784254500000,2026-07-17 02:15:00,75.22,75.27,75.07,75.13,1671.166
1784255400000,2026-07-17 02:30:00,75.13,75.14,74.79,74.89,1691.601
1784256300000,2026-07-17 02:45:00,74.88,75.0,74.85,75.0,641.242
1784257200000,2026-07-17 03:00:00,75.0,75.29,74.99,75.23,1086.876
1784258100000,2026-07-17 03:15:00,75.23,75.44,75.22,75.39,1190.467
1784259000000,2026-07-17 03:30:00,75.38,75.4,75.25,75.3,1313.666
1784259900000,2026-07-17 03:45:00,75.3,75.31,75.17,75.23,643.607
1784260800000,2026-07-17 04:00:00,75.23,75.23,75.07,75.08,1245.098
1784261700000,2026-07-17 04:15:00,75.09,75.14,74.75,74.93,1604.129
1784262600000,2026-07-17 04:30:00,74.92,75.17,74.88,75.15,2876.006
1784263500000,2026-07-17 04:45:00,75.13,75.34,75.13,75.25,1152.057
1784264400000,2026-07-17 05:00:00,75.25,75.25,75.05,75.16,1314.781
1784265300000,2026-07-17 05:15:00,75.16,75.16,74.83,74.83,864.758
1784266200000,2026-07-17 05:30:00,74.83,74.91,74.67,74.72,4310.305
1784267100000,2026-07-17 05:45:00,74.71,74.71,74.31,74.37,3327.013
1784268000000,2026-07-17 06:00:00,74.39,74.63,74.31,74.55,2772.273
1784268900000,2026-07-17 06:15:00,74.55,74.73,74.46,74.72,1136.811
1784269800000,2026-07-17 06:30:00,74.71,74.74,74.59,74.62,642.947
1784270700000,2026-07-17 06:45:00,74.61,74.61,74.5,74.59,977.57
1784271600000,2026-07-17 07:00:00,74.59,74.64,74.51,74.53,578.742
1784272500000,2026-07-17 07:15:00,74.54,74.56,74.43,74.56,472.575
1784273400000,2026-07-17 07:30:00,74.57,74.71,74.46,74.71,837.522
1784274300000,2026-07-17 07:45:00,74.72,74.76,74.6,74.61,754.707
1784275200000,2026-07-17 08:00:00,74.61,74.66,74.54,74.64,1458.875
1784276100000,2026-07-17 08:15:00,74.65,74.65,74.35,74.51,1328.137
1784277000000,2026-07-17 08:30:00,74.52,74.52,74.22,74.47,3745.532
1784277900000,2026-07-17 08:45:00,74.49,74.63,74.47,74.51,1087.261
1784278800000,2026-07-17 09:00:00,74.52,74.64,74.47,74.64,921.044
1784279700000,2026-07-17 09:15:00,74.64,74.7,74.51,74.69,904.119
1784280600000,2026-07-17 09:30:00,74.68,74.81,74.64,74.77,708.751
1784281500000,2026-07-17 09:45:00,74.78,74.78,74.62,74.65,845.332
1784282400000,2026-07-17 10:00:00,74.66,74.83,74.63,74.82,2408.121
1784283300000,2026-07-17 10:15:00,74.83,74.83,74.7,74.75,842.305
1784284200000,2026-07-17 10:30:00,74.75,74.84,74.72,74.81,1030.136
1784285100000,2026-07-17 10:45:00,74.82,74.88,74.79,74.79,1543.317
1784286000000,2026-07-17 11:00:00,74.8,74.81,74.7,74.7,979.338
1784286900000,2026-07-17 11:15:00,74.69,74.84,74.65,74.81,1665.11
1784287800000,2026-07-17 11:30:00,74.8,75.0,74.75,74.91,2144.033
1784288700000,2026-07-17 11:45:00,74.92,74.95,74.83,74.87,1569.651
1784289600000,2026-07-17 12:00:00,74.86,74.88,74.68,74.69,1054.36
1784290500000,2026-07-17 12:15:00,74.7,74.8,74.62,74.64,1445.842
1784291400000,2026-07-17 12:30:00,74.64,74.65,74.39,74.47,1102.008
1784292300000,2026-07-17 12:45:00,74.45,74.5,74.38,74.4,1369.499
1784293200000,2026-07-17 13:00:00,74.38,74.39,73.6,73.73,3824.259
1784294100000,2026-07-17 13:15:00,73.73,73.91,73.64,73.84,3899.107
1784295000000,2026-07-17 13:30:00,73.85,73.96,73.41,73.51,6280.746
1784295900000,2026-07-17 13:45:00,73.52,74.33,73.47,74.33,5066.887
1784296800000,2026-07-17 14:00:00,74.33,74.81,74.33,74.62,5094.443
1784297700000,2026-07-17 14:15:00,74.6,74.71,74.43,74.45,3511.567
1784298600000,2026-07-17 14:30:00,74.47,74.59,74.13,74.44,4168.695
1784299500000,2026-07-17 14:45:00,74.43,74.43,74.23,74.33,2790.308
1784300400000,2026-07-17 15:00:00,74.33,74.33,73.92,73.99,5056.403
1784301300000,2026-07-17 15:15:00,73.99,74.26,73.84,74.24,3319.097
1784302200000,2026-07-17 15:30:00,74.25,74.52,74.2,74.44,3415.968
1784303100000,2026-07-17 15:45:00,74.45,74.78,74.38,74.78,3695.306
1784304000000,2026-07-17 16:00:00,74.78,74.94,74.69,74.81,3642.283
1784304900000,2026-07-17 16:15:00,74.81,74.92,74.63,74.82,1697.145
1784305800000,2026-07-17 16:30:00,74.83,75.07,74.78,75.04,1455.096
1784306700000,2026-07-17 16:45:00,75.05,75.09,74.91,74.94,1704.715
1784307600000,2026-07-17 17:00:00,74.94,75.59,74.94,75.33,3697.097
1784308500000,2026-07-17 17:15:00,75.34,75.42,75.19,75.29,3798.879
1784309400000,2026-07-17 17:30:00,75.29,75.34,75.17,75.22,1404.292
1784310300000,2026-07-17 17:45:00,75.21,75.35,75.2,75.26,1874.342
1784311200000,2026-07-17 18:00:00,75.24,75.32,75.16,75.28,3022.816
1784312100000,2026-07-17 18:15:00,75.24,75.24,75.02,75.11,1500.223
1784313000000,2026-07-17 18:30:00,75.12,75.19,74.99,75.08,1425.669
1784313900000,2026-07-17 18:45:00,75.08,75.38,75.08,75.34,2341.314
1784314800000,2026-07-17 19:00:00,75.32,75.37,75.08,75.08,1480.061
1784315700000,2026-07-17 19:15:00,75.09,75.21,74.89,75.05,761.237
1784316600000,2026-07-17 19:30:00,75.06,75.19,75.04,75.18,1621.671
1784317500000,2026-07-17 19:45:00,75.18,75.26,75.11,75.26,1426.073
1784318400000,2026-07-17 20:00:00,75.24,75.24,74.94,75.02,1705.342
1784319300000,2026-07-17 20:15:00,75.0,75.09,74.98,75.08,550.117
1784320200000,2026-07-17 20:30:00,75.08,75.08,74.9,75.03,2045.238
1784321100000,2026-07-17 20:45:00,75.03,75.16,74.96,75.1,523.7
1784322000000,2026-07-17 21:00:00,75.11,75.24,75.11,75.15,800.329
1784322900000,2026-07-17 21:15:00,75.15,75.21,75.11,75.16,1526.448
1784323800000,2026-07-17 21:30:00,75.15,75.15,74.97,74.99,849.473
1784324700000,2026-07-17 21:45:00,74.98,75.06,74.97,75.02,342.784
1784325600000,2026-07-17 22:00:00,75.02,75.12,74.95,74.95,1392.475
1784326500000,2026-07-17 22:15:00,74.96,74.98,74.84,74.92,1048.211
1784327400000,2026-07-17 22:30:00,74.91,74.96,74.89,74.95,11.249
1784328300000,2026-07-17 22:45:00,74.94,75.04,74.94,75.02,356.066
1784329200000,2026-07-17 23:00:00,75.03,75.03,74.85,74.89,802.425
1784330100000,2026-07-17 23:15:00,74.91,75.04,74.91,75.04,207.621
1784331000000,2026-07-17 23:30:00,75.04,75.14,75.02,75.05,963.121
1784331900000,2026-07-17 23:45:00,75.03,75.09,75.01,75.03,494.482
1784332800000,2026-07-18 00:00:00,75.03,75.22,74.99,75.21,778.425
1784333700000,2026-07-18 00:15:00,75.21,75.27,75.15,75.21,899.782
1784334600000,2026-07-18 00:30:00,75.2,75.21,75.08,75.09,955.818
1784335500000,2026-07-18 00:45:00,75.09,75.16,75.07,75.09,653.381
1784336400000,2026-07-18 01:00:00,75.11,75.12,75.05,75.07,623.471
1784337300000,2026-07-18 01:15:00,75.08,75.22,75.06,75.22,425.291
1784338200000,2026-07-18 01:30:00,75.21,75.21,75.09,75.15,409.481
1784339100000,2026-07-18 01:45:00,75.16,75.24,75.15,75.22,471.502
1784340000000,2026-07-18 02:00:00,75.24,75.28,75.15,75.24,642.408
1784340900000,2026-07-18 02:15:00,75.25,75.36,75.25,75.34,35.443
1784341800000,2026-07-18 02:30:00,75.34,75.44,75.31,75.32,576.602
1784342700000,2026-07-18 02:45:00,75.31,75.31,75.22,75.23,434.951
1784343600000,2026-07-18 03:00:00,75.22,75.3,75.2,75.24,122.655
1784344500000,2026-07-18 03:15:00,75.23,75.27,75.16,75.16,185.081
1784345400000,2026-07-18 03:30:00,75.16,75.29,75.15,75.23,633.894
1784346300000,2026-07-18 03:45:00,75.24,75.38,75.23,75.38,161.56
1784347200000,2026-07-18 04:00:00,75.38,75.39,75.26,75.27,547.564
1784348100000,2026-07-18 04:15:00,75.25,75.25,75.17,75.23,220.037
1784349000000,2026-07-18 04:30:00,75.23,75.24,75.05,75.09,489.417
1784349900000,2026-07-18 04:45:00,75.08,75.15,75.08,75.11,84.39
1784350800000,2026-07-18 05:00:00,75.1,75.11,74.98,74.99,463.391
1784351700000,2026-07-18 05:15:00,74.99,75.07,74.96,75.03,1445.948
1784352600000,2026-07-18 05:30:00,75.02,75.04,74.94,74.95,452.376
1784353500000,2026-07-18 05:45:00,74.94,75.0,74.87,74.91,371.877
1784354400000,2026-07-18 06:00:00,74.93,74.98,74.92,74.97,172.972
1784355300000,2026-07-18 06:15:00,74.98,75.09,74.97,75.05,423.431
1784356200000,2026-07-18 06:30:00,75.05,75.06,74.96,75.03,860.759
1784357100000,2026-07-18 06:45:00,75.03,75.08,74.98,74.99,464.239
1784358000000,2026-07-18 07:00:00,74.98,75.05,74.9,74.91,1320.322
1784358900000,2026-07-18 07:15:00,74.91,74.97,74.9,74.95,1033.295
1784359800000,2026-07-18 07:30:00,74.95,75.03,74.9,75.03,513.146
1784360700000,2026-07-18 07:45:00,75.05,75.05,74.93,74.97,476.338
1784361600000,2026-07-18 08:00:00,74.97,74.97,74.8,74.91,1583.419
1784362500000,2026-07-18 08:15:00,74.9,75.0,74.9,74.99,344.666
1784363400000,2026-07-18 08:30:00,75.0,75.04,74.92,74.93,350.714
1784364300000,2026-07-18 08:45:00,74.94,75.01,74.93,74.95,978.47
1784365200000,2026-07-18 09:00:00,74.94,75.01,74.84,74.88,641.093
1784366100000,2026-07-18 09:15:00,74.89,74.89,74.7,74.72,165.617
1784367000000,2026-07-18 09:30:00,74.73,74.78,74.67,74.76,503.965
1784367900000,2026-07-18 09:45:00,74.76,74.85,74.75,74.85,361.12
1784368800000,2026-07-18 10:00:00,74.85,74.9,74.83,74.84,239.636
1784369700000,2026-07-18 10:15:00,74.83,74.9,74.8,74.89,424.156
1784370600000,2026-07-18 10:30:00,74.91,74.95,74.85,74.87,974.777
1784371500000,2026-07-18 10:45:00,74.86,74.9,74.86,74.89,298.208
1784372400000,2026-07-18 11:00:00,74.9,74.96,74.9,74.94,32.055
1784373300000,2026-07-18 11:15:00,74.94,75.02,74.94,75.02,52.22
1784374200000,2026-07-18 11:30:00,75.01,75.02,74.91,74.94,393.665
1784375100000,2026-07-18 11:45:00,74.94,75.02,74.92,74.96,458.34
1784376000000,2026-07-18 12:00:00,74.97,75.18,74.96,75.02,1134.149
1784376900000,2026-07-18 12:15:00,75.02,75.02,74.74,74.76,1627.444
1784377800000,2026-07-18 12:30:00,74.77,74.98,74.73,74.97,458.541
1784378700000,2026-07-18 12:45:00,74.96,75.09,74.96,75.02,777.969
1784379600000,2026-07-18 13:00:00,75.02,75.02,74.68,74.68,1011.293
1784380500000,2026-07-18 13:15:00,74.67,74.74,74.52,74.7,1721.745
1784381400000,2026-07-18 13:30:00,74.69,74.75,74.66,74.72,1154.32
1784382300000,2026-07-18 13:45:00,74.72,74.73,74.66,74.71,234.467
1784383200000,2026-07-18 14:00:00,74.75,74.8,74.65,74.79,1261.509
1784384100000,2026-07-18 14:15:00,74.81,74.91,74.73,74.91,644.683
1784385000000,2026-07-18 14:30:00,74.9,74.94,74.82,74.94,847.853
1784385900000,2026-07-18 14:45:00,74.95,75.01,74.91,74.99,780.157
1784386800000,2026-07-18 15:00:00,74.98,74.99,74.88,74.9,407.654
1784387700000,2026-07-18 15:15:00,74.91,74.99,74.86,74.88,1520.776
1784388600000,2026-07-18 15:30:00,74.87,74.97,74.86,74.88,1202.878
1784389500000,2026-07-18 15:45:00,74.85,75.02,74.83,74.96,1071.409
1784390400000,2026-07-18 16:00:00,74.97,75.05,74.85,75.05,1417.378
1784391300000,2026-07-18 16:15:00,75.05,75.08,74.95,75.02,614.313
1784392200000,2026-07-18 16:30:00,75.01,75.13,75.01,75.05,628.262
1784393100000,2026-07-18 16:45:00,75.06,75.29,75.05,75.17,1559.173
1784394000000,2026-07-18 17:00:00,75.18,75.19,75.06,75.15,2290.516
1784394900000,2026-07-18 17:15:00,75.15,75.31,75.08,75.12,2497.041
1784395800000,2026-07-18 17:30:00,75.14,75.37,75.13,75.32,1484.284
1784396700000,2026-07-18 17:45:00,75.33,75.41,75.28,75.36,1355.931
1784397600000,2026-07-18 18:00:00,75.36,75.54,75.28,75.3,2153.888
1784398500000,2026-07-18 18:15:00,75.31,75.56,75.29,75.49,2338.078
1784399400000,2026-07-18 18:30:00,75.48,75.49,75.26,75.29,17135.55
1784400300000,2026-07-18 18:45:00,75.29,76.03,75.22,75.29,952.475
1784401200000,2026-07-18 19:00:00,75.29,75.34,75.23,75.25,227.227
1784402100000,2026-07-18 19:15:00,75.27,75.45,75.25,75.27,1410.465
1784403000000,2026-07-18 19:30:00,75.27,75.36,75.26,75.36,440.476
1784403900000,2026-07-18 19:45:00,75.37,75.45,75.36,75.45,227.304
1784404800000,2026-07-18 20:00:00,75.45,75.5,75.39,75.49,1085.469
1784405700000,2026-07-18 20:15:00,75.49,75.57,75.42,75.42,785.336
1784406600000,2026-07-18 20:30:00,75.42,75.42,75.34,75.37,419.581
1784407500000,2026-07-18 20:45:00,75.37,75.48,75.33,75.48,512.322
1784408400000,2026-07-18 21:00:00,75.47,75.57,75.43,75.56,961.248
1784409300000,2026-07-18 21:15:00,75.57,75.62,75.46,75.53,1114.319
1784410200000,2026-07-18 21:30:00,75.52,75.52,75.38,75.38,481.379
1784411100000,2026-07-18 21:45:00,75.38,75.53,75.35,75.49,999.563
1784412000000,2026-07-18 22:00:00,75.5,75.61,75.44,75.53,1886.568
1784412900000,2026-07-18 22:15:00,75.53,75.57,75.45,75.46,390.448
1784413800000,2026-07-18 22:30:00,75.45,75.5,75.4,75.48,403.893
1784414700000,2026-07-18 22:45:00,75.49,75.6,75.46,75.6,1034.283
1784415600000,2026-07-18 23:00:00,75.59,75.59,75.41,75.43,2431.635
1784416500000,2026-07-18 23:15:00,75.44,75.58,75.44,75.56,752.501
1784417400000,2026-07-18 23:30:00,75.56,75.58,75.48,75.49,213.978
1784418300000,2026-07-18 23:45:00,75.49,75.53,75.45,75.52,421.245
1784419200000,2026-07-19 00:00:00,75.52,75.55,75.48,75.5,1007.504
1784420100000,2026-07-19 00:15:00,75.5,75.59,75.45,75.48,997.68
1784421000000,2026-07-19 00:30:00,75.48,75.54,75.48,75.52,1760.252
1784421900000,2026-07-19 00:45:00,75.52,75.66,75.52,75.57,1586.26
1784422800000,2026-07-19 01:00:00,75.57,75.66,75.56,75.63,2262.06
1784423700000,2026-07-19 01:15:00,75.63,75.66,75.57,75.64,5027.551
1784424600000,2026-07-19 01:30:00,75.64,75.65,75.53,75.59,1093.346
1784425500000,2026-07-19 01:45:00,75.59,75.74,75.59,75.67,325.954
1784426400000,2026-07-19 02:00:00,75.68,76.16,75.68,76.12,2819.585
1784427300000,2026-07-19 02:15:00,76.12,76.22,75.95,76.07,1928.911
1784428200000,2026-07-19 02:30:00,76.08,76.55,76.08,76.28,3476.416
1784429100000,2026-07-19 02:45:00,76.28,76.35,76.2,76.21,544.122
1784430000000,2026-07-19 03:00:00,76.21,76.4,76.02,76.03,1253.462
1784430900000,2026-07-19 03:15:00,76.02,76.03,75.81,75.9,1911.958
1784431800000,2026-07-19 03:30:00,75.89,75.98,75.87,75.9,891.786
1784432700000,2026-07-19 03:45:00,75.92,75.96,75.86,75.9,343.963
1784433600000,2026-07-19 04:00:00,75.91,75.94,75.74,75.78,787.864
1784434500000,2026-07-19 04:15:00,75.78,75.9,75.78,75.9,393.626
1784435400000,2026-07-19 04:30:00,75.89,76.08,75.88,75.98,612.2
1784436300000,2026-07-19 04:45:00,75.99,76.05,75.92,75.95,288.824
1784437200000,2026-07-19 05:00:00,75.96,76.1,75.96,76.1,1233.437
1784438100000,2026-07-19 05:15:00,76.09,76.09,75.99,75.99,274.312
1784439000000,2026-07-19 05:30:00,75.99,75.99,75.9,75.97,160.944
1784439900000,2026-07-19 05:45:00,75.97,76.06,75.96,75.97,341.177
1784440800000,2026-07-19 06:00:00,75.97,76.05,75.95,76.02,554.973
1784441700000,2026-07-19 06:15:00,76.01,76.1,75.98,76.06,308.412
1784442600000,2026-07-19 06:30:00,76.07,76.09,75.99,76.08,955.446
1784443500000,2026-07-19 06:45:00,76.08,76.16,76.01,76.11,1005.684
1784444400000,2026-07-19 07:00:00,76.12,76.13,76.01,76.06,360.149
1784445300000,2026-07-19 07:15:00,76.06,76.23,76.05,76.23,654.523
1784446200000,2026-07-19 07:30:00,76.23,76.33,76.15,76.27,1564.62
1784447100000,2026-07-19 07:45:00,76.27,76.28,76.09,76.1,1157.374
1784448000000,2026-07-19 08:00:00,76.11,76.3,76.08,76.26,1423.309
1784448900000,2026-07-19 08:15:00,76.25,76.26,76.16,76.21,610.448
1784449800000,2026-07-19 08:30:00,76.22,76.3,76.15,76.27,1112.983
1784450700000,2026-07-19 08:45:00,76.27,76.37,76.22,76.27,452.329
1784451600000,2026-07-19 09:00:00,76.28,76.31,76.14,76.14,735.213
1784452500000,2026-07-19 09:15:00,76.13,76.13,75.93,76.04,862.935
1784453400000,2026-07-19 09:30:00,76.04,76.1,75.94,75.97,533.64
1784454300000,2026-07-19 09:45:00,75.98,76.05,75.96,76.02,859.279
1784455200000,2026-07-19 10:00:00,76.02,76.06,75.9,76.01,1473.01
1784456100000,2026-07-19 10:15:00,76.0,76.08,75.97,76.07,123.817
1784457000000,2026-07-19 10:30:00,76.07,76.21,76.06,76.2,550.056
1784457900000,2026-07-19 10:45:00,76.19,76.45,76.19,76.27,2096.575
1784458800000,2026-07-19 11:00:00,76.26,76.38,76.17,76.27,1859.456
1784459700000,2026-07-19 11:15:00,76.29,76.41,76.25,76.28,1944.988
1784460600000,2026-07-19 11:30:00,76.28,76.28,76.16,76.2,2212.734
1784461500000,2026-07-19 11:45:00,76.2,76.22,76.04,76.07,532.749
1784462400000,2026-07-19 12:00:00,76.07,76.07,75.78,75.78,843.445
1784463300000,2026-07-19 12:15:00,75.78,76.15,75.76,75.97,3282.064
1784464200000,2026-07-19 12:30:00,75.98,76.16,75.97,76.07,2443.592
1784465100000,2026-07-19 12:45:00,76.04,76.04,75.92,76.01,1735.093
1784466000000,2026-07-19 13:00:00,76.02,76.02,75.92,75.92,832.807
1784466900000,2026-07-19 13:15:00,75.92,76.02,75.89,76.02,1290.0
1784467800000,2026-07-19 13:30:00,76.02,76.11,75.98,76.0,547.454
1784468700000,2026-07-19 13:45:00,76.0,76.15,76.0,76.11,1089.849
1784469600000,2026-07-19 14:00:00,76.12,76.3,76.12,76.25,2204.876
1784470500000,2026-07-19 14:15:00,76.26,76.29,76.06,76.26,1215.778
1784471400000,2026-07-19 14:30:00,76.26,76.47,76.25,76.36,1456.194
1784472300000,2026-07-19 14:45:00,76.37,76.66,76.37,76.43,3474.354
1784473200000,2026-07-19 15:00:00,76.43,76.46,76.22,76.33,2543.991
1784474100000,2026-07-19 15:15:00,76.34,76.34,76.14,76.14,737.946
1784475000000,2026-07-19 15:30:00,76.14,76.29,76.12,76.23,1245.885
1784475900000,2026-07-19 15:45:00,76.22,76.3,76.17,76.21,1216.863
1784476800000,2026-07-19 16:00:00,76.21,76.29,76.02,76.13,2826.464
1784477700000,2026-07-19 16:15:00,76.13,76.2,76.07,76.08,869.786
1784478600000,2026-07-19 16:30:00,76.1,76.1,75.95,75.98,604.402
1784479500000,2026-07-19 16:45:00,75.98,76.0,75.88,75.91,1300.544
1784480400000,2026-07-19 17:00:00,75.91,76.15,75.66,76.14,2743.134
1784481300000,2026-07-19 17:15:00,76.15,76.19,76.03,76.11,886.554
1784482200000,2026-07-19 17:30:00,76.1,76.21,76.0,76.0,1046.813
1784483100000,2026-07-19 17:45:00,76.01,76.07,75.97,75.98,752.863
1784484000000,2026-07-19 18:00:00,75.98,77.19,74.57,75.68,12759.434
1784484900000,2026-07-19 18:15:00,75.68,75.7,75.57,75.58,1000.905
1784485800000,2026-07-19 18:30:00,75.57,75.75,75.52,75.69,744.603
1784486700000,2026-07-19 18:45:00,75.69,75.74,75.61,75.73,1156.494
1784487600000,2026-07-19 19:00:00,75.75,75.87,75.63,75.84,1005.087
1784488500000,2026-07-19 19:15:00,75.85,75.86,75.78,75.85,618.053
1784489400000,2026-07-19 19:30:00,75.84,75.88,75.77,75.78,1148.123
1784490300000,2026-07-19 19:45:00,75.77,75.87,75.74,75.86,953.328
1784491200000,2026-07-19 20:00:00,75.88,76.0,75.88,75.97,1691.003
1784492100000,2026-07-19 20:15:00,75.94,75.99,75.87,75.96,274.018
1784493000000,2026-07-19 20:30:00,75.96,76.09,75.94,76.04,695.536
1784493900000,2026-07-19 20:45:00,76.04,76.14,76.0,76.12,805.488
1784494800000,2026-07-19 21:00:00,76.14,76.2,76.11,76.2,696.096
1784495700000,2026-07-19 21:15:00,76.18,76.19,75.98,76.05,761.811
1784496600000,2026-07-19 21:30:00,76.05,76.05,75.75,75.8,1220.477
1784497500000,2026-07-19 21:45:00,75.81,75.89,75.71,75.78,871.826
1784498400000,2026-07-19 22:00:00,75.78,76.12,75.69,76.08,4283.044
1784499300000,2026-07-19 22:15:00,76.09,76.37,76.09,76.15,3373.742
1784500200000,2026-07-19 22:30:00,76.15,76.27,76.04,76.26,2054.467
1784501100000,2026-07-19 22:45:00,76.24,76.24,76.09,76.09,1543.05
1784502000000,2026-07-19 23:00:00,76.1,76.16,75.88,76.14,1484.075
1784502900000,2026-07-19 23:15:00,76.14,76.36,76.08,76.24,1631.532
1784503800000,2026-07-19 23:30:00,76.27,76.5,76.27,76.5,2377.09
1784504700000,2026-07-19 23:45:00,76.5,76.57,76.32,76.38,1984.918
1784505600000,2026-07-20 00:00:00,76.37,76.9,76.16,76.88,3768.652
1784506500000,2026-07-20 00:15:00,76.89,77.1,76.6,76.71,4156.162
1784507400000,2026-07-20 00:30:00,76.73,77.06,76.63,76.95,3748.192
1784508300000,2026-07-20 00:45:00,76.96,77.01,76.36,76.56,5480.258
1784509200000,2026-07-20 01:00:00,76.57,77.34,76.57,77.0,6062.705
1784510100000,2026-07-20 01:15:00,77.0,77.23,76.74,76.93,3890.899
1784511000000,2026-07-20 01:30:00,76.93,76.98,76.55,76.67,3580.718
1784511900000,2026-07-20 01:45:00,76.69,76.74,76.29,76.4,3163.815
1784512800000,2026-07-20 02:00:00,76.39,76.97,76.39,76.84,4438.205
1784513700000,2026-07-20 02:15:00,76.81,76.85,76.44,76.51,3461.645
1784514600000,2026-07-20 02:30:00,76.5,76.95,76.47,76.85,3653.982
1784515500000,2026-07-20 02:45:00,76.84,77.17,76.84,76.97,2605.77
1784516400000,2026-07-20 03:00:00,76.97,77.09,76.85,76.96,2403.712
1784517300000,2026-07-20 03:15:00,76.96,77.01,76.56,76.6,3073.004
1784518200000,2026-07-20 03:30:00,76.6,76.85,76.59,76.81,1553.345
1784519100000,2026-07-20 03:45:00,76.84,76.87,76.65,76.75,2802.444
1784520000000,2026-07-20 04:00:00,76.76,76.76,76.43,76.43,1710.448
1784520900000,2026-07-20 04:15:00,76.46,76.63,76.32,76.57,1808.246
1784521800000,2026-07-20 04:30:00,76.57,76.93,76.57,76.83,4219.802
1784522700000,2026-07-20 04:45:00,76.8,76.85,76.47,76.49,1542.322
1784523600000,2026-07-20 05:00:00,76.47,76.49,75.81,76.07,2511.714
1784524500000,2026-07-20 05:15:00,76.07,76.26,75.96,76.09,1773.71
1784525400000,2026-07-20 05:30:00,76.09,76.16,75.95,76.0,3275.799
1784526300000,2026-07-20 05:45:00,75.99,75.99,75.83,75.9,2650.729
1784527200000,2026-07-20 06:00:00,75.91,76.03,75.86,76.0,2262.448
1784528100000,2026-07-20 06:15:00,75.99,76.05,75.86,76.01,2227.06
1784529000000,2026-07-20 06:30:00,76.01,76.03,75.61,75.79,3624.521
1784529900000,2026-07-20 06:45:00,75.78,75.82,75.61,75.62,2520.201
1784530800000,2026-07-20 07:00:00,75.64,75.78,75.63,75.73,1628.975
1784531700000,2026-07-20 07:15:00,75.74,75.98,75.56,75.98,1668.564
1784532600000,2026-07-20 07:30:00,75.98,76.06,75.88,76.06,2343.743
1784533500000,2026-07-20 07:45:00,76.09,76.23,76.03,76.2,926.138
1784534400000,2026-07-20 08:00:00,76.22,76.33,76.13,76.28,1052.235
1784535300000,2026-07-20 08:15:00,76.29,76.44,76.22,76.29,1467.548
1784536200000,2026-07-20 08:30:00,76.29,76.36,75.93,75.97,2372.012
1784537100000,2026-07-20 08:45:00,75.92,76.25,75.9,76.14,863.858
1784538000000,2026-07-20 09:00:00,76.17,76.24,76.08,76.21,1420.378
1784538900000,2026-07-20 09:15:00,76.22,76.57,76.22,76.57,1384.477
1784539800000,2026-07-20 09:30:00,76.57,76.72,76.54,76.6,2260.972
1784540700000,2026-07-20 09:45:00,76.61,76.69,76.46,76.49,914.482
1784541600000,2026-07-20 10:00:00,76.47,76.49,76.37,76.49,1250.579
1784542500000,2026-07-20 10:15:00,76.48,76.68,76.43,76.55,1001.327
1784543400000,2026-07-20 10:30:00,76.55,76.55,76.43,76.52,697.92
1784544300000,2026-07-20 10:45:00,76.51,76.52,76.34,76.34,469.063
1784545200000,2026-07-20 11:00:00,76.35,76.61,76.31,76.54,2319.362
1784546100000,2026-07-20 11:15:00,76.56,76.59,76.37,76.41,1497.234
1784547000000,2026-07-20 11:30:00,76.41,77.16,76.41,76.98,5361.434
1784547900000,2026-07-20 11:45:00,76.97,77.23,76.97,77.16,3383.174
1784548800000,2026-07-20 12:00:00,77.15,77.15,76.73,76.85,2871.894
1784549700000,2026-07-20 12:15:00,76.86,76.92,76.77,76.85,1361.952
1784550600000,2026-07-20 12:30:00,76.85,76.93,76.68,76.68,2253.333
1784551500000,2026-07-20 12:45:00,76.68,76.91,76.67,76.74,2599.776
1784552400000,2026-07-20 13:00:00,76.75,76.82,76.72,76.72,1009.597
1784553300000,2026-07-20 13:15:00,76.74,76.83,76.6,76.73,2554.634
1784554200000,2026-07-20 13:30:00,76.73,77.1,76.67,76.97,6282.856
1784555100000,2026-07-20 13:45:00,76.98,76.98,76.15,76.28,7664.283
1784556000000,2026-07-20 14:00:00,76.29,76.45,76.06,76.08,7801.227
1784556900000,2026-07-20 14:15:00,76.09,76.36,75.81,76.35,4840.36
1784557800000,2026-07-20 14:30:00,76.37,76.39,76.17,76.28,3052.909
1784558700000,2026-07-20 14:45:00,76.28,76.41,76.02,76.15,4314.597
1784559600000,2026-07-20 15:00:00,76.15,77.06,76.13,77.03,6461.812
1784560500000,2026-07-20 15:15:00,77.04,77.08,76.91,77.02,5131.909
1784561400000,2026-07-20 15:30:00,77.03,77.3,76.86,77.27,2644.615
1784562300000,2026-07-20 15:45:00,77.28,77.88,77.27,77.77,4428.302
1784563200000,2026-07-20 16:00:00,77.77,77.83,77.57,77.8,4408.69
1784564100000,2026-07-20 16:15:00,77.79,77.86,77.5,77.58,2371.627
1784565000000,2026-07-20 16:30:00,77.6,77.75,77.55,77.57,7006.118
1784565900000,2026-07-20 16:45:00,77.56,77.8,77.56,77.67,3241.502
1784566800000,2026-07-20 17:00:00,77.67,77.73,77.61,77.63,3270.899
1784567700000,2026-07-20 17:15:00,77.62,77.65,77.59,77.6,6200.258
1784568600000,2026-07-20 17:30:00,77.6,77.61,77.36,77.41,7060.977
1784569500000,2026-07-20 17:45:00,77.41,77.89,77.4,77.74,3457.667
1784570400000,2026-07-20 18:00:00,77.75,78.35,77.75,78.21,4299.799
1784571300000,2026-07-20 18:15:00,78.24,78.36,77.97,78.09,3944.497
1784572200000,2026-07-20 18:30:00,78.07,78.07,77.74,77.74,3050.172
1784573100000,2026-07-20 18:45:00,77.74,77.82,77.6,77.67,2963.19
1784574000000,2026-07-20 19:00:00,77.66,77.72,77.43,77.43,4175.98
1784574900000,2026-07-20 19:15:00,77.43,77.56,77.35,77.54,4250.35
1784575800000,2026-07-20 19:30:00,77.55,77.59,77.36,77.55,2366.962
1784576700000,2026-07-20 19:45:00,77.55,77.69,77.49,77.64,2460.581
1784577600000,2026-07-20 20:00:00,77.66,77.72,77.54,77.71,3958.779
1784578500000,2026-07-20 20:15:00,77.71,77.85,77.65,77.85,4560.672
1784579400000,2026-07-20 20:30:00,77.84,78.05,77.81,77.86,1567.67
1784580300000,2026-07-20 20:45:00,77.87,77.94,77.83,77.9,1763.002
1784581200000,2026-07-20 21:00:00,77.88,77.99,77.84,77.93,1859.122
1784582100000,2026-07-20 21:15:00,77.92,78.03,77.91,77.93,1150.463
1784583000000,2026-07-20 21:30:00,77.94,78.02,77.92,77.93,1532.105
1784583900000,2026-07-20 21:45:00,77.92,77.95,77.74,77.75,1993.848
1784584800000,2026-07-20 22:00:00,77.75,77.83,77.62,77.76,4065.455
1784585700000,2026-07-20 22:15:00,77.76,77.76,77.62,77.67,1821.724
1784586600000,2026-07-20 22:30:00,77.67,77.71,77.46,77.46,1703.358
1784587500000,2026-07-20 22:45:00,77.45,77.53,77.43,77.45,790.774
1784588400000,2026-07-20 23:00:00,77.44,77.63,77.44,77.54,1330.557
1784589300000,2026-07-20 23:15:00,77.54,77.75,77.54,77.73,1446.473
1784590200000,2026-07-20 23:30:00,77.72,77.81,77.67,77.75,667.209
1784591100000,2026-07-20 23:45:00,77.75,77.88,77.69,77.85,1221.746
1784592000000,2026-07-21 00:00:00,77.85,77.95,77.77,77.84,2362.198
1784592900000,2026-07-21 00:15:00,77.84,78.08,77.8,77.98,2307.522
1784593800000,2026-07-21 00:30:00,77.99,78.25,77.98,78.25,2362.518
1784594700000,2026-07-21 00:45:00,78.22,78.28,78.13,78.14,2953.047
1784595600000,2026-07-21 01:00:00,78.13,78.22,78.02,78.14,2818.555
1784596500000,2026-07-21 01:15:00,78.13,78.14,77.94,77.98,1049.43
1784597400000,2026-07-21 01:30:00,77.99,78.08,77.9,77.96,3067.262
1784598300000,2026-07-21 01:45:00,77.96,78.03,77.83,77.85,2696.337
1784599200000,2026-07-21 02:00:00,77.84,78.05,77.8,77.81,1995.899
1784600100000,2026-07-21 02:15:00,77.83,77.87,77.66,77.77,825.401
1784601000000,2026-07-21 02:30:00,77.76,78.01,77.76,78.01,981.404
1784601900000,2026-07-21 02:45:00,78.01,78.17,77.92,78.03,1175.462
1784602800000,2026-07-21 03:00:00,78.02,78.51,78.02,78.3,2940.055
1784603700000,2026-07-21 03:15:00,78.29,78.35,78.18,78.26,1475.489
1784604600000,2026-07-21 03:30:00,78.29,78.36,78.19,78.26,1507.849
1784605500000,2026-07-21 03:45:00,78.27,78.28,78.15,78.19,858.096
1784606400000,2026-07-21 04:00:00,78.19,78.39,78.11,78.12,1826.014
1784607300000,2026-07-21 04:15:00,78.12,78.27,78.02,78.03,1503.551
1784608200000,2026-07-21 04:30:00,78.05,78.25,78.04,78.13,1535.28
1784609100000,2026-07-21 04:45:00,78.13,78.16,78.06,78.15,927.378
1784610000000,2026-07-21 05:00:00,78.13,78.28,78.12,78.24,8639.105
1784610900000,2026-07-21 05:15:00,78.24,78.39,78.13,78.37,2414.493
1784611800000,2026-07-21 05:30:00,78.38,78.46,78.33,78.42,899.958
1784612700000,2026-07-21 05:45:00,78.43,78.63,78.4,78.47,5305.599
1784613600000,2026-07-21 06:00:00,78.45,78.61,78.31,78.4,2027.943
1784614500000,2026-07-21 06:15:00,78.38,78.49,78.32,78.47,408.236
1784615400000,2026-07-21 06:30:00,78.44,78.88,78.44,78.68,1597.594
1784616300000,2026-07-21 06:45:00,78.71,78.73,78.57,78.67,783.935
1784617200000,2026-07-21 07:00:00,78.67,78.75,78.6,78.62,1337.364
1784618100000,2026-07-21 07:15:00,78.62,78.7,78.48,78.58,1205.181
1784619000000,2026-07-21 07:30:00,78.54,78.66,78.49,78.51,688.532
1784619900000,2026-07-21 07:45:00,78.52,78.66,78.5,78.57,696.114
1784620800000,2026-07-21 08:00:00,78.57,78.62,78.4,78.59,1511.289
1784621700000,2026-07-21 08:15:00,78.61,78.7,78.38,78.42,1725.79
1784622600000,2026-07-21 08:30:00,78.41,78.51,78.38,78.45,1404.131
1784623500000,2026-07-21 08:45:00,78.45,78.48,78.34,78.37,525.451
1784624400000,2026-07-21 09:00:00,78.36,78.37,78.17,78.26,719.696
1784625300000,2026-07-21 09:15:00,78.26,78.3,78.21,78.29,697.432
1784626200000,2026-07-21 09:30:00,78.28,78.45,78.27,78.44,425.659
1784627100000,2026-07-21 09:45:00,78.44,78.51,78.39,78.4,269.376
1784628000000,2026-07-21 10:00:00,78.43,78.49,78.38,78.41,1661.62
1784628900000,2026-07-21 10:15:00,78.41,78.46,78.33,78.39,1533.386
1784629800000,2026-07-21 10:30:00,78.4,78.43,78.28,78.29,1156.82
1784630700000,2026-07-21 10:45:00,78.29,78.33,78.07,78.2,2265.894
1784631600000,2026-07-21 11:00:00,78.21,78.23,78.1,78.16,474.721
1784632500000,2026-07-21 11:15:00,78.13,78.24,78.13,78.24,875.532
1784633400000,2026-07-21 11:30:00,78.23,78.37,78.23,78.35,1075.391
1784634300000,2026-07-21 11:45:00,78.35,78.42,78.34,78.35,1276.859
1784635200000,2026-07-21 12:00:00,78.35,78.48,78.29,78.4,2208.398
1784636100000,2026-07-21 12:15:00,78.39,78.53,78.29,78.31,1537.804
1784637000000,2026-07-21 12:30:00,78.29,78.53,78.27,78.4,1926.937
1784637900000,2026-07-21 12:45:00,78.42,78.52,78.42,78.51,1030.611
1784638800000,2026-07-21 13:00:00,78.53,78.63,78.42,78.56,1258.067
1784639700000,2026-07-21 13:15:00,78.54,78.55,78.35,78.41,1563.038
1784640600000,2026-07-21 13:30:00,78.41,78.48,78.24,78.25,3507.207
1784641500000,2026-07-21 13:45:00,78.26,78.62,78.24,78.59,3201.801
1784642400000,2026-07-21 14:00:00,78.59,78.64,78.37,78.44,2827.274
1784643300000,2026-07-21 14:15:00,78.45,78.5,78.03,78.11,3614.5
1784644200000,2026-07-21 14:30:00,78.11,78.26,77.94,78.12,2262.66
1784645100000,2026-07-21 14:45:00,78.13,78.23,77.97,78.01,1461.985
1784646000000,2026-07-21 15:00:00,78.0,78.03,77.81,77.95,1433.192
1784646900000,2026-07-21 15:15:00,77.95,78.1,77.9,77.95,1091.17
1784647800000,2026-07-21 15:30:00,77.95,78.12,77.87,77.95,1825.142
1784648700000,2026-07-21 15:45:00,77.95,78.15,77.93,78.15,913.139
1784649600000,2026-07-21 16:00:00,78.14,78.25,78.03,78.1,2462.599
1784650500000,2026-07-21 16:15:00,78.1,78.11,77.99,78.01,1862.902
1784651400000,2026-07-21 16:30:00,78.0,78.18,77.97,78.09,3008.947
1784652300000,2026-07-21 16:45:00,78.08,78.2,78.08,78.2,13198.964
1784653200000,2026-07-21 17:00:00,78.2,78.2,78.17,78.17,7964.719
1784654100000,2026-07-21 17:15:00,78.17,78.36,77.83,77.88,1093.665
1784655000000,2026-07-21 17:30:00,77.88,77.95,77.86,77.91,771.267
1784655900000,2026-07-21 17:45:00,77.92,77.94,77.57,77.72,3024.652
1784656800000,2026-07-21 18:00:00,77.71,77.9,77.61,77.87,1673.575
1784657700000,2026-07-21 18:15:00,77.86,77.99,77.82,77.88,1827.953
1784658600000,2026-07-21 18:30:00,77.87,77.99,77.73,77.95,2097.557
1784659500000,2026-07-21 18:45:00,77.95,77.99,77.82,77.85,1500.966
1784660400000,2026-07-21 19:00:00,77.85,77.9,77.75,77.75,1465.143
1784661300000,2026-07-21 19:15:00,77.75,77.96,77.72,77.89,1475.15
1784662200000,2026-07-21 19:30:00,77.89,78.0,77.89,77.89,710.534
1784663100000,2026-07-21 19:45:00,77.89,77.91,77.72,77.87,1890.826
1784664000000,2026-07-21 20:00:00,77.88,77.95,77.82,77.92,1427.428
1784664900000,2026-07-21 20:15:00,77.92,77.92,77.83,77.89,1019.216
1784665800000,2026-07-21 20:30:00,77.9,78.1,77.89,77.99,2163.046
1784666700000,2026-07-21 20:45:00,78.0,78.03,77.88,77.91,961.416
1784667600000,2026-07-21 21:00:00,77.9,78.05,77.8,78.0,1668.311
1784668500000,2026-07-21 21:15:00,78.01,78.07,77.99,77.99,595.226
1784669400000,2026-07-21 21:30:00,77.99,78.14,77.97,78.1,916.775
1784670300000,2026-07-21 21:45:00,78.12,78.12,78.02,78.05,1220.659
1784671200000,2026-07-21 22:00:00,78.05,78.06,77.93,77.99,1847.284
1784672100000,2026-07-21 22:15:00,77.98,78.02,77.92,77.99,1135.376
1784673000000,2026-07-21 22:30:00,77.98,78.06,77.94,77.97,1318.59
1784673900000,2026-07-21 22:45:00,77.98,77.99,77.86,77.99,993.019
1784674800000,2026-07-21 23:00:00,77.99,77.99,77.81,77.81,1920.247
1784675700000,2026-07-21 23:15:00,77.82,77.95,77.81,77.95,862.652
1784676600000,2026-07-21 23:30:00,77.96,78.09,77.93,78.03,933.982
1784677500000,2026-07-21 23:45:00,78.04,78.18,78.04,78.12,363.106
1784678400000,2026-07-22 00:00:00,78.14,78.5,78.11,78.5,1099.958
1784679300000,2026-07-22 00:15:00,78.49,78.57,78.37,78.41,1787.366
1784680200000,2026-07-22 00:30:00,78.41,78.56,78.34,78.54,860.796
1784681100000,2026-07-22 00:45:00,78.54,78.57,78.43,78.46,289.282
