timestamp,datetime,open,high,low,close,volume
1780493700000,2026-06-03 13:35:00,75.05,75.05,74.87,74.92,110.576
1780494000000,2026-06-03 13:40:00,74.96,74.96,74.54,74.56,59.648
1780494300000,2026-06-03 13:45:00,74.54,74.56,74.44,74.53,67.245
1780494600000,2026-06-03 13:50:00,74.5,74.79,74.47,74.72,176.145
1780494900000,2026-06-03 13:55:00,74.71,74.77,74.48,74.59,56.265
1780495200000,2026-06-03 14:00:00,74.52,74.58,74.28,74.31,60.999
1780495500000,2026-06-03 14:05:00,74.32,74.44,74.22,74.36,179.892
1780495800000,2026-06-03 14:10:00,74.36,74.5,74.32,74.47,103.131
1780496100000,2026-06-03 14:15:00,74.5,74.51,74.13,74.16,39.529
1780496400000,2026-06-03 14:20:00,74.15,74.17,74.01,74.05,76.092
1780496700000,2026-06-03 14:25:00,74.02,74.1,73.88,73.99,22.81
1780497000000,2026-06-03 14:30:00,74.0,74.16,73.89,73.93,89.118
1780497300000,2026-06-03 14:35:00,73.93,74.43,73.93,74.42,195.403
1780497600000,2026-06-03 14:40:00,74.44,74.44,74.16,74.16,112.607
1780497900000,2026-06-03 14:45:00,74.14,74.4,74.14,74.36,64.152
1780498200000,2026-06-03 14:50:00,74.37,74.41,74.23,74.4,166.648
1780498500000,2026-06-03 14:55:00,74.34,74.42,74.24,74.42,31.631
1780498800000,2026-06-03 15:00:00,74.43,74.43,74.25,74.33,143.731
1780499100000,2026-06-03 15:05:00,74.28,74.28,73.98,74.06,477.011
1780499400000,2026-06-03 15:10:00,74.12,74.16,73.94,74.04,129.322
1780499700000,2026-06-03 15:15:00,74.06,74.11,73.82,73.82,217.924
1780500000000,2026-06-03 15:20:00,73.87,73.91,73.74,73.83,164.761
1780500300000,2026-06-03 15:25:00,73.88,74.29,73.81,74.26,124.57
1780500600000,2026-06-03 15:30:00,74.26,74.33,73.62,73.62,318.117
1780500900000,2026-06-03 15:35:00,73.61,73.69,73.42,73.45,305.722
1780501200000,2026-06-03 15:40:00,73.45,73.71,73.39,73.68,81.429
1780501500000,2026-06-03 15:45:00,73.58,73.63,73.33,73.59,98.402
1780501800000,2026-06-03 15:50:00,73.6,73.66,73.41,73.41,130.118
1780502100000,2026-06-03 15:55:00,73.44,73.51,73.27,73.27,211.856
1780502400000,2026-06-03 16:00:00,73.39,73.39,73.09,73.25,41.977
1780502700000,2026-06-03 16:05:00,73.34,73.34,72.98,73.22,28.263
1780503000000,2026-06-03 16:10:00,73.14,73.25,73.01,73.13,35.509
1780503300000,2026-06-03 16:15:00,73.01,73.18,72.83,72.91,168.994
1780503600000,2026-06-03 16:20:00,72.77,72.81,72.22,72.36,375.765
1780503900000,2026-06-03 16:25:00,72.21,72.53,72.09,72.48,102.54
1780504200000,2026-06-03 16:30:00,72.43,72.54,72.41,72.47,35.141
1780504500000,2026-06-03 16:35:00,72.48,72.75,72.4,72.75,221.573
1780504800000,2026-06-03 16:40:00,72.75,72.81,72.64,72.69,104.011
1780505100000,2026-06-03 16:45:00,72.72,72.88,72.66,72.72,70.018
1780505400000,2026-06-03 16:50:00,72.71,72.82,72.64,72.81,94.117
1780505700000,2026-06-03 16:55:00,72.77,72.98,72.77,72.97,50.104
1780506000000,2026-06-03 17:00:00,73.01,73.1,72.68,72.69,57.223
1780506300000,2026-06-03 17:05:00,72.63,72.63,72.46,72.58,68.06
1780506600000,2026-06-03 17:10:00,72.62,72.75,72.62,72.71,46.7
1780506900000,2026-06-03 17:15:00,72.72,73.11,72.7,73.08,34.771
1780507200000,2026-06-03 17:20:00,73.1,73.13,73.02,73.08,194.663
1780507500000,2026-06-03 17:25:00,73.16,73.45,73.16,73.45,32.228
1780507800000,2026-06-03 17:30:00,73.45,74.05,73.44,74.05,156.517
1780508100000,2026-06-03 17:35:00,74.07,74.07,73.85,73.9,133.503
1780508400000,2026-06-03 17:40:00,73.85,73.85,73.7,73.7,145.779
1780508700000,2026-06-03 17:45:00,73.7,73.7,73.27,73.27,113.346
1780509000000,2026-06-03 17:50:00,73.27,73.27,73.0,73.15,60.753
1780509300000,2026-06-03 17:55:00,73.16,73.18,73.05,73.17,77.104
1780509600000,2026-06-03 18:00:00,73.14,73.4,73.14,73.34,189.864
1780509900000,2026-06-03 18:05:00,73.32,73.43,73.26,73.43,15.993
1780510200000,2026-06-03 18:10:00,73.37,73.37,73.09,73.24,82.353
1780510500000,2026-06-03 18:15:00,73.16,73.17,72.84,72.97,119.522
1780510800000,2026-06-03 18:20:00,72.82,72.88,72.69,72.8,67.267
1780511100000,2026-06-03 18:25:00,72.67,72.89,72.67,72.76,35.254
1780511400000,2026-06-03 18:30:00,72.78,72.79,72.56,72.56,65.313
1780511700000,2026-06-03 18:35:00,72.59,72.88,72.52,72.85,70.349
1780512000000,2026-06-03 18:40:00,72.95,73.03,72.93,72.95,64.459
1780512300000,2026-06-03 18:45:00,72.9,73.03,72.85,73.0,60.455
1780512600000,2026-06-03 18:50:00,73.05,73.1,73.0,73.09,68.335
1780512900000,2026-06-03 18:55:00,73.12,73.15,73.07,73.07,92.027
1780513200000,2026-06-03 19:00:00,73.1,73.16,73.07,73.13,107.298
1780513500000,2026-06-03 19:05:00,73.04,73.05,72.78,72.79,120.58
1780513800000,2026-06-03 19:10:00,72.8,72.89,72.79,72.86,88.996
1780514100000,2026-06-03 19:15:00,72.85,72.85,72.52,72.52,44.305
1780514400000,2026-06-03 19:20:00,72.51,72.51,72.17,72.24,108.306
1780514700000,2026-06-03 19:25:00,72.22,72.22,72.01,72.06,55.681
1780515000000,2026-06-03 19:30:00,72.01,72.23,71.87,72.22,79.215
1780515300000,2026-06-03 19:35:00,72.21,72.38,72.1,72.36,192.315
1780515600000,2026-06-03 19:40:00,72.37,72.53,72.3,72.5,5.636
1780515900000,2026-06-03 19:45:00,72.53,72.62,72.5,72.54,62.915
1780516200000,2026-06-03 19:50:00,72.31,72.31,71.93,72.01,244.031
1780516500000,2026-06-03 19:55:00,71.91,72.14,71.76,72.03,61.21
1780516800000,2026-06-03 20:00:00,72.06,72.06,71.64,71.78,162.506
1780517100000,2026-06-03 20:05:00,71.85,72.05,71.85,71.98,35.898
1780517400000,2026-06-03 20:10:00,72.11,72.35,72.11,72.35,190.325
1780517700000,2026-06-03 20:15:00,72.31,72.32,71.79,72.0,296.104
1780518000000,2026-06-03 20:20:00,72.04,72.28,72.04,72.26,290.978
1780518300000,2026-06-03 20:25:00,72.26,72.4,72.26,72.34,261.506
1780518600000,2026-06-03 20:30:00,72.35,72.42,72.04,72.1,38.471
1780518900000,2026-06-03 20:35:00,72.14,72.24,71.8,71.93,610.655
1780519200000,2026-06-03 20:40:00,71.93,71.94,71.72,71.72,27.065
1780519500000,2026-06-03 20:45:00,71.71,71.82,71.45,71.52,58.263
1780519800000,2026-06-03 20:50:00,71.46,71.6,71.35,71.36,694.264
1780520100000,2026-06-03 20:55:00,71.36,71.36,70.98,71.21,228.605
1780520400000,2026-06-03 21:00:00,71.21,71.55,71.05,71.54,232.427
1780520700000,2026-06-03 21:05:00,71.43,71.97,71.43,71.9,651.859
1780521000000,2026-06-03 21:10:00,71.75,71.75,71.66,71.71,8.134
1780521300000,2026-06-03 21:15:00,71.74,71.82,71.74,71.82,26.448
1780521600000,2026-06-03 21:20:00,71.68,71.81,71.66,71.72,146.573
1780521900000,2026-06-03 21:25:00,71.75,71.84,71.69,71.77,148.758
1780522200000,2026-06-03 21:30:00,71.74,72.21,71.74,72.14,257.562
1780522500000,2026-06-03 21:35:00,72.22,72.27,72.08,72.09,213.085
1780522800000,2026-06-03 21:40:00,72.02,72.17,71.82,72.04,647.558
1780523100000,2026-06-03 21:45:00,72.04,72.8,72.04,72.78,200.99
1780523400000,2026-06-03 21:50:00,72.77,72.82,72.66,72.74,122.032
1780523700000,2026-06-03 21:55:00,72.7,72.84,72.66,72.8,85.782
1780524000000,2026-06-03 22:00:00,72.77,73.09,72.75,72.76,433.924
1780524300000,2026-06-03 22:05:00,72.85,72.9,72.75,72.83,59.933
1780524600000,2026-06-03 22:10:00,72.84,72.84,72.52,72.55,86.083
1780524900000,2026-06-03 22:15:00,72.53,72.54,72.18,72.39,74.75
1780525200000,2026-06-03 22:20:00,72.43,72.5,72.18,72.48,7.702
1780525500000,2026-06-03 22:25:00,72.52,72.56,72.31,72.34,63.339
1780525800000,2026-06-03 22:30:00,72.36,72.37,72.3,72.37,76.286
1780526100000,2026-06-03 22:35:00,72.32,72.37,72.04,72.12,180.396
1780526400000,2026-06-03 22:40:00,72.22,72.39,72.22,72.28,9.201
1780526700000,2026-06-03 22:45:00,72.28,72.29,72.13,72.19,114.916
1780527000000,2026-06-03 22:50:00,72.24,72.24,71.97,72.01,5.172
1780527300000,2026-06-03 22:55:00,72.0,72.3,71.96,72.22,70.126
1780527600000,2026-06-03 23:00:00,72.19,72.23,71.79,71.88,56.109
1780527900000,2026-06-03 23:05:00,71.88,71.96,71.66,71.71,138.673
1780528200000,2026-06-03 23:10:00,71.7,71.96,71.7,71.91,54.952
1780528500000,2026-06-03 23:15:00,71.82,71.87,71.61,71.7,84.256
1780528800000,2026-06-03 23:20:00,71.7,71.85,71.63,71.63,46.185
1780529100000,2026-06-03 23:25:00,71.68,71.83,71.68,71.75,40.157
1780529400000,2026-06-03 23:30:00,71.79,71.93,71.77,71.78,25.549
1780529700000,2026-06-03 23:35:00,71.73,71.73,71.62,71.68,22.023
1780530000000,2026-06-03 23:40:00,71.85,71.85,71.67,71.67,70.874
1780530300000,2026-06-03 23:45:00,71.68,71.81,71.64,71.81,231.88
1780530600000,2026-06-03 23:50:00,71.79,71.88,71.77,71.77,205.92
1780530900000,2026-06-03 23:55:00,71.71,71.71,71.61,71.61,28.077
1780531200000,2026-06-04 00:00:00,71.64,72.02,71.62,72.01,129.857
1780531500000,2026-06-04 00:05:00,71.95,72.0,71.76,71.89,96.617
1780531800000,2026-06-04 00:10:00,71.89,71.94,71.74,71.94,75.113
1780532100000,2026-06-04 00:15:00,71.92,72.09,71.86,71.95,53.426
1780532400000,2026-06-04 00:20:00,72.02,72.02,71.69,71.7,42.66
1780532700000,2026-06-04 00:25:00,71.7,71.7,70.71,70.71,337.517
1780533000000,2026-06-04 00:30:00,70.71,71.12,70.62,70.99,124.638
1780533300000,2026-06-04 00:35:00,71.18,71.19,70.37,70.45,238.683
1780533600000,2026-06-04 00:40:00,70.45,71.22,70.45,71.22,63.973
1780533900000,2026-06-04 00:45:00,71.22,71.22,70.63,70.66,34.079
1780534200000,2026-06-04 00:50:00,70.74,70.82,70.5,70.64,89.399
1780534500000,2026-06-04 00:55:00,70.63,70.64,70.46,70.64,15.777
1780534800000,2026-06-04 01:00:00,70.73,70.94,70.65,70.89,47.695
1780535100000,2026-06-04 01:05:00,70.89,70.94,70.39,70.39,15.138
1780535400000,2026-06-04 01:10:00,70.38,70.4,70.2,70.2,94.213
1780535700000,2026-06-04 01:15:00,70.17,70.22,69.74,69.81,277.796
1780536000000,2026-06-04 01:20:00,69.81,69.95,69.15,69.15,263.56
1780536300000,2026-06-04 01:25:00,69.13,69.68,69.12,69.36,83.189
1780536600000,2026-06-04 01:30:00,69.31,69.69,69.28,69.57,25.746
1780536900000,2026-06-04 01:35:00,69.81,69.98,69.44,69.51,141.022
1780537200000,2026-06-04 01:40:00,69.51,69.78,69.51,69.58,44.082
1780537500000,2026-06-04 01:45:00,69.61,69.62,69.11,69.13,629.081
1780537800000,2026-06-04 01:50:00,69.13,69.14,68.52,68.52,467.332
1780538100000,2026-06-04 01:55:00,68.51,68.76,68.51,68.58,170.266
1780538400000,2026-06-04 02:00:00,68.58,68.66,67.11,67.12,735.939
1780538700000,2026-06-04 02:05:00,67.12,68.44,66.95,67.83,328.521
1780539000000,2026-06-04 02:10:00,67.8,68.35,67.78,68.3,313.796
1780539300000,2026-06-04 02:15:00,68.25,68.54,67.88,68.5,331.152
1780539600000,2026-06-04 02:20:00,68.52,69.43,68.51,69.42,677.062
1780539900000,2026-06-04 02:25:00,69.47,69.58,69.3,69.42,167.185
1780540200000,2026-06-04 02:30:00,69.2,69.85,69.2,69.81,66.137
1780540500000,2026-06-04 02:35:00,69.77,69.87,69.56,69.87,172.862
1780540800000,2026-06-04 02:40:00,69.92,70.23,69.92,70.18,67.684
1780541100000,2026-06-04 02:45:00,70.14,70.31,70.06,70.3,30.828
1780541400000,2026-06-04 02:50:00,70.32,70.45,70.21,70.21,95.335
1780541700000,2026-06-04 02:55:00,70.19,70.25,70.03,70.08,99.81
1780542000000,2026-06-04 03:00:00,70.07,70.77,70.07,70.76,99.18
1780542300000,2026-06-04 03:05:00,70.76,71.02,70.65,70.9,157.413
1780542600000,2026-06-04 03:10:00,70.9,70.99,70.71,70.99,133.856
1780542900000,2026-06-04 03:15:00,71.03,71.27,71.03,71.14,626.018
1780543200000,2026-06-04 03:20:00,71.14,71.15,70.94,71.1,335.909
1780543500000,2026-06-04 03:25:00,71.09,71.2,71.01,71.01,290.622
1780543800000,2026-06-04 03:30:00,71.05,71.53,71.05,71.49,167.843
1780544100000,2026-06-04 03:35:00,71.49,71.51,71.31,71.41,105.32
1780544400000,2026-06-04 03:40:00,71.49,71.55,71.45,71.55,25.469
1780544700000,2026-06-04 03:45:00,71.59,71.63,71.43,71.49,233.082
1780545000000,2026-06-04 03:50:00,71.47,71.52,71.33,71.42,583.588
1780545300000,2026-06-04 03:55:00,71.42,71.5,71.4,71.49,10.239
1780545600000,2026-06-04 04:00:00,71.49,71.57,71.49,71.54,18.729
1780545900000,2026-06-04 04:05:00,71.58,71.62,71.46,71.49,99.675
1780546200000,2026-06-04 04:10:00,71.5,71.76,71.5,71.73,51.823
1780546500000,2026-06-04 04:15:00,71.7,71.7,71.46,71.51,164.584
1780546800000,2026-06-04 04:20:00,71.52,71.63,71.49,71.6,412.832
1780547100000,2026-06-04 04:25:00,71.58,71.6,71.47,71.5,249.105
1780547400000,2026-06-04 04:30:00,71.49,71.5,71.13,71.13,425.861
1780547700000,2026-06-04 04:35:00,71.13,71.17,70.98,71.04,642.132
1780548000000,2026-06-04 04:40:00,71.02,71.11,70.9,71.08,369.076
1780548300000,2026-06-04 04:45:00,71.07,71.08,70.94,70.94,248.951
1780548600000,2026-06-04 04:50:00,70.94,70.96,70.85,70.94,283.153
1780548900000,2026-06-04 04:55:00,70.88,70.9,70.82,70.88,243.537
1780549200000,2026-06-04 05:00:00,70.88,70.89,70.42,70.44,478.364
1780549500000,2026-06-04 05:05:00,70.39,70.51,70.1,70.13,556.83
1780549800000,2026-06-04 05:10:00,70.12,70.2,69.96,70.2,627.089
1780550100000,2026-06-04 05:15:00,70.27,70.4,70.09,70.21,555.743
1780550400000,2026-06-04 05:20:00,70.21,70.28,70.03,70.18,351.522
1780550700000,2026-06-04 05:25:00,70.2,70.27,70.14,70.14,429.875
1780551000000,2026-06-04 05:30:00,70.13,70.58,70.01,70.57,519.454
1780551300000,2026-06-04 05:35:00,70.56,70.65,70.34,70.42,298.394
1780551600000,2026-06-04 05:40:00,70.35,70.57,70.32,70.57,454.689
1780551900000,2026-06-04 05:45:00,70.58,70.59,70.37,70.37,505.695
1780552200000,2026-06-04 05:50:00,70.37,70.42,70.23,70.36,408.111
1780552500000,2026-06-04 05:55:00,70.32,70.39,70.25,70.34,552.019
1780552800000,2026-06-04 06:00:00,70.35,70.57,70.29,70.57,214.239
1780553100000,2026-06-04 06:05:00,70.61,70.72,70.5,70.72,800.277
1780553400000,2026-06-04 06:10:00,70.73,70.75,70.68,70.7,822.339
1780553700000,2026-06-04 06:15:00,70.7,71.16,70.7,71.0,601.046
1780554000000,2026-06-04 06:20:00,71.0,71.09,70.86,70.92,531.47
1780554300000,2026-06-04 06:25:00,70.89,70.91,70.81,70.84,813.973
1780554600000,2026-06-04 06:30:00,70.8,70.8,70.55,70.6,676.745
1780554900000,2026-06-04 06:35:00,70.64,71.06,70.64,70.95,573.345
1780555200000,2026-06-04 06:40:00,70.96,71.0,70.9,70.92,273.663
1780555500000,2026-06-04 06:45:00,70.93,70.93,70.62,70.62,340.808
1780555800000,2026-06-04 06:50:00,70.62,70.71,70.5,70.54,345.587
1780556100000,2026-06-04 06:55:00,70.52,70.52,70.36,70.37,700.042
1780556400000,2026-06-04 07:00:00,70.35,70.38,70.11,70.11,474.178
1780556700000,2026-06-04 07:05:00,70.09,70.14,69.86,70.03,381.223
1780557000000,2026-06-04 07:10:00,70.07,70.08,69.87,69.97,988.181
1780557300000,2026-06-04 07:15:00,70.04,70.07,69.64,69.7,816.802
1780557600000,2026-06-04 07:20:00,69.7,69.7,69.47,69.51,487.321
1780557900000,2026-06-04 07:25:00,69.56,69.68,69.45,69.68,212.719
1780558200000,2026-06-04 07:30:00,69.67,69.92,69.58,69.67,518.207
1780558500000,2026-06-04 07:35:00,69.72,69.89,69.67,69.89,312.599
1780558800000,2026-06-04 07:40:00,69.89,69.99,69.79,69.82,616.34
1780559100000,2026-06-04 07:45:00,69.83,69.84,69.6,69.74,267.809
1780559400000,2026-06-04 07:50:00,69.75,69.75,69.59,69.59,351.829
1780559700000,2026-06-04 07:55:00,69.61,69.62,69.19,69.19,512.798
1780560000000,2026-06-04 08:00:00,69.17,69.44,69.06,69.37,543.403
1780560300000,2026-06-04 08:05:00,69.39,69.41,68.93,68.93,971.17
1780560600000,2026-06-04 08:10:00,68.92,69.05,68.52,68.52,506.013
1780560900000,2026-06-04 08:15:00,68.5,68.88,68.33,68.87,424.791
1780561200000,2026-06-04 08:20:00,68.91,69.04,68.59,69.04,615.828
1780561500000,2026-06-04 08:25:00,69.04,69.06,68.84,68.97,646.626
1780561800000,2026-06-04 08:30:00,68.97,69.38,68.91,69.01,898.631
1780562100000,2026-06-04 08:35:00,69.1,69.22,69.01,69.05,582.412
1780562400000,2026-06-04 08:40:00,69.04,69.14,68.85,68.89,400.111
1780562700000,2026-06-04 08:45:00,68.89,69.08,68.89,69.05,600.793
1780563000000,2026-06-04 08:50:00,69.06,69.22,69.03,69.13,296.174
1780563300000,2026-06-04 08:55:00,69.15,69.41,69.15,69.23,705.079
1780563600000,2026-06-04 09:00:00,69.22,69.23,68.71,68.71,717.813
1780563900000,2026-06-04 09:05:00,68.77,68.84,68.49,68.57,957.164
1780564200000,2026-06-04 09:10:00,68.65,68.73,68.36,68.46,553.667
1780564500000,2026-06-04 09:15:00,68.45,68.48,68.18,68.18,438.554
1780564800000,2026-06-04 09:20:00,68.18,68.3,68.07,68.07,521.213
1780565100000,2026-06-04 09:25:00,68.08,68.14,67.86,67.9,640.216
1780565400000,2026-06-04 09:30:00,67.92,68.15,67.76,68.15,830.034
1780565700000,2026-06-04 09:35:00,68.15,68.16,67.79,68.06,226.393
1780566000000,2026-06-04 09:40:00,68.06,68.18,68.04,68.09,300.524
1780566300000,2026-06-04 09:45:00,68.1,68.52,68.1,68.38,490.466
1780566600000,2026-06-04 09:50:00,68.38,68.47,68.28,68.47,521.213
1780566900000,2026-06-04 09:55:00,68.47,68.83,68.47,68.83,857.229
1780567200000,2026-06-04 10:00:00,68.83,68.91,68.56,68.56,622.716
1780567500000,2026-06-04 10:05:00,68.61,68.62,68.32,68.42,647.781
1780567800000,2026-06-04 10:10:00,68.41,68.63,68.32,68.5,924.659
1780568100000,2026-06-04 10:15:00,68.42,68.75,68.33,68.7,719.891
1780568400000,2026-06-04 10:20:00,68.71,68.71,68.58,68.58,1044.744
1780568700000,2026-06-04 10:25:00,68.59,68.68,68.37,68.37,639.14
1780569000000,2026-06-04 10:30:00,68.37,68.78,68.2,68.71,681.391
1780569300000,2026-06-04 10:35:00,68.72,68.72,68.37,68.38,283.898
1780569600000,2026-06-04 10:40:00,68.5,68.59,68.34,68.4,892.293
1780569900000,2026-06-04 10:45:00,68.4,68.4,67.76,67.92,979.894
1780570200000,2026-06-04 10:50:00,67.92,67.98,67.64,67.64,451.939
1780570500000,2026-06-04 10:55:00,67.64,67.95,67.59,67.9,601.228
1780570800000,2026-06-04 11:00:00,67.9,68.11,67.8,68.1,627.035
1780571100000,2026-06-04 11:05:00,68.1,68.12,67.63,67.64,298.014
1780571400000,2026-06-04 11:10:00,67.64,67.76,67.47,67.66,1089.714
1780571700000,2026-06-04 11:15:00,67.66,67.91,67.57,67.91,1247.168
1780572000000,2026-06-04 11:20:00,67.89,67.91,67.89,67.91,223.48
1780572300000,2026-06-04 11:25:00,67.91,68.29,67.89,68.2,447.601
1780572600000,2026-06-04 11:30:00,68.22,68.54,68.22,68.37,1008.278
1780572900000,2026-06-04 11:35:00,68.38,68.44,68.11,68.21,261.877
1780573200000,2026-06-04 11:40:00,68.21,68.26,67.97,68.01,801.463
1780573500000,2026-06-04 11:45:00,68.01,68.54,68.0,68.51,766.919
1780573800000,2026-06-04 11:50:00,68.51,68.62,68.4,68.6,679.845
1780574100000,2026-06-04 11:55:00,68.58,68.67,68.55,68.67,651.405
1780574400000,2026-06-04 12:00:00,68.64,69.06,68.64,69.06,1164.819
1780574700000,2026-06-04 12:05:00,69.04,69.04,68.52,68.58,739.769
1780575000000,2026-06-04 12:10:00,68.56,68.67,68.33,68.48,720.528
1780575300000,2026-06-04 12:15:00,68.49,68.75,68.43,68.43,591.406
1780575600000,2026-06-04 12:20:00,68.44,69.18,68.44,69.09,609.53
1780575900000,2026-06-04 12:25:00,69.17,69.37,68.99,69.33,695.546
1780576200000,2026-06-04 12:30:00,69.33,69.88,69.33,69.76,1222.873
1780576500000,2026-06-04 12:35:00,69.78,70.15,69.62,70.07,763.667
1780576800000,2026-06-04 12:40:00,70.06,70.07,69.89,69.94,412.61
1780577100000,2026-06-04 12:45:00,69.91,70.27,69.88,70.24,580.116
1780577400000,2026-06-04 12:50:00,70.24,70.25,70.06,70.22,408.247
1780577700000,2026-06-04 12:55:00,70.21,70.21,69.95,70.11,305.902
1780578000000,2026-06-04 13:00:00,70.12,70.18,69.99,70.03,585.009
1780578300000,2026-06-04 13:05:00,70.02,70.12,69.88,69.99,527.671
1780578600000,2026-06-04 13:10:00,70.0,70.01,69.87,69.87,186.31
1780578900000,2026-06-04 13:15:00,69.82,69.84,69.51,69.51,407.212
1780579200000,2026-06-04 13:20:00,69.42,69.42,69.26,69.31,501.177
1780579500000,2026-06-04 13:25:00,69.18,69.37,69.06,69.36,668.752
1780579800000,2026-06-04 13:30:00,69.29,70.14,69.28,70.08,765.872
1780580100000,2026-06-04 13:35:00,70.05,70.53,69.91,70.51,744.048
1780580400000,2026-06-04 13:40:00,70.52,70.52,70.07,70.11,648.302
1780580700000,2026-06-04 13:45:00,70.06,70.32,69.94,70.1,620.985
1780581000000,2026-06-04 13:50:00,70.1,70.18,69.88,69.96,818.199
1780581300000,2026-06-04 13:55:00,70.02,70.33,69.94,70.33,523.343
1780581600000,2026-06-04 14:00:00,70.33,70.56,70.2,70.21,1463.517
1780581900000,2026-06-04 14:05:00,70.18,70.5,70.08,70.31,664.71
1780582200000,2026-06-04 14:10:00,70.31,70.61,70.31,70.53,428.709
1780582500000,2026-06-04 14:15:00,70.51,70.51,70.25,70.25,803.105
1780582800000,2026-06-04 14:20:00,70.25,70.25,70.08,70.18,261.152
1780583100000,2026-06-04 14:25:00,70.17,70.21,70.05,70.15,921.336
1780583400000,2026-06-04 14:30:00,70.16,70.16,69.77,69.99,599.785
1780583700000,2026-06-04 14:35:00,70.01,70.01,69.6,69.72,467.882
1780584000000,2026-06-04 14:40:00,69.71,69.91,69.71,69.87,699.354
1780584300000,2026-06-04 14:45:00,69.86,69.93,69.61,69.7,476.132
1780584600000,2026-06-04 14:50:00,69.7,69.82,69.56,69.66,360.812
1780584900000,2026-06-04 14:55:00,69.65,69.8,69.6,69.75,566.459
1780585200000,2026-06-04 15:00:00,69.76,69.84,69.61,69.79,534.663
1780585500000,2026-06-04 15:05:00,69.78,70.46,69.78,70.4,675.373
1780585800000,2026-06-04 15:10:00,70.4,70.47,70.06,70.27,667.417
1780586100000,2026-06-04 15:15:00,70.24,70.31,69.78,69.85,564.987
1780586400000,2026-06-04 15:20:00,69.84,69.89,69.39,69.63,959.91
1780586700000,2026-06-04 15:25:00,69.64,69.88,69.63,69.87,408.392
1780587000000,2026-06-04 15:30:00,69.86,69.88,69.62,69.79,346.151
1780587300000,2026-06-04 15:35:00,69.79,69.89,69.73,69.77,664.807
1780587600000,2026-06-04 15:40:00,69.76,69.83,69.65,69.72,271.199
1780587900000,2026-06-04 15:45:00,69.73,69.73,69.53,69.58,651.529
1780588200000,2026-06-04 15:50:00,69.57,69.75,69.57,69.6,482.435
1780588500000,2026-06-04 15:55:00,69.61,69.83,69.47,69.66,639.2
1780588800000,2026-06-04 16:00:00,69.65,69.65,69.42,69.42,434.891
1780589100000,2026-06-04 16:05:00,69.4,69.49,69.3,69.42,464.474
1780589400000,2026-06-04 16:10:00,69.43,69.45,69.29,69.3,340.821
1780589700000,2026-06-04 16:15:00,69.31,69.43,69.3,69.38,680.301
1780590000000,2026-06-04 16:20:00,69.39,69.49,69.35,69.49,256.611
1780590300000,2026-06-04 16:25:00,69.5,69.58,69.13,69.13,716.475
1780590600000,2026-06-04 16:30:00,69.12,69.15,69.0,69.07,407.11
1780590900000,2026-06-04 16:35:00,69.05,69.53,68.98,69.51,807.79
1780591200000,2026-06-04 16:40:00,69.49,69.53,69.41,69.5,515.606
1780591500000,2026-06-04 16:45:00,69.45,69.58,69.41,69.47,624.923
1780591800000,2026-06-04 16:50:00,69.46,69.55,69.42,69.44,425.111
1780592100000,2026-06-04 16:55:00,69.41,69.42,69.27,69.42,487.351
1780592400000,2026-06-04 17:00:00,69.42,69.45,69.28,69.39,799.782
1780592700000,2026-06-04 17:05:00,69.42,69.51,69.42,69.51,517.177
1780593000000,2026-06-04 17:10:00,69.49,69.72,69.46,69.66,795.495
1780593300000,2026-06-04 17:15:00,69.64,69.64,69.04,69.08,743.88
1780593600000,2026-06-04 17:20:00,69.08,69.24,69.04,69.04,633.072
1780593900000,2026-06-04 17:25:00,69.04,69.28,69.03,69.21,617.992
1780594200000,2026-06-04 17:30:00,69.17,69.23,68.76,68.82,364.571
1780594500000,2026-06-04 17:35:00,68.82,68.91,68.63,68.69,301.839
1780594800000,2026-06-04 17:40:00,68.7,68.7,68.54,68.64,202.061
1780595100000,2026-06-04 17:45:00,68.65,68.77,68.52,68.73,163.893
1780595400000,2026-06-04 17:50:00,68.73,69.51,68.7,69.36,265.357
1780595700000,2026-06-04 17:55:00,69.39,69.43,69.19,69.25,580.039
1780596000000,2026-06-04 18:00:00,69.27,69.3,68.98,68.98,298.984
1780596300000,2026-06-04 18:05:00,68.98,69.05,68.91,68.95,653.681
1780596600000,2026-06-04 18:10:00,68.94,68.95,68.7,68.7,316.735
1780596900000,2026-06-04 18:15:00,68.68,69.13,68.68,69.08,824.621
1780597200000,2026-06-04 18:20:00,69.08,69.26,68.95,69.26,500.014
1780597500000,2026-06-04 18:25:00,69.3,69.6,69.18,69.6,566.971
1780597800000,2026-06-04 18:30:00,69.59,69.85,69.48,69.53,89.561
1780598100000,2026-06-04 18:35:00,69.58,69.7,69.51,69.64,683.143
1780598400000,2026-06-04 18:40:00,69.64,69.73,69.55,69.57,579.659
1780598700000,2026-06-04 18:45:00,69.61,69.74,69.47,69.67,82.274
1780599000000,2026-06-04 18:50:00,69.67,69.79,69.67,69.72,1085.883
1780599300000,2026-06-04 18:55:00,69.71,69.83,69.53,69.53,284.291
1780599600000,2026-06-04 19:00:00,69.53,69.56,69.27,69.27,543.76
1780599900000,2026-06-04 19:05:00,69.26,69.32,69.13,69.24,125.2
1780600200000,2026-06-04 19:10:00,69.24,69.41,69.11,69.41,422.383
1780600500000,2026-06-04 19:15:00,69.44,69.54,69.29,69.45,82.377
1780600800000,2026-06-04 19:20:00,69.43,69.51,69.4,69.51,468.419
1780601100000,2026-06-04 19:25:00,69.51,69.7,69.44,69.62,31.963
1780601400000,2026-06-04 19:30:00,69.63,69.63,69.38,69.53,383.949
1780601700000,2026-06-04 19:35:00,69.55,69.55,69.27,69.43,715.19
1780602000000,2026-06-04 19:40:00,69.4,69.42,69.29,69.29,250.389
1780602300000,2026-06-04 19:45:00,69.28,69.31,69.17,69.17,81.595
1780602600000,2026-06-04 19:50:00,69.17,69.21,69.06,69.13,62.2
1780602900000,2026-06-04 19:55:00,69.13,69.21,69.07,69.17,753.44
1780603200000,2026-06-04 20:00:00,69.16,69.17,68.74,68.78,616.884
1780603500000,2026-06-04 20:05:00,68.78,68.78,68.48,68.64,416.196
1780603800000,2026-06-04 20:10:00,68.64,68.91,68.62,68.88,527.714
1780604100000,2026-06-04 20:15:00,68.89,69.03,68.88,68.99,843.979
1780604400000,2026-06-04 20:20:00,68.99,69.04,68.89,68.89,543.654
1780604700000,2026-06-04 20:25:00,68.89,68.92,68.62,68.72,352.649
1780605000000,2026-06-04 20:30:00,68.72,69.01,68.72,69.01,498.711
1780605300000,2026-06-04 20:35:00,69.01,69.01,68.77,68.83,787.78
1780605600000,2026-06-04 20:40:00,68.83,69.02,68.82,68.92,359.431
1780605900000,2026-06-04 20:45:00,68.92,69.01,68.59,68.68,737.105
1780606200000,2026-06-04 20:50:00,68.68,68.68,68.54,68.64,349.303
1780606500000,2026-06-04 20:55:00,68.66,68.83,68.61,68.83,575.234
1780606800000,2026-06-04 21:00:00,68.83,68.85,68.72,68.85,220.531
1780607100000,2026-06-04 21:05:00,68.86,69.04,68.85,69.04,309.126
1780607400000,2026-06-04 21:10:00,69.04,69.04,68.75,68.85,246.664
1780607700000,2026-06-04 21:15:00,68.85,68.89,68.54,68.62,514.686
1780608000000,2026-06-04 21:20:00,68.61,68.71,68.45,68.52,23.893
1780608300000,2026-06-04 21:25:00,68.57,68.61,68.23,68.3,90.088
1780608600000,2026-06-04 21:30:00,68.3,68.31,68.05,68.05,364.217
1780608900000,2026-06-04 21:35:00,68.06,68.06,67.74,67.74,271.145
1780609200000,2026-06-04 21:40:00,67.75,68.01,67.66,68.01,307.702
1780609500000,2026-06-04 21:45:00,68.07,68.1,67.96,67.99,560.689
1780609800000,2026-06-04 21:50:00,68.0,68.13,67.91,68.12,292.544
1780610100000,2026-06-04 21:55:00,68.08,68.08,67.83,67.83,249.464
1780610400000,2026-06-04 22:00:00,67.83,68.14,67.76,67.87,411.054
1780610700000,2026-06-04 22:05:00,67.86,67.86,67.61,67.79,191.216
1780611000000,2026-06-04 22:10:00,67.79,67.95,67.65,67.88,68.452
1780611300000,2026-06-04 22:15:00,67.88,68.04,67.82,67.99,416.709
1780611600000,2026-06-04 22:20:00,68.04,68.1,67.92,68.04,608.948
1780611900000,2026-06-04 22:25:00,68.02,68.05,67.89,67.98,117.246
1780612200000,2026-06-04 22:30:00,67.95,67.95,67.74,67.74,135.34
1780612500000,2026-06-04 22:35:00,67.73,67.9,67.62,67.9,784.242
1780612800000,2026-06-04 22:40:00,67.9,68.07,67.89,67.96,84.572
1780613100000,2026-06-04 22:45:00,67.98,68.19,67.86,68.19,326.402
1780613400000,2026-06-04 22:50:00,68.15,68.2,68.09,68.2,390.545
1780613700000,2026-06-04 22:55:00,68.23,68.54,68.21,68.49,343.168
1780614000000,2026-06-04 23:00:00,68.5,68.75,68.43,68.75,976.902
1780614300000,2026-06-04 23:05:00,68.76,68.86,68.71,68.76,212.051
1780614600000,2026-06-04 23:10:00,68.75,68.77,68.55,68.59,980.553
1780614900000,2026-06-04 23:15:00,68.59,68.62,68.11,68.12,695.591
1780615200000,2026-06-04 23:20:00,68.11,68.23,68.05,68.14,833.7
1780615500000,2026-06-04 23:25:00,68.15,68.38,68.12,68.36,117.77
1780615800000,2026-06-04 23:30:00,68.31,68.51,68.27,68.5,122.669
1780616100000,2026-06-04 23:35:00,68.53,68.66,68.53,68.66,204.864
1780616400000,2026-06-04 23:40:00,68.67,68.72,68.67,68.72,257.125
1780616700000,2026-06-04 23:45:00,68.72,68.72,68.6,68.63,16.937
1780617000000,2026-06-04 23:50:00,68.73,68.88,68.73,68.85,238.563
1780617300000,2026-06-04 23:55:00,68.89,68.92,68.73,68.89,795.248
1780617600000,2026-06-05 00:00:00,68.89,68.89,68.6,68.66,1219.769
1780617900000,2026-06-05 00:05:00,68.68,68.79,68.59,68.72,825.608
1780618200000,2026-06-05 00:10:00,68.73,68.76,68.5,68.51,971.699
1780618500000,2026-06-05 00:15:00,68.52,68.56,68.38,68.49,1392.179
1780618800000,2026-06-05 00:20:00,68.49,68.88,68.49,68.83,677.838
1780619100000,2026-06-05 00:25:00,68.84,69.06,68.65,69.06,512.691
1780619400000,2026-06-05 00:30:00,69.06,69.07,68.93,68.98,880.064
1780619700000,2026-06-05 00:35:00,68.94,68.97,68.73,68.97,568.278
1780620000000,2026-06-05 00:40:00,68.97,68.97,68.72,68.8,485.343
1780620300000,2026-06-05 00:45:00,68.8,69.02,68.79,68.94,579.481
1780620600000,2026-06-05 00:50:00,68.93,68.94,68.6,68.72,382.044
1780620900000,2026-06-05 00:55:00,68.71,68.71,68.31,68.33,645.488
1780621200000,2026-06-05 01:00:00,68.33,68.33,67.65,67.66,638.082
1780621500000,2026-06-05 01:05:00,67.65,68.22,67.65,67.93,949.095
1780621800000,2026-06-05 01:10:00,68.05,68.21,67.92,68.21,952.703
1780622100000,2026-06-05 01:15:00,68.21,68.42,68.06,68.38,1485.739
1780622400000,2026-06-05 01:20:00,68.38,68.42,68.04,68.31,764.841
1780622700000,2026-06-05 01:25:00,68.31,68.41,68.23,68.41,1406.047
1780623000000,2026-06-05 01:30:00,68.41,68.76,68.41,68.6,1256.756
1780623300000,2026-06-05 01:35:00,68.6,68.77,68.38,68.43,921.948
1780623600000,2026-06-05 01:40:00,68.43,68.48,68.29,68.48,1017.63
1780623900000,2026-06-05 01:45:00,68.53,68.53,68.38,68.51,653.329
1780624200000,2026-06-05 01:50:00,68.51,68.54,68.35,68.51,1278.003
1780624500000,2026-06-05 01:55:00,68.51,68.72,68.46,68.52,720.741
1780624800000,2026-06-05 02:00:00,68.56,68.59,68.35,68.51,1490.326
1780625100000,2026-06-05 02:05:00,68.51,68.52,68.22,68.33,1685.511
1780625400000,2026-06-05 02:10:00,68.34,68.39,68.24,68.25,776.653
1780625700000,2026-06-05 02:15:00,68.25,68.38,67.9,67.9,1547.54
1780626000000,2026-06-05 02:20:00,67.9,68.03,67.74,68.03,871.129
1780626300000,2026-06-05 02:25:00,68.03,68.12,67.76,67.76,341.549
1780626600000,2026-06-05 02:30:00,67.76,68.02,67.74,67.83,567.834
1780626900000,2026-06-05 02:35:00,67.89,68.04,67.83,67.98,808.47
1780627200000,2026-06-05 02:40:00,68.0,68.01,67.51,67.75,1012.631
1780627500000,2026-06-05 02:45:00,67.75,67.98,67.75,67.76,827.924
1780627800000,2026-06-05 02:50:00,67.76,67.87,67.6,67.61,955.35
1780628100000,2026-06-05 02:55:00,67.6,67.62,67.24,67.38,2063.618
1780628400000,2026-06-05 03:00:00,67.38,67.39,67.17,67.37,1386.737
1780628700000,2026-06-05 03:05:00,67.36,67.36,67.07,67.18,2130.352
1780629000000,2026-06-05 03:10:00,67.18,67.31,67.09,67.09,903.519
1780629300000,2026-06-05 03:15:00,67.1,67.82,67.09,67.78,1349.005
1780629600000,2026-06-05 03:20:00,67.77,67.77,67.38,67.52,817.014
1780629900000,2026-06-05 03:25:00,67.51,67.51,67.18,67.28,1033.896
1780630200000,2026-06-05 03:30:00,67.39,67.64,67.39,67.53,1325.994
1780630500000,2026-06-05 03:35:00,67.57,67.57,67.23,67.36,1008.763
1780630800000,2026-06-05 03:40:00,67.35,67.46,66.95,67.02,1293.704
1780631100000,2026-06-05 03:45:00,67.02,67.23,67.01,67.08,1649.077
1780631400000,2026-06-05 03:50:00,67.1,67.19,67.01,67.11,1182.294
1780631700000,2026-06-05 03:55:00,67.11,67.21,66.99,67.07,1576.934
1780632000000,2026-06-05 04:00:00,67.06,67.13,66.62,66.96,1074.927
1780632300000,2026-06-05 04:05:00,66.95,67.66,66.9,67.58,1174.258
1780632600000,2026-06-05 04:10:00,67.56,67.56,67.28,67.41,806.831
1780632900000,2026-06-05 04:15:00,67.39,67.4,67.06,67.14,1380.334
1780633200000,2026-06-05 04:20:00,67.14,67.33,67.08,67.3,1201.293
1780633500000,2026-06-05 04:25:00,67.3,67.86,67.3,67.86,1453.564
1780633800000,2026-06-05 04:30:00,67.86,67.87,67.39,67.4,655.07
1780634100000,2026-06-05 04:35:00,67.4,67.58,67.38,67.41,726.299
1780634400000,2026-06-05 04:40:00,67.41,67.45,67.2,67.22,490.038
1780634700000,2026-06-05 04:45:00,67.27,67.28,66.97,67.07,749.798
1780635000000,2026-06-05 04:50:00,67.07,67.69,67.06,67.69,552.702
1780635300000,2026-06-05 04:55:00,67.69,67.98,67.45,67.92,655.768
1780635600000,2026-06-05 05:00:00,67.92,68.03,67.76,67.76,1007.218
1780635900000,2026-06-05 05:05:00,67.77,67.87,67.57,67.6,569.303
1780636200000,2026-06-05 05:10:00,67.6,67.75,67.6,67.73,584.462
1780636500000,2026-06-05 05:15:00,67.72,67.74,67.51,67.61,593.929
1780636800000,2026-06-05 05:20:00,67.62,67.84,67.6,67.63,491.563
1780637100000,2026-06-05 05:25:00,67.63,67.91,67.61,67.8,837.724
1780637400000,2026-06-05 05:30:00,67.81,67.97,67.68,67.68,1213.872
1780637700000,2026-06-05 05:35:00,67.68,67.68,67.07,67.21,1080.691
1780638000000,2026-06-05 05:40:00,67.21,67.24,66.71,66.71,885.566
1780638300000,2026-06-05 05:45:00,66.72,66.8,66.32,66.5,1171.383
1780638600000,2026-06-05 05:50:00,66.51,66.83,66.35,66.35,720.345
1780638900000,2026-06-05 05:55:00,66.34,66.43,66.08,66.26,4190.716
1780639200000,2026-06-05 06:00:00,66.25,66.26,65.73,65.91,1247.356
1780639500000,2026-06-05 06:05:00,65.91,66.56,65.91,66.26,1154.569
1780639800000,2026-06-05 06:10:00,66.25,66.25,65.69,65.69,1147.461
1780640100000,2026-06-05 06:15:00,65.7,65.91,65.14,65.21,1156.089
1780640400000,2026-06-05 06:20:00,65.21,65.26,63.95,64.1,1165.178
1780640700000,2026-06-05 06:25:00,64.1,64.88,64.09,64.57,1417.556
1780641000000,2026-06-05 06:30:00,64.6,65.13,64.52,64.72,926.571
1780641300000,2026-06-05 06:35:00,64.71,65.1,64.59,64.97,765.648
1780641600000,2026-06-05 06:40:00,64.85,65.5,64.8,65.36,1118.539
1780641900000,2026-06-05 06:45:00,65.36,65.5,64.97,65.02,1093.101
1780642200000,2026-06-05 06:50:00,64.98,65.04,64.78,65.04,840.808
1780642500000,2026-06-05 06:55:00,65.11,65.25,65.03,65.08,999.15
1780642800000,2026-06-05 07:00:00,65.05,65.17,64.61,64.61,764.963
1780643100000,2026-06-05 07:05:00,64.68,64.69,64.22,64.51,756.677
1780643400000,2026-06-05 07:10:00,64.41,64.48,63.96,64.21,594.734
1780643700000,2026-06-05 07:15:00,64.14,64.53,64.13,64.46,1795.308
1780644000000,2026-06-05 07:20:00,64.46,65.08,64.38,64.88,1763.08
1780644300000,2026-06-05 07:25:00,64.84,65.54,64.72,65.49,1739.413
1780644600000,2026-06-05 07:30:00,65.5,65.9,65.33,65.9,1598.472
1780644900000,2026-06-05 07:35:00,65.91,66.14,65.79,66.05,1103.6
1780645200000,2026-06-05 07:40:00,66.12,66.2,65.88,66.16,959.948
1780645500000,2026-06-05 07:45:00,66.13,66.28,65.99,66.14,1407.223
1780645800000,2026-06-05 07:50:00,66.19,66.19,65.95,65.99,1299.309
1780646100000,2026-06-05 07:55:00,66.0,66.1,65.91,66.1,1082.727
1780646400000,2026-06-05 08:00:00,66.15,66.16,65.89,65.89,1051.521
1780646700000,2026-06-05 08:05:00,65.88,65.97,65.62,65.68,1292.784
1780647000000,2026-06-05 08:10:00,65.68,65.7,65.53,65.64,1175.233
1780647300000,2026-06-05 08:15:00,65.65,65.67,65.45,65.62,1092.002
1780647600000,2026-06-05 08:20:00,65.63,65.9,65.62,65.82,2489.19
1780647900000,2026-06-05 08:25:00,65.81,65.96,65.77,65.94,636.593
1780648200000,2026-06-05 08:30:00,65.91,66.06,65.83,65.85,1307.43
1780648500000,2026-06-05 08:35:00,65.86,65.94,65.55,65.55,1517.644
1780648800000,2026-06-05 08:40:00,65.54,65.64,65.43,65.44,449.77
1780649100000,2026-06-05 08:45:00,65.43,65.56,65.3,65.55,1375.812
1780649400000,2026-06-05 08:50:00,65.55,65.55,65.15,65.24,1027.008
1780649700000,2026-06-05 08:55:00,65.25,65.31,65.1,65.28,1094.46
1780650000000,2026-06-05 09:00:00,65.28,65.68,65.28,65.56,1160.671
1780650300000,2026-06-05 09:05:00,65.56,65.76,65.44,65.75,640.5
1780650600000,2026-06-05 09:10:00,65.74,66.23,65.63,66.2,1077.086
1780650900000,2026-06-05 09:15:00,66.21,66.51,66.06,66.22,2355.217
1780651200000,2026-06-05 09:20:00,66.14,66.26,66.04,66.22,1517.117
1780651500000,2026-06-05 09:25:00,66.22,66.4,66.19,66.38,1384.613
1780651800000,2026-06-05 09:30:00,66.38,66.45,66.17,66.27,1017.597
1780652100000,2026-06-05 09:35:00,66.27,66.36,66.15,66.17,219.232
1780652400000,2026-06-05 09:40:00,66.17,66.24,66.12,66.16,1176.71
1780652700000,2026-06-05 09:45:00,66.15,66.35,66.15,66.32,705.949
1780653000000,2026-06-05 09:50:00,66.35,66.53,66.31,66.47,1069.671
1780653300000,2026-06-05 09:55:00,66.49,66.57,66.43,66.54,970.865
1780653600000,2026-06-05 10:00:00,66.56,66.72,66.51,66.66,658.621
1780653900000,2026-06-05 10:05:00,66.66,66.66,66.44,66.52,1249.82
1780654200000,2026-06-05 10:10:00,66.52,66.65,66.44,66.55,1253.519
1780654500000,2026-06-05 10:15:00,66.56,66.56,66.23,66.24,597.559
1780654800000,2026-06-05 10:20:00,66.24,66.43,66.24,66.39,842.456
1780655100000,2026-06-05 10:25:00,66.38,66.54,66.38,66.54,1105.838
1780655400000,2026-06-05 10:30:00,66.55,66.64,66.55,66.64,489.546
1780655700000,2026-06-05 10:35:00,66.64,66.64,66.23,66.32,725.647
1780656000000,2026-06-05 10:40:00,66.29,66.58,66.22,66.58,406.778
1780656300000,2026-06-05 10:45:00,66.58,66.58,66.3,66.32,1279.01
1780656600000,2026-06-05 10:50:00,66.33,66.39,66.19,66.29,1021.326
1780656900000,2026-06-05 10:55:00,66.27,66.39,66.2,66.39,894.871
1780657200000,2026-06-05 11:00:00,66.43,66.43,66.03,66.05,597.078
1780657500000,2026-06-05 11:05:00,66.09,66.19,65.94,65.94,845.711
1780657800000,2026-06-05 11:10:00,65.93,66.07,65.84,66.01,850.526
1780658100000,2026-06-05 11:15:00,66.01,66.69,65.97,66.66,1139.676
1780658400000,2026-06-05 11:20:00,66.66,66.78,66.27,66.27,1056.807
1780658700000,2026-06-05 11:25:00,66.3,66.6,66.3,66.56,1340.746
1780659000000,2026-06-05 11:30:00,66.59,66.63,66.27,66.31,743.66
1780659300000,2026-06-05 11:35:00,66.31,66.4,66.27,66.29,1311.256
1780659600000,2026-06-05 11:40:00,66.29,66.29,66.07,66.07,784.975
1780659900000,2026-06-05 11:45:00,66.07,66.24,66.04,66.24,569.543
1780660200000,2026-06-05 11:50:00,66.25,66.33,66.09,66.1,718.482
1780660500000,2026-06-05 11:55:00,66.14,66.21,66.05,66.12,1435.082
1780660800000,2026-06-05 12:00:00,66.12,66.13,65.46,65.46,909.324
1780661100000,2026-06-05 12:05:00,65.45,66.19,65.45,65.91,1379.828
1780661400000,2026-06-05 12:10:00,65.92,66.19,65.91,65.92,840.954
1780661700000,2026-06-05 12:15:00,65.9,66.24,65.89,66.21,994.024
1780662000000,2026-06-05 12:20:00,66.22,66.3,65.97,66.27,895.86
1780662300000,2026-06-05 12:25:00,66.28,66.28,65.84,65.88,1057.758
1780662600000,2026-06-05 12:30:00,65.87,66.05,65.44,65.5,706.207
1780662900000,2026-06-05 12:35:00,65.5,65.84,65.23,65.67,1074.033
1780663200000,2026-06-05 12:40:00,65.67,65.84,65.6,65.68,564.397
1780663500000,2026-06-05 12:45:00,65.74,65.83,65.59,65.63,1530.621
1780663800000,2026-06-05 12:50:00,65.67,65.67,65.39,65.57,793.705
1780664100000,2026-06-05 12:55:00,65.55,65.83,65.51,65.82,1340.208
1780664400000,2026-06-05 13:00:00,65.83,66.24,65.82,66.24,1315.844
1780664700000,2026-06-05 13:05:00,66.23,66.44,66.15,66.18,858.168
1780665000000,2026-06-05 13:10:00,66.17,66.39,66.14,66.34,1503.392
1780665300000,2026-06-05 13:15:00,66.34,66.4,66.17,66.36,1606.705
1780665600000,2026-06-05 13:20:00,66.35,66.66,66.35,66.45,222.751
1780665900000,2026-06-05 13:25:00,66.46,66.67,66.44,66.53,524.527
1780666200000,2026-06-05 13:30:00,66.52,66.78,66.32,66.77,197.912
1780666500000,2026-06-05 13:35:00,66.78,66.78,66.12,66.13,873.761
1780666800000,2026-06-05 13:40:00,66.12,66.19,65.8,65.8,577.081
1780667100000,2026-06-05 13:45:00,65.81,65.92,65.2,65.21,244.647
1780667400000,2026-06-05 13:50:00,65.2,65.36,65.04,65.11,112.604
1780667700000,2026-06-05 13:55:00,65.14,65.19,64.32,64.41,282.432
1780668000000,2026-06-05 14:00:00,64.35,64.82,64.23,64.32,227.49
1780668300000,2026-06-05 14:05:00,64.33,65.23,64.2,65.23,896.003
1780668600000,2026-06-05 14:10:00,65.27,65.27,64.61,64.89,461.715
1780668900000,2026-06-05 14:15:00,64.9,65.3,64.89,65.08,610.521
1780669200000,2026-06-05 14:20:00,65.07,65.29,64.77,64.78,316.286
1780669500000,2026-06-05 14:25:00,64.77,64.89,64.6,64.83,394.698
1780669800000,2026-06-05 14:30:00,64.82,65.25,64.71,65.24,482.726
1780670100000,2026-06-05 14:35:00,65.24,65.69,65.24,65.33,317.829
1780670400000,2026-06-05 14:40:00,65.33,65.66,65.25,65.34,265.542
1780670700000,2026-06-05 14:45:00,65.35,65.79,65.17,65.18,542.052
1780671000000,2026-06-05 14:50:00,65.17,65.46,65.09,65.12,105.215
1780671300000,2026-06-05 14:55:00,65.11,65.36,64.92,65.22,296.182
1780671600000,2026-06-05 15:00:00,65.26,65.28,64.82,65.16,315.732
1780671900000,2026-06-05 15:05:00,65.17,65.17,64.62,64.75,142.188
1780672200000,2026-06-05 15:10:00,64.8,64.83,64.32,64.44,207.423
1780672500000,2026-06-05 15:15:00,64.38,64.72,64.22,64.72,413.102
1780672800000,2026-06-05 15:20:00,64.73,64.75,64.33,64.69,49.864
1780673100000,2026-06-05 15:25:00,64.73,65.03,64.45,64.47,107.945
1780673400000,2026-06-05 15:30:00,64.62,64.77,64.4,64.54,748.301
1780673700000,2026-06-05 15:35:00,64.53,64.56,64.11,64.24,818.948
1780674000000,2026-06-05 15:40:00,64.06,64.55,64.03,64.34,113.361
1780674300000,2026-06-05 15:45:00,64.31,64.47,63.81,64.47,719.526
1780674600000,2026-06-05 15:50:00,64.51,64.52,64.24,64.28,684.337
1780674900000,2026-06-05 15:55:00,64.28,64.39,64.25,64.31,664.72
1780675200000,2026-06-05 16:00:00,64.32,64.32,63.82,63.97,819.802
1780675500000,2026-06-05 16:05:00,63.96,64.22,63.63,63.78,260.659
1780675800000,2026-06-05 16:10:00,63.77,64.7,63.23,64.7,166.779
1780676100000,2026-06-05 16:15:00,64.52,65.06,64.46,65.04,399.942
1780676400000,2026-06-05 16:20:00,65.0,65.51,64.85,65.47,597.85
1780676700000,2026-06-05 16:25:00,65.46,65.47,64.93,64.94,194.973
1780677000000,2026-06-05 16:30:00,64.94,65.17,64.66,64.67,619.257
1780677300000,2026-06-05 16:35:00,64.67,64.87,64.63,64.76,1130.064
1780677600000,2026-06-05 16:40:00,64.75,64.78,64.49,64.62,356.917
1780677900000,2026-06-05 16:45:00,64.62,65.29,64.61,65.05,306.759
1780678200000,2026-06-05 16:50:00,65.23,65.84,65.21,65.79,220.766
1780678500000,2026-06-05 16:55:00,65.8,65.94,65.72,65.87,1529.927
1780678800000,2026-06-05 17:00:00,65.88,66.06,65.6,65.94,923.169
1780679100000,2026-06-05 17:05:00,65.95,65.98,65.65,65.92,391.92
1780679400000,2026-06-05 17:10:00,65.93,65.93,65.33,65.48,158.318
1780679700000,2026-06-05 17:15:00,65.47,65.48,64.94,64.97,381.221
1780680000000,2026-06-05 17:20:00,64.96,65.19,64.91,64.94,762.758
1780680300000,2026-06-05 17:25:00,64.95,65.07,64.84,64.92,220.816
1780680600000,2026-06-05 17:30:00,64.91,65.08,64.82,65.07,109.959
1780680900000,2026-06-05 17:35:00,65.08,65.21,64.94,65.2,1198.459
1780681200000,2026-06-05 17:40:00,65.21,65.55,65.02,65.02,230.429
1780681500000,2026-06-05 17:45:00,65.02,65.14,64.98,64.98,200.11
1780681800000,2026-06-05 17:50:00,64.98,65.16,64.98,65.05,1235.548
1780682100000,2026-06-05 17:55:00,65.06,65.13,64.93,65.09,586.979
1780682400000,2026-06-05 18:00:00,65.08,65.3,65.01,65.15,931.641
1780682700000,2026-06-05 18:05:00,65.14,65.37,65.14,65.14,807.404
1780683000000,2026-06-05 18:10:00,65.14,65.18,64.97,64.97,528.783
1780683300000,2026-06-05 18:15:00,64.98,64.98,64.65,64.66,341.274
1780683600000,2026-06-05 18:20:00,64.65,64.72,64.34,64.35,950.396
1780683900000,2026-06-05 18:25:00,64.34,64.37,64.02,64.08,1276.204
1780684200000,2026-06-05 18:30:00,64.07,64.23,63.94,64.01,310.681
1780684500000,2026-06-05 18:35:00,64.02,64.16,63.64,64.16,863.67
1780684800000,2026-06-05 18:40:00,64.15,64.26,63.62,63.82,172.039
1780685100000,2026-06-05 18:45:00,63.81,63.82,63.49,63.69,231.144
1780685400000,2026-06-05 18:50:00,63.69,63.72,62.72,62.73,342.92
1780685700000,2026-06-05 18:55:00,62.74,63.37,62.65,62.91,198.572
1780686000000,2026-06-05 19:00:00,62.9,62.97,62.46,62.46,481.841
1780686300000,2026-06-05 19:05:00,62.47,62.47,61.97,62.25,509.704
1780686600000,2026-06-05 19:10:00,62.1,62.1,61.79,61.91,97.997
1780686900000,2026-06-05 19:15:00,61.9,61.93,61.54,61.72,1362.796
1780687200000,2026-06-05 19:20:00,61.75,62.48,61.75,62.48,114.291
1780687500000,2026-06-05 19:25:00,62.49,62.77,62.35,62.77,475.411
1780687800000,2026-06-05 19:30:00,62.79,62.79,62.03,62.13,131.676
1780688100000,2026-06-05 19:35:00,62.4,62.42,62.27,62.42,1244.425
1780688400000,2026-06-05 19:40:00,62.54,62.54,62.23,62.37,1212.8
1780688700000,2026-06-05 19:45:00,62.5,63.72,62.5,63.6,157.326
1780689000000,2026-06-05 19:50:00,63.62,63.67,63.3,63.38,157.201
1780689300000,2026-06-05 19:55:00,63.43,63.69,63.4,63.56,742.878
1780689600000,2026-06-05 20:00:00,63.54,63.59,62.87,62.87,110.087
1780689900000,2026-06-05 20:05:00,62.82,64.08,62.75,64.08,256.689
1780690200000,2026-06-05 20:10:00,64.09,64.12,63.77,63.92,747.144
1780690500000,2026-06-05 20:15:00,64.11,64.24,63.94,64.11,141.557
1780690800000,2026-06-05 20:20:00,64.12,64.19,63.95,64.13,12.774
1780691100000,2026-06-05 20:25:00,64.11,64.37,64.11,64.22,376.688
1780691400000,2026-06-05 20:30:00,64.22,64.51,64.17,64.18,107.171
1780691700000,2026-06-05 20:35:00,64.17,64.47,64.14,64.47,162.548
1780692000000,2026-06-05 20:40:00,64.45,64.45,64.32,64.43,33.698
1780692300000,2026-06-05 20:45:00,64.5,64.54,64.32,64.47,322.488
1780692600000,2026-06-05 20:50:00,64.48,64.78,64.46,64.51,59.224
1780692900000,2026-06-05 20:55:00,64.47,64.72,64.47,64.63,716.266
1780693200000,2026-06-05 21:00:00,64.68,65.02,64.54,64.89,903.458
1780693500000,2026-06-05 21:05:00,64.9,64.92,64.69,64.82,105.848
1780693800000,2026-06-05 21:10:00,64.8,64.9,64.73,64.9,549.505
1780694100000,2026-06-05 21:15:00,64.93,65.06,64.9,64.96,151.167
1780694400000,2026-06-05 21:20:00,64.87,64.93,64.85,64.9,82.522
1780694700000,2026-06-05 21:25:00,64.99,65.01,64.9,64.94,410.603
1780695000000,2026-06-05 21:30:00,64.92,64.92,64.78,64.78,226.291
1780695300000,2026-06-05 21:35:00,64.83,65.27,64.83,65.27,365.069
1780695600000,2026-06-05 21:40:00,65.27,65.4,65.17,65.4,791.4
1780695900000,2026-06-05 21:45:00,65.3,65.3,65.19,65.19,449.993
1780696200000,2026-06-05 21:50:00,65.17,65.19,64.98,65.05,380.555
1780696500000,2026-06-05 21:55:00,65.06,65.06,64.87,64.92,175.472
1780696800000,2026-06-05 22:00:00,64.93,64.93,64.27,64.27,977.058
1780697100000,2026-06-05 22:05:00,64.27,64.43,63.86,64.32,559.899
1780697400000,2026-06-05 22:10:00,64.31,64.39,64.21,64.36,84.735
1780697700000,2026-06-05 22:15:00,64.34,64.5,64.3,64.42,826.833
1780698000000,2026-06-05 22:20:00,64.6,64.68,64.37,64.39,152.395
1780698300000,2026-06-05 22:25:00,64.35,64.46,64.12,64.12,166.825
1780698600000,2026-06-05 22:30:00,64.14,64.26,64.01,64.25,293.656
1780698900000,2026-06-05 22:35:00,64.28,64.67,64.21,64.66,146.934
1780699200000,2026-06-05 22:40:00,64.68,64.68,64.42,64.54,787.958
1780699500000,2026-06-05 22:45:00,64.56,64.56,64.4,64.54,772.434
1780699800000,2026-06-05 22:50:00,64.49,64.6,64.33,64.6,343.887
1780700100000,2026-06-05 22:55:00,64.53,64.53,64.37,64.43,228.029
1780700400000,2026-06-05 23:00:00,64.44,64.63,64.44,64.57,611.875
1780700700000,2026-06-05 23:05:00,64.66,64.7,64.54,64.54,61.12
1780701000000,2026-06-05 23:10:00,64.33,64.34,64.22,64.22,269.375
1780701300000,2026-06-05 23:15:00,64.04,64.04,63.81,63.83,153.615
1780701600000,2026-06-05 23:20:00,63.81,63.9,63.57,63.57,1606.735
1780701900000,2026-06-05 23:25:00,63.55,63.65,63.43,63.62,264.603
1780702200000,2026-06-05 23:30:00,63.58,63.58,62.73,62.73,418.644
1780702500000,2026-06-05 23:35:00,62.8,63.32,62.8,63.3,184.127
1780702800000,2026-06-05 23:40:00,63.03,63.24,62.99,63.24,251.084
1780703100000,2026-06-05 23:45:00,63.2,63.29,63.03,63.14,443.725
1780703400000,2026-06-05 23:50:00,63.2,63.59,63.2,63.53,95.516
1780703700000,2026-06-05 23:55:00,63.49,63.62,63.45,63.62,370.889
1780704000000,2026-06-06 00:00:00,63.64,64.35,63.64,64.35,1618.667
1780704300000,2026-06-06 00:05:00,64.37,64.37,64.14,64.37,280.695
1780704600000,2026-06-06 00:10:00,64.42,64.48,64.34,64.48,731.667
1780704900000,2026-06-06 00:15:00,64.52,64.65,64.39,64.39,894.642
1780705200000,2026-06-06 00:20:00,64.39,64.48,64.29,64.29,481.491
1780705500000,2026-06-06 00:25:00,64.28,64.47,64.23,64.47,1137.392
1780705800000,2026-06-06 00:30:00,64.48,64.66,64.41,64.66,905.413
1780706100000,2026-06-06 00:35:00,64.65,64.65,64.48,64.63,811.566
1780706400000,2026-06-06 00:40:00,64.65,64.67,64.53,64.63,1436.659
1780706700000,2026-06-06 00:45:00,64.64,64.77,64.59,64.63,985.1
1780707000000,2026-06-06 00:50:00,64.63,64.75,64.59,64.75,886.276
1780707300000,2026-06-06 00:55:00,64.74,64.84,64.68,64.69,488.411
1780707600000,2026-06-06 01:00:00,64.68,64.82,64.68,64.76,1452.771
1780707900000,2026-06-06 01:05:00,64.76,64.79,64.73,64.73,382.855
1780708200000,2026-06-06 01:10:00,64.72,64.72,64.32,64.38,537.612
1780708500000,2026-06-06 01:15:00,64.38,64.43,64.13,64.13,695.943
1780708800000,2026-06-06 01:20:00,64.12,64.12,63.91,63.93,475.624
1780709100000,2026-06-06 01:25:00,63.9,64.44,63.87,64.44,901.912
1780709400000,2026-06-06 01:30:00,64.42,64.51,64.31,64.46,562.687
1780709700000,2026-06-06 01:35:00,64.46,64.46,64.14,64.22,425.826
1780710000000,2026-06-06 01:40:00,64.21,64.21,63.95,64.07,209.834
1780710300000,2026-06-06 01:45:00,64.04,64.2,64.03,64.07,266.806
1780710600000,2026-06-06 01:50:00,64.07,64.1,63.83,64.07,994.268
1780710900000,2026-06-06 01:55:00,64.06,64.06,63.88,63.91,448.415
1780711200000,2026-06-06 02:00:00,63.91,63.91,63.7,63.7,1160.569
1780711500000,2026-06-06 02:05:00,63.76,63.8,63.53,63.7,968.701
1780711800000,2026-06-06 02:10:00,63.75,63.86,63.57,63.57,345.749
1780712100000,2026-06-06 02:15:00,63.58,63.66,63.3,63.3,929.744
1780712400000,2026-06-06 02:20:00,63.31,63.66,63.29,63.61,826.39
1780712700000,2026-06-06 02:25:00,63.6,63.65,63.52,63.54,244.036
1780713000000,2026-06-06 02:30:00,63.54,63.76,63.42,63.76,505.404
1780713300000,2026-06-06 02:35:00,63.76,63.8,63.5,63.72,954.301
1780713600000,2026-06-06 02:40:00,63.73,63.8,63.57,63.65,1719.34
1780713900000,2026-06-06 02:45:00,63.58,63.82,63.58,63.82,87.514
1780714200000,2026-06-06 02:50:00,63.82,63.93,63.81,63.82,2043.665
1780714500000,2026-06-06 02:55:00,63.8,63.8,63.53,63.56,618.519
1780714800000,2026-06-06 03:00:00,63.52,63.53,63.24,63.24,528.271
1780715100000,2026-06-06 03:05:00,63.25,63.25,63.13,63.16,1536.0
1780715400000,2026-06-06 03:10:00,63.16,63.31,63.1,63.25,2315.651
1780715700000,2026-06-06 03:15:00,63.25,63.31,63.13,63.26,1439.645
1780716000000,2026-06-06 03:20:00,63.34,63.37,62.97,62.98,1119.532
1780716300000,2026-06-06 03:25:00,62.97,63.08,62.92,63.05,299.011
1780716600000,2026-06-06 03:30:00,63.05,63.07,62.69,62.69,745.319
1780716900000,2026-06-06 03:35:00,62.63,63.06,62.63,62.8,443.851
1780717200000,2026-06-06 03:40:00,62.8,62.92,62.7,62.84,470.701
1780717500000,2026-06-06 03:45:00,62.9,62.92,62.66,62.75,918.712
1780717800000,2026-06-06 03:50:00,62.76,62.98,62.72,62.77,213.791
1780718100000,2026-06-06 03:55:00,62.77,62.95,62.77,62.86,524.283
1780718400000,2026-06-06 04:00:00,62.85,63.09,62.68,62.68,471.396
1780718700000,2026-06-06 04:05:00,62.67,62.68,61.88,61.89,726.412
1780719000000,2026-06-06 04:10:00,61.9,62.02,61.58,61.64,796.511
1780719300000,2026-06-06 04:15:00,61.71,61.95,61.31,61.31,549.87
1780719600000,2026-06-06 04:20:00,61.3,61.47,61.21,61.44,1086.538
1780719900000,2026-06-06 04:25:00,61.44,61.59,61.21,61.23,598.854
1780720200000,2026-06-06 04:30:00,61.23,61.23,60.52,60.52,657.999
1780720500000,2026-06-06 04:35:00,60.52,60.97,60.4,60.59,518.488
1780720800000,2026-06-06 04:40:00,60.59,60.76,60.55,60.63,871.159
1780721100000,2026-06-06 04:45:00,60.61,60.96,60.42,60.79,774.904
1780721400000,2026-06-06 04:50:00,60.62,61.3,60.56,61.26,1157.384
1780721700000,2026-06-06 04:55:00,61.26,61.26,60.65,60.87,740.538
1780722000000,2026-06-06 05:00:00,60.87,60.88,60.17,60.42,1310.586
1780722300000,2026-06-06 05:05:00,60.43,60.8,60.39,60.8,1035.655
1780722600000,2026-06-06 05:10:00,60.8,61.23,60.69,60.69,666.13
1780722900000,2026-06-06 05:15:00,60.69,61.17,60.69,61.16,1962.109
1780723200000,2026-06-06 05:20:00,61.2,62.54,61.18,62.43,994.918
1780723500000,2026-06-06 05:25:00,62.42,62.49,62.06,62.15,781.628
1780723800000,2026-06-06 05:30:00,62.13,62.22,61.93,61.94,1371.481
1780724100000,2026-06-06 05:35:00,61.93,62.34,61.93,62.17,757.564
1780724400000,2026-06-06 05:40:00,62.09,62.5,62.08,62.31,364.329
1780724700000,2026-06-06 05:45:00,62.32,62.71,62.24,62.54,753.206
1780725000000,2026-06-06 05:50:00,62.55,62.7,62.41,62.44,1029.741
1780725300000,2026-06-06 05:55:00,62.44,62.65,62.44,62.61,1090.365
1780725600000,2026-06-06 06:00:00,62.61,62.9,62.61,62.88,1302.093
1780725900000,2026-06-06 06:05:00,62.89,63.01,62.76,62.9,685.281
1780726200000,2026-06-06 06:10:00,62.91,63.02,62.76,63.02,1114.296
1780726500000,2026-06-06 06:15:00,63.02,63.06,62.81,62.91,386.775
1780726800000,2026-06-06 06:20:00,62.92,63.34,62.91,63.17,1051.263
1780727100000,2026-06-06 06:25:00,63.12,63.18,62.98,63.03,243.342
1780727400000,2026-06-06 06:30:00,63.02,63.09,62.94,63.02,379.174
1780727700000,2026-06-06 06:35:00,63.01,63.28,62.96,62.97,380.437
1780728000000,2026-06-06 06:40:00,62.88,62.97,62.71,62.75,484.155
1780728300000,2026-06-06 06:45:00,62.62,62.66,62.48,62.48,726.522
1780728600000,2026-06-06 06:50:00,62.4,62.49,62.18,62.33,1080.183
1780728900000,2026-06-06 06:55:00,62.3,62.3,62.1,62.2,659.494
1780729200000,2026-06-06 07:00:00,62.21,62.22,62.08,62.2,1596.17
1780729500000,2026-06-06 07:05:00,62.18,62.85,62.18,62.78,932.75
1780729800000,2026-06-06 07:10:00,62.77,62.95,62.76,62.94,1189.963
1780730100000,2026-06-06 07:15:00,62.96,63.06,62.87,62.94,1093.622
1780730400000,2026-06-06 07:20:00,62.95,62.95,62.69,62.69,657.734
1780730700000,2026-06-06 07:25:00,62.72,62.72,62.6,62.65,388.297
1780731000000,2026-06-06 07:30:00,62.65,62.87,62.62,62.82,934.367
1780731300000,2026-06-06 07:35:00,62.85,62.87,62.63,62.83,1547.626
1780731600000,2026-06-06 07:40:00,62.82,62.99,62.82,62.98,819.535
1780731900000,2026-06-06 07:45:00,63.02,63.13,62.84,62.93,459.931
1780732200000,2026-06-06 07:50:00,62.86,62.91,62.76,62.79,620.249
1780732500000,2026-06-06 07:55:00,62.82,62.86,62.75,62.76,756.756
1780732800000,2026-06-06 08:00:00,62.76,62.76,62.57,62.61,1002.703
1780733100000,2026-06-06 08:05:00,62.64,62.85,62.64,62.85,915.603
1780733400000,2026-06-06 08:10:00,62.86,63.01,62.81,62.95,1323.35
1780733700000,2026-06-06 08:15:00,62.98,62.98,62.8,62.88,477.015
1780734000000,2026-06-06 08:20:00,62.9,62.99,62.82,62.92,581.947
1780734300000,2026-06-06 08:25:00,62.96,63.39,62.96,63.39,393.757
1780734600000,2026-06-06 08:30:00,63.41,63.59,63.3,63.39,1139.21
1780734900000,2026-06-06 08:35:00,63.38,63.38,63.27,63.31,1063.674
1780735200000,2026-06-06 08:40:00,63.32,63.38,63.28,63.3,1291.961
1780735500000,2026-06-06 08:45:00,63.28,63.28,63.15,63.2,804.49
1780735800000,2026-06-06 08:50:00,63.21,63.41,63.21,63.37,720.895
1780736100000,2026-06-06 08:55:00,63.35,63.42,63.18,63.18,616.801
1780736400000,2026-06-06 09:00:00,63.16,63.36,63.13,63.17,1051.596
1780736700000,2026-06-06 09:05:00,63.17,63.21,63.07,63.17,517.08
1780737000000,2026-06-06 09:10:00,63.2,63.31,63.18,63.23,767.416
1780737300000,2026-06-06 09:15:00,63.22,63.29,63.19,63.22,642.544
1780737600000,2026-06-06 09:20:00,63.17,63.22,63.1,63.17,480.064
1780737900000,2026-06-06 09:25:00,63.21,63.54,63.21,63.54,677.762
1780738200000,2026-06-06 09:30:00,63.54,63.55,63.4,63.46,878.746
1780738500000,2026-06-06 09:35:00,63.46,63.53,63.44,63.52,1011.125
1780738800000,2026-06-06 09:40:00,63.51,63.51,63.27,63.3,597.294
1780739100000,2026-06-06 09:45:00,63.29,63.55,62.6,62.6,1336.137
1780739400000,2026-06-06 09:50:00,62.58,62.7,62.54,62.64,1457.505
1780739700000,2026-06-06 09:55:00,62.63,62.73,62.49,62.68,512.943
1780740000000,2026-06-06 10:00:00,62.67,62.71,62.05,62.22,1148.59
1780740300000,2026-06-06 10:05:00,62.22,62.23,62.03,62.09,1493.914
1780740600000,2026-06-06 10:10:00,62.1,62.11,61.97,61.98,614.928
1780740900000,2026-06-06 10:15:00,61.95,62.07,61.83,61.83,1420.894
1780741200000,2026-06-06 10:20:00,61.84,62.11,61.73,62.1,1112.201
1780741500000,2026-06-06 10:25:00,62.0,62.02,61.88,61.88,780.062
1780741800000,2026-06-06 10:30:00,61.87,61.87,61.32,61.37,2620.752
1780742100000,2026-06-06 10:35:00,61.39,61.43,61.27,61.33,701.376
1780742400000,2026-06-06 10:40:00,61.29,61.56,61.29,61.56,2584.977
1780742700000,2026-06-06 10:45:00,61.51,61.57,61.39,61.47,788.948
1780743000000,2026-06-06 10:50:00,61.49,61.72,61.49,61.71,644.66
1780743300000,2026-06-06 10:55:00,61.77,61.9,61.74,61.87,1418.55
1780743600000,2026-06-06 11:00:00,61.87,62.17,61.78,62.08,838.832
1780743900000,2026-06-06 11:05:00,62.08,62.18,62.03,62.11,1685.634
1780744200000,2026-06-06 11:10:00,62.15,62.15,61.97,61.99,663.552
1780744500000,2026-06-06 11:15:00,62.04,62.27,61.89,62.1,895.161
1780744800000,2026-06-06 11:20:00,62.1,62.21,62.04,62.21,1774.735
1780745100000,2026-06-06 11:25:00,62.14,62.29,62.11,62.28,1170.222
1780745400000,2026-06-06 11:30:00,62.3,62.46,62.22,62.46,1133.81
1780745700000,2026-06-06 11:35:00,62.44,62.49,62.35,62.47,1188.078
1780746000000,2026-06-06 11:40:00,62.46,62.46,62.39,62.41,1292.941
1780746300000,2026-06-06 11:45:00,62.41,62.65,62.41,62.61,618.317
1780746600000,2026-06-06 11:50:00,62.55,62.63,62.53,62.61,111.077
1780746900000,2026-06-06 11:55:00,62.64,62.64,62.38,62.45,1272.075
1780747200000,2026-06-06 12:00:00,62.46,62.76,62.46,62.61,946.806
1780747500000,2026-06-06 12:05:00,62.56,62.74,62.54,62.69,520.163
1780747800000,2026-06-06 12:10:00,62.67,62.67,62.54,62.67,2081.74
1780748100000,2026-06-06 12:15:00,62.64,62.69,62.47,62.47,823.708
1780748400000,2026-06-06 12:20:00,62.47,62.54,62.3,62.35,1771.389
1780748700000,2026-06-06 12:25:00,62.32,62.38,62.23,62.23,1330.924
1780749000000,2026-06-06 12:30:00,62.23,62.36,62.05,62.36,2645.349
1780749300000,2026-06-06 12:35:00,62.34,62.43,62.24,62.26,1635.16
1780749600000,2026-06-06 12:40:00,62.25,62.6,62.25,62.6,2040.229
1780749900000,2026-06-06 12:45:00,62.58,62.92,62.46,62.92,2048.746
1780750200000,2026-06-06 12:50:00,62.95,63.07,62.85,63.07,1501.483
1780750500000,2026-06-06 12:55:00,63.06,63.08,62.94,62.94,416.887
1780750800000,2026-06-06 13:00:00,62.92,63.05,62.83,63.05,1480.896
1780751100000,2026-06-06 13:05:00,63.02,63.03,62.78,62.8,1486.389
1780751400000,2026-06-06 13:10:00,62.85,62.94,62.79,62.79,998.681
1780751700000,2026-06-06 13:15:00,62.78,62.78,62.66,62.69,1769.007
1780752000000,2026-06-06 13:20:00,62.69,62.88,62.68,62.68,343.746
1780752300000,2026-06-06 13:25:00,62.7,62.73,62.55,62.55,343.186
1780752600000,2026-06-06 13:30:00,62.55,62.55,62.19,62.33,464.788
1780752900000,2026-06-06 13:35:00,62.34,62.48,62.31,62.37,1226.423
1780753200000,2026-06-06 13:40:00,62.39,62.49,62.39,62.49,172.979
1780753500000,2026-06-06 13:45:00,62.49,62.76,62.45,62.46,625.565
1780753800000,2026-06-06 13:50:00,62.48,62.48,62.33,62.35,274.757
1780754100000,2026-06-06 13:55:00,62.34,62.46,62.31,62.42,218.043
1780754400000,2026-06-06 14:00:00,62.42,62.65,62.38,62.65,593.168
1780754700000,2026-06-06 14:05:00,62.64,62.81,62.64,62.71,1267.585
1780755000000,2026-06-06 14:10:00,62.68,62.84,62.65,62.76,1160.673
1780755300000,2026-06-06 14:15:00,62.79,62.86,62.73,62.86,1233.021
1780755600000,2026-06-06 14:20:00,62.86,62.9,62.66,62.74,874.559
1780755900000,2026-06-06 14:25:00,62.7,62.7,62.5,62.63,1306.376
1780756200000,2026-06-06 14:30:00,62.66,62.82,62.55,62.77,700.604
1780756500000,2026-06-06 14:35:00,62.71,62.87,62.67,62.8,578.834
1780756800000,2026-06-06 14:40:00,62.83,62.86,62.75,62.82,103.486
1780757100000,2026-06-06 14:45:00,62.83,62.87,62.76,62.81,214.504
1780757400000,2026-06-06 14:50:00,62.83,62.86,62.69,62.79,313.845
1780757700000,2026-06-06 14:55:00,62.74,62.74,62.37,62.37,298.008
1780758000000,2026-06-06 15:00:00,62.33,62.42,62.02,62.02,173.317
1780758300000,2026-06-06 15:05:00,62.0,62.0,61.77,61.9,159.252
1780758600000,2026-06-06 15:10:00,61.99,61.99,61.66,61.73,141.213
1780758900000,2026-06-06 15:15:00,61.66,61.76,61.37,61.44,217.53
1780759200000,2026-06-06 15:20:00,61.48,61.7,61.39,61.4,76.457
1780759500000,2026-06-06 15:25:00,61.42,61.65,61.42,61.63,165.826
1780759800000,2026-06-06 15:30:00,61.65,61.81,61.57,61.81,398.098
1780760100000,2026-06-06 15:35:00,61.9,62.03,61.78,62.03,181.575
1780760400000,2026-06-06 15:40:00,62.05,62.21,62.04,62.21,228.998
1780760700000,2026-06-06 15:45:00,62.2,62.31,61.96,62.11,237.347
1780761000000,2026-06-06 15:50:00,62.08,62.24,61.99,62.07,67.642
1780761300000,2026-06-06 15:55:00,62.03,62.18,62.02,62.1,89.047
1780761600000,2026-06-06 16:00:00,61.99,62.28,61.95,62.28,917.688
1780761900000,2026-06-06 16:05:00,62.3,62.39,62.08,62.11,293.882
1780762200000,2026-06-06 16:10:00,62.09,62.1,61.88,61.97,423.398
1780762500000,2026-06-06 16:15:00,61.98,62.02,61.88,61.98,266.375
1780762800000,2026-06-06 16:20:00,61.9,61.9,61.62,61.7,368.589
1780763100000,2026-06-06 16:25:00,61.7,61.93,61.55,61.55,411.002
1780763400000,2026-06-06 16:30:00,61.56,61.68,61.48,61.48,1304.838
1780763700000,2026-06-06 16:35:00,61.44,61.6,61.44,61.57,164.969
1780764000000,2026-06-06 16:40:00,61.57,61.83,61.57,61.83,352.172
1780764300000,2026-06-06 16:45:00,61.83,62.12,61.82,62.12,514.793
1780764600000,2026-06-06 16:50:00,62.12,62.19,62.12,62.17,72.111
1780764900000,2026-06-06 16:55:00,62.16,62.16,61.93,62.1,1540.142
1780765200000,2026-06-06 17:00:00,62.11,62.22,62.0,62.05,3646.044
1780765500000,2026-06-06 17:05:00,62.04,62.07,61.84,61.84,3249.727
1780765800000,2026-06-06 17:10:00,61.81,62.03,61.72,61.96,2256.312
1780766100000,2026-06-06 17:15:00,61.88,61.97,61.86,61.92,843.678
1780766400000,2026-06-06 17:20:00,61.95,61.99,61.63,61.69,306.648
1780766700000,2026-06-06 17:25:00,61.67,61.83,61.67,61.83,761.676
1780767000000,2026-06-06 17:30:00,61.83,62.1,61.82,62.1,401.984
1780767300000,2026-06-06 17:35:00,62.09,62.21,61.78,61.78,174.079
1780767600000,2026-06-06 17:40:00,61.8,61.9,61.73,61.9,337.315
1780767900000,2026-06-06 17:45:00,61.93,61.93,61.65,61.71,60.066
1780768200000,2026-06-06 17:50:00,61.7,61.72,61.64,61.71,1091.103
1780768500000,2026-06-06 17:55:00,61.67,61.67,61.5,61.62,210.21
1780768800000,2026-06-06 18:00:00,61.62,61.7,61.62,61.65,533.213
1780769100000,2026-06-06 18:05:00,61.61,61.62,61.43,61.45,540.747
1780769400000,2026-06-06 18:10:00,61.48,61.66,61.47,61.6,928.657
1780769700000,2026-06-06 18:15:00,61.59,61.6,61.51,61.6,1013.973
1780770000000,2026-06-06 18:20:00,61.53,61.69,61.53,61.64,161.996
1780770300000,2026-06-06 18:25:00,61.68,62.13,61.68,62.13,373.665
1780770600000,2026-06-06 18:30:00,62.06,62.06,61.7,61.73,277.379
1780770900000,2026-06-06 18:35:00,61.73,61.82,61.65,61.82,3406.919
1780771200000,2026-06-06 18:40:00,61.83,61.83,61.7,61.8,5324.363
1780771500000,2026-06-06 18:45:00,61.79,61.81,61.62,61.65,3948.028
1780771800000,2026-06-06 18:50:00,61.6,61.69,61.57,61.66,2317.986
1780772100000,2026-06-06 18:55:00,61.72,61.8,61.71,61.76,2413.203
1780772400000,2026-06-06 19:00:00,61.74,61.74,61.62,61.66,3467.034
1780772700000,2026-06-06 19:05:00,61.65,62.1,61.65,62.1,2068.747
1780773000000,2026-06-06 19:10:00,62.09,62.19,62.07,62.07,2168.373
1780773300000,2026-06-06 19:15:00,62.08,62.08,61.94,62.06,1883.95
1780773600000,2026-06-06 19:20:00,61.99,61.99,61.92,61.99,1216.991
1780773900000,2026-06-06 19:25:00,61.91,61.92,61.78,61.79,1176.357
1780774200000,2026-06-06 19:30:00,61.78,61.85,61.76,61.8,733.847
1780774500000,2026-06-06 19:35:00,61.81,61.81,61.66,61.73,4136.361
1780774800000,2026-06-06 19:40:00,61.72,61.79,61.67,61.79,3321.453
1780775100000,2026-06-06 19:45:00,61.79,61.82,61.7,61.74,3278.896
1780775400000,2026-06-06 19:50:00,61.73,61.78,61.71,61.74,1721.423
1780775700000,2026-06-06 19:55:00,61.73,61.84,61.64,61.66,4282.906
1780776000000,2026-06-06 20:00:00,61.65,61.74,61.45,61.46,4041.114
1780776300000,2026-06-06 20:05:00,61.45,61.57,61.41,61.57,2063.652
1780776600000,2026-06-06 20:10:00,61.58,61.65,61.53,61.63,2519.881
1780776900000,2026-06-06 20:15:00,61.65,61.76,61.53,61.63,2294.652
1780777200000,2026-06-06 20:20:00,61.64,61.66,61.55,61.55,156.578
1780777500000,2026-06-06 20:25:00,61.57,61.65,61.51,61.52,708.908
1780777800000,2026-06-06 20:30:00,61.5,61.63,61.45,61.63,1335.486
1780778100000,2026-06-06 20:35:00,61.68,61.7,61.58,61.61,373.569
1780778400000,2026-06-06 20:40:00,61.58,61.8,61.58,61.76,608.236
1780778700000,2026-06-06 20:45:00,61.75,61.83,61.65,61.74,320.878
1780779000000,2026-06-06 20:50:00,61.73,61.87,61.73,61.8,958.694
1780779300000,2026-06-06 20:55:00,61.8,61.92,61.77,61.83,114.67
1780779600000,2026-06-06 21:00:00,61.83,61.92,61.83,61.85,102.415
1780779900000,2026-06-06 21:05:00,61.85,61.96,61.85,61.87,314.677
1780780200000,2026-06-06 21:10:00,61.87,62.18,61.87,62.07,241.408
1780780500000,2026-06-06 21:15:00,62.14,62.15,62.03,62.09,97.029
1780780800000,2026-06-06 21:20:00,62.09,62.23,62.08,62.13,84.324
1780781100000,2026-06-06 21:25:00,62.14,62.17,62.08,62.15,106.269
1780781400000,2026-06-06 21:30:00,62.14,62.33,62.14,62.33,126.96
1780781700000,2026-06-06 21:35:00,62.32,62.32,62.11,62.12,35.529
1780782000000,2026-06-06 21:40:00,62.16,62.21,62.07,62.12,71.842
1780782300000,2026-06-06 21:45:00,62.09,62.09,62.01,62.05,119.625
1780782600000,2026-06-06 21:50:00,62.04,62.12,62.03,62.07,44.713
1780782900000,2026-06-06 21:55:00,62.05,62.05,61.91,61.91,144.806
1780783200000,2026-06-06 22:00:00,61.91,61.91,61.56,61.6,549.77
1780783500000,2026-06-06 22:05:00,61.62,61.77,61.52,61.63,95.648
1780783800000,2026-06-06 22:10:00,61.62,61.7,61.61,61.69,29.655
1780784100000,2026-06-06 22:15:00,61.72,61.97,61.71,61.95,314.899
1780784400000,2026-06-06 22:20:00,61.91,61.91,61.59,61.59,117.075
1780784700000,2026-06-06 22:25:00,61.63,61.66,61.49,61.52,54.068
1780785000000,2026-06-06 22:30:00,61.52,61.71,61.49,61.64,87.454
1780785300000,2026-06-06 22:35:00,61.61,61.71,61.61,61.62,60.529
1780785600000,2026-06-06 22:40:00,61.61,61.69,61.6,61.66,138.649
1780785900000,2026-06-06 22:45:00,61.72,61.84,61.72,61.84,136.094
1780786200000,2026-06-06 22:50:00,61.83,61.88,61.72,61.88,124.894
1780786500000,2026-06-06 22:55:00,61.9,61.91,61.8,61.82,563.244
1780786800000,2026-06-06 23:00:00,61.81,62.02,61.71,62.02,313.105
1780787100000,2026-06-06 23:05:00,62.02,62.05,61.97,62.05,489.303
1780787400000,2026-06-06 23:10:00,62.07,62.12,62.04,62.12,248.169
1780787700000,2026-06-06 23:15:00,62.07,62.09,61.87,61.87,860.945
1780788000000,2026-06-06 23:20:00,61.91,61.99,61.91,61.91,150.488
1780788300000,2026-06-06 23:25:00,61.89,61.95,61.82,61.95,834.895
1780788600000,2026-06-06 23:30:00,61.96,62.01,61.92,62.01,216.578
1780788900000,2026-06-06 23:35:00,62.03,62.14,61.99,62.07,390.947
1780789200000,2026-06-06 23:40:00,62.13,62.28,62.13,62.15,676.26
1780789500000,2026-06-06 23:45:00,62.15,62.22,62.11,62.12,173.445
1780789800000,2026-06-06 23:50:00,62.12,62.14,62.12,62.14,176.47
1780790100000,2026-06-06 23:55:00,62.16,62.25,62.16,62.2,78.274
1780790400000,2026-06-07 00:00:00,62.21,62.34,62.18,62.19,633.423
1780790700000,2026-06-07 00:05:00,62.18,62.18,62.04,62.14,314.628
1780791000000,2026-06-07 00:10:00,62.14,62.14,61.97,62.07,447.767
1780791300000,2026-06-07 00:15:00,62.08,62.25,62.08,62.25,555.989
1780791600000,2026-06-07 00:20:00,62.26,62.26,62.15,62.2,240.039
1780791900000,2026-06-07 00:25:00,62.13,62.27,62.11,62.27,233.445
1780792200000,2026-06-07 00:30:00,62.27,62.62,62.27,62.53,1005.823
1780792500000,2026-06-07 00:35:00,62.54,62.57,62.46,62.52,477.194
1780792800000,2026-06-07 00:40:00,62.52,62.52,62.31,62.31,339.182
1780793100000,2026-06-07 00:45:00,62.29,62.32,62.25,62.25,980.899
1780793400000,2026-06-07 00:50:00,62.23,62.31,62.23,62.26,402.254
1780793700000,2026-06-07 00:55:00,62.21,62.23,62.11,62.11,432.562
1780794000000,2026-06-07 01:00:00,62.1,62.74,62.04,62.73,1980.083
1780794300000,2026-06-07 01:05:00,62.74,63.05,62.47,63.05,1852.255
1780794600000,2026-06-07 01:10:00,63.07,63.19,62.88,63.19,1107.982
1780794900000,2026-06-07 01:15:00,63.15,63.54,63.07,63.46,1194.072
1780795200000,2026-06-07 01:20:00,63.46,63.51,63.25,63.47,1024.512
1780795500000,2026-06-07 01:25:00,63.52,63.78,63.49,63.77,1279.306
1780795800000,2026-06-07 01:30:00,63.76,63.76,63.57,63.65,1085.858
1780796100000,2026-06-07 01:35:00,63.66,63.82,63.6,63.6,721.6
1780796400000,2026-06-07 01:40:00,63.61,63.64,63.49,63.6,1004.587
1780796700000,2026-06-07 01:45:00,63.6,63.82,63.52,63.64,823.188
1780797000000,2026-06-07 01:50:00,63.65,63.65,63.45,63.46,253.452
1780797300000,2026-06-07 01:55:00,63.49,63.74,63.49,63.68,1041.283
1780797600000,2026-06-07 02:00:00,63.67,63.72,63.6,63.65,282.483
1780797900000,2026-06-07 02:05:00,63.63,63.73,63.63,63.73,730.03
1780798200000,2026-06-07 02:10:00,63.76,63.76,63.64,63.68,458.396
1780798500000,2026-06-07 02:15:00,63.67,63.67,63.34,63.39,1249.859
1780798800000,2026-06-07 02:20:00,63.4,63.42,63.19,63.35,1318.289
1780799100000,2026-06-07 02:25:00,63.35,63.35,63.13,63.22,1017.123
1780799400000,2026-06-07 02:30:00,63.19,63.35,63.11,63.3,1266.51
1780799700000,2026-06-07 02:35:00,63.29,63.3,63.12,63.27,1133.228
1780800000000,2026-06-07 02:40:00,63.25,63.3,63.2,63.3,1014.948
1780800300000,2026-06-07 02:45:00,63.31,63.58,63.31,63.58,1702.92
1780800600000,2026-06-07 02:50:00,63.58,63.62,63.34,63.5,1319.527
1780800900000,2026-06-07 02:55:00,63.5,63.61,63.5,63.57,548.722
1780801200000,2026-06-07 03:00:00,63.57,63.57,63.43,63.47,1551.218
1780801500000,2026-06-07 03:05:00,63.47,63.6,63.44,63.59,972.953
1780801800000,2026-06-07 03:10:00,63.61,63.69,63.57,63.69,1182.422
1780802100000,2026-06-07 03:15:00,63.7,63.96,63.55,63.96,1529.023
1780802400000,2026-06-07 03:20:00,63.96,63.96,63.77,63.84,537.293
1780802700000,2026-06-07 03:25:00,63.83,64.03,63.74,63.97,1102.972
1780803000000,2026-06-07 03:30:00,64.02,64.02,63.82,63.82,1364.941
1780803300000,2026-06-07 03:35:00,63.88,63.88,63.7,63.7,1332.247
1780803600000,2026-06-07 03:40:00,63.71,63.75,63.58,63.74,735.895
1780803900000,2026-06-07 03:45:00,63.75,63.75,63.61,63.68,939.51
1780804200000,2026-06-07 03:50:00,63.68,63.7,63.64,63.66,1173.323
1780804500000,2026-06-07 03:55:00,63.66,63.81,63.65,63.81,525.045
1780804800000,2026-06-07 04:00:00,63.84,63.85,63.6,63.65,534.357
1780805100000,2026-06-07 04:05:00,63.66,63.69,63.62,63.66,705.56
1780805400000,2026-06-07 04:10:00,63.61,63.61,63.47,63.59,835.128
1780805700000,2026-06-07 04:15:00,63.61,63.62,63.53,63.61,758.194
1780806000000,2026-06-07 04:20:00,63.6,63.6,63.42,63.43,849.047
1780806300000,2026-06-07 04:25:00,63.37,63.41,63.31,63.41,774.948
1780806600000,2026-06-07 04:30:00,63.41,63.62,63.39,63.62,1147.914
1780806900000,2026-06-07 04:35:00,63.64,64.0,63.64,63.98,1455.204
1780807200000,2026-06-07 04:40:00,63.91,64.07,63.91,63.96,783.781
1780807500000,2026-06-07 04:45:00,63.97,64.04,63.88,64.02,892.264
1780807800000,2026-06-07 04:50:00,64.03,64.06,63.96,64.03,692.161
1780808100000,2026-06-07 04:55:00,64.03,64.13,64.0,64.09,996.34
1780808400000,2026-06-07 05:00:00,64.09,64.09,63.98,64.0,685.895
1780808700000,2026-06-07 05:05:00,63.99,64.05,63.94,63.98,868.56
1780809000000,2026-06-07 05:10:00,63.96,64.3,63.91,64.18,963.764
1780809300000,2026-06-07 05:15:00,64.19,64.44,64.05,64.42,758.308
1780809600000,2026-06-07 05:20:00,64.4,64.4,64.11,64.35,682.603
1780809900000,2026-06-07 05:25:00,64.41,64.44,64.18,64.18,681.335
1780810200000,2026-06-07 05:30:00,64.22,64.32,64.06,64.2,815.363
1780810500000,2026-06-07 05:35:00,64.21,64.38,64.21,64.38,1102.391
1780810800000,2026-06-07 05:40:00,64.37,64.37,64.25,64.35,939.425
1780811100000,2026-06-07 05:45:00,64.36,64.44,64.27,64.27,781.225
1780811400000,2026-06-07 05:50:00,64.26,64.28,64.17,64.26,819.862
1780811700000,2026-06-07 05:55:00,64.26,64.3,64.17,64.28,187.08
1780812000000,2026-06-07 06:00:00,64.26,64.28,64.04,64.05,724.811
1780812300000,2026-06-07 06:05:00,64.07,64.19,64.05,64.15,718.64
1780812600000,2026-06-07 06:10:00,64.16,64.22,64.15,64.2,257.276
1780812900000,2026-06-07 06:15:00,64.2,64.45,64.11,64.45,1024.868
1780813200000,2026-06-07 06:20:00,64.45,64.57,64.38,64.54,1183.906
1780813500000,2026-06-07 06:25:00,64.52,64.83,64.4,64.77,643.226
1780813800000,2026-06-07 06:30:00,64.76,64.8,64.7,64.77,889.271
1780814100000,2026-06-07 06:35:00,64.78,64.98,64.77,64.92,1003.628
1780814400000,2026-06-07 06:40:00,64.93,64.96,64.84,64.91,715.034
1780814700000,2026-06-07 06:45:00,64.97,64.99,64.85,64.87,597.956
1780815000000,2026-06-07 06:50:00,64.87,64.96,64.76,64.8,1510.034
1780815300000,2026-06-07 06:55:00,64.79,64.9,64.76,64.9,779.391
1780815600000,2026-06-07 07:00:00,64.86,64.86,64.62,64.82,983.468
1780815900000,2026-06-07 07:05:00,64.78,64.96,64.76,64.92,927.647
1780816200000,2026-06-07 07:10:00,64.94,64.94,64.78,64.82,476.567
1780816500000,2026-06-07 07:15:00,64.81,64.85,64.68,64.68,440.061
1780816800000,2026-06-07 07:20:00,64.73,64.88,64.73,64.88,671.416
1780817100000,2026-06-07 07:25:00,64.9,65.0,64.89,64.95,313.475
1780817400000,2026-06-07 07:30:00,64.96,65.0,64.91,64.97,416.69
1780817700000,2026-06-07 07:35:00,64.96,64.98,64.9,64.92,371.236
1780818000000,2026-06-07 07:40:00,64.92,64.92,64.81,64.85,216.331
1780818300000,2026-06-07 07:45:00,64.84,64.86,64.79,64.79,921.452
1780818600000,2026-06-07 07:50:00,64.78,64.84,64.77,64.84,609.306
1780818900000,2026-06-07 07:55:00,64.84,64.94,64.79,64.93,595.563
1780819200000,2026-06-07 08:00:00,64.93,64.96,64.74,64.75,744.641
1780819500000,2026-06-07 08:05:00,64.75,64.75,64.52,64.61,670.122
1780819800000,2026-06-07 08:10:00,64.6,64.68,64.57,64.68,796.635
1780820100000,2026-06-07 08:15:00,64.66,64.67,64.51,64.63,963.372
1780820400000,2026-06-07 08:20:00,64.68,64.77,64.6,64.74,440.124
1780820700000,2026-06-07 08:25:00,64.75,64.88,64.7,64.88,617.316
1780821000000,2026-06-07 08:30:00,64.87,64.89,64.76,64.86,1156.327
1780821300000,2026-06-07 08:35:00,64.85,65.18,64.84,65.16,1355.491
1780821600000,2026-06-07 08:40:00,65.13,65.28,65.01,65.28,1131.417
1780821900000,2026-06-07 08:45:00,65.29,65.65,65.29,65.51,1183.477
1780822200000,2026-06-07 08:50:00,65.53,65.53,65.51,65.53,720.857
1780822500000,2026-06-07 08:55:00,65.53,65.93,65.53,65.93,1674.266
1780822800000,2026-06-07 09:00:00,65.89,65.98,65.74,65.85,1730.95
1780823100000,2026-06-07 09:05:00,65.84,65.95,65.83,65.9,463.576
1780823400000,2026-06-07 09:10:00,65.9,65.98,65.82,65.98,888.883
1780823700000,2026-06-07 09:15:00,65.99,66.1,65.83,65.94,1707.28
1780824000000,2026-06-07 09:20:00,65.93,65.93,65.6,65.62,900.913
1780824300000,2026-06-07 09:25:00,65.64,65.79,65.58,65.79,584.434
1780824600000,2026-06-07 09:30:00,65.78,65.78,65.21,65.22,608.371
1780824900000,2026-06-07 09:35:00,65.21,65.29,65.15,65.29,828.333
1780825200000,2026-06-07 09:40:00,65.3,65.3,65.12,65.19,1636.352
1780825500000,2026-06-07 09:45:00,65.18,65.18,64.87,64.99,740.436
1780825800000,2026-06-07 09:50:00,64.99,65.17,64.99,65.03,1568.349
1780826100000,2026-06-07 09:55:00,65.03,65.09,65.01,65.01,678.506
1780826400000,2026-06-07 10:00:00,65.01,65.06,64.65,64.88,972.314
1780826700000,2026-06-07 10:05:00,64.87,64.89,64.72,64.72,1504.375
1780827000000,2026-06-07 10:10:00,64.74,64.85,64.74,64.75,261.272
1780827300000,2026-06-07 10:15:00,64.75,64.92,64.75,64.86,1508.014
1780827600000,2026-06-07 10:20:00,64.89,65.04,64.88,65.03,1002.858
1780827900000,2026-06-07 10:25:00,65.03,65.05,64.89,64.96,853.799
1780828200000,2026-06-07 10:30:00,64.98,65.04,64.76,64.87,1345.448
1780828500000,2026-06-07 10:35:00,64.88,64.93,64.73,64.75,921.783
1780828800000,2026-06-07 10:40:00,64.69,64.69,64.62,64.68,1335.763
1780829100000,2026-06-07 10:45:00,64.7,64.7,64.51,64.69,2543.747
1780829400000,2026-06-07 10:50:00,64.67,64.67,64.55,64.62,1407.455
1780829700000,2026-06-07 10:55:00,64.65,64.79,64.62,64.68,1114.099
1780830000000,2026-06-07 11:00:00,64.67,64.76,64.57,64.58,855.333
1780830300000,2026-06-07 11:05:00,64.59,64.81,64.59,64.81,1504.917
1780830600000,2026-06-07 11:10:00,64.8,64.8,64.59,64.65,545.596
1780830900000,2026-06-07 11:15:00,64.64,64.78,64.61,64.65,1190.073
1780831200000,2026-06-07 11:20:00,64.66,64.75,64.61,64.75,527.224
1780831500000,2026-06-07 11:25:00,64.77,64.85,64.74,64.85,894.386
1780831800000,2026-06-07 11:30:00,64.84,64.88,64.78,64.79,688.57
1780832100000,2026-06-07 11:35:00,64.83,65.08,64.83,64.99,1469.962
1780832400000,2026-06-07 11:40:00,64.99,65.07,64.98,65.06,1028.171
1780832700000,2026-06-07 11:45:00,65.07,65.21,65.05,65.14,709.137
1780833000000,2026-06-07 11:50:00,65.23,65.24,65.02,65.13,1738.349
1780833300000,2026-06-07 11:55:00,65.12,65.12,64.99,65.07,493.082
1780833600000,2026-06-07 12:00:00,65.05,65.1,64.98,64.98,436.367
1780833900000,2026-06-07 12:05:00,65.0,65.02,64.55,64.63,773.728
1780834200000,2026-06-07 12:10:00,64.63,64.63,64.0,64.0,1726.428
1780834500000,2026-06-07 12:15:00,64.0,64.26,63.93,63.95,785.511
1780834800000,2026-06-07 12:20:00,64.03,64.25,63.94,64.04,1404.917
1780835100000,2026-06-07 12:25:00,64.03,64.15,63.99,64.05,1931.927
1780835400000,2026-06-07 12:30:00,64.05,64.14,63.8,63.92,895.671
1780835700000,2026-06-07 12:35:00,63.93,64.05,63.93,64.01,1531.379
1780836000000,2026-06-07 12:40:00,64.08,64.08,63.73,63.89,1336.921
1780836300000,2026-06-07 12:45:00,63.93,64.27,63.93,64.27,873.998
1780836600000,2026-06-07 12:50:00,64.28,64.3,64.14,64.23,974.775
1780836900000,2026-06-07 12:55:00,64.25,64.4,64.21,64.3,982.842
1780837200000,2026-06-07 13:00:00,64.33,64.33,64.16,64.21,1054.336
1780837500000,2026-06-07 13:05:00,64.22,64.3,64.1,64.24,914.622
1780837800000,2026-06-07 13:10:00,64.22,64.3,64.18,64.3,672.379
1780838100000,2026-06-07 13:15:00,64.3,64.37,64.14,64.14,1190.224
1780838400000,2026-06-07 13:20:00,64.16,64.23,64.16,64.2,475.393
1780838700000,2026-06-07 13:25:00,64.2,64.39,64.19,64.36,954.196
1780839000000,2026-06-07 13:30:00,64.37,64.43,64.27,64.33,675.204
1780839300000,2026-06-07 13:35:00,64.33,64.33,64.18,64.28,760.177
1780839600000,2026-06-07 13:40:00,64.29,64.38,64.29,64.37,731.386
1780839900000,2026-06-07 13:45:00,64.36,64.38,64.28,64.29,623.599
1780840200000,2026-06-07 13:50:00,64.3,64.42,64.28,64.28,887.332
1780840500000,2026-06-07 13:55:00,64.28,64.39,64.28,64.35,888.425
1780840800000,2026-06-07 14:00:00,64.34,64.55,64.33,64.48,555.849
1780841100000,2026-06-07 14:05:00,64.48,64.57,64.47,64.47,872.839
1780841400000,2026-06-07 14:10:00,64.48,64.48,64.42,64.46,309.291
1780841700000,2026-06-07 14:15:00,64.44,64.69,64.44,64.67,1066.246
1780842000000,2026-06-07 14:20:00,64.68,64.97,64.63,64.91,1719.863
1780842300000,2026-06-07 14:25:00,64.96,65.05,64.89,64.95,1406.033
1780842600000,2026-06-07 14:30:00,64.98,65.24,64.97,65.19,1765.183
1780842900000,2026-06-07 14:35:00,65.25,65.35,65.14,65.16,1070.105
1780843200000,2026-06-07 14:40:00,65.14,65.14,64.79,64.8,770.638
1780843500000,2026-06-07 14:45:00,64.81,64.81,64.65,64.69,776.97
1780843800000,2026-06-07 14:50:00,64.69,64.91,64.63,64.82,1330.884
1780844100000,2026-06-07 14:55:00,64.83,64.94,64.83,64.94,720.945
1780844400000,2026-06-07 15:00:00,64.92,64.93,64.72,64.75,1047.918
1780844700000,2026-06-07 15:05:00,64.78,64.88,64.66,64.88,664.922
1780845000000,2026-06-07 15:10:00,64.85,64.92,64.76,64.9,1161.737
1780845300000,2026-06-07 15:15:00,64.93,64.96,64.64,64.7,700.688
1780845600000,2026-06-07 15:20:00,64.7,64.8,64.66,64.79,1080.542
1780845900000,2026-06-07 15:25:00,64.81,64.96,64.79,64.96,613.694
1780846200000,2026-06-07 15:30:00,64.95,65.09,64.93,65.04,1227.975
1780846500000,2026-06-07 15:35:00,65.04,65.14,65.04,65.1,366.442
1780846800000,2026-06-07 15:40:00,65.16,65.24,65.1,65.14,795.18
1780847100000,2026-06-07 15:45:00,65.14,65.14,64.82,64.87,826.093
1780847400000,2026-06-07 15:50:00,64.89,65.05,64.86,64.86,930.505
1780847700000,2026-06-07 15:55:00,64.88,64.97,64.8,64.97,428.924
1780848000000,2026-06-07 16:00:00,64.99,65.03,64.86,64.94,1859.457
1780848300000,2026-06-07 16:05:00,64.95,64.95,64.78,64.9,1084.511
1780848600000,2026-06-07 16:10:00,64.9,65.06,64.81,65.03,939.392
1780848900000,2026-06-07 16:15:00,65.0,65.13,65.0,65.11,895.651
1780849200000,2026-06-07 16:20:00,65.1,65.15,65.07,65.13,883.004
1780849500000,2026-06-07 16:25:00,65.13,65.15,64.98,65.03,848.187
1780849800000,2026-06-07 16:30:00,64.99,65.21,64.96,65.18,1929.16
1780850100000,2026-06-07 16:35:00,65.17,65.3,65.16,65.3,1110.897
1780850400000,2026-06-07 16:40:00,65.29,65.29,65.18,65.18,1210.641
1780850700000,2026-06-07 16:45:00,65.19,65.27,65.09,65.16,865.533
1780851000000,2026-06-07 16:50:00,65.19,65.32,65.19,65.32,1072.9
1780851300000,2026-06-07 16:55:00,65.28,65.28,64.96,65.15,957.362
1780851600000,2026-06-07 17:00:00,65.16,65.4,65.09,65.4,1086.197
1780851900000,2026-06-07 17:05:00,65.41,65.58,65.33,65.57,1496.707
1780852200000,2026-06-07 17:10:00,65.51,65.55,65.38,65.46,806.821
1780852500000,2026-06-07 17:15:00,65.48,65.53,65.37,65.43,684.969
1780852800000,2026-06-07 17:20:00,65.43,65.52,65.41,65.42,885.358
1780853100000,2026-06-07 17:25:00,65.44,65.49,65.41,65.49,491.219
1780853400000,2026-06-07 17:30:00,65.45,65.53,65.44,65.49,382.317
1780853700000,2026-06-07 17:35:00,65.5,65.6,65.49,65.49,148.737
1780854000000,2026-06-07 17:40:00,65.46,65.55,65.44,65.46,185.749
1780854300000,2026-06-07 17:45:00,65.44,65.44,65.26,65.31,614.981
1780854600000,2026-06-07 17:50:00,65.34,65.37,65.19,65.28,1121.293
1780854900000,2026-06-07 17:55:00,65.3,65.37,65.3,65.31,237.659
1780855200000,2026-06-07 18:00:00,65.33,65.48,65.32,65.39,100.256
1780855500000,2026-06-07 18:05:00,65.38,65.47,65.36,65.43,1002.267
1780855800000,2026-06-07 18:10:00,65.42,65.58,65.41,65.56,69.227
1780856100000,2026-06-07 18:15:00,65.52,65.52,65.27,65.32,86.42
1780856400000,2026-06-07 18:20:00,65.31,65.39,65.31,65.37,152.925
1780856700000,2026-06-07 18:25:00,65.4,65.44,65.37,65.44,230.838
1780857000000,2026-06-07 18:30:00,65.45,65.54,65.41,65.43,390.722
1780857300000,2026-06-07 18:35:00,65.37,65.39,65.3,65.36,305.027
1780857600000,2026-06-07 18:40:00,65.36,65.36,65.3,65.3,71.837
1780857900000,2026-06-07 18:45:00,65.31,65.36,65.12,65.12,475.614
1780858200000,2026-06-07 18:50:00,65.09,65.14,65.02,65.14,409.139
1780858500000,2026-06-07 18:55:00,65.13,65.15,64.94,64.95,337.514
1780858800000,2026-06-07 19:00:00,64.94,64.97,64.49,64.71,518.456
1780859100000,2026-06-07 19:05:00,64.62,64.62,64.27,64.27,931.714
1780859400000,2026-06-07 19:10:00,64.25,64.49,64.19,64.39,941.043
1780859700000,2026-06-07 19:15:00,64.33,64.33,63.88,63.94,410.954
1780860000000,2026-06-07 19:20:00,63.94,64.2,63.93,64.08,244.3
1780860300000,2026-06-07 19:25:00,64.07,64.07,63.82,64.02,1032.171
1780860600000,2026-06-07 19:30:00,64.05,64.08,63.82,63.99,48.103
1780860900000,2026-06-07 19:35:00,63.94,63.94,63.78,63.84,414.585
1780861200000,2026-06-07 19:40:00,63.83,63.94,63.7,63.77,55.309
1780861500000,2026-06-07 19:45:00,63.78,63.93,63.66,63.93,191.174
1780861800000,2026-06-07 19:50:00,63.94,64.11,63.88,63.96,1360.232
1780862100000,2026-06-07 19:55:00,63.97,63.98,63.92,63.94,31.397
1780862400000,2026-06-07 20:00:00,63.95,64.06,63.76,64.06,402.814
1780862700000,2026-06-07 20:05:00,64.1,64.14,64.06,64.14,727.559
1780863000000,2026-06-07 20:10:00,64.15,64.4,64.15,64.27,944.814
1780863300000,2026-06-07 20:15:00,64.27,64.29,64.12,64.29,647.179
1780863600000,2026-06-07 20:20:00,64.27,64.64,64.27,64.52,300.104
1780863900000,2026-06-07 20:25:00,64.51,64.56,64.44,64.49,147.293
1780864200000,2026-06-07 20:30:00,64.51,64.63,64.51,64.6,818.635
1780864500000,2026-06-07 20:35:00,64.6,64.6,64.48,64.52,225.348
1780864800000,2026-06-07 20:40:00,64.43,64.54,64.42,64.54,409.389
1780865100000,2026-06-07 20:45:00,64.53,64.58,64.48,64.58,403.512
1780865400000,2026-06-07 20:50:00,64.61,64.8,64.57,64.7,335.181
1780865700000,2026-06-07 20:55:00,64.64,64.79,64.62,64.72,1495.972
1780866000000,2026-06-07 21:00:00,64.69,64.73,64.53,64.53,53.946
1780866300000,2026-06-07 21:05:00,64.52,64.61,64.52,64.56,442.495
1780866600000,2026-06-07 21:10:00,64.5,64.91,64.49,64.77,549.03
1780866900000,2026-06-07 21:15:00,64.83,64.87,64.71,64.72,588.124
1780867200000,2026-06-07 21:20:00,64.71,64.71,64.59,64.67,15.289
1780867500000,2026-06-07 21:25:00,64.69,64.72,64.6,64.64,66.535
1780867800000,2026-06-07 21:30:00,64.58,64.61,64.52,64.52,364.617
1780868100000,2026-06-07 21:35:00,64.43,64.5,64.41,64.46,1130.856
1780868400000,2026-06-07 21:40:00,64.4,64.4,64.32,64.34,868.65
1780868700000,2026-06-07 21:45:00,64.35,64.45,64.35,64.4,200.655
1780869000000,2026-06-07 21:50:00,64.42,64.43,64.35,64.43,158.19
1780869300000,2026-06-07 21:55:00,64.43,64.61,64.38,64.59,331.079
1780869600000,2026-06-07 22:00:00,64.62,64.83,64.57,64.73,2579.958
1780869900000,2026-06-07 22:05:00,64.69,65.0,64.64,64.98,1084.678
1780870200000,2026-06-07 22:10:00,65.01,67.18,64.96,67.17,2801.686
1780870500000,2026-06-07 22:15:00,67.17,67.72,66.7,66.7,1610.954
1780870800000,2026-06-07 22:20:00,66.68,66.69,66.31,66.33,938.818
1780871100000,2026-06-07 22:25:00,66.33,66.43,66.09,66.24,604.099
1780871400000,2026-06-07 22:30:00,66.28,66.3,65.91,66.2,1580.778
1780871700000,2026-06-07 22:35:00,66.24,66.76,66.24,66.28,989.473
1780872000000,2026-06-07 22:40:00,66.26,66.42,66.19,66.27,77.65
1780872300000,2026-06-07 22:45:00,66.29,66.44,66.25,66.36,88.585
1780872600000,2026-06-07 22:50:00,66.33,66.33,66.12,66.12,559.172
1780872900000,2026-06-07 22:55:00,66.09,66.09,65.76,65.9,767.362
1780873200000,2026-06-07 23:00:00,65.8,66.14,65.78,65.91,960.147
1780873500000,2026-06-07 23:05:00,65.9,65.95,65.8,65.95,816.64
1780873800000,2026-06-07 23:10:00,65.95,66.09,65.95,66.05,423.701
1780874100000,2026-06-07 23:15:00,66.12,66.15,65.82,65.95,689.939
1780874400000,2026-06-07 23:20:00,65.91,66.11,65.82,65.97,1532.431
1780874700000,2026-06-07 23:25:00,65.95,66.34,65.95,66.29,54.586
1780875000000,2026-06-07 23:30:00,66.34,66.36,66.17,66.19,1107.666
1780875300000,2026-06-07 23:35:00,66.07,66.21,66.05,66.17,461.074
1780875600000,2026-06-07 23:40:00,66.22,66.26,66.15,66.2,1159.723
1780875900000,2026-06-07 23:45:00,66.2,66.53,66.18,66.53,371.224
1780876200000,2026-06-07 23:50:00,66.31,66.32,66.21,66.3,733.484
1780876500000,2026-06-07 23:55:00,66.28,66.43,66.26,66.41,443.108
1780876800000,2026-06-08 00:00:00,66.5,66.54,66.34,66.42,2251.341
1780877100000,2026-06-08 00:05:00,66.47,66.48,66.16,66.23,2037.814
1780877400000,2026-06-08 00:10:00,66.23,66.23,66.05,66.19,754.62
1780877700000,2026-06-08 00:15:00,66.2,66.22,66.08,66.09,812.354
1780878000000,2026-06-08 00:20:00,66.16,66.28,66.07,66.23,1204.196
1780878300000,2026-06-08 00:25:00,66.2,66.56,66.18,66.48,732.48
1780878600000,2026-06-08 00:30:00,66.54,66.78,66.42,66.55,1993.319
1780878900000,2026-06-08 00:35:00,66.53,67.02,66.53,67.02,993.171
1780879200000,2026-06-08 00:40:00,67.02,67.06,66.78,66.78,1476.244
1780879500000,2026-06-08 00:45:00,66.79,66.9,66.56,66.9,1416.73
1780879800000,2026-06-08 00:50:00,66.89,66.96,66.74,66.75,599.899
1780880100000,2026-06-08 00:55:00,66.8,66.8,66.56,66.73,1304.273
1780880400000,2026-06-08 01:00:00,66.73,66.74,66.48,66.52,1344.75
1780880700000,2026-06-08 01:05:00,66.47,66.48,66.3,66.32,913.861
1780881000000,2026-06-08 01:10:00,66.29,66.29,66.0,66.0,1225.002
1780881300000,2026-06-08 01:15:00,66.01,66.02,65.8,65.95,1438.837
1780881600000,2026-06-08 01:20:00,65.95,66.0,65.73,65.73,1643.898
1780881900000,2026-06-08 01:25:00,65.66,65.81,65.51,65.53,924.405
1780882200000,2026-06-08 01:30:00,65.53,65.83,65.41,65.83,1169.463
1780882500000,2026-06-08 01:35:00,65.87,65.93,65.72,65.81,1535.105
1780882800000,2026-06-08 01:40:00,65.82,66.02,65.82,65.95,1778.854
1780883100000,2026-06-08 01:45:00,65.98,66.1,65.98,66.01,1226.324
1780883400000,2026-06-08 01:50:00,66.0,66.14,65.88,65.95,1153.279
1780883700000,2026-06-08 01:55:00,65.95,66.27,65.95,66.14,606.709
1780884000000,2026-06-08 02:00:00,66.15,66.26,66.07,66.16,1034.203
1780884300000,2026-06-08 02:05:00,66.16,66.34,66.1,66.15,880.314
1780884600000,2026-06-08 02:10:00,66.2,66.46,66.2,66.45,1393.827
1780884900000,2026-06-08 02:15:00,66.45,66.46,66.19,66.19,1803.507
1780885200000,2026-06-08 02:20:00,66.23,66.53,66.23,66.53,977.531
1780885500000,2026-06-08 02:25:00,66.54,66.62,66.41,66.51,1571.874
1780885800000,2026-06-08 02:30:00,66.49,66.49,66.25,66.25,574.465
1780886100000,2026-06-08 02:35:00,66.24,66.44,66.17,66.38,1832.115
1780886400000,2026-06-08 02:40:00,66.35,66.43,66.28,66.42,1247.915
1780886700000,2026-06-08 02:45:00,66.39,66.39,66.21,66.38,1373.832
1780887000000,2026-06-08 02:50:00,66.39,66.46,66.38,66.4,749.655
1780887300000,2026-06-08 02:55:00,66.42,66.47,66.4,66.47,821.726
1780887600000,2026-06-08 03:00:00,66.45,66.5,66.34,66.34,790.591
1780887900000,2026-06-08 03:05:00,66.32,66.54,66.26,66.5,1109.179
1780888200000,2026-06-08 03:10:00,66.5,66.72,66.5,66.57,1432.268
1780888500000,2026-06-08 03:15:00,66.57,66.6,66.39,66.4,1020.126
1780888800000,2026-06-08 03:20:00,66.38,66.52,66.35,66.42,1281.574
1780889100000,2026-06-08 03:25:00,66.43,66.45,66.27,66.28,426.106
1780889400000,2026-06-08 03:30:00,66.29,66.42,66.29,66.39,505.849
1780889700000,2026-06-08 03:35:00,66.41,66.42,66.27,66.27,550.371
1780890000000,2026-06-08 03:40:00,66.29,66.41,66.24,66.3,1274.268
1780890300000,2026-06-08 03:45:00,66.28,66.34,66.2,66.25,1338.361
1780890600000,2026-06-08 03:50:00,66.24,66.37,66.24,66.34,1111.467
1780890900000,2026-06-08 03:55:00,66.37,66.43,66.32,66.33,188.778
1780891200000,2026-06-08 04:00:00,66.35,66.42,66.07,66.14,1516.389
1780891500000,2026-06-08 04:05:00,66.14,66.15,65.86,65.97,1448.196
1780891800000,2026-06-08 04:10:00,65.98,66.01,65.86,65.95,1155.704
1780892100000,2026-06-08 04:15:00,65.95,65.95,65.75,65.76,1118.697
1780892400000,2026-06-08 04:20:00,65.72,65.79,65.61,65.72,1644.667
1780892700000,2026-06-08 04:25:00,65.73,65.81,65.69,65.74,1202.641
1780893000000,2026-06-08 04:30:00,65.76,65.86,65.52,65.53,1046.047
1780893300000,2026-06-08 04:35:00,65.53,65.55,65.46,65.49,1284.375
1780893600000,2026-06-08 04:40:00,65.5,65.55,65.38,65.46,776.583
1780893900000,2026-06-08 04:45:00,65.44,65.67,65.44,65.67,1066.469
1780894200000,2026-06-08 04:50:00,65.64,65.73,65.53,65.61,728.876
1780894500000,2026-06-08 04:55:00,65.6,65.68,65.56,65.6,513.884
1780894800000,2026-06-08 05:00:00,65.59,65.65,65.44,65.55,810.065
1780895100000,2026-06-08 05:05:00,65.54,65.56,65.29,65.38,485.994
1780895400000,2026-06-08 05:10:00,65.38,65.48,65.19,65.19,635.081
1780895700000,2026-06-08 05:15:00,65.19,65.41,65.15,65.34,709.967
1780896000000,2026-06-08 05:20:00,65.34,65.43,65.31,65.34,1187.777
1780896300000,2026-06-08 05:25:00,65.33,65.5,65.23,65.4,902.2
1780896600000,2026-06-08 05:30:00,65.43,65.43,65.27,65.28,1915.176
1780896900000,2026-06-08 05:35:00,65.28,65.3,65.12,65.14,951.004
1780897200000,2026-06-08 05:40:00,65.14,65.17,65.0,65.11,835.37
1780897500000,2026-06-08 05:45:00,65.11,65.2,65.07,65.12,1116.435
1780897800000,2026-06-08 05:50:00,65.16,65.27,65.14,65.24,1058.249
1780898100000,2026-06-08 05:55:00,65.26,65.32,65.23,65.3,883.01
1780898400000,2026-06-08 06:00:00,65.29,65.62,65.29,65.58,1214.428
1780898700000,2026-06-08 06:05:00,65.58,65.63,65.49,65.62,1086.662
1780899000000,2026-06-08 06:10:00,65.62,65.7,65.56,65.56,868.353
1780899300000,2026-06-08 06:15:00,65.54,65.77,65.5,65.77,1654.349
1780899600000,2026-06-08 06:20:00,65.72,65.81,65.65,65.7,1403.152
1780899900000,2026-06-08 06:25:00,65.65,65.85,65.65,65.8,1164.724
1780900200000,2026-06-08 06:30:00,65.78,65.81,65.73,65.76,653.957
1780900500000,2026-06-08 06:35:00,65.75,65.79,65.63,65.65,1073.347
1780900800000,2026-06-08 06:40:00,65.64,65.77,65.6,65.77,1496.884
1780901100000,2026-06-08 06:45:00,65.77,65.77,65.66,65.67,621.855
1780901400000,2026-06-08 06:50:00,65.68,65.77,65.61,65.77,766.929
1780901700000,2026-06-08 06:55:00,65.76,65.76,65.64,65.69,1310.632
1780902000000,2026-06-08 07:00:00,65.7,65.73,65.45,65.49,1345.962
1780902300000,2026-06-08 07:05:00,65.45,65.54,65.4,65.54,1187.522
1780902600000,2026-06-08 07:10:00,65.53,65.87,65.53,65.71,1467.79
1780902900000,2026-06-08 07:15:00,65.7,65.82,65.56,65.7,2493.682
1780903200000,2026-06-08 07:20:00,65.76,65.89,65.76,65.89,794.146
1780903500000,2026-06-08 07:25:00,65.9,66.03,65.87,65.97,849.083
1780903800000,2026-06-08 07:30:00,65.99,66.08,65.94,65.99,1667.462
1780904100000,2026-06-08 07:35:00,65.94,66.04,65.91,66.03,888.486
1780904400000,2026-06-08 07:40:00,66.04,66.04,65.92,65.96,888.029
1780904700000,2026-06-08 07:45:00,65.98,66.22,65.95,66.22,871.347
1780905000000,2026-06-08 07:50:00,66.22,66.22,66.06,66.07,1350.184
1780905300000,2026-06-08 07:55:00,66.07,66.17,66.07,66.08,1189.173
1780905600000,2026-06-08 08:00:00,66.08,66.08,66.02,66.03,1671.891
1780905900000,2026-06-08 08:05:00,66.02,66.03,65.82,65.9,2131.773
1780906200000,2026-06-08 08:10:00,65.91,65.95,65.88,65.95,1342.397
1780906500000,2026-06-08 08:15:00,65.95,65.98,65.8,65.87,600.015
1780906800000,2026-06-08 08:20:00,65.84,65.84,65.51,65.66,1719.322
1780907100000,2026-06-08 08:25:00,65.65,65.77,65.65,65.7,931.91
1780907400000,2026-06-08 08:30:00,65.73,65.86,65.68,65.86,1214.733
1780907700000,2026-06-08 08:35:00,65.86,65.86,65.68,65.71,1714.204
1780908000000,2026-06-08 08:40:00,65.71,65.71,65.57,65.69,1095.879
1780908300000,2026-06-08 08:45:00,65.68,65.68,65.55,65.62,1505.697
1780908600000,2026-06-08 08:50:00,65.6,65.6,65.45,65.55,1565.045
1780908900000,2026-06-08 08:55:00,65.55,65.69,65.51,65.67,1912.829
1780909200000,2026-06-08 09:00:00,65.63,65.86,65.62,65.83,758.396
1780909500000,2026-06-08 09:05:00,65.86,65.88,65.7,65.7,977.93
1780909800000,2026-06-08 09:10:00,65.7,65.86,65.61,65.86,1382.235
1780910100000,2026-06-08 09:15:00,65.87,66.11,65.82,66.08,1796.783
1780910400000,2026-06-08 09:20:00,66.1,66.16,66.05,66.05,677.943
1780910700000,2026-06-08 09:25:00,66.02,66.09,66.02,66.06,2782.558
1780911000000,2026-06-08 09:30:00,66.06,66.06,65.82,65.82,2326.167
1780911300000,2026-06-08 09:35:00,65.81,66.18,65.81,66.14,2679.678
1780911600000,2026-06-08 09:40:00,66.14,66.15,65.97,66.15,1084.473
1780911900000,2026-06-08 09:45:00,66.14,66.24,66.12,66.22,548.945
1780912200000,2026-06-08 09:50:00,66.27,66.28,66.23,66.24,1026.059
1780912500000,2026-06-08 09:55:00,66.28,66.37,66.24,66.37,1203.068
1780912800000,2026-06-08 10:00:00,66.39,66.42,66.23,66.28,624.68
1780913100000,2026-06-08 10:05:00,66.3,66.37,66.26,66.29,1598.826
1780913400000,2026-06-08 10:10:00,66.22,66.31,66.2,66.24,505.177
1780913700000,2026-06-08 10:15:00,66.21,66.25,66.07,66.07,312.946
1780914000000,2026-06-08 10:20:00,66.05,66.11,65.99,66.0,1194.994
1780914300000,2026-06-08 10:25:00,65.94,65.95,65.81,65.93,1150.337
1780914600000,2026-06-08 10:30:00,65.91,66.35,65.88,66.35,1494.55
1780914900000,2026-06-08 10:35:00,66.34,66.34,66.2,66.23,709.389
1780915200000,2026-06-08 10:40:00,66.21,66.27,66.15,66.16,631.635
1780915500000,2026-06-08 10:45:00,66.2,66.21,66.06,66.19,1516.567
1780915800000,2026-06-08 10:50:00,66.17,66.2,66.08,66.18,1123.256
1780916100000,2026-06-08 10:55:00,66.16,66.2,66.12,66.2,615.725
1780916400000,2026-06-08 11:00:00,66.18,66.21,66.05,66.08,673.144
1780916700000,2026-06-08 11:05:00,66.09,66.22,66.04,66.21,2575.52
1780917000000,2026-06-08 11:10:00,66.23,66.51,66.15,66.41,720.02
1780917300000,2026-06-08 11:15:00,66.42,66.7,66.42,66.7,1468.098
1780917600000,2026-06-08 11:20:00,66.69,66.89,66.64,66.83,803.478
1780917900000,2026-06-08 11:25:00,66.8,66.88,66.78,66.79,404.234
1780918200000,2026-06-08 11:30:00,66.81,66.88,66.72,66.72,649.658
1780918500000,2026-06-08 11:35:00,66.75,67.06,66.75,66.98,1010.281
1780918800000,2026-06-08 11:40:00,66.98,66.98,66.8,66.84,406.212
1780919100000,2026-06-08 11:45:00,66.84,66.88,66.59,66.64,568.929
1780919400000,2026-06-08 11:50:00,66.66,66.79,66.66,66.73,1165.515
1780919700000,2026-06-08 11:55:00,66.73,66.74,66.65,66.68,766.626
1780920000000,2026-06-08 12:00:00,66.72,66.85,66.22,66.22,3417.803
1780920300000,2026-06-08 12:05:00,66.2,66.34,66.08,66.25,932.096
1780920600000,2026-06-08 12:10:00,66.25,66.35,66.13,66.13,654.712
1780920900000,2026-06-08 12:15:00,66.09,66.26,66.08,66.11,1632.356
1780921200000,2026-06-08 12:20:00,66.11,66.24,66.04,66.21,1879.367
1780921500000,2026-06-08 12:25:00,66.25,66.43,66.25,66.43,323.13
1780921800000,2026-06-08 12:30:00,66.43,66.66,66.43,66.5,1372.808
1780922100000,2026-06-08 12:35:00,66.54,66.74,66.51,66.69,1690.664
1780922400000,2026-06-08 12:40:00,66.69,67.19,66.63,67.08,953.904
1780922700000,2026-06-08 12:45:00,67.08,67.09,66.95,66.97,1156.688
1780923000000,2026-06-08 12:50:00,66.98,67.02,66.89,67.0,1276.959
1780923300000,2026-06-08 12:55:00,66.97,67.28,66.96,67.25,1194.916
1780923600000,2026-06-08 13:00:00,67.24,67.27,67.01,67.01,1842.461
1780923900000,2026-06-08 13:05:00,67.02,67.12,66.97,67.12,973.923
1780924200000,2026-06-08 13:10:00,67.09,67.09,66.88,66.92,1213.973
1780924500000,2026-06-08 13:15:00,66.9,66.99,66.81,66.89,723.207
1780924800000,2026-06-08 13:20:00,66.9,67.13,66.88,67.01,1055.663
1780925100000,2026-06-08 13:25:00,67.01,67.01,66.82,66.84,644.596
1780925400000,2026-06-08 13:30:00,66.84,66.9,66.57,66.65,1848.964
1780925700000,2026-06-08 13:35:00,66.72,66.92,66.63,66.63,1008.23
1780926000000,2026-06-08 13:40:00,66.63,66.73,66.57,66.61,1672.39
1780926300000,2026-06-08 13:45:00,66.59,66.73,66.43,66.64,2126.934
1780926600000,2026-06-08 13:50:00,66.65,66.94,66.6,66.78,2484.408
1780926900000,2026-06-08 13:55:00,66.79,66.87,66.68,66.84,2410.717
1780927200000,2026-06-08 14:00:00,66.83,66.87,66.48,66.5,1681.367
1780927500000,2026-06-08 14:05:00,66.53,66.82,66.48,66.82,2233.649
1780927800000,2026-06-08 14:10:00,66.8,66.89,66.66,66.84,3169.949
1780928100000,2026-06-08 14:15:00,66.85,66.85,66.65,66.72,2218.962
1780928400000,2026-06-08 14:20:00,66.78,66.9,66.68,66.85,2303.721
1780928700000,2026-06-08 14:25:00,66.85,66.91,66.8,66.84,1523.973
1780929000000,2026-06-08 14:30:00,66.82,67.01,66.8,66.99,2854.228
1780929300000,2026-06-08 14:35:00,67.02,67.02,66.87,66.88,2457.227
1780929600000,2026-06-08 14:40:00,66.87,67.0,66.76,66.9,1948.635
1780929900000,2026-06-08 14:45:00,66.9,67.0,66.87,66.9,1637.301
1780930200000,2026-06-08 14:50:00,66.93,67.06,66.85,67.03,1715.696
1780930500000,2026-06-08 14:55:00,67.03,67.3,67.03,67.28,753.495
1780930800000,2026-06-08 15:00:00,67.28,67.5,67.27,67.31,2457.793
1780931100000,2026-06-08 15:05:00,67.31,67.46,67.23,67.44,1457.902
1780931400000,2026-06-08 15:10:00,67.44,67.79,67.44,67.78,1942.303
1780931700000,2026-06-08 15:15:00,67.77,67.79,67.44,67.68,1277.78
1780932000000,2026-06-08 15:20:00,67.7,67.76,67.5,67.65,1097.345
1780932300000,2026-06-08 15:25:00,67.65,67.65,67.47,67.47,883.207
1780932600000,2026-06-08 15:30:00,67.47,67.47,67.21,67.25,3370.511
1780932900000,2026-06-08 15:35:00,67.25,67.43,67.18,67.35,952.177
1780933200000,2026-06-08 15:40:00,67.41,67.43,67.28,67.36,1471.908
1780933500000,2026-06-08 15:45:00,67.38,67.43,67.28,67.28,1254.054
1780933800000,2026-06-08 15:50:00,67.29,67.55,67.26,67.28,2827.266
1780934100000,2026-06-08 15:55:00,67.32,67.33,67.06,67.1,406.642
1780934400000,2026-06-08 16:00:00,67.11,67.26,67.03,67.26,799.306
1780934700000,2026-06-08 16:05:00,67.27,67.38,67.27,67.3,377.608
1780935000000,2026-06-08 16:10:00,67.31,67.45,67.25,67.4,556.281
1780935300000,2026-06-08 16:15:00,67.39,67.62,67.39,67.57,397.565
1780935600000,2026-06-08 16:20:00,67.57,67.7,67.51,67.7,792.89
1780935900000,2026-06-08 16:25:00,67.72,67.74,67.5,67.53,436.355
1780936200000,2026-06-08 16:30:00,67.53,67.55,67.15,67.15,953.734
1780936500000,2026-06-08 16:35:00,67.12,67.23,67.07,67.19,517.859
1780936800000,2026-06-08 16:40:00,67.19,67.34,67.14,67.17,777.256
1780937100000,2026-06-08 16:45:00,67.19,67.23,67.1,67.16,1784.49
1780937400000,2026-06-08 16:50:00,67.16,67.19,67.03,67.03,557.192
1780937700000,2026-06-08 16:55:00,67.02,67.02,66.92,66.96,820.699
1780938000000,2026-06-08 17:00:00,66.98,66.98,66.6,66.78,1402.65
1780938300000,2026-06-08 17:05:00,66.78,66.9,66.64,66.64,373.163
1780938600000,2026-06-08 17:10:00,66.65,66.74,66.56,66.68,3920.812
1780938900000,2026-06-08 17:15:00,66.68,66.8,66.68,66.75,696.942
1780939200000,2026-06-08 17:20:00,66.76,66.97,66.76,66.94,1031.469
1780939500000,2026-06-08 17:25:00,66.95,67.14,66.95,67.11,412.487
1780939800000,2026-06-08 17:30:00,67.14,67.15,66.81,66.86,438.448
1780940100000,2026-06-08 17:35:00,66.9,66.9,66.74,66.87,706.773
1780940400000,2026-06-08 17:40:00,66.88,66.97,66.71,66.97,594.864
1780940700000,2026-06-08 17:45:00,66.95,67.12,66.95,67.12,392.911
1780941000000,2026-06-08 17:50:00,67.13,67.28,67.13,67.26,1213.202
1780941300000,2026-06-08 17:55:00,67.28,67.37,67.22,67.37,381.415
1780941600000,2026-06-08 18:00:00,67.37,67.55,67.37,67.49,1161.388
1780941900000,2026-06-08 18:05:00,67.49,67.59,67.43,67.54,1553.136
1780942200000,2026-06-08 18:10:00,67.53,67.57,67.4,67.46,1355.202
1780942500000,2026-06-08 18:15:00,67.45,67.49,67.39,67.44,772.928
1780942800000,2026-06-08 18:20:00,67.45,67.51,67.4,67.47,401.907
1780943100000,2026-06-08 18:25:00,67.41,67.54,67.41,67.53,526.841
1780943400000,2026-06-08 18:30:00,67.55,67.6,67.35,67.35,551.773
1780943700000,2026-06-08 18:35:00,67.34,67.41,67.28,67.29,228.617
1780944000000,2026-06-08 18:40:00,67.29,67.37,67.24,67.36,290.967
1780944300000,2026-06-08 18:45:00,67.36,67.43,67.2,67.2,298.117
1780944600000,2026-06-08 18:50:00,67.23,67.41,67.16,67.36,345.367
1780944900000,2026-06-08 18:55:00,67.38,67.53,67.37,67.44,693.795
1780945200000,2026-06-08 19:00:00,67.43,67.7,67.39,67.68,853.243
1780945500000,2026-06-08 19:05:00,67.64,67.7,67.53,67.53,800.407
1780945800000,2026-06-08 19:10:00,67.53,67.68,67.44,67.54,684.986
1780946100000,2026-06-08 19:15:00,67.54,67.61,67.45,67.57,669.913
1780946400000,2026-06-08 19:20:00,67.58,67.78,67.57,67.64,665.715
1780946700000,2026-06-08 19:25:00,67.64,67.81,67.59,67.59,896.078
1780947000000,2026-06-08 19:30:00,67.6,67.72,67.57,67.71,426.518
1780947300000,2026-06-08 19:35:00,67.69,67.72,67.56,67.57,1365.25
1780947600000,2026-06-08 19:40:00,67.51,67.64,67.48,67.6,1007.276
1780947900000,2026-06-08 19:45:00,67.58,67.58,67.44,67.48,873.819
1780948200000,2026-06-08 19:50:00,67.51,67.52,67.4,67.47,751.94
1780948500000,2026-06-08 19:55:00,67.42,67.47,67.29,67.47,486.097
1780948800000,2026-06-08 20:00:00,67.47,67.51,67.39,67.45,473.886
1780949100000,2026-06-08 20:05:00,67.45,67.51,67.3,67.3,2109.72
1780949400000,2026-06-08 20:10:00,67.3,67.34,67.04,67.09,1910.642
1780949700000,2026-06-08 20:15:00,67.1,67.12,66.96,67.02,470.411
1780950000000,2026-06-08 20:20:00,67.01,67.18,66.95,67.14,1030.563
1780950300000,2026-06-08 20:25:00,67.15,67.15,67.0,67.02,647.497
1780950600000,2026-06-08 20:30:00,67.03,67.16,66.99,67.16,679.153
1780950900000,2026-06-08 20:35:00,67.16,67.28,67.16,67.26,689.27
1780951200000,2026-06-08 20:40:00,67.31,67.38,67.24,67.33,710.979
1780951500000,2026-06-08 20:45:00,67.34,67.36,67.25,67.36,659.187
1780951800000,2026-06-08 20:50:00,67.33,67.34,67.25,67.31,880.033
1780952100000,2026-06-08 20:55:00,67.34,67.45,67.34,67.43,208.166
1780952400000,2026-06-08 21:00:00,67.43,67.61,67.43,67.61,932.914
1780952700000,2026-06-08 21:05:00,67.61,68.11,67.56,68.1,836.869
1780953000000,2026-06-08 21:10:00,68.1,68.1,67.9,67.95,1340.474
1780953300000,2026-06-08 21:15:00,67.93,68.01,67.72,67.76,929.53
1780953600000,2026-06-08 21:20:00,67.77,67.86,67.77,67.83,739.621
1780953900000,2026-06-08 21:25:00,67.84,67.93,67.8,67.8,633.014
1780954200000,2026-06-08 21:30:00,67.83,67.83,67.74,67.76,223.568
1780954500000,2026-06-08 21:35:00,67.77,67.88,67.77,67.78,491.078
1780954800000,2026-06-08 21:40:00,67.81,67.88,67.81,67.88,644.877
1780955100000,2026-06-08 21:45:00,67.88,67.93,67.75,67.78,773.224
1780955400000,2026-06-08 21:50:00,67.78,67.78,67.65,67.68,410.469
1780955700000,2026-06-08 21:55:00,67.65,67.69,67.48,67.49,1295.529
1780956000000,2026-06-08 22:00:00,67.48,67.48,67.2,67.28,1507.55
1780956300000,2026-06-08 22:05:00,67.31,67.38,67.2,67.21,2067.54
1780956600000,2026-06-08 22:10:00,67.2,67.25,67.05,67.05,3568.89
1780956900000,2026-06-08 22:15:00,67.05,67.07,66.86,66.9,1450.916
1780957200000,2026-06-08 22:20:00,66.93,67.18,66.93,67.11,572.48
1780957500000,2026-06-08 22:25:00,67.14,67.15,67.08,67.09,842.145
1780957800000,2026-06-08 22:30:00,67.08,67.11,66.96,67.01,775.088
1780958100000,2026-06-08 22:35:00,67.0,67.13,67.0,67.1,1413.764
1780958400000,2026-06-08 22:40:00,67.09,67.14,67.06,67.07,364.89
1780958700000,2026-06-08 22:45:00,67.07,67.07,66.91,67.05,1316.778
1780959000000,2026-06-08 22:50:00,67.06,67.12,67.06,67.07,757.56
1780959300000,2026-06-08 22:55:00,67.08,67.19,67.04,67.17,624.728
1780959600000,2026-06-08 23:00:00,67.19,67.31,67.15,67.24,1650.279
1780959900000,2026-06-08 23:05:00,67.22,67.38,67.19,67.37,844.204
1780960200000,2026-06-08 23:10:00,67.38,67.39,67.24,67.39,814.63
1780960500000,2026-06-08 23:15:00,67.41,67.41,66.89,66.89,1181.438
1780960800000,2026-06-08 23:20:00,66.89,66.97,66.79,66.9,1440.554
1780961100000,2026-06-08 23:25:00,66.91,66.93,66.7,66.85,886.025
1780961400000,2026-06-08 23:30:00,66.83,66.84,66.68,66.75,764.071
1780961700000,2026-06-08 23:35:00,66.78,66.92,66.78,66.8,1423.044
1780962000000,2026-06-08 23:40:00,66.84,66.93,66.83,66.83,438.793
1780962300000,2026-06-08 23:45:00,66.86,66.86,66.7,66.7,435.803
1780962600000,2026-06-08 23:50:00,66.69,66.78,66.68,66.76,731.956
1780962900000,2026-06-08 23:55:00,66.71,66.85,66.7,66.81,1182.284
1780963200000,2026-06-09 00:00:00,66.82,66.84,66.69,66.7,1857.273
1780963500000,2026-06-09 00:05:00,66.72,66.79,66.62,66.63,1867.315
1780963800000,2026-06-09 00:10:00,66.63,66.7,66.57,66.57,2211.091
1780964100000,2026-06-09 00:15:00,66.58,66.85,66.55,66.64,2501.039
1780964400000,2026-06-09 00:20:00,66.64,66.64,66.09,66.09,2759.736
1780964700000,2026-06-09 00:25:00,66.07,66.1,65.85,65.9,2278.556
1780965000000,2026-06-09 00:30:00,65.91,66.0,65.7,65.88,2352.313
1780965300000,2026-06-09 00:35:00,65.81,65.85,65.48,65.56,1228.34
1780965600000,2026-06-09 00:40:00,65.56,65.79,65.56,65.77,1556.912
1780965900000,2026-06-09 00:45:00,65.76,65.76,65.34,65.35,3720.254
1780966200000,2026-06-09 00:50:00,65.34,65.55,65.32,65.55,1501.5
1780966500000,2026-06-09 00:55:00,65.54,65.54,65.32,65.43,1858.832
1780966800000,2026-06-09 01:00:00,65.43,65.61,65.42,65.52,2543.97
1780967100000,2026-06-09 01:05:00,65.5,65.65,65.41,65.53,1318.371
1780967400000,2026-06-09 01:10:00,65.52,65.64,65.52,65.63,2106.592
1780967700000,2026-06-09 01:15:00,65.59,65.71,65.58,65.68,1009.063
1780968000000,2026-06-09 01:20:00,65.68,65.93,65.66,65.83,1153.578
1780968300000,2026-06-09 01:25:00,65.85,65.95,65.8,65.91,1989.067
1780968600000,2026-06-09 01:30:00,65.91,66.05,65.86,66.04,1244.824
1780968900000,2026-06-09 01:35:00,66.05,66.05,65.83,65.92,1959.772
1780969200000,2026-06-09 01:40:00,65.93,65.96,65.78,65.86,1273.163
1780969500000,2026-06-09 01:45:00,65.86,66.05,65.86,65.88,1708.09
1780969800000,2026-06-09 01:50:00,65.88,65.94,65.76,65.91,1333.987
1780970100000,2026-06-09 01:55:00,65.91,66.03,65.89,66.03,597.552
1780970400000,2026-06-09 02:00:00,66.04,66.08,65.97,66.04,1417.667
1780970700000,2026-06-09 02:05:00,66.01,66.02,65.9,66.02,2358.553
1780971000000,2026-06-09 02:10:00,66.02,66.05,65.89,65.89,907.833
1780971300000,2026-06-09 02:15:00,65.88,65.88,65.64,65.64,1808.063
1780971600000,2026-06-09 02:20:00,65.64,65.82,65.63,65.8,1704.671
1780971900000,2026-06-09 02:25:00,65.79,65.89,65.72,65.89,1458.609
1780972200000,2026-06-09 02:30:00,65.89,65.94,65.84,65.85,1223.15
1780972500000,2026-06-09 02:35:00,65.84,65.84,65.56,65.6,1725.274
1780972800000,2026-06-09 02:40:00,65.6,65.72,65.6,65.67,1045.004
1780973100000,2026-06-09 02:45:00,65.7,65.88,65.7,65.85,1776.245
1780973400000,2026-06-09 02:50:00,65.82,65.82,65.66,65.8,901.525
1780973700000,2026-06-09 02:55:00,65.85,65.92,65.84,65.9,395.818
1780974000000,2026-06-09 03:00:00,65.89,65.99,65.81,65.81,731.604
1780974300000,2026-06-09 03:05:00,65.82,65.95,65.8,65.89,919.771
1780974600000,2026-06-09 03:10:00,65.92,66.02,65.87,66.0,997.325
1780974900000,2026-06-09 03:15:00,65.98,66.09,65.98,65.99,1849.156
1780975200000,2026-06-09 03:20:00,65.96,66.04,65.88,65.89,1298.437
1780975500000,2026-06-09 03:25:00,65.89,65.94,65.85,65.92,991.408
1780975800000,2026-06-09 03:30:00,65.92,65.95,65.69,65.69,1797.821
1780976100000,2026-06-09 03:35:00,65.69,65.79,65.68,65.73,658.166
1780976400000,2026-06-09 03:40:00,65.74,65.89,65.74,65.88,644.643
1780976700000,2026-06-09 03:45:00,65.86,65.88,65.8,65.88,1149.574
1780977000000,2026-06-09 03:50:00,65.89,65.94,65.82,65.87,681.621
1780977300000,2026-06-09 03:55:00,65.88,66.05,65.85,66.03,602.47
1780977600000,2026-06-09 04:00:00,66.03,66.03,65.89,65.89,1057.396
1780977900000,2026-06-09 04:05:00,65.86,66.1,65.85,66.1,1883.034
1780978200000,2026-06-09 04:10:00,66.12,66.22,66.12,66.13,1564.795
1780978500000,2026-06-09 04:15:00,66.12,66.14,66.09,66.09,1417.599
1780978800000,2026-06-09 04:20:00,66.1,66.19,66.08,66.08,401.219
1780979100000,2026-06-09 04:25:00,66.11,66.11,65.98,65.98,293.118
1780979400000,2026-06-09 04:30:00,65.98,66.72,65.89,66.72,3651.215
1780979700000,2026-06-09 04:35:00,66.78,67.11,66.78,67.11,3047.232
1780980000000,2026-06-09 04:40:00,67.11,67.27,67.0,67.06,2512.391
1780980300000,2026-06-09 04:45:00,67.05,67.3,67.02,67.3,3077.838
1780980600000,2026-06-09 04:50:00,67.32,67.39,67.03,67.13,2020.606
1780980900000,2026-06-09 04:55:00,67.13,67.19,67.06,67.06,1402.409
1780981200000,2026-06-09 05:00:00,67.0,67.16,66.93,67.15,3034.531
1780981500000,2026-06-09 05:05:00,67.11,67.13,66.8,66.8,1258.485
1780981800000,2026-06-09 05:10:00,66.77,67.09,66.72,67.08,2248.992
1780982100000,2026-06-09 05:15:00,67.06,67.16,67.0,67.09,3049.912
1780982400000,2026-06-09 05:20:00,67.1,67.18,67.05,67.08,1414.944
1780982700000,2026-06-09 05:25:00,67.09,67.11,67.05,67.06,773.137
1780983000000,2026-06-09 05:30:00,67.06,67.36,67.06,67.36,3844.749
1780983300000,2026-06-09 05:35:00,67.35,67.36,67.14,67.23,1844.463
1780983600000,2026-06-09 05:40:00,67.2,67.25,67.12,67.2,1713.966
1780983900000,2026-06-09 05:45:00,67.18,67.28,67.17,67.27,1695.904
1780984200000,2026-06-09 05:50:00,67.22,67.33,67.17,67.28,425.244
1780984500000,2026-06-09 05:55:00,67.23,67.23,67.11,67.19,2040.66
1780984800000,2026-06-09 06:00:00,67.2,67.22,67.13,67.2,1952.576
1780985100000,2026-06-09 06:05:00,67.21,67.31,67.19,67.19,1715.293
1780985400000,2026-06-09 06:10:00,67.17,67.26,67.16,67.23,1020.65
1780985700000,2026-06-09 06:15:00,67.26,67.39,67.23,67.36,1184.233
1780986000000,2026-06-09 06:20:00,67.4,67.45,67.37,67.37,2067.269
1780986300000,2026-06-09 06:25:00,67.37,67.37,67.29,67.29,1436.71
1780986600000,2026-06-09 06:30:00,67.31,67.36,67.21,67.22,842.45
1780986900000,2026-06-09 06:35:00,67.22,67.3,67.21,67.27,779.64
1780987200000,2026-06-09 06:40:00,67.3,67.32,67.2,67.24,498.607
1780987500000,2026-06-09 06:45:00,67.25,67.3,67.22,67.22,938.957
1780987800000,2026-06-09 06:50:00,67.22,67.22,67.0,67.01,1263.858
1780988100000,2026-06-09 06:55:00,67.05,67.07,67.02,67.05,567.755
1780988400000,2026-06-09 07:00:00,67.06,67.23,67.06,67.23,2910.457
1780988700000,2026-06-09 07:05:00,67.25,67.32,67.17,67.32,1106.819
1780989000000,2026-06-09 07:10:00,67.34,67.34,67.32,67.32,3105.967
1780989300000,2026-06-09 07:15:00,67.32,67.34,67.32,67.32,4344.308
1780989600000,2026-06-09 07:20:00,67.32,67.34,67.31,67.31,4621.362
1780989900000,2026-06-09 07:25:00,67.31,67.33,53.99,66.67,3218.611
1780990200000,2026-06-09 07:30:00,66.69,66.91,66.69,66.84,776.959
1780990500000,2026-06-09 07:35:00,66.83,66.89,66.74,66.89,1032.637
1780990800000,2026-06-09 07:40:00,66.87,66.93,66.87,66.88,1523.762
1780991100000,2026-06-09 07:45:00,66.87,66.96,66.87,66.89,361.608
1780991400000,2026-06-09 07:50:00,66.9,66.92,66.81,66.92,729.212
1780991700000,2026-06-09 07:55:00,66.91,66.91,66.87,66.88,821.684
1780992000000,2026-06-09 08:00:00,66.91,66.93,66.78,66.82,1130.532
1780992300000,2026-06-09 08:05:00,66.76,66.76,66.51,66.55,1330.277
1780992600000,2026-06-09 08:10:00,66.54,66.63,66.41,66.59,713.097
1780992900000,2026-06-09 08:15:00,66.58,66.59,66.5,66.52,1298.488
1780993200000,2026-06-09 08:20:00,66.52,66.61,66.52,66.61,376.789
1780993500000,2026-06-09 08:25:00,66.61,66.72,66.61,66.63,1727.117
1780993800000,2026-06-09 08:30:00,66.62,66.73,66.57,66.63,1393.535
1780994100000,2026-06-09 08:35:00,66.62,66.74,66.55,66.73,1481.293
1780994400000,2026-06-09 08:40:00,66.74,66.77,66.69,66.73,1462.579
1780994700000,2026-06-09 08:45:00,66.75,66.77,66.61,66.62,1602.993
1780995000000,2026-06-09 08:50:00,66.64,66.75,66.64,66.72,1141.802
1780995300000,2026-06-09 08:55:00,66.72,66.72,66.6,66.63,1001.436
1780995600000,2026-06-09 09:00:00,66.62,66.71,66.6,66.62,670.124
1780995900000,2026-06-09 09:05:00,66.63,66.71,66.52,66.57,757.308
1780996200000,2026-06-09 09:10:00,66.61,66.68,66.57,66.68,731.891
1780996500000,2026-06-09 09:15:00,66.72,66.81,66.72,66.78,330.19
1780996800000,2026-06-09 09:20:00,66.8,66.81,66.7,66.71,488.492
1780997100000,2026-06-09 09:25:00,66.69,66.69,66.42,66.45,1839.381
1780997400000,2026-06-09 09:30:00,66.45,66.45,66.1,66.13,1698.37
1780997700000,2026-06-09 09:35:00,66.13,66.23,66.11,66.14,1634.284
1780998000000,2026-06-09 09:40:00,66.15,66.21,66.09,66.14,1059.775
1780998300000,2026-06-09 09:45:00,66.15,66.19,66.13,66.19,483.299
1780998600000,2026-06-09 09:50:00,66.2,66.22,66.14,66.14,498.468
1780998900000,2026-06-09 09:55:00,66.18,66.2,66.16,66.16,921.183
1780999200000,2026-06-09 10:00:00,66.18,66.26,66.17,66.23,951.885
1780999500000,2026-06-09 10:05:00,66.23,66.29,66.0,66.0,1193.767
1780999800000,2026-06-09 10:10:00,66.02,66.22,66.02,66.21,1623.67
1781000100000,2026-06-09 10:15:00,66.22,66.22,66.1,66.15,1110.6
1781000400000,2026-06-09 10:20:00,66.17,66.21,66.12,66.15,628.365
1781000700000,2026-06-09 10:25:00,66.16,66.23,66.16,66.2,133.002
1781001000000,2026-06-09 10:30:00,66.2,66.2,66.05,66.06,2646.793
1781001300000,2026-06-09 10:35:00,66.07,66.21,66.07,66.13,1449.766
1781001600000,2026-06-09 10:40:00,66.14,66.18,66.14,66.18,377.869
1781001900000,2026-06-09 10:45:00,66.17,66.22,66.13,66.17,835.331
1781002200000,2026-06-09 10:50:00,66.18,66.4,66.17,66.32,2093.411
1781002500000,2026-06-09 10:55:00,66.32,66.48,66.32,66.4,1367.651
1781002800000,2026-06-09 11:00:00,66.43,66.45,66.22,66.23,1186.174
1781003100000,2026-06-09 11:05:00,66.24,66.32,66.16,66.28,1628.371
1781003400000,2026-06-09 11:10:00,66.27,66.27,66.04,66.05,960.274
1781003700000,2026-06-09 11:15:00,66.05,66.11,66.05,66.08,1985.617
1781004000000,2026-06-09 11:20:00,66.04,66.09,65.91,66.04,2566.404
1781004300000,2026-06-09 11:25:00,66.05,66.05,65.97,66.01,1065.454
1781004600000,2026-06-09 11:30:00,66.01,66.06,65.99,66.03,1130.359
1781004900000,2026-06-09 11:35:00,66.01,66.03,65.93,66.03,1136.114
1781005200000,2026-06-09 11:40:00,66.04,66.16,66.04,66.09,603.675
1781005500000,2026-06-09 11:45:00,66.08,66.1,66.06,66.06,1664.635
1781005800000,2026-06-09 11:50:00,66.06,66.07,66.04,66.06,103.279
1781006100000,2026-06-09 11:55:00,66.05,66.21,65.97,66.11,1147.161
1781006400000,2026-06-09 12:00:00,66.11,66.44,66.11,66.4,2045.021
1781006700000,2026-06-09 12:05:00,66.39,66.5,66.34,66.41,1847.859
1781007000000,2026-06-09 12:10:00,66.41,66.41,66.28,66.36,1754.441
1781007300000,2026-06-09 12:15:00,66.37,66.4,66.3,66.38,790.144
1781007600000,2026-06-09 12:20:00,66.39,66.39,66.23,66.33,2008.2
1781007900000,2026-06-09 12:25:00,66.34,66.34,66.25,66.28,908.364
1781008200000,2026-06-09 12:30:00,66.26,66.28,66.18,66.18,695.057
1781008500000,2026-06-09 12:35:00,66.17,66.32,66.14,66.23,1722.216
1781008800000,2026-06-09 12:40:00,66.23,66.23,66.08,66.08,723.081
1781009100000,2026-06-09 12:45:00,66.07,66.11,65.95,66.02,965.278
1781009400000,2026-06-09 12:50:00,66.03,66.07,66.0,66.03,1241.204
1781009700000,2026-06-09 12:55:00,66.02,66.14,66.02,66.14,105.884
1781010000000,2026-06-09 13:00:00,66.14,66.31,66.14,66.23,1418.046
1781010300000,2026-06-09 13:05:00,66.22,66.36,66.22,66.32,492.795
1781010600000,2026-06-09 13:10:00,66.32,66.36,66.19,66.2,567.738
1781010900000,2026-06-09 13:15:00,66.21,66.21,65.82,65.82,1396.7
1781011200000,2026-06-09 13:20:00,65.83,65.96,65.78,65.8,1332.89
1781011500000,2026-06-09 13:25:00,65.8,65.82,65.68,65.72,2478.654
1781011800000,2026-06-09 13:30:00,65.71,65.91,65.66,65.74,3200.894
1781012100000,2026-06-09 13:35:00,65.74,65.82,65.63,65.71,4139.882
1781012400000,2026-06-09 13:40:00,65.71,66.02,65.71,66.01,2190.168
1781012700000,2026-06-09 13:45:00,66.03,66.13,65.92,66.12,3328.225
1781013000000,2026-06-09 13:50:00,66.06,66.19,65.91,65.91,2787.807
1781013300000,2026-06-09 13:55:00,65.91,66.04,65.88,65.88,1258.61
1781013600000,2026-06-09 14:00:00,65.87,65.97,65.69,65.69,3807.834
1781013900000,2026-06-09 14:05:00,65.66,65.8,65.6,65.68,2228.474
1781014200000,2026-06-09 14:10:00,65.64,65.64,65.41,65.48,2334.819
1781014500000,2026-06-09 14:15:00,65.4,65.44,65.01,65.03,1904.039
1781014800000,2026-06-09 14:20:00,65.03,65.11,64.79,65.1,3303.737
1781015100000,2026-06-09 14:25:00,65.1,65.26,64.78,64.78,3907.275
1781015400000,2026-06-09 14:30:00,64.77,64.94,64.69,64.82,2002.018
1781015700000,2026-06-09 14:35:00,64.82,64.85,64.67,64.69,1859.785
1781016000000,2026-06-09 14:40:00,64.69,64.85,64.55,64.55,2130.926
1781016300000,2026-06-09 14:45:00,64.53,64.6,64.44,64.55,2369.955
1781016600000,2026-06-09 14:50:00,64.6,64.89,64.6,64.81,1879.646
1781016900000,2026-06-09 14:55:00,64.81,65.07,64.81,65.07,2302.538
1781017200000,2026-06-09 15:00:00,65.06,65.07,64.86,64.97,1823.547
1781017500000,2026-06-09 15:05:00,64.98,65.14,64.9,65.14,1533.35
1781017800000,2026-06-09 15:10:00,65.23,65.29,65.1,65.27,2875.115
1781018100000,2026-06-09 15:15:00,65.27,65.27,65.09,65.1,2252.629
1781018400000,2026-06-09 15:20:00,65.09,65.18,64.82,64.9,2619.442
1781018700000,2026-06-09 15:25:00,64.9,64.92,64.69,64.69,2339.686
1781019000000,2026-06-09 15:30:00,64.7,64.82,64.48,64.69,1676.656
1781019300000,2026-06-09 15:35:00,64.69,64.7,64.45,64.69,2068.837
1781019600000,2026-06-09 15:40:00,64.7,64.79,64.63,64.69,1683.863
1781019900000,2026-06-09 15:45:00,64.69,64.71,64.5,64.61,2083.4
1781020200000,2026-06-09 15:50:00,64.61,64.67,64.48,64.51,1588.839
1781020500000,2026-06-09 15:55:00,64.5,64.5,64.28,64.36,1916.042
1781020800000,2026-06-09 16:00:00,64.37,64.48,64.17,64.21,2727.649
1781021100000,2026-06-09 16:05:00,64.2,64.2,64.01,64.14,2213.194
1781021400000,2026-06-09 16:10:00,64.19,64.26,64.06,64.06,1636.645
1781021700000,2026-06-09 16:15:00,64.03,64.13,63.88,63.88,2066.753
1781022000000,2026-06-09 16:20:00,63.88,64.16,63.84,64.13,1496.828
1781022300000,2026-06-09 16:25:00,64.12,64.16,63.93,64.11,3506.119
1781022600000,2026-06-09 16:30:00,64.1,64.23,64.08,64.22,2536.823
1781022900000,2026-06-09 16:35:00,64.22,64.32,63.58,63.58,2493.037
1781023200000,2026-06-09 16:40:00,63.59,64.07,63.57,64.07,2247.332
1781023500000,2026-06-09 16:45:00,64.11,64.28,64.07,64.12,1867.706
1781023800000,2026-06-09 16:50:00,64.13,64.13,63.9,63.9,1747.883
1781024100000,2026-06-09 16:55:00,63.88,64.22,63.88,64.14,2149.565
1781024400000,2026-06-09 17:00:00,64.14,64.47,64.1,64.47,2074.473
1781024700000,2026-06-09 17:05:00,64.47,64.49,64.32,64.37,2651.364
1781025000000,2026-06-09 17:10:00,64.38,64.63,64.26,64.51,1867.288
1781025300000,2026-06-09 17:15:00,64.54,65.08,64.54,65.03,2997.435
1781025600000,2026-06-09 17:20:00,65.02,65.09,64.94,65.01,2769.95
1781025900000,2026-06-09 17:25:00,64.96,65.06,64.82,64.93,1768.906
1781026200000,2026-06-09 17:30:00,64.93,65.12,64.9,65.06,1601.031
1781026500000,2026-06-09 17:35:00,65.04,65.07,64.91,65.0,1906.408
1781026800000,2026-06-09 17:40:00,65.0,65.17,64.96,64.96,2719.668
1781027100000,2026-06-09 17:45:00,64.92,64.94,64.76,64.77,1386.311
1781027400000,2026-06-09 17:50:00,64.79,65.0,64.77,64.85,1530.617
1781027700000,2026-06-09 17:55:00,64.86,64.93,64.8,64.8,2666.33
1781028000000,2026-06-09 18:00:00,64.8,64.9,64.69,64.79,1347.073
1781028300000,2026-06-09 18:05:00,64.85,65.03,64.82,65.02,1955.988
1781028600000,2026-06-09 18:10:00,65.02,65.02,64.84,64.95,424.165
1781028900000,2026-06-09 18:15:00,64.97,65.45,64.95,65.45,3955.077
1781029200000,2026-06-09 18:20:00,65.46,65.52,65.25,65.32,2632.272
1781029500000,2026-06-09 18:25:00,65.29,65.29,65.03,65.08,1712.929
1781029800000,2026-06-09 18:30:00,65.07,65.22,65.07,65.2,2235.279
1781030100000,2026-06-09 18:35:00,65.22,65.37,65.19,65.37,2357.576
1781030400000,2026-06-09 18:40:00,65.34,65.34,65.1,65.1,1113.713
1781030700000,2026-06-09 18:45:00,65.06,65.15,65.06,65.15,1597.335
1781031000000,2026-06-09 18:50:00,65.15,65.26,65.14,65.14,2572.345
1781031300000,2026-06-09 18:55:00,65.11,65.31,65.11,65.31,1715.471
1781031600000,2026-06-09 19:00:00,65.3,65.36,65.18,65.34,1813.254
1781031900000,2026-06-09 19:05:00,65.35,65.43,65.21,65.21,1635.587
1781032200000,2026-06-09 19:10:00,65.21,65.27,65.18,65.21,969.382
1781032500000,2026-06-09 19:15:00,65.22,65.24,65.13,65.16,1998.721
1781032800000,2026-06-09 19:20:00,65.13,65.31,65.13,65.31,1420.004
1781033100000,2026-06-09 19:25:00,65.31,65.37,65.16,65.32,1705.927
1781033400000,2026-06-09 19:30:00,65.32,65.66,65.32,65.46,2139.667
1781033700000,2026-06-09 19:35:00,65.51,65.56,65.35,65.35,1967.991
1781034000000,2026-06-09 19:40:00,65.35,65.35,65.18,65.31,4183.619
1781034300000,2026-06-09 19:45:00,65.32,65.32,65.05,65.17,1459.343
1781034600000,2026-06-09 19:50:00,65.19,65.56,65.18,65.46,1019.365
1781034900000,2026-06-09 19:55:00,65.5,65.61,65.44,65.45,1087.758
1781035200000,2026-06-09 20:00:00,65.45,65.52,65.31,65.47,1398.844
1781035500000,2026-06-09 20:05:00,65.54,65.54,65.38,65.51,227.11
1781035800000,2026-06-09 20:10:00,65.5,65.59,65.41,65.55,773.687
1781036100000,2026-06-09 20:15:00,65.59,65.7,65.46,65.46,231.328
1781036400000,2026-06-09 20:20:00,65.44,65.44,65.33,65.33,620.646
1781036700000,2026-06-09 20:25:00,65.35,65.51,65.35,65.51,165.578
1781037000000,2026-06-09 20:30:00,65.48,65.48,65.35,65.46,1330.157
1781037300000,2026-06-09 20:35:00,65.47,65.58,65.42,65.53,322.682
1781037600000,2026-06-09 20:40:00,65.5,65.66,65.47,65.6,823.13
1781037900000,2026-06-09 20:45:00,65.61,65.61,65.51,65.52,166.224
1781038200000,2026-06-09 20:50:00,65.55,65.56,65.48,65.56,967.453
1781038500000,2026-06-09 20:55:00,65.57,65.63,65.57,65.63,31.471
1781038800000,2026-06-09 21:00:00,65.63,65.65,65.43,65.46,439.357
1781039100000,2026-06-09 21:05:00,65.47,65.55,65.47,65.55,393.433
1781039400000,2026-06-09 21:10:00,65.58,65.58,65.49,65.54,729.437
1781039700000,2026-06-09 21:15:00,65.55,65.55,65.36,65.36,128.844
1781040000000,2026-06-09 21:20:00,65.28,65.29,65.25,65.28,3815.974
1781040300000,2026-06-09 21:25:00,65.27,65.28,65.13,65.13,570.811
1781040600000,2026-06-09 21:30:00,65.13,65.16,65.09,65.13,845.376
1781040900000,2026-06-09 21:35:00,65.12,65.17,65.1,65.15,298.317
1781041200000,2026-06-09 21:40:00,65.15,65.15,65.0,65.03,63.696
1781041500000,2026-06-09 21:45:00,64.97,65.04,64.95,64.98,987.21
1781041800000,2026-06-09 21:50:00,65.0,65.01,64.94,64.94,33.356
1781042100000,2026-06-09 21:55:00,64.92,65.0,64.91,65.0,59.136
1781042400000,2026-06-09 22:00:00,64.99,65.03,64.87,64.9,233.034
1781042700000,2026-06-09 22:05:00,64.9,64.98,64.9,64.96,140.743
1781043000000,2026-06-09 22:10:00,64.97,65.09,64.97,65.09,622.739
1781043300000,2026-06-09 22:15:00,65.14,65.23,65.05,65.23,190.347
1781043600000,2026-06-09 22:20:00,65.3,65.34,65.2,65.24,897.045
1781043900000,2026-06-09 22:25:00,65.22,65.22,65.1,65.14,23.933
1781044200000,2026-06-09 22:30:00,65.15,65.27,65.1,65.24,47.33
1781044500000,2026-06-09 22:35:00,65.28,65.28,65.09,65.16,816.813
1781044800000,2026-06-09 22:40:00,65.2,65.2,65.07,65.16,660.111
1781045100000,2026-06-09 22:45:00,65.15,65.16,65.05,65.05,79.706
1781045400000,2026-06-09 22:50:00,65.02,65.03,64.9,64.93,859.596
1781045700000,2026-06-09 22:55:00,64.99,65.0,64.85,64.88,529.517
1781046000000,2026-06-09 23:00:00,64.9,64.95,64.77,64.95,88.322
1781046300000,2026-06-09 23:05:00,64.94,64.99,64.89,64.98,1153.298
1781046600000,2026-06-09 23:10:00,64.93,64.97,64.82,64.95,672.513
1781046900000,2026-06-09 23:15:00,64.96,65.12,64.95,65.05,79.065
1781047200000,2026-06-09 23:20:00,65.1,65.15,65.0,65.01,657.117
1781047500000,2026-06-09 23:25:00,65.07,65.08,64.9,64.9,302.915
1781047800000,2026-06-09 23:30:00,64.91,64.97,64.89,64.9,89.202
1781048100000,2026-06-09 23:35:00,64.79,64.86,64.75,64.86,750.516
1781048400000,2026-06-09 23:40:00,64.89,64.92,64.86,64.92,23.667
1781048700000,2026-06-09 23:45:00,64.94,65.04,64.94,64.95,391.014
1781049000000,2026-06-09 23:50:00,64.88,65.03,64.86,65.03,1327.201
1781049300000,2026-06-09 23:55:00,65.03,65.04,64.94,64.94,5.027
1781049600000,2026-06-10 00:00:00,64.97,65.14,64.97,65.12,1025.676
1781049900000,2026-06-10 00:05:00,65.14,65.21,64.99,65.07,1590.89
1781050200000,2026-06-10 00:10:00,65.08,65.1,65.0,65.04,1947.155
1781050500000,2026-06-10 00:15:00,65.1,65.11,64.96,64.98,1117.222
1781050800000,2026-06-10 00:20:00,65.02,65.02,64.87,64.93,685.63
1781051100000,2026-06-10 00:25:00,65.0,65.11,64.94,65.11,535.551
1781051400000,2026-06-10 00:30:00,65.09,65.09,64.77,64.77,1183.01
1781051700000,2026-06-10 00:35:00,64.77,64.88,64.7,64.83,2680.222
1781052000000,2026-06-10 00:40:00,64.79,64.79,64.52,64.55,1196.943
1781052300000,2026-06-10 00:45:00,64.58,64.83,64.56,64.83,2591.598
1781052600000,2026-06-10 00:50:00,64.82,64.9,64.7,64.88,1079.419
1781052900000,2026-06-10 00:55:00,64.9,65.18,64.9,65.11,2292.693
1781053200000,2026-06-10 01:00:00,65.18,65.26,65.14,65.26,2228.606
1781053500000,2026-06-10 01:05:00,65.26,65.27,64.98,64.98,4123.776
1781053800000,2026-06-10 01:10:00,64.97,65.15,64.9,65.05,1624.404
1781054100000,2026-06-10 01:15:00,65.08,65.23,65.08,65.23,2612.145
1781054400000,2026-06-10 01:20:00,65.23,65.23,65.08,65.11,1699.795
1781054700000,2026-06-10 01:25:00,65.1,65.3,65.1,65.18,1922.621
1781055000000,2026-06-10 01:30:00,65.18,65.22,65.07,65.19,2765.847
1781055300000,2026-06-10 01:35:00,65.19,65.21,64.93,65.07,1513.008
1781055600000,2026-06-10 01:40:00,65.09,65.09,64.84,64.9,1543.215
1781055900000,2026-06-10 01:45:00,64.93,65.19,64.87,65.19,2035.013
1781056200000,2026-06-10 01:50:00,65.2,65.26,65.1,65.2,892.448
1781056500000,2026-06-10 01:55:00,65.14,65.2,65.09,65.1,1162.115
1781056800000,2026-06-10 02:00:00,65.11,65.23,65.08,65.08,1875.472
1781057100000,2026-06-10 02:05:00,65.06,65.14,65.01,65.04,2264.325
1781057400000,2026-06-10 02:10:00,65.03,65.03,64.87,64.88,1424.847
1781057700000,2026-06-10 02:15:00,64.9,64.91,64.61,64.61,2204.485
1781058000000,2026-06-10 02:20:00,64.63,64.77,64.63,64.67,2278.512
1781058300000,2026-06-10 02:25:00,64.67,64.71,64.56,64.71,2261.345
1781058600000,2026-06-10 02:30:00,64.72,64.77,64.38,64.45,1893.496
1781058900000,2026-06-10 02:35:00,64.43,64.48,64.35,64.35,3341.311
1781059200000,2026-06-10 02:40:00,64.35,64.45,64.34,64.4,1572.247
1781059500000,2026-06-10 02:45:00,64.41,64.43,64.27,64.32,1566.967
1781059800000,2026-06-10 02:50:00,64.38,64.39,64.25,64.27,1389.757
1781060100000,2026-06-10 02:55:00,64.28,64.4,64.27,64.34,1201.905
1781060400000,2026-06-10 03:00:00,64.33,64.5,64.29,64.5,979.913
1781060700000,2026-06-10 03:05:00,64.51,64.67,64.51,64.65,889.693
1781061000000,2026-06-10 03:10:00,64.66,64.66,64.5,64.5,1476.474
1781061300000,2026-06-10 03:15:00,64.51,64.64,64.48,64.53,2368.716
1781061600000,2026-06-10 03:20:00,64.53,64.58,64.49,64.58,1911.148
1781061900000,2026-06-10 03:25:00,64.59,64.82,64.59,64.8,1065.275
1781062200000,2026-06-10 03:30:00,64.8,64.8,64.55,64.61,1179.022
1781062500000,2026-06-10 03:35:00,64.61,64.67,64.55,64.63,1066.938
1781062800000,2026-06-10 03:40:00,64.63,64.63,64.52,64.61,832.313
1781063100000,2026-06-10 03:45:00,64.6,64.7,64.53,64.53,1036.211
1781063400000,2026-06-10 03:50:00,64.54,64.55,64.46,64.55,685.115
1781063700000,2026-06-10 03:55:00,64.56,64.56,64.48,64.52,799.163
1781064000000,2026-06-10 04:00:00,64.56,64.57,64.42,64.47,237.096
1781064300000,2026-06-10 04:05:00,64.48,64.54,64.47,64.53,1545.331
1781064600000,2026-06-10 04:10:00,64.52,64.57,64.42,64.52,615.675
1781064900000,2026-06-10 04:15:00,64.52,64.59,64.51,64.55,1509.012
1781065200000,2026-06-10 04:20:00,64.55,64.57,64.43,64.54,1821.277
1781065500000,2026-06-10 04:25:00,64.55,64.63,64.5,64.52,1636.482
1781065800000,2026-06-10 04:30:00,64.5,64.5,64.32,64.37,1148.812
1781066100000,2026-06-10 04:35:00,64.37,64.38,64.16,64.27,1009.569
1781066400000,2026-06-10 04:40:00,64.28,64.33,64.18,64.18,1373.565
1781066700000,2026-06-10 04:45:00,64.19,64.34,64.13,64.34,1393.442
1781067000000,2026-06-10 04:50:00,64.33,64.33,64.19,64.24,1276.713
1781067300000,2026-06-10 04:55:00,64.23,64.28,64.2,64.28,337.122
1781067600000,2026-06-10 05:00:00,64.29,64.33,64.17,64.29,2830.061
1781067900000,2026-06-10 05:05:00,64.28,64.38,64.17,64.25,1499.671
1781068200000,2026-06-10 05:10:00,64.26,64.27,64.09,64.11,809.98
1781068500000,2026-06-10 05:15:00,64.11,64.12,63.92,63.96,1225.951
1781068800000,2026-06-10 05:20:00,63.97,64.07,63.95,64.02,780.687
1781069100000,2026-06-10 05:25:00,64.03,64.17,64.02,64.17,1459.985
1781069400000,2026-06-10 05:30:00,64.22,64.23,64.05,64.18,1736.868
1781069700000,2026-06-10 05:35:00,64.16,64.16,64.01,64.09,2456.058
1781070000000,2026-06-10 05:40:00,64.1,64.16,64.08,64.11,894.158
1781070300000,2026-06-10 05:45:00,64.11,64.12,63.98,63.99,823.848
1781070600000,2026-06-10 05:50:00,64.02,64.16,64.0,64.14,1485.28
1781070900000,2026-06-10 05:55:00,64.15,64.18,64.11,64.12,331.706
1781071200000,2026-06-10 06:00:00,64.11,64.11,63.92,64.04,896.864
1781071500000,2026-06-10 06:05:00,64.04,64.17,63.99,63.99,2891.135
1781071800000,2026-06-10 06:10:00,64.0,64.03,63.96,64.02,1450.849
1781072100000,2026-06-10 06:15:00,64.02,64.18,64.02,64.18,2157.689
1781072400000,2026-06-10 06:20:00,64.17,64.22,64.04,64.06,2459.562
1781072700000,2026-06-10 06:25:00,64.09,64.2,64.07,64.2,3433.515
1781073000000,2026-06-10 06:30:00,64.19,64.19,64.17,64.17,4379.317
1781073300000,2026-06-10 06:35:00,64.17,64.2,64.17,64.2,3702.456
1781073600000,2026-06-10 06:40:00,64.2,64.22,64.17,64.22,371.61
1781073900000,2026-06-10 06:45:00,64.22,64.35,64.15,64.27,2022.235
1781074200000,2026-06-10 06:50:00,64.27,64.3,64.2,64.27,1188.219
1781074500000,2026-06-10 06:55:00,64.28,64.29,64.2,64.21,638.74
1781074800000,2026-06-10 07:00:00,64.21,64.36,64.16,64.32,2631.857
1781075100000,2026-06-10 07:05:00,64.33,64.41,64.29,64.41,1716.637
1781075400000,2026-06-10 07:10:00,64.41,64.46,64.3,64.39,2082.371
1781075700000,2026-06-10 07:15:00,64.38,64.53,64.38,64.51,1591.113
1781076000000,2026-06-10 07:20:00,64.53,64.59,64.49,64.49,797.78
1781076300000,2026-06-10 07:25:00,64.58,64.58,64.47,64.53,519.683
1781076600000,2026-06-10 07:30:00,64.52,64.65,64.45,64.65,1156.163
1781076900000,2026-06-10 07:35:00,64.69,64.77,64.6,64.65,2376.305
1781077200000,2026-06-10 07:40:00,64.66,64.66,64.61,64.61,183.269
1781077500000,2026-06-10 07:45:00,64.62,64.62,64.55,64.6,3406.825
1781077800000,2026-06-10 07:50:00,64.59,64.63,64.53,64.59,1734.841
1781078100000,2026-06-10 07:55:00,64.59,64.6,64.49,64.5,674.937
1781078400000,2026-06-10 08:00:00,64.51,64.52,64.17,64.25,2368.238
1781078700000,2026-06-10 08:05:00,64.28,64.28,64.04,64.09,1627.768
1781079000000,2026-06-10 08:10:00,64.1,64.28,64.1,64.1,2153.779
1781079300000,2026-06-10 08:15:00,64.11,64.28,64.11,64.14,1403.178
1781079600000,2026-06-10 08:20:00,64.18,64.21,63.84,63.84,2001.62
1781079900000,2026-06-10 08:25:00,63.85,63.93,63.82,63.83,1868.3
1781080200000,2026-06-10 08:30:00,63.87,63.92,63.72,63.72,3682.249
1781080500000,2026-06-10 08:35:00,63.69,63.77,63.59,63.59,2061.113
1781080800000,2026-06-10 08:40:00,63.55,63.6,63.53,63.53,848.816
1781081100000,2026-06-10 08:45:00,63.52,63.56,63.44,63.49,1944.723
1781081400000,2026-06-10 08:50:00,63.5,63.69,63.5,63.69,1320.685
1781081700000,2026-06-10 08:55:00,63.66,63.69,63.6,63.61,890.387
1781082000000,2026-06-10 09:00:00,63.61,63.68,63.52,63.52,2443.037
1781082300000,2026-06-10 09:05:00,63.54,63.68,63.54,63.66,3603.375
1781082600000,2026-06-10 09:10:00,63.66,63.73,63.48,63.48,1131.652
1781082900000,2026-06-10 09:15:00,63.47,63.49,63.34,63.35,1527.738
1781083200000,2026-06-10 09:20:00,63.35,63.35,63.13,63.21,2412.915
1781083500000,2026-06-10 09:25:00,63.21,63.52,63.21,63.48,1268.722
1781083800000,2026-06-10 09:30:00,63.48,63.55,63.46,63.55,1481.575
1781084100000,2026-06-10 09:35:00,63.55,63.71,63.54,63.68,1421.916
1781084400000,2026-06-10 09:40:00,63.67,63.67,63.57,63.6,812.802
1781084700000,2026-06-10 09:45:00,63.56,63.6,63.4,63.42,1101.305
1781085000000,2026-06-10 09:50:00,63.43,63.55,63.42,63.52,2168.501
1781085300000,2026-06-10 09:55:00,63.54,63.69,63.54,63.63,616.658
1781085600000,2026-06-10 10:00:00,63.62,63.67,63.5,63.54,1227.681
1781085900000,2026-06-10 10:05:00,63.52,63.52,63.38,63.49,783.351
1781086200000,2026-06-10 10:10:00,63.47,63.51,63.38,63.49,614.801
1781086500000,2026-06-10 10:15:00,63.46,63.47,63.3,63.35,1184.88
1781086800000,2026-06-10 10:20:00,63.32,63.46,63.29,63.46,1536.832
1781087100000,2026-06-10 10:25:00,63.46,63.58,63.39,63.56,1911.944
1781087400000,2026-06-10 10:30:00,63.56,63.78,63.56,63.63,1324.493
1781087700000,2026-06-10 10:35:00,63.63,63.63,63.52,63.55,1918.549
1781088000000,2026-06-10 10:40:00,63.55,63.55,63.42,63.5,3034.651
1781088300000,2026-06-10 10:45:00,63.5,63.58,63.5,63.58,1466.029
1781088600000,2026-06-10 10:50:00,63.58,63.65,63.56,63.59,396.373
1781088900000,2026-06-10 10:55:00,63.57,63.71,63.57,63.68,1192.493
1781089200000,2026-06-10 11:00:00,63.67,63.73,63.21,63.21,1122.101
1781089500000,2026-06-10 11:05:00,63.12,63.3,63.06,63.28,2066.374
1781089800000,2026-06-10 11:10:00,63.29,63.42,63.23,63.42,1681.525
1781090100000,2026-06-10 11:15:00,63.42,63.42,63.25,63.27,2749.41
1781090400000,2026-06-10 11:20:00,63.23,63.54,63.23,63.45,2537.812
1781090700000,2026-06-10 11:25:00,63.39,63.39,63.11,63.22,2444.95
1781091000000,2026-06-10 11:30:00,63.24,63.35,63.21,63.27,2577.106
1781091300000,2026-06-10 11:35:00,63.27,63.34,63.26,63.34,2125.297
1781091600000,2026-06-10 11:40:00,63.34,63.44,63.29,63.38,1590.74
1781091900000,2026-06-10 11:45:00,63.37,63.56,63.35,63.49,1881.234
1781092200000,2026-06-10 11:50:00,63.51,63.62,63.51,63.55,2500.469
1781092500000,2026-06-10 11:55:00,63.57,63.62,63.5,63.5,2194.863
1781092800000,2026-06-10 12:00:00,63.5,63.51,63.32,63.46,1491.638
1781093100000,2026-06-10 12:05:00,63.5,63.57,63.4,63.49,1415.693
1781093400000,2026-06-10 12:10:00,63.49,63.59,63.48,63.51,1533.395
1781093700000,2026-06-10 12:15:00,63.51,63.53,63.33,63.33,2688.632
1781094000000,2026-06-10 12:20:00,63.35,63.44,63.31,63.37,2584.129
1781094300000,2026-06-10 12:25:00,63.39,63.51,63.39,63.51,730.653
1781094600000,2026-06-10 12:30:00,63.65,64.49,63.65,64.36,4686.465
1781094900000,2026-06-10 12:35:00,64.36,64.45,64.18,64.33,3342.934
1781095200000,2026-06-10 12:40:00,64.34,64.4,64.25,64.26,1018.097
1781095500000,2026-06-10 12:45:00,64.27,64.46,64.25,64.46,2501.921
1781095800000,2026-06-10 12:50:00,64.46,64.47,64.27,64.3,3360.262
1781096100000,2026-06-10 12:55:00,64.3,64.34,64.13,64.13,1566.767
1781096400000,2026-06-10 13:00:00,64.12,64.18,64.01,64.08,2078.565
1781096700000,2026-06-10 13:05:00,64.1,64.23,64.1,64.22,1314.853
1781097000000,2026-06-10 13:10:00,64.23,64.25,64.15,64.18,682.415
1781097300000,2026-06-10 13:15:00,64.18,64.19,64.11,64.18,1738.696
1781097600000,2026-06-10 13:20:00,64.19,64.29,64.15,64.27,1636.324
1781097900000,2026-06-10 13:25:00,64.25,64.42,64.16,64.39,1954.879
1781098200000,2026-06-10 13:30:00,64.4,64.87,64.4,64.76,3004.993
1781098500000,2026-06-10 13:35:00,64.76,65.13,64.71,65.09,3599.41
1781098800000,2026-06-10 13:40:00,65.1,65.39,65.01,65.38,3491.504
1781099100000,2026-06-10 13:45:00,65.38,65.52,65.26,65.43,2382.536
1781099400000,2026-06-10 13:50:00,65.47,65.47,65.09,65.16,1707.263
1781099700000,2026-06-10 13:55:00,65.13,65.17,65.02,65.06,1556.558
1781100000000,2026-06-10 14:00:00,65.08,65.14,64.87,65.14,2268.282
1781100300000,2026-06-10 14:05:00,65.17,65.27,65.12,65.27,2655.069
1781100600000,2026-06-10 14:10:00,65.26,65.26,64.95,65.0,1744.48
1781100900000,2026-06-10 14:15:00,64.91,64.99,64.81,64.82,2785.359
1781101200000,2026-06-10 14:20:00,64.81,65.14,64.68,65.1,1687.107
1781101500000,2026-06-10 14:25:00,65.14,65.14,65.01,65.02,3094.809
1781101800000,2026-06-10 14:30:00,65.0,65.02,64.74,65.02,2290.514
1781102100000,2026-06-10 14:35:00,65.02,65.03,64.62,64.71,2682.975
1781102400000,2026-06-10 14:40:00,64.72,65.15,64.72,64.91,2256.057
1781102700000,2026-06-10 14:45:00,64.88,64.95,64.79,64.79,1879.548
1781103000000,2026-06-10 14:50:00,64.85,64.93,64.79,64.87,1582.292
1781103300000,2026-06-10 14:55:00,64.87,65.06,64.6,65.06,4675.157
1781103600000,2026-06-10 15:00:00,65.07,65.33,64.95,65.08,2731.449
1781103900000,2026-06-10 15:05:00,65.05,65.05,64.75,64.79,1842.063
1781104200000,2026-06-10 15:10:00,64.74,64.86,64.6,64.79,2804.512
1781104500000,2026-06-10 15:15:00,64.72,64.9,64.58,64.9,3035.972
1781104800000,2026-06-10 15:20:00,64.89,65.29,64.89,65.23,1718.904
1781105100000,2026-06-10 15:25:00,65.22,65.31,65.21,65.23,2643.836
1781105400000,2026-06-10 15:30:00,65.23,65.4,65.22,65.4,2149.215
1781105700000,2026-06-10 15:35:00,65.4,65.4,65.11,65.24,3034.914
1781106000000,2026-06-10 15:40:00,65.22,65.41,65.09,65.4,3051.97
1781106300000,2026-06-10 15:45:00,65.39,65.62,64.83,64.92,3256.65
1781106600000,2026-06-10 15:50:00,65.03,65.72,64.85,65.72,2600.47
1781106900000,2026-06-10 15:55:00,65.68,65.69,65.4,65.41,1474.27
1781107200000,2026-06-10 16:00:00,65.44,65.45,65.25,65.3,2007.797
1781107500000,2026-06-10 16:05:00,65.29,65.43,65.2,65.32,2549.989
1781107800000,2026-06-10 16:10:00,65.34,65.34,65.08,65.09,1748.957
1781108100000,2026-06-10 16:15:00,65.09,65.26,65.06,65.09,2048.008
1781108400000,2026-06-10 16:20:00,65.09,65.12,64.89,64.89,2599.282
1781108700000,2026-06-10 16:25:00,64.89,64.96,64.71,64.96,2199.228
1781109000000,2026-06-10 16:30:00,64.97,65.05,64.78,65.05,1592.144
1781109300000,2026-06-10 16:35:00,65.06,65.1,64.91,64.93,2466.009
1781109600000,2026-06-10 16:40:00,64.93,65.0,64.77,64.78,1448.674
1781109900000,2026-06-10 16:45:00,64.79,64.79,64.32,64.36,2212.512
1781110200000,2026-06-10 16:50:00,64.36,64.61,64.27,64.59,2726.866
1781110500000,2026-06-10 16:55:00,64.59,64.62,64.47,64.62,2077.17
1781110800000,2026-06-10 17:00:00,64.62,64.95,64.59,64.93,2293.211
1781111100000,2026-06-10 17:05:00,64.87,64.88,64.69,64.7,1165.025
1781111400000,2026-06-10 17:10:00,64.72,64.73,64.49,64.51,1507.431
1781111700000,2026-06-10 17:15:00,64.5,64.67,64.5,64.63,2089.962
1781112000000,2026-06-10 17:20:00,64.63,64.63,64.47,64.53,2920.814
1781112300000,2026-06-10 17:25:00,64.54,64.63,64.11,64.11,3531.306
1781112600000,2026-06-10 17:30:00,64.08,64.1,63.86,64.06,2520.063
1781112900000,2026-06-10 17:35:00,64.09,64.09,63.74,63.83,4821.178
1781113200000,2026-06-10 17:40:00,63.84,63.92,63.65,63.74,1364.48
1781113500000,2026-06-10 17:45:00,63.73,64.23,63.71,64.23,2117.928
1781113800000,2026-06-10 17:50:00,64.24,64.24,63.8,63.89,1965.947
1781114100000,2026-06-10 17:55:00,63.91,64.08,63.91,64.05,1954.381
1781114400000,2026-06-10 18:00:00,64.05,64.21,64.05,64.15,2888.439
1781114700000,2026-06-10 18:05:00,64.15,64.16,63.88,64.0,1370.713
1781115000000,2026-06-10 18:10:00,63.95,64.02,63.87,63.96,2160.876
1781115300000,2026-06-10 18:15:00,63.97,64.0,63.78,63.8,1837.919
1781115600000,2026-06-10 18:20:00,63.82,63.97,63.79,63.89,1617.258
1781115900000,2026-06-10 18:25:00,63.88,64.05,63.78,64.05,2354.799
1781116200000,2026-06-10 18:30:00,64.07,64.08,63.79,63.82,2027.792
1781116500000,2026-06-10 18:35:00,63.82,63.82,63.54,63.63,2988.233
1781116800000,2026-06-10 18:40:00,63.63,63.63,63.44,63.44,2331.42
1781117100000,2026-06-10 18:45:00,63.45,63.68,63.44,63.63,1411.077
1781117400000,2026-06-10 18:50:00,63.64,63.75,63.43,63.75,1382.475
1781117700000,2026-06-10 18:55:00,63.74,63.87,63.64,63.84,2523.063
1781118000000,2026-06-10 19:00:00,63.83,63.85,63.7,63.73,1429.026
1781118300000,2026-06-10 19:05:00,63.7,63.94,63.6,63.91,2633.644
1781118600000,2026-06-10 19:10:00,63.9,63.9,63.61,63.63,1366.368
1781118900000,2026-06-10 19:15:00,63.64,63.71,63.48,63.57,2746.663
1781119200000,2026-06-10 19:20:00,63.59,63.6,63.49,63.57,2037.354
1781119500000,2026-06-10 19:25:00,63.59,63.71,63.5,63.6,2849.191
1781119800000,2026-06-10 19:30:00,63.65,63.82,63.65,63.8,1497.506
1781120100000,2026-06-10 19:35:00,63.8,63.91,63.7,63.78,2005.137
1781120400000,2026-06-10 19:40:00,63.77,63.82,63.7,63.75,786.354
1781120700000,2026-06-10 19:45:00,63.75,63.78,63.55,63.59,815.423
1781121000000,2026-06-10 19:50:00,63.63,63.63,63.54,63.59,1997.47
1781121300000,2026-06-10 19:55:00,63.63,63.65,63.59,63.6,271.13
1781121600000,2026-06-10 20:00:00,63.52,63.64,63.42,63.5,465.537
1781121900000,2026-06-10 20:05:00,63.51,63.51,63.21,63.21,467.83
1781122200000,2026-06-10 20:10:00,63.32,63.47,63.31,63.46,123.092
1781122500000,2026-06-10 20:15:00,63.45,63.47,63.34,63.46,871.765
1781122800000,2026-06-10 20:20:00,63.45,63.59,63.35,63.59,333.197
1781123100000,2026-06-10 20:25:00,63.64,63.64,63.62,63.63,22.141
1781123400000,2026-06-10 20:30:00,63.61,63.62,63.48,63.6,114.791
1781123700000,2026-06-10 20:35:00,63.55,63.61,63.43,63.43,299.479
1781124000000,2026-06-10 20:40:00,63.44,63.49,63.43,63.49,298.159
1781124300000,2026-06-10 20:45:00,63.45,63.45,63.34,63.41,318.312
1781124600000,2026-06-10 20:50:00,63.44,63.44,63.23,63.29,738.641
1781124900000,2026-06-10 20:55:00,63.21,63.37,63.19,63.37,154.253
1781125200000,2026-06-10 21:00:00,63.36,63.37,63.21,63.21,572.666
1781125500000,2026-06-10 21:05:00,63.23,63.23,62.98,62.98,700.912
1781125800000,2026-06-10 21:10:00,62.96,62.97,62.68,62.71,987.098
1781126100000,2026-06-10 21:15:00,62.76,62.99,62.76,62.92,651.458
1781126400000,2026-06-10 21:20:00,62.91,63.04,62.85,62.85,222.575
1781126700000,2026-06-10 21:25:00,62.97,62.99,62.97,62.99,69.242
1781127000000,2026-06-10 21:30:00,63.03,63.11,63.03,63.09,844.672
1781127300000,2026-06-10 21:35:00,63.07,63.07,62.99,63.02,1079.784
1781127600000,2026-06-10 21:40:00,62.96,63.05,62.96,63.04,554.185
1781127900000,2026-06-10 21:45:00,63.05,63.09,62.97,62.97,3.811
1781128200000,2026-06-10 21:50:00,62.84,62.84,62.4,62.46,234.708
1781128500000,2026-06-10 21:55:00,62.54,62.59,62.5,62.59,109.149
1781128800000,2026-06-10 22:00:00,62.6,62.63,62.43,62.47,2836.401
1781129100000,2026-06-10 22:05:00,62.52,62.6,62.48,62.6,1187.148
1781129400000,2026-06-10 22:10:00,62.69,62.69,62.51,62.58,1073.574
1781129700000,2026-06-10 22:15:00,62.5,62.51,62.39,62.44,1065.032
1781130000000,2026-06-10 22:20:00,62.47,62.56,62.47,62.55,1116.253
1781130300000,2026-06-10 22:25:00,62.55,62.73,62.55,62.6,987.517
1781130600000,2026-06-10 22:30:00,62.61,62.83,62.61,62.75,210.63
1781130900000,2026-06-10 22:35:00,62.77,62.9,62.77,62.9,316.343
1781131200000,2026-06-10 22:40:00,62.88,63.04,62.87,62.87,127.531
1781131500000,2026-06-10 22:45:00,62.92,62.92,62.82,62.82,319.957
1781131800000,2026-06-10 22:50:00,62.86,62.9,62.79,62.79,171.993
1781132100000,2026-06-10 22:55:00,62.85,62.89,62.84,62.84,245.597
1781132400000,2026-06-10 23:00:00,62.77,62.77,62.68,62.74,88.077
1781132700000,2026-06-10 23:05:00,62.77,62.77,62.71,62.71,588.007
1781133000000,2026-06-10 23:10:00,62.6,62.62,62.55,62.56,197.406
1781133300000,2026-06-10 23:15:00,62.58,62.76,62.47,62.76,148.493
1781133600000,2026-06-10 23:20:00,62.87,63.03,62.87,62.89,376.338
1781133900000,2026-06-10 23:25:00,62.9,63.08,62.89,63.08,125.727
1781134200000,2026-06-10 23:30:00,63.08,63.09,63.01,63.05,161.828
1781134500000,2026-06-10 23:35:00,63.08,63.22,63.08,63.08,226.027
1781134800000,2026-06-10 23:40:00,63.06,63.21,63.03,63.18,25.275
1781135100000,2026-06-10 23:45:00,63.14,63.21,63.12,63.15,56.86
1781135400000,2026-06-10 23:50:00,63.15,63.3,63.15,63.24,38.47
1781135700000,2026-06-10 23:55:00,63.25,63.25,63.18,63.24,6.964
1781136000000,2026-06-11 00:00:00,63.21,63.36,63.21,63.28,1950.422
1781136300000,2026-06-11 00:05:00,63.26,63.39,63.26,63.33,1870.361
1781136600000,2026-06-11 00:10:00,63.33,63.43,63.31,63.41,1833.654
1781136900000,2026-06-11 00:15:00,63.44,63.7,63.44,63.68,3648.477
1781137200000,2026-06-11 00:20:00,63.7,63.71,63.58,63.6,956.987
1781137500000,2026-06-11 00:25:00,63.59,63.68,63.55,63.68,1750.723
1781137800000,2026-06-11 00:30:00,63.69,63.7,63.61,63.61,2224.979
1781138100000,2026-06-11 00:35:00,63.62,63.62,63.48,63.48,1746.776
1781138400000,2026-06-11 00:40:00,63.49,63.69,63.49,63.57,1414.193
1781138700000,2026-06-11 00:45:00,63.57,63.76,63.56,63.75,757.736
1781139000000,2026-06-11 00:50:00,63.76,63.76,63.65,63.65,1290.664
1781139300000,2026-06-11 00:55:00,63.64,63.73,63.63,63.72,2334.007
1781139600000,2026-06-11 01:00:00,63.67,63.9,63.67,63.9,1906.371
1781139900000,2026-06-11 01:05:00,63.93,64.12,63.93,63.97,1496.042
1781140200000,2026-06-11 01:10:00,63.96,64.23,63.96,64.18,1538.662
1781140500000,2026-06-11 01:15:00,64.17,64.35,64.15,64.35,1744.055
1781140800000,2026-06-11 01:20:00,64.36,64.36,64.21,64.28,2066.759
1781141100000,2026-06-11 01:25:00,64.29,64.32,64.21,64.28,1957.498
1781141400000,2026-06-11 01:30:00,64.28,64.34,64.19,64.19,1538.875
1781141700000,2026-06-11 01:35:00,64.22,64.59,64.15,64.59,2040.666
1781142000000,2026-06-11 01:40:00,64.59,65.08,64.57,64.92,3125.696
1781142300000,2026-06-11 01:45:00,64.92,64.92,64.82,64.82,1999.919
1781142600000,2026-06-11 01:50:00,64.83,65.14,64.79,64.99,2199.583
1781142900000,2026-06-11 01:55:00,64.98,64.98,64.87,64.91,1270.859
1781143200000,2026-06-11 02:00:00,64.9,65.0,64.89,65.0,1284.097
1781143500000,2026-06-11 02:05:00,65.0,65.0,64.78,64.83,1157.167
1781143800000,2026-06-11 02:10:00,64.84,64.84,64.7,64.8,1259.737
1781144100000,2026-06-11 02:15:00,64.8,64.85,64.75,64.77,1833.501
1781144400000,2026-06-11 02:20:00,64.77,64.77,64.52,64.6,2500.022
1781144700000,2026-06-11 02:25:00,64.6,64.66,64.53,64.54,797.616
1781145000000,2026-06-11 02:30:00,64.59,64.6,64.38,64.38,1860.949
1781145300000,2026-06-11 02:35:00,64.49,64.54,64.45,64.48,1174.2
1781145600000,2026-06-11 02:40:00,64.54,64.59,64.49,64.49,1453.461
1781145900000,2026-06-11 02:45:00,64.48,64.48,64.38,64.38,954.204
1781146200000,2026-06-11 02:50:00,64.39,64.53,64.39,64.53,1613.557
1781146500000,2026-06-11 02:55:00,64.47,64.64,64.47,64.56,1293.937
1781146800000,2026-06-11 03:00:00,64.55,64.58,64.51,64.51,411.934
1781147100000,2026-06-11 03:05:00,64.51,64.52,64.39,64.5,660.325
1781147400000,2026-06-11 03:10:00,64.48,64.48,64.36,64.45,1385.527
1781147700000,2026-06-11 03:15:00,64.44,64.5,64.44,64.44,339.849
1781148000000,2026-06-11 03:20:00,64.4,64.45,64.37,64.45,2194.173
1781148300000,2026-06-11 03:25:00,64.47,64.51,64.47,64.5,275.012
1781148600000,2026-06-11 03:30:00,64.5,64.96,64.5,64.9,2647.608
1781148900000,2026-06-11 03:35:00,64.89,64.92,64.79,64.87,1441.076
1781149200000,2026-06-11 03:40:00,64.85,64.9,64.84,64.84,571.194
1781149500000,2026-06-11 03:45:00,64.84,64.96,64.84,64.93,1601.106
1781149800000,2026-06-11 03:50:00,64.93,64.93,64.88,64.91,556.882
1781150100000,2026-06-11 03:55:00,64.92,65.44,64.92,65.3,2268.935
1781150400000,2026-06-11 04:00:00,65.27,65.29,65.14,65.18,2144.559
1781150700000,2026-06-11 04:05:00,65.17,65.17,65.06,65.08,385.625
1781151000000,2026-06-11 04:10:00,65.06,65.16,65.04,65.13,1036.772
1781151300000,2026-06-11 04:15:00,65.11,65.2,65.07,65.13,1901.597
1781151600000,2026-06-11 04:20:00,65.13,65.2,65.06,65.15,1548.578
1781151900000,2026-06-11 04:25:00,65.14,65.16,65.08,65.1,531.351
1781152200000,2026-06-11 04:30:00,65.11,65.13,64.99,64.99,613.905
1781152500000,2026-06-11 04:35:00,65.0,65.18,64.99,65.18,860.681
1781152800000,2026-06-11 04:40:00,65.18,65.19,65.13,65.18,969.446
1781153100000,2026-06-11 04:45:00,65.18,65.32,65.17,65.28,2356.399
1781153400000,2026-06-11 04:50:00,65.3,65.34,65.26,65.3,1288.274
1781153700000,2026-06-11 04:55:00,65.31,65.31,65.16,65.21,1034.825
1781154000000,2026-06-11 05:00:00,65.21,65.22,65.06,65.06,1244.128
1781154300000,2026-06-11 05:05:00,65.06,65.1,65.02,65.1,1003.218
1781154600000,2026-06-11 05:10:00,65.11,65.11,65.08,65.08,275.953
1781154900000,2026-06-11 05:15:00,65.08,65.2,65.08,65.14,1163.02
1781155200000,2026-06-11 05:20:00,65.12,65.24,65.11,65.17,549.751
1781155500000,2026-06-11 05:25:00,65.13,65.17,65.08,65.13,1413.35
1781155800000,2026-06-11 05:30:00,65.13,65.18,65.07,65.12,1080.24
1781156100000,2026-06-11 05:35:00,65.1,65.17,65.1,65.1,441.177
1781156400000,2026-06-11 05:40:00,65.1,65.18,65.08,65.15,964.05
1781156700000,2026-06-11 05:45:00,65.16,65.2,65.08,65.08,761.938
1781157000000,2026-06-11 05:50:00,65.09,65.09,65.08,65.09,75.067
1781157300000,2026-06-11 05:55:00,65.08,65.09,65.08,65.08,1119.381
1781157600000,2026-06-11 06:00:00,65.09,65.09,64.94,64.97,4484.378
1781157900000,2026-06-11 06:05:00,64.97,64.98,64.81,64.92,1998.941
1781158200000,2026-06-11 06:10:00,64.95,65.17,64.94,65.16,1795.532
1781158500000,2026-06-11 06:15:00,65.18,65.27,65.16,65.19,991.786
1781158800000,2026-06-11 06:20:00,65.23,65.4,65.23,65.4,851.856
1781159100000,2026-06-11 06:25:00,65.38,65.38,65.25,65.35,2014.325
1781159400000,2026-06-11 06:30:00,65.36,65.4,65.32,65.37,593.678
1781159700000,2026-06-11 06:35:00,65.37,65.42,65.34,65.39,340.784
1781160000000,2026-06-11 06:40:00,65.37,65.38,65.27,65.28,1083.724
1781160300000,2026-06-11 06:45:00,65.3,65.32,65.21,65.21,696.649
1781160600000,2026-06-11 06:50:00,65.2,65.21,65.12,65.12,229.337
1781160900000,2026-06-11 06:55:00,65.15,65.16,65.11,65.14,214.199
1781161200000,2026-06-11 07:00:00,65.11,65.12,65.01,65.01,770.176
1781161500000,2026-06-11 07:05:00,65.0,65.01,64.92,64.95,1422.308
1781161800000,2026-06-11 07:10:00,64.95,65.01,64.9,64.91,987.466
1781162100000,2026-06-11 07:15:00,64.99,65.07,64.95,65.05,530.836
1781162400000,2026-06-11 07:20:00,65.05,65.14,65.04,65.04,912.117
1781162700000,2026-06-11 07:25:00,65.05,65.11,65.04,65.11,138.22
1781163000000,2026-06-11 07:30:00,65.12,65.16,65.02,65.04,922.907
1781163300000,2026-06-11 07:35:00,65.04,65.04,64.8,64.8,1375.489
1781163600000,2026-06-11 07:40:00,64.8,64.91,64.79,64.88,838.491
1781163900000,2026-06-11 07:45:00,64.89,65.02,64.89,64.98,1224.149
1781164200000,2026-06-11 07:50:00,64.98,64.98,64.93,64.94,534.861
1781164500000,2026-06-11 07:55:00,64.95,65.03,64.95,65.02,269.177
1781164800000,2026-06-11 08:00:00,65.04,65.19,65.03,65.09,1473.556
1781165100000,2026-06-11 08:05:00,65.1,65.13,65.09,65.13,363.564
1781165400000,2026-06-11 08:10:00,65.11,65.25,65.11,65.2,704.477
1781165700000,2026-06-11 08:15:00,65.18,65.24,65.17,65.22,951.138
1781166000000,2026-06-11 08:20:00,65.22,65.39,65.2,65.38,1013.848
1781166300000,2026-06-11 08:25:00,65.39,65.52,65.36,65.49,1203.684
1781166600000,2026-06-11 08:30:00,65.49,65.5,65.42,65.48,467.181
1781166900000,2026-06-11 08:35:00,65.48,65.53,65.43,65.46,784.619
1781167200000,2026-06-11 08:40:00,65.46,65.46,65.32,65.32,916.446
1781167500000,2026-06-11 08:45:00,65.31,65.37,65.29,65.29,1917.046
1781167800000,2026-06-11 08:50:00,65.29,65.32,65.28,65.29,437.979
1781168100000,2026-06-11 08:55:00,65.28,65.33,65.28,65.33,301.103
1781168400000,2026-06-11 09:00:00,65.31,65.31,65.2,65.21,1600.565
1781168700000,2026-06-11 09:05:00,65.19,65.22,65.12,65.13,408.519
1781169000000,2026-06-11 09:10:00,65.14,65.17,65.09,65.1,938.096
1781169300000,2026-06-11 09:15:00,65.12,65.12,65.05,65.09,1009.222
1781169600000,2026-06-11 09:20:00,65.09,65.13,65.02,65.1,1173.918
1781169900000,2026-06-11 09:25:00,65.09,65.12,65.08,65.12,121.135
1781170200000,2026-06-11 09:30:00,65.19,65.46,65.18,65.46,1344.952
1781170500000,2026-06-11 09:35:00,65.46,65.47,65.38,65.38,385.007
1781170800000,2026-06-11 09:40:00,65.38,65.43,65.37,65.38,1239.816
1781171100000,2026-06-11 09:45:00,65.38,65.44,65.38,65.44,202.32
1781171400000,2026-06-11 09:50:00,65.44,65.56,65.44,65.49,1539.854
1781171700000,2026-06-11 09:55:00,65.49,65.52,65.41,65.43,548.89
1781172000000,2026-06-11 10:00:00,65.39,65.45,65.36,65.36,1972.645
1781172300000,2026-06-11 10:05:00,65.36,65.48,65.36,65.46,811.886
1781172600000,2026-06-11 10:10:00,65.46,65.49,65.41,65.41,771.559
1781172900000,2026-06-11 10:15:00,65.41,65.41,65.29,65.32,1683.99
1781173200000,2026-06-11 10:20:00,65.33,65.47,65.33,65.44,374.553
1781173500000,2026-06-11 10:25:00,65.43,65.46,65.42,65.45,241.878
1781173800000,2026-06-11 10:30:00,65.43,65.52,65.43,65.52,268.579
1781174100000,2026-06-11 10:35:00,65.49,65.55,65.46,65.48,1384.169
1781174400000,2026-06-11 10:40:00,65.49,65.49,65.43,65.46,384.556
1781174700000,2026-06-11 10:45:00,65.44,65.49,65.44,65.48,296.784
1781175000000,2026-06-11 10:50:00,65.5,65.63,65.5,65.58,708.82
1781175300000,2026-06-11 10:55:00,65.59,65.64,65.48,65.51,1205.932
1781175600000,2026-06-11 11:00:00,65.5,65.55,65.46,65.55,279.279
1781175900000,2026-06-11 11:05:00,65.51,65.51,65.37,65.45,696.164
1781176200000,2026-06-11 11:10:00,65.46,65.61,65.46,65.57,1106.997
1781176500000,2026-06-11 11:15:00,65.59,65.61,65.51,65.51,329.011
1781176800000,2026-06-11 11:20:00,65.46,65.5,65.44,65.5,973.668
1781177100000,2026-06-11 11:25:00,65.52,65.53,65.42,65.52,683.533
1781177400000,2026-06-11 11:30:00,65.59,65.59,65.54,65.56,788.625
1781177700000,2026-06-11 11:35:00,65.54,65.54,65.4,65.46,773.353
1781178000000,2026-06-11 11:40:00,65.46,65.51,65.46,65.51,269.823
1781178300000,2026-06-11 11:45:00,65.52,65.56,65.5,65.5,531.649
1781178600000,2026-06-11 11:50:00,65.55,66.12,65.55,65.99,3700.857
1781178900000,2026-06-11 11:55:00,65.99,66.02,65.87,65.89,921.021
1781179200000,2026-06-11 12:00:00,65.88,65.89,65.73,65.76,2168.533
1781179500000,2026-06-11 12:05:00,65.76,65.81,65.64,65.64,1591.197
1781179800000,2026-06-11 12:10:00,65.64,65.72,65.62,65.62,554.324
1781180100000,2026-06-11 12:15:00,65.62,65.73,65.55,65.55,1680.66
1781180400000,2026-06-11 12:20:00,65.55,65.55,64.99,65.09,3529.092
1781180700000,2026-06-11 12:25:00,65.1,65.2,65.06,65.15,1431.007
1781181000000,2026-06-11 12:30:00,65.12,65.15,64.93,65.04,1712.344
1781181300000,2026-06-11 12:35:00,65.12,65.16,65.06,65.07,1484.071
1781181600000,2026-06-11 12:40:00,65.05,65.3,65.05,65.29,951.229
1781181900000,2026-06-11 12:45:00,65.29,65.3,65.15,65.15,1565.017
1781182200000,2026-06-11 12:50:00,65.24,65.34,65.17,65.2,1673.944
1781182500000,2026-06-11 12:55:00,65.27,65.32,65.25,65.27,254.267
1781182800000,2026-06-11 13:00:00,65.26,65.26,65.11,65.23,897.782
1781183100000,2026-06-11 13:05:00,65.21,65.22,65.17,65.18,600.116
1781183400000,2026-06-11 13:10:00,65.19,65.23,65.14,65.21,1305.409
1781183700000,2026-06-11 13:15:00,65.21,65.37,65.21,65.37,1321.918
1781184000000,2026-06-11 13:20:00,65.39,65.47,65.25,65.25,1030.547
1781184300000,2026-06-11 13:25:00,65.28,65.31,65.25,65.25,676.35
1781184600000,2026-06-11 13:30:00,65.26,65.27,65.06,65.25,1910.945
1781184900000,2026-06-11 13:35:00,65.25,65.48,65.25,65.4,2153.931
1781185200000,2026-06-11 13:40:00,65.34,65.4,65.18,65.39,1672.369
1781185500000,2026-06-11 13:45:00,65.38,65.66,65.38,65.61,2764.791
1781185800000,2026-06-11 13:50:00,65.58,65.7,65.54,65.64,1862.328
1781186100000,2026-06-11 13:55:00,65.64,65.64,65.43,65.52,1738.952
1781186400000,2026-06-11 14:00:00,65.52,65.57,65.47,65.49,1468.509
1781186700000,2026-06-11 14:05:00,65.49,65.49,65.33,65.36,1091.432
1781187000000,2026-06-11 14:10:00,65.3,65.3,65.14,65.17,997.845
1781187300000,2026-06-11 14:15:00,65.17,65.22,65.02,65.07,1617.84
1781187600000,2026-06-11 14:20:00,65.09,65.35,65.09,65.35,2201.259
1781187900000,2026-06-11 14:25:00,65.34,65.37,65.28,65.37,1144.116
1781188200000,2026-06-11 14:30:00,65.39,65.5,65.34,65.5,1862.835
1781188500000,2026-06-11 14:35:00,65.52,65.72,65.47,65.55,2175.697
1781188800000,2026-06-11 14:40:00,65.55,65.62,65.54,65.56,1102.771
1781189100000,2026-06-11 14:45:00,65.56,65.68,65.55,65.65,1172.596
1781189400000,2026-06-11 14:50:00,65.62,65.78,65.58,65.58,2224.08
1781189700000,2026-06-11 14:55:00,65.6,65.61,65.33,65.36,2082.286
1781190000000,2026-06-11 15:00:00,65.36,65.36,65.02,65.17,1378.784
1781190300000,2026-06-11 15:05:00,65.19,65.4,65.1,65.4,1128.157
1781190600000,2026-06-11 15:10:00,65.38,65.68,65.36,65.59,1838.648
1781190900000,2026-06-11 15:15:00,65.56,65.63,65.48,65.49,848.681
1781191200000,2026-06-11 15:20:00,65.56,65.81,65.56,65.73,1026.945
1781191500000,2026-06-11 15:25:00,65.73,65.77,65.68,65.72,894.718
1781191800000,2026-06-11 15:30:00,65.73,65.74,65.62,65.7,1153.695
1781192100000,2026-06-11 15:35:00,65.7,65.82,65.7,65.76,1294.695
1781192400000,2026-06-11 15:40:00,65.79,65.81,65.56,65.56,1064.588
1781192700000,2026-06-11 15:45:00,65.55,65.55,65.45,65.45,2399.429
1781193000000,2026-06-11 15:50:00,65.5,65.5,65.37,65.43,1892.208
1781193300000,2026-06-11 15:55:00,65.44,65.56,65.4,65.54,1289.29
1781193600000,2026-06-11 16:00:00,65.56,65.67,65.55,65.55,1493.379
1781193900000,2026-06-11 16:05:00,65.54,65.73,65.54,65.59,2488.066
1781194200000,2026-06-11 16:10:00,65.61,65.75,65.61,65.75,1032.336
1781194500000,2026-06-11 16:15:00,65.79,65.8,65.67,65.67,549.253
1781194800000,2026-06-11 16:20:00,65.68,65.68,65.44,65.44,1536.504
1781195100000,2026-06-11 16:25:00,65.41,65.46,65.39,65.46,1191.566
1781195400000,2026-06-11 16:30:00,65.46,65.57,65.36,65.55,1550.55
1781195700000,2026-06-11 16:35:00,65.54,65.71,65.53,65.6,1413.054
1781196000000,2026-06-11 16:40:00,65.61,65.63,65.55,65.55,907.304
1781196300000,2026-06-11 16:45:00,65.56,65.59,65.48,65.52,1143.537
1781196600000,2026-06-11 16:50:00,65.48,65.5,65.39,65.49,768.481
1781196900000,2026-06-11 16:55:00,65.43,65.43,65.38,65.38,189.703
1781197200000,2026-06-11 17:00:00,65.38,65.47,65.21,65.22,1759.022
1781197500000,2026-06-11 17:05:00,65.25,65.4,65.25,65.39,1094.316
1781197800000,2026-06-11 17:10:00,65.39,65.46,65.25,65.27,976.844
1781198100000,2026-06-11 17:15:00,65.25,65.25,65.09,65.1,414.179
1781198400000,2026-06-11 17:20:00,65.12,65.12,65.06,65.11,1114.049
1781198700000,2026-06-11 17:25:00,65.11,65.76,65.07,65.76,3422.585
1781199000000,2026-06-11 17:30:00,65.76,66.65,65.74,66.52,3357.43
1781199300000,2026-06-11 17:35:00,66.57,66.71,66.45,66.5,3430.223
1781199600000,2026-06-11 17:40:00,66.49,66.67,66.49,66.64,1521.352
1781199900000,2026-06-11 17:45:00,66.67,67.14,66.65,67.12,2809.893
1781200200000,2026-06-11 17:50:00,67.12,67.17,66.9,66.9,2068.618
1781200500000,2026-06-11 17:55:00,66.92,67.09,66.83,67.09,1757.166
1781200800000,2026-06-11 18:00:00,67.15,67.29,66.95,66.96,2355.42
1781201100000,2026-06-11 18:05:00,66.96,66.96,66.84,66.87,2070.639
1781201400000,2026-06-11 18:10:00,66.91,67.1,66.91,67.06,952.593
1781201700000,2026-06-11 18:15:00,67.11,67.26,67.1,67.17,1003.096
1781202000000,2026-06-11 18:20:00,67.15,67.16,66.71,66.77,1906.352
1781202300000,2026-06-11 18:25:00,66.77,66.84,66.72,66.77,1097.954
1781202600000,2026-06-11 18:30:00,66.77,66.83,66.68,66.76,1323.533
1781202900000,2026-06-11 18:35:00,66.72,66.85,66.7,66.85,1481.931
1781203200000,2026-06-11 18:40:00,66.87,66.98,66.8,66.97,1063.693
1781203500000,2026-06-11 18:45:00,66.98,67.01,66.89,66.89,1707.067
1781203800000,2026-06-11 18:50:00,66.89,66.9,66.81,66.87,712.776
1781204100000,2026-06-11 18:55:00,66.83,66.92,66.79,66.79,1512.907
1781204400000,2026-06-11 19:00:00,66.8,66.89,66.76,66.79,858.88
1781204700000,2026-06-11 19:05:00,66.77,66.77,66.6,66.69,1163.595
1781205000000,2026-06-11 19:10:00,66.64,66.88,66.63,66.78,1275.047
1781205300000,2026-06-11 19:15:00,66.77,66.99,66.77,66.97,2413.149
1781205600000,2026-06-11 19:20:00,67.01,67.09,66.99,67.09,1129.419
1781205900000,2026-06-11 19:25:00,67.08,67.1,66.95,67.01,1660.673
1781206200000,2026-06-11 19:30:00,66.96,67.32,66.96,67.19,1345.263
1781206500000,2026-06-11 19:35:00,67.22,67.22,66.97,66.97,1355.273
1781206800000,2026-06-11 19:40:00,66.96,67.1,66.95,66.99,951.354
1781207100000,2026-06-11 19:45:00,66.98,67.03,66.93,67.01,886.753
1781207400000,2026-06-11 19:50:00,67.0,67.0,66.93,66.95,1048.48
1781207700000,2026-06-11 19:55:00,66.99,66.99,66.91,66.91,547.764
1781208000000,2026-06-11 20:00:00,66.93,66.97,66.88,66.96,650.075
1781208300000,2026-06-11 20:05:00,66.99,67.04,66.9,66.92,911.177
1781208600000,2026-06-11 20:10:00,66.92,66.93,66.84,66.87,500.051
1781208900000,2026-06-11 20:15:00,66.84,66.9,66.81,66.9,501.417
1781209200000,2026-06-11 20:20:00,66.89,66.89,66.83,66.85,197.198
1781209500000,2026-06-11 20:25:00,66.86,66.86,66.55,66.56,769.059
1781209800000,2026-06-11 20:30:00,66.55,66.59,66.49,66.59,2158.629
1781210100000,2026-06-11 20:35:00,66.6,66.6,66.4,66.4,1120.965
1781210400000,2026-06-11 20:40:00,66.39,66.46,66.37,66.43,1709.079
1781210700000,2026-06-11 20:45:00,66.42,66.43,66.4,66.43,191.168
1781211000000,2026-06-11 20:50:00,66.44,66.57,66.44,66.57,233.895
1781211300000,2026-06-11 20:55:00,66.57,66.59,66.56,66.56,147.855
1781211600000,2026-06-11 21:00:00,66.59,66.7,66.59,66.7,723.496
1781211900000,2026-06-11 21:05:00,66.73,66.76,66.71,66.76,733.428
1781212200000,2026-06-11 21:10:00,66.76,67.09,66.76,67.03,926.758
1781212500000,2026-06-11 21:15:00,67.04,67.04,66.98,66.98,234.037
1781212800000,2026-06-11 21:20:00,66.98,67.04,66.94,66.99,548.065
1781213100000,2026-06-11 21:25:00,67.0,67.0,66.91,66.93,404.224
1781213400000,2026-06-11 21:30:00,66.96,67.03,66.96,66.97,969.563
1781213700000,2026-06-11 21:35:00,66.96,66.99,66.96,66.99,163.239
1781214000000,2026-06-11 21:40:00,67.0,67.02,66.95,67.01,576.746
1781214300000,2026-06-11 21:45:00,67.01,67.1,67.0,67.09,330.503
1781214600000,2026-06-11 21:50:00,67.09,67.09,66.98,66.99,645.401
1781214900000,2026-06-11 21:55:00,66.96,66.96,66.83,66.88,2024.894
1781215200000,2026-06-11 22:00:00,66.9,67.09,66.9,66.96,2370.362
1781215500000,2026-06-11 22:05:00,66.96,67.1,66.91,67.1,1780.653
1781215800000,2026-06-11 22:10:00,67.05,67.07,66.92,67.07,1426.527
1781216100000,2026-06-11 22:15:00,67.04,67.09,67.01,67.05,1570.051
1781216400000,2026-06-11 22:20:00,67.01,67.02,66.96,66.96,147.216
1781216700000,2026-06-11 22:25:00,66.97,66.97,66.92,66.96,983.918
1781217000000,2026-06-11 22:30:00,67.01,67.09,66.92,66.92,1248.475
1781217300000,2026-06-11 22:35:00,66.89,67.0,66.89,66.97,299.073
1781217600000,2026-06-11 22:40:00,67.01,67.01,66.95,66.97,973.587
1781217900000,2026-06-11 22:45:00,66.92,66.98,66.87,66.98,385.288
1781218200000,2026-06-11 22:50:00,66.98,67.01,66.97,66.97,649.719
1781218500000,2026-06-11 22:55:00,66.97,67.02,66.91,66.91,697.69
1781218800000,2026-06-11 23:00:00,66.89,66.89,66.72,66.8,643.732
1781219100000,2026-06-11 23:05:00,66.81,66.82,66.73,66.73,161.753
1781219400000,2026-06-11 23:10:00,66.74,66.82,66.74,66.78,1369.93
1781219700000,2026-06-11 23:15:00,66.79,66.82,66.74,66.82,1537.752
1781220000000,2026-06-11 23:20:00,66.81,66.86,66.77,66.78,1470.035
1781220300000,2026-06-11 23:25:00,66.78,66.81,66.78,66.78,339.153
1781220600000,2026-06-11 23:30:00,66.74,66.92,66.74,66.9,2205.163
1781220900000,2026-06-11 23:35:00,66.9,66.9,66.85,66.9,928.569
1781221200000,2026-06-11 23:40:00,66.95,67.08,66.95,67.04,831.702
1781221500000,2026-06-11 23:45:00,67.04,67.05,66.95,66.95,623.125
1781221800000,2026-06-11 23:50:00,66.94,66.94,66.78,66.89,713.934
1781222100000,2026-06-11 23:55:00,66.89,66.92,66.86,66.86,840.038
1781222400000,2026-06-12 00:00:00,66.92,66.93,66.76,66.78,1311.171
1781222700000,2026-06-12 00:05:00,66.81,67.08,66.81,67.02,1164.898
1781223000000,2026-06-12 00:10:00,67.0,67.0,66.91,66.97,754.921
1781223300000,2026-06-12 00:15:00,66.95,66.95,66.81,66.93,1123.455
1781223600000,2026-06-12 00:20:00,66.92,66.93,66.82,66.84,1940.035
1781223900000,2026-06-12 00:25:00,66.84,66.93,66.79,66.93,1772.675
1781224200000,2026-06-12 00:30:00,66.9,67.01,66.87,66.98,800.834
1781224500000,2026-06-12 00:35:00,66.99,67.07,66.96,66.96,1151.328
1781224800000,2026-06-12 00:40:00,66.93,67.01,66.92,66.95,677.207
1781225100000,2026-06-12 00:45:00,66.99,67.04,66.99,67.02,256.758
1781225400000,2026-06-12 00:50:00,67.01,67.04,66.97,67.0,1042.166
1781225700000,2026-06-12 00:55:00,67.0,67.04,66.92,66.92,586.738
1781226000000,2026-06-12 01:00:00,66.88,66.88,66.65,66.72,1565.094
1781226300000,2026-06-12 01:05:00,66.71,66.77,66.71,66.77,69.008
1781226600000,2026-06-12 01:10:00,66.78,66.82,66.71,66.72,1258.17
1781226900000,2026-06-12 01:15:00,66.72,66.81,66.71,66.72,2617.643
1781227200000,2026-06-12 01:20:00,66.68,66.71,66.62,66.63,1876.783
1781227500000,2026-06-12 01:25:00,66.64,66.64,66.47,66.56,968.588
1781227800000,2026-06-12 01:30:00,66.56,66.59,66.5,66.59,377.376
1781228100000,2026-06-12 01:35:00,66.57,66.58,66.49,66.54,916.655
1781228400000,2026-06-12 01:40:00,66.58,66.62,66.54,66.55,751.773
1781228700000,2026-06-12 01:45:00,66.55,66.67,66.55,66.67,342.84
1781229000000,2026-06-12 01:50:00,66.63,66.67,66.63,66.65,353.189
1781229300000,2026-06-12 01:55:00,66.63,66.68,66.57,66.68,841.089
1781229600000,2026-06-12 02:00:00,66.7,66.8,66.69,66.8,1498.22
1781229900000,2026-06-12 02:05:00,66.74,66.95,66.72,66.95,1778.076
1781230200000,2026-06-12 02:10:00,67.02,67.13,67.02,67.07,1619.853
1781230500000,2026-06-12 02:15:00,67.06,67.07,66.95,66.99,564.844
1781230800000,2026-06-12 02:20:00,67.02,67.11,67.02,67.1,957.614
1781231100000,2026-06-12 02:25:00,67.09,67.09,66.96,67.0,985.114
1781231400000,2026-06-12 02:30:00,67.01,67.07,67.0,67.01,559.708
1781231700000,2026-06-12 02:35:00,67.01,67.2,67.01,67.18,1491.422
1781232000000,2026-06-12 02:40:00,67.19,67.29,67.16,67.29,1243.08
1781232300000,2026-06-12 02:45:00,67.28,67.28,67.17,67.17,719.868
1781232600000,2026-06-12 02:50:00,67.2,67.22,67.17,67.22,262.797
1781232900000,2026-06-12 02:55:00,67.18,67.19,67.09,67.17,710.86
1781233200000,2026-06-12 03:00:00,67.15,67.15,67.01,67.05,1923.759
1781233500000,2026-06-12 03:05:00,67.06,67.07,67.01,67.04,969.571
1781233800000,2026-06-12 03:10:00,67.04,67.07,66.95,67.0,359.785
1781234100000,2026-06-12 03:15:00,66.91,66.99,66.9,66.93,766.39
1781234400000,2026-06-12 03:20:00,66.92,66.94,66.74,66.79,1096.314
1781234700000,2026-06-12 03:25:00,66.78,66.84,66.7,66.84,839.094
1781235000000,2026-06-12 03:30:00,66.83,66.97,66.83,66.97,2531.555
1781235300000,2026-06-12 03:35:00,66.94,66.98,66.9,66.94,1505.665
1781235600000,2026-06-12 03:40:00,66.92,66.95,66.83,66.89,1751.896
1781235900000,2026-06-12 03:45:00,66.94,67.03,66.85,66.93,3768.14
1781236200000,2026-06-12 03:50:00,66.96,67.02,66.96,66.99,256.636
1781236500000,2026-06-12 03:55:00,67.0,67.05,67.0,67.04,1236.589
1781236800000,2026-06-12 04:00:00,67.04,67.04,66.93,66.95,473.762
1781237100000,2026-06-12 04:05:00,66.88,66.93,66.86,66.93,917.755
1781237400000,2026-06-12 04:10:00,66.93,67.0,66.88,66.91,122.851
1781237700000,2026-06-12 04:15:00,66.9,67.1,66.9,67.04,2809.326
1781238000000,2026-06-12 04:20:00,67.05,67.09,67.0,67.09,458.263
1781238300000,2026-06-12 04:25:00,67.09,67.15,67.09,67.11,112.328
1781238600000,2026-06-12 04:30:00,67.12,67.17,67.11,67.13,1734.832
1781238900000,2026-06-12 04:35:00,67.13,67.13,67.06,67.08,265.116
1781239200000,2026-06-12 04:40:00,67.09,67.11,67.04,67.1,579.103
1781239500000,2026-06-12 04:45:00,67.15,67.16,67.09,67.1,1572.597
1781239800000,2026-06-12 04:50:00,67.12,67.15,67.09,67.1,867.376
1781240100000,2026-06-12 04:55:00,67.12,67.12,67.07,67.08,343.522
1781240400000,2026-06-12 05:00:00,67.06,67.06,66.94,66.94,314.609
1781240700000,2026-06-12 05:05:00,66.94,67.0,66.83,66.88,1494.965
1781241000000,2026-06-12 05:10:00,66.88,66.88,66.86,66.88,2531.746
1781241300000,2026-06-12 05:15:00,66.88,67.01,66.84,66.9,652.777
1781241600000,2026-06-12 05:20:00,66.88,66.88,66.78,66.81,484.427
1781241900000,2026-06-12 05:25:00,66.82,66.82,66.77,66.77,18.413
1781242200000,2026-06-12 05:30:00,66.79,66.84,66.76,66.77,1250.617
1781242500000,2026-06-12 05:35:00,66.8,66.82,66.65,66.67,895.143
1781242800000,2026-06-12 05:40:00,66.68,66.73,66.68,66.73,321.158
1781243100000,2026-06-12 05:45:00,66.76,66.79,66.71,66.79,1277.889
1781243400000,2026-06-12 05:50:00,66.79,66.8,66.66,66.75,1376.174
1781243700000,2026-06-12 05:55:00,66.76,66.8,66.73,66.74,1720.433
1781244000000,2026-06-12 06:00:00,66.74,66.77,66.69,66.75,2056.879
1781244300000,2026-06-12 06:05:00,66.79,66.8,66.71,66.75,753.882
1781244600000,2026-06-12 06:10:00,66.69,66.72,66.64,66.66,2733.155
1781244900000,2026-06-12 06:15:00,66.68,66.68,66.53,66.55,304.926
1781245200000,2026-06-12 06:20:00,66.58,66.59,66.45,66.57,477.352
1781245500000,2026-06-12 06:25:00,66.58,66.59,66.48,66.48,558.691
1781245800000,2026-06-12 06:30:00,66.44,66.44,66.07,66.15,1233.422
1781246100000,2026-06-12 06:35:00,66.16,66.16,65.95,66.04,2147.187
1781246400000,2026-06-12 06:40:00,66.05,66.09,66.01,66.01,639.982
1781246700000,2026-06-12 06:45:00,66.03,66.19,66.03,66.09,906.859
1781247000000,2026-06-12 06:50:00,66.12,66.16,66.1,66.14,1244.248
1781247300000,2026-06-12 06:55:00,66.13,66.2,66.12,66.12,940.3
1781247600000,2026-06-12 07:00:00,66.11,66.29,66.11,66.26,2617.809
1781247900000,2026-06-12 07:05:00,66.28,66.34,66.24,66.33,1389.22
1781248200000,2026-06-12 07:10:00,66.32,66.32,66.19,66.19,1191.422
1781248500000,2026-06-12 07:15:00,66.18,66.31,66.17,66.25,2118.032
1781248800000,2026-06-12 07:20:00,66.28,66.35,66.25,66.35,1084.114
1781249100000,2026-06-12 07:25:00,66.36,66.36,66.27,66.28,408.461
1781249400000,2026-06-12 07:30:00,66.29,66.31,66.24,66.28,1786.856
1781249700000,2026-06-12 07:35:00,66.27,66.32,66.26,66.32,980.29
1781250000000,2026-06-12 07:40:00,66.33,66.36,66.28,66.31,545.356
1781250300000,2026-06-12 07:45:00,66.26,66.26,66.18,66.2,855.434
1781250600000,2026-06-12 07:50:00,66.19,66.25,66.19,66.25,3.143
1781250900000,2026-06-12 07:55:00,66.26,66.46,66.26,66.34,2229.653
1781251200000,2026-06-12 08:00:00,66.34,66.45,66.33,66.41,901.427
1781251500000,2026-06-12 08:05:00,66.43,66.66,66.43,66.66,1131.342
1781251800000,2026-06-12 08:10:00,66.64,66.69,66.62,66.62,629.543
1781252100000,2026-06-12 08:15:00,66.61,66.89,66.6,66.89,1661.229
1781252400000,2026-06-12 08:20:00,66.89,67.01,66.89,66.91,796.763
1781252700000,2026-06-12 08:25:00,66.9,66.95,66.89,66.94,198.346
1781253000000,2026-06-12 08:30:00,66.95,66.97,66.91,66.97,1427.871
1781253300000,2026-06-12 08:35:00,66.97,66.97,66.87,66.97,1840.654
1781253600000,2026-06-12 08:40:00,66.97,66.97,66.81,66.82,334.492
1781253900000,2026-06-12 08:45:00,66.8,66.87,66.79,66.87,659.95
1781254200000,2026-06-12 08:50:00,66.86,66.9,66.83,66.88,1314.978
1781254500000,2026-06-12 08:55:00,66.91,66.96,66.9,66.94,395.957
1781254800000,2026-06-12 09:00:00,66.92,66.99,66.88,66.89,1026.281
1781255100000,2026-06-12 09:05:00,66.9,66.99,66.87,66.93,666.156
1781255400000,2026-06-12 09:10:00,66.92,66.97,66.9,66.97,611.626
1781255700000,2026-06-12 09:15:00,66.99,67.08,66.99,67.05,1209.563
1781256000000,2026-06-12 09:20:00,67.07,67.22,67.06,67.17,1313.547
1781256300000,2026-06-12 09:25:00,67.19,67.26,67.18,67.23,2134.103
1781256600000,2026-06-12 09:30:00,67.22,67.45,67.22,67.36,2819.81
1781256900000,2026-06-12 09:35:00,67.36,67.36,67.27,67.29,1643.538
1781257200000,2026-06-12 09:40:00,67.29,67.3,67.22,67.3,1750.676
1781257500000,2026-06-12 09:45:00,67.31,67.35,67.23,67.29,1358.007
1781257800000,2026-06-12 09:50:00,67.3,67.33,67.22,67.22,1186.423
1781258100000,2026-06-12 09:55:00,67.22,67.28,67.21,67.21,877.358
1781258400000,2026-06-12 10:00:00,67.19,67.23,67.12,67.18,1364.477
1781258700000,2026-06-12 10:05:00,67.15,67.28,67.13,67.28,960.639
1781259000000,2026-06-12 10:10:00,67.28,67.33,67.13,67.17,2334.805
1781259300000,2026-06-12 10:15:00,67.16,67.22,67.09,67.1,1015.74
1781259600000,2026-06-12 10:20:00,67.06,67.07,66.85,66.85,3218.792
1781259900000,2026-06-12 10:25:00,66.88,66.9,66.59,66.69,1159.997
1781260200000,2026-06-12 10:30:00,66.69,66.84,66.69,66.8,1282.638
1781260500000,2026-06-12 10:35:00,66.83,66.87,66.8,66.8,867.771
1781260800000,2026-06-12 10:40:00,66.81,66.82,66.72,66.76,1685.695
1781261100000,2026-06-12 10:45:00,66.77,66.87,66.73,66.87,1974.583
1781261400000,2026-06-12 10:50:00,66.89,66.9,66.85,66.87,1465.23
1781261700000,2026-06-12 10:55:00,66.85,66.88,66.8,66.81,1692.26
1781262000000,2026-06-12 11:00:00,66.79,66.93,66.79,66.9,2483.337
1781262300000,2026-06-12 11:05:00,66.88,66.99,66.86,66.86,957.684
1781262600000,2026-06-12 11:10:00,66.86,66.95,66.84,66.93,2013.855
1781262900000,2026-06-12 11:15:00,66.94,66.97,66.83,66.85,1914.146
1781263200000,2026-06-12 11:20:00,66.88,67.02,66.88,67.01,982.76
1781263500000,2026-06-12 11:25:00,67.04,67.05,66.99,67.0,1270.812
1781263800000,2026-06-12 11:30:00,66.98,67.0,66.87,66.91,1729.896
1781264100000,2026-06-12 11:35:00,66.92,66.92,66.84,66.87,117.57
1781264400000,2026-06-12 11:40:00,66.88,67.0,66.88,66.99,468.878
1781264700000,2026-06-12 11:45:00,67.0,67.09,67.0,67.02,868.931
1781265000000,2026-06-12 11:50:00,67.02,67.02,66.92,67.0,351.525
1781265300000,2026-06-12 11:55:00,67.02,67.02,66.92,66.94,2012.959
1781265600000,2026-06-12 12:00:00,66.89,66.95,66.78,66.8,2363.068
1781265900000,2026-06-12 12:05:00,66.81,66.88,66.8,66.87,1145.764
1781266200000,2026-06-12 12:10:00,66.88,66.98,66.85,66.88,2590.108
1781266500000,2026-06-12 12:15:00,66.91,67.0,66.87,66.98,1470.83
1781266800000,2026-06-12 12:20:00,66.98,66.98,66.86,66.92,931.411
1781267100000,2026-06-12 12:25:00,66.92,66.92,66.77,66.78,2632.925
1781267400000,2026-06-12 12:30:00,66.75,66.92,66.74,66.92,980.597
1781267700000,2026-06-12 12:35:00,66.91,66.91,66.68,66.68,1155.979
1781268000000,2026-06-12 12:40:00,66.7,66.86,66.67,66.74,1892.455
1781268300000,2026-06-12 12:45:00,66.78,66.94,66.75,66.92,1338.181
1781268600000,2026-06-12 12:50:00,66.9,66.9,66.77,66.77,1189.751
1781268900000,2026-06-12 12:55:00,66.78,66.79,66.68,66.76,1752.534
1781269200000,2026-06-12 13:00:00,66.77,66.83,66.73,66.75,780.134
1781269500000,2026-06-12 13:05:00,66.78,66.84,66.78,66.83,641.784
1781269800000,2026-06-12 13:10:00,66.85,66.85,66.72,66.82,757.292
1781270100000,2026-06-12 13:15:00,66.84,66.98,66.81,66.98,1062.178
1781270400000,2026-06-12 13:20:00,66.99,66.99,66.77,66.77,1787.118
1781270700000,2026-06-12 13:25:00,66.77,66.83,66.73,66.83,2143.266
1781271000000,2026-06-12 13:30:00,66.78,66.78,66.55,66.67,4584.414
1781271300000,2026-06-12 13:35:00,66.72,66.92,66.71,66.89,3208.171
1781271600000,2026-06-12 13:40:00,66.9,66.99,66.37,66.58,3223.969
1781271900000,2026-06-12 13:45:00,66.59,66.76,66.59,66.73,3722.798
1781272200000,2026-06-12 13:50:00,66.74,66.85,66.6,66.61,2783.7
1781272500000,2026-06-12 13:55:00,66.63,66.72,66.53,66.72,2952.853
1781272800000,2026-06-12 14:00:00,66.71,67.01,66.7,66.92,2235.415
1781273100000,2026-06-12 14:05:00,66.91,67.06,66.86,66.92,1766.371
1781273400000,2026-06-12 14:10:00,66.92,66.95,66.74,66.95,2349.179
1781273700000,2026-06-12 14:15:00,66.97,67.04,66.86,66.87,1679.854
1781274000000,2026-06-12 14:20:00,66.86,67.04,66.73,66.89,22602.001
1781274300000,2026-06-12 14:25:00,66.89,67.19,66.89,67.18,9305.922
1781274600000,2026-06-12 14:30:00,67.18,67.34,67.09,67.34,5224.28
1781274900000,2026-06-12 14:35:00,67.34,67.55,67.29,67.46,2292.409
1781275200000,2026-06-12 14:40:00,67.44,67.44,67.16,67.24,3633.473
1781275500000,2026-06-12 14:45:00,67.21,67.31,67.15,67.15,1792.323
1781275800000,2026-06-12 14:50:00,67.15,67.83,67.15,67.83,3559.407
1781276100000,2026-06-12 14:55:00,67.86,67.98,67.85,67.92,6517.148
1781276400000,2026-06-12 15:00:00,67.92,68.08,67.7,67.96,4651.797
1781276700000,2026-06-12 15:05:00,67.97,68.67,67.97,68.53,4323.056
1781277000000,2026-06-12 15:10:00,68.51,68.76,68.51,68.76,1893.456
1781277300000,2026-06-12 15:15:00,68.76,68.8,68.51,68.51,4219.349
1781277600000,2026-06-12 15:20:00,68.52,68.55,68.3,68.41,2032.333
1781277900000,2026-06-12 15:25:00,68.44,68.49,68.22,68.23,1522.737
1781278200000,2026-06-12 15:30:00,68.22,68.22,68.0,68.02,1951.997
1781278500000,2026-06-12 15:35:00,68.0,68.25,67.82,67.89,1693.723
1781278800000,2026-06-12 15:40:00,67.9,67.9,67.69,67.73,1886.11
1781279100000,2026-06-12 15:45:00,67.73,67.83,67.39,67.39,2763.319
1781279400000,2026-06-12 15:50:00,67.39,67.65,67.38,67.62,2944.248
1781279700000,2026-06-12 15:55:00,67.64,67.65,67.21,67.22,1820.744
1781280000000,2026-06-12 16:00:00,67.21,67.41,67.08,67.39,2976.496
1781280300000,2026-06-12 16:05:00,67.39,67.44,67.3,67.41,1564.177
1781280600000,2026-06-12 16:10:00,67.42,67.76,67.36,67.69,1400.776
1781280900000,2026-06-12 16:15:00,67.67,67.85,67.52,67.54,1923.59
1781281200000,2026-06-12 16:20:00,67.56,67.59,67.43,67.52,2604.186
1781281500000,2026-06-12 16:25:00,67.52,67.68,67.49,67.65,1471.065
1781281800000,2026-06-12 16:30:00,67.65,67.76,67.6,67.68,1866.522
1781282100000,2026-06-12 16:35:00,67.68,67.91,67.53,67.91,2677.456
1781282400000,2026-06-12 16:40:00,67.91,67.95,67.64,67.74,1620.566
1781282700000,2026-06-12 16:45:00,67.74,67.97,67.73,67.94,2356.212
1781283000000,2026-06-12 16:50:00,67.89,68.0,67.89,67.91,1846.528
1781283300000,2026-06-12 16:55:00,67.9,68.0,67.86,67.99,873.78
1781283600000,2026-06-12 17:00:00,68.02,68.03,67.89,68.02,2567.116
1781283900000,2026-06-12 17:05:00,68.03,68.17,68.02,68.09,1295.861
1781284200000,2026-06-12 17:10:00,68.08,68.08,67.75,67.78,2589.404
1781284500000,2026-06-12 17:15:00,67.77,67.8,67.55,67.6,1997.578
1781284800000,2026-06-12 17:20:00,67.58,67.64,67.34,67.38,1695.795
1781285100000,2026-06-12 17:25:00,67.44,67.54,67.37,67.53,1479.187
1781285400000,2026-06-12 17:30:00,67.53,67.63,67.47,67.59,3543.394
1781285700000,2026-06-12 17:35:00,67.57,67.67,67.49,67.56,1754.813
1781286000000,2026-06-12 17:40:00,67.55,67.55,67.38,67.43,1334.995
1781286300000,2026-06-12 17:45:00,67.47,67.5,67.42,67.48,1001.438
1781286600000,2026-06-12 17:50:00,67.46,67.46,67.34,67.39,1833.633
1781286900000,2026-06-12 17:55:00,67.39,67.39,67.28,67.39,2185.535
1781287200000,2026-06-12 18:00:00,67.42,67.47,67.35,67.35,1563.046
1781287500000,2026-06-12 18:05:00,67.34,67.34,67.02,67.16,1678.414
1781287800000,2026-06-12 18:10:00,67.16,67.4,67.14,67.26,733.167
1781288100000,2026-06-12 18:15:00,67.24,67.29,67.08,67.11,1446.006
1781288400000,2026-06-12 18:20:00,67.1,67.14,67.04,67.14,313.555
1781288700000,2026-06-12 18:25:00,67.16,67.25,67.12,67.25,2065.589
1781289000000,2026-06-12 18:30:00,67.21,67.28,67.2,67.23,147.064
1781289300000,2026-06-12 18:35:00,67.24,67.37,67.23,67.34,279.561
1781289600000,2026-06-12 18:40:00,67.4,67.46,67.36,67.4,1419.661
1781289900000,2026-06-12 18:45:00,67.39,67.39,67.29,67.29,443.295
1781290200000,2026-06-12 18:50:00,67.3,67.33,67.23,67.25,1114.638
1781290500000,2026-06-12 18:55:00,67.25,67.25,67.08,67.1,1313.233
1781290800000,2026-06-12 19:00:00,67.07,67.19,67.06,67.17,971.24
1781291100000,2026-06-12 19:05:00,67.16,67.22,67.07,67.2,1402.057
1781291400000,2026-06-12 19:10:00,67.18,67.23,67.11,67.22,1653.195
1781291700000,2026-06-12 19:15:00,67.18,67.24,67.12,67.24,911.682
1781292000000,2026-06-12 19:20:00,67.24,67.24,67.07,67.14,1487.431
1781292300000,2026-06-12 19:25:00,67.17,67.29,67.17,67.21,795.903
1781292600000,2026-06-12 19:30:00,67.23,67.24,67.08,67.09,1778.986
1781292900000,2026-06-12 19:35:00,67.09,67.38,67.03,67.15,1379.972
1781293200000,2026-06-12 19:40:00,67.16,67.16,66.98,66.99,1219.154
1781293500000,2026-06-12 19:45:00,66.99,67.07,66.77,66.84,1635.668
1781293800000,2026-06-12 19:50:00,66.89,66.89,66.7,66.74,1043.281
1781294100000,2026-06-12 19:55:00,66.71,66.8,66.69,66.8,1289.378
1781294400000,2026-06-12 20:00:00,66.8,66.81,66.51,66.65,1152.027
1781294700000,2026-06-12 20:05:00,66.64,66.72,66.57,66.65,752.051
1781295000000,2026-06-12 20:10:00,66.61,66.71,66.57,66.71,456.371
1781295300000,2026-06-12 20:15:00,66.72,66.72,66.59,66.62,886.356
1781295600000,2026-06-12 20:20:00,66.64,66.75,66.64,66.7,720.282
1781295900000,2026-06-12 20:25:00,66.72,66.73,66.65,66.73,199.938
1781296200000,2026-06-12 20:30:00,66.76,66.82,66.74,66.75,839.338
1781296500000,2026-06-12 20:35:00,66.73,66.78,66.7,66.74,524.246
1781296800000,2026-06-12 20:40:00,66.78,66.82,66.78,66.81,280.821
1781297100000,2026-06-12 20:45:00,66.76,66.76,66.6,66.66,2372.569
1781297400000,2026-06-12 20:50:00,66.67,66.68,66.57,66.59,551.249
1781297700000,2026-06-12 20:55:00,66.6,66.7,66.6,66.7,271.574
1781298000000,2026-06-12 21:00:00,66.69,66.71,66.64,66.66,512.373
1781298300000,2026-06-12 21:05:00,66.65,66.77,66.65,66.76,355.205
1781298600000,2026-06-12 21:10:00,66.81,66.84,66.77,66.82,527.874
1781298900000,2026-06-12 21:15:00,66.83,66.88,66.83,66.86,221.918
1781299200000,2026-06-12 21:20:00,66.9,66.91,66.87,66.87,247.431
1781299500000,2026-06-12 21:25:00,66.82,66.83,66.78,66.79,336.544
1781299800000,2026-06-12 21:30:00,66.79,66.82,66.75,66.76,689.79
1781300100000,2026-06-12 21:35:00,66.74,66.78,66.74,66.78,158.039
1781300400000,2026-06-12 21:40:00,66.8,66.81,66.73,66.73,517.17
1781300700000,2026-06-12 21:45:00,66.72,66.72,66.64,66.7,640.605
1781301000000,2026-06-12 21:50:00,66.61,66.66,66.6,66.64,351.543
1781301300000,2026-06-12 21:55:00,66.63,66.63,66.51,66.61,287.63
1781301600000,2026-06-12 22:00:00,66.59,66.59,66.46,66.59,1103.205
1781301900000,2026-06-12 22:05:00,66.57,66.58,66.48,66.52,687.29
1781302200000,2026-06-12 22:10:00,66.52,66.64,66.52,66.64,403.418
1781302500000,2026-06-12 22:15:00,66.65,66.7,66.58,66.62,1797.858
1781302800000,2026-06-12 22:20:00,66.62,66.75,66.62,66.66,555.163
1781303100000,2026-06-12 22:25:00,66.67,66.73,66.67,66.7,1044.437
1781303400000,2026-06-12 22:30:00,66.7,66.71,66.51,66.51,1013.595
1781303700000,2026-06-12 22:35:00,66.52,66.63,66.52,66.63,830.073
1781304000000,2026-06-12 22:40:00,66.63,66.63,66.55,66.55,535.93
1781304300000,2026-06-12 22:45:00,66.58,66.64,66.58,66.64,242.638
1781304600000,2026-06-12 22:50:00,66.63,66.64,66.52,66.55,687.659
1781304900000,2026-06-12 22:55:00,66.61,66.65,66.61,66.64,176.025
1781305200000,2026-06-12 23:00:00,66.65,66.65,66.5,66.57,610.268
1781305500000,2026-06-12 23:05:00,66.55,66.64,66.54,66.54,557.157
1781305800000,2026-06-12 23:10:00,66.54,66.59,66.54,66.56,134.948
1781306100000,2026-06-12 23:15:00,66.56,66.6,66.53,66.55,309.59
1781306400000,2026-06-12 23:20:00,66.53,66.57,66.53,66.57,51.467
1781306700000,2026-06-12 23:25:00,66.6,66.67,66.6,66.63,779.808
1781307000000,2026-06-12 23:30:00,66.62,66.66,66.55,66.58,595.601
1781307300000,2026-06-12 23:35:00,66.58,66.67,66.58,66.67,360.345
1781307600000,2026-06-12 23:40:00,66.7,66.73,66.6,66.6,926.804
1781307900000,2026-06-12 23:45:00,66.61,66.7,66.61,66.7,345.038
1781308200000,2026-06-12 23:50:00,66.7,66.81,66.7,66.8,580.899
1781308500000,2026-06-12 23:55:00,66.79,66.8,66.76,66.79,645.61
1781308800000,2026-06-13 00:00:00,66.79,66.84,66.79,66.79,337.687
1781309100000,2026-06-13 00:05:00,66.78,66.89,66.78,66.78,456.58
1781309400000,2026-06-13 00:10:00,66.83,66.93,66.83,66.91,514.374
1781309700000,2026-06-13 00:15:00,66.91,66.95,66.89,66.89,242.222
1781310000000,2026-06-13 00:20:00,66.9,67.03,66.9,66.98,688.796
1781310300000,2026-06-13 00:25:00,67.01,67.02,66.9,66.9,696.321
1781310600000,2026-06-13 00:30:00,66.88,67.02,66.88,66.95,908.012
1781310900000,2026-06-13 00:35:00,66.94,67.02,66.92,67.02,981.624
1781311200000,2026-06-13 00:40:00,67.04,67.04,66.95,66.96,326.918
1781311500000,2026-06-13 00:45:00,66.92,67.02,66.9,66.94,783.538
1781311800000,2026-06-13 00:50:00,66.96,66.98,66.9,66.98,568.933
1781312100000,2026-06-13 00:55:00,66.98,67.06,66.98,67.01,609.997
1781312400000,2026-06-13 01:00:00,66.99,67.06,66.98,67.03,480.005
1781312700000,2026-06-13 01:05:00,67.07,67.19,67.07,67.1,976.678
1781313000000,2026-06-13 01:10:00,67.12,67.15,67.1,67.15,76.58
1781313300000,2026-06-13 01:15:00,67.15,67.16,67.06,67.06,621.046
1781313600000,2026-06-13 01:20:00,67.07,67.13,67.07,67.13,715.074
1781313900000,2026-06-13 01:25:00,67.15,67.19,67.15,67.17,145.476
1781314200000,2026-06-13 01:30:00,67.2,67.2,67.17,67.2,378.938
1781314500000,2026-06-13 01:35:00,67.2,67.27,67.16,67.18,979.966
1781314800000,2026-06-13 01:40:00,67.18,67.44,67.18,67.38,509.002
1781315100000,2026-06-13 01:45:00,67.36,67.45,67.35,67.43,473.907
1781315400000,2026-06-13 01:50:00,67.45,67.5,67.42,67.47,241.288
1781315700000,2026-06-13 01:55:00,67.44,67.44,67.39,67.43,278.074
1781316000000,2026-06-13 02:00:00,67.45,67.46,67.35,67.44,717.445
1781316300000,2026-06-13 02:05:00,67.37,67.49,67.35,67.49,857.556
1781316600000,2026-06-13 02:10:00,67.5,67.51,67.29,67.3,1051.072
1781316900000,2026-06-13 02:15:00,67.28,67.28,67.24,67.27,878.153
1781317200000,2026-06-13 02:20:00,67.24,67.24,67.17,67.2,813.94
1781317500000,2026-06-13 02:25:00,67.18,67.18,67.11,67.13,617.648
1781317800000,2026-06-13 02:30:00,67.15,67.16,67.08,67.09,518.812
1781318100000,2026-06-13 02:35:00,67.08,67.14,67.06,67.11,134.645
1781318400000,2026-06-13 02:40:00,67.12,67.12,67.01,67.06,536.614
1781318700000,2026-06-13 02:45:00,67.02,67.03,66.89,66.89,1267.961
1781319000000,2026-06-13 02:50:00,66.91,66.95,66.89,66.95,197.44
1781319300000,2026-06-13 02:55:00,66.94,67.0,66.94,67.0,285.3
1781319600000,2026-06-13 03:00:00,66.99,67.02,66.97,67.0,781.568
1781319900000,2026-06-13 03:05:00,67.01,67.05,66.99,67.01,412.203
1781320200000,2026-06-13 03:10:00,67.03,67.04,66.96,66.96,670.68
1781320500000,2026-06-13 03:15:00,66.96,66.99,66.87,66.87,860.147
1781320800000,2026-06-13 03:20:00,66.89,66.91,66.8,66.85,937.676
1781321100000,2026-06-13 03:25:00,66.85,66.87,66.76,66.76,145.729
1781321400000,2026-06-13 03:30:00,66.8,66.83,66.77,66.77,582.997
1781321700000,2026-06-13 03:35:00,66.78,66.87,66.78,66.87,705.411
1781322000000,2026-06-13 03:40:00,66.87,66.9,66.85,66.89,193.555
1781322300000,2026-06-13 03:45:00,66.89,66.9,66.89,66.9,35.917
1781322600000,2026-06-13 03:50:00,66.91,66.92,66.88,66.91,262.77
1781322900000,2026-06-13 03:55:00,66.92,66.92,66.88,66.89,143.025
1781323200000,2026-06-13 04:00:00,66.88,66.9,66.77,66.77,1469.78
1781323500000,2026-06-13 04:05:00,66.74,66.8,66.74,66.74,1104.243
1781323800000,2026-06-13 04:10:00,66.73,66.75,66.72,66.74,104.846
1781324100000,2026-06-13 04:15:00,66.73,66.78,66.71,66.78,824.021
1781324400000,2026-06-13 04:20:00,66.77,66.84,66.76,66.78,267.748
1781324700000,2026-06-13 04:25:00,66.79,66.79,66.78,66.79,30.937
1781325000000,2026-06-13 04:30:00,66.76,66.89,66.76,66.89,161.901
1781325300000,2026-06-13 04:35:00,66.9,66.93,66.87,66.91,795.232
1781325600000,2026-06-13 04:40:00,66.92,66.92,66.89,66.91,321.641
1781325900000,2026-06-13 04:45:00,66.9,66.93,66.9,66.93,43.805
1781326200000,2026-06-13 04:50:00,66.95,66.95,66.8,66.84,985.337
1781326500000,2026-06-13 04:55:00,66.85,66.85,66.67,66.67,659.101
1781326800000,2026-06-13 05:00:00,66.66,66.72,66.63,66.72,476.797
1781327100000,2026-06-13 05:05:00,66.71,66.77,66.67,66.77,242.928
1781327400000,2026-06-13 05:10:00,66.79,66.85,66.79,66.82,83.995
1781327700000,2026-06-13 05:15:00,66.8,66.83,66.77,66.79,976.896
1781328000000,2026-06-13 05:20:00,66.82,66.85,66.75,66.75,230.038
1781328300000,2026-06-13 05:25:00,66.75,66.75,66.71,66.73,225.094
1781328600000,2026-06-13 05:30:00,66.7,66.76,66.7,66.76,533.614
1781328900000,2026-06-13 05:35:00,66.75,66.77,66.73,66.77,326.175
1781329200000,2026-06-13 05:40:00,66.81,66.82,66.76,66.76,293.31
1781329500000,2026-06-13 05:45:00,66.76,66.77,66.65,66.68,332.657
1781329800000,2026-06-13 05:50:00,66.71,66.71,66.66,66.68,271.594
1781330100000,2026-06-13 05:55:00,66.69,66.76,66.69,66.74,543.512
1781330400000,2026-06-13 06:00:00,66.79,66.8,66.72,66.75,666.769
1781330700000,2026-06-13 06:05:00,66.77,66.77,66.72,66.76,411.173
1781331000000,2026-06-13 06:10:00,66.79,66.79,66.73,66.73,533.794
1781331300000,2026-06-13 06:15:00,66.73,66.73,66.68,66.68,1162.731
1781331600000,2026-06-13 06:20:00,66.72,66.79,66.72,66.76,181.885
1781331900000,2026-06-13 06:25:00,66.76,66.85,66.75,66.85,265.922
1781332200000,2026-06-13 06:30:00,66.86,66.94,66.81,66.94,408.047
1781332500000,2026-06-13 06:35:00,66.94,66.97,66.88,66.88,292.635
1781332800000,2026-06-13 06:40:00,66.89,66.92,66.89,66.92,123.719
1781333100000,2026-06-13 06:45:00,66.92,67.05,66.92,67.02,869.743
1781333400000,2026-06-13 06:50:00,67.02,67.2,67.01,67.2,631.915
1781333700000,2026-06-13 06:55:00,67.19,67.21,67.18,67.18,91.056
1781334000000,2026-06-13 07:00:00,67.17,67.17,67.07,67.07,894.977
1781334300000,2026-06-13 07:05:00,67.06,67.07,67.01,67.07,1357.244
1781334600000,2026-06-13 07:10:00,67.08,67.12,67.08,67.12,138.955
1781334900000,2026-06-13 07:15:00,67.11,67.11,66.97,67.09,1563.097
1781335200000,2026-06-13 07:20:00,67.09,67.14,67.07,67.14,508.922
1781335500000,2026-06-13 07:25:00,67.11,67.3,67.11,67.27,535.028
1781335800000,2026-06-13 07:30:00,67.27,67.28,67.2,67.2,588.51
1781336100000,2026-06-13 07:35:00,67.21,67.29,67.2,67.22,662.318
1781336400000,2026-06-13 07:40:00,67.22,67.28,67.15,67.28,775.378
1781336700000,2026-06-13 07:45:00,67.27,67.38,67.24,67.38,321.975
1781337000000,2026-06-13 07:50:00,67.35,67.4,67.34,67.4,292.42
1781337300000,2026-06-13 07:55:00,67.4,67.44,67.35,67.36,480.148
1781337600000,2026-06-13 08:00:00,67.38,67.38,67.28,67.3,592.089
1781337900000,2026-06-13 08:05:00,67.31,67.32,67.27,67.3,362.576
1781338200000,2026-06-13 08:10:00,67.41,67.42,67.27,67.34,1453.22
1781338500000,2026-06-13 08:15:00,67.32,67.41,67.31,67.41,433.096
1781338800000,2026-06-13 08:20:00,67.41,67.41,67.32,67.32,739.97
1781339100000,2026-06-13 08:25:00,67.28,67.38,67.28,67.38,422.719
1781339400000,2026-06-13 08:30:00,67.35,67.42,67.34,67.35,447.7
1781339700000,2026-06-13 08:35:00,67.33,67.53,67.33,67.48,725.644
1781340000000,2026-06-13 08:40:00,67.49,67.52,67.49,67.5,130.588
1781340300000,2026-06-13 08:45:00,67.46,67.47,67.4,67.41,420.129
1781340600000,2026-06-13 08:50:00,67.38,67.41,67.36,67.4,160.738
1781340900000,2026-06-13 08:55:00,67.37,67.37,67.36,67.36,5.206
1781341200000,2026-06-13 09:00:00,67.33,67.46,67.32,67.45,639.78
1781341500000,2026-06-13 09:05:00,67.46,67.49,67.41,67.42,738.44
1781341800000,2026-06-13 09:10:00,67.41,67.43,67.4,67.43,242.073
1781342100000,2026-06-13 09:15:00,67.44,67.49,67.44,67.49,258.938
1781342400000,2026-06-13 09:20:00,67.5,67.54,67.43,67.44,292.055
1781342700000,2026-06-13 09:25:00,67.45,67.45,67.39,67.4,107.867
1781343000000,2026-06-13 09:30:00,67.41,67.44,67.41,67.43,196.998
1781343300000,2026-06-13 09:35:00,67.43,67.43,67.35,67.39,593.301
1781343600000,2026-06-13 09:40:00,67.38,67.39,67.32,67.35,108.803
1781343900000,2026-06-13 09:45:00,67.34,67.35,67.34,67.34,9.414
1781344200000,2026-06-13 09:50:00,67.37,67.37,67.29,67.32,295.578
1781344500000,2026-06-13 09:55:00,67.36,67.39,67.36,67.37,401.467
1781344800000,2026-06-13 10:00:00,67.39,67.45,67.37,67.44,1024.923
1781345100000,2026-06-13 10:05:00,67.44,67.47,67.41,67.41,263.89
1781345400000,2026-06-13 10:10:00,67.4,67.42,67.38,67.42,467.471
1781345700000,2026-06-13 10:15:00,67.42,67.42,67.35,67.39,777.93
1781346000000,2026-06-13 10:20:00,67.39,67.4,67.38,67.39,385.454
1781346300000,2026-06-13 10:25:00,67.4,67.46,67.4,67.41,1226.558
1781346600000,2026-06-13 10:30:00,67.41,67.51,67.41,67.49,998.933
1781346900000,2026-06-13 10:35:00,67.49,67.49,67.46,67.46,290.684
1781347200000,2026-06-13 10:40:00,67.46,67.52,67.43,67.5,560.768
1781347500000,2026-06-13 10:45:00,67.51,67.61,67.51,67.55,873.529
1781347800000,2026-06-13 10:50:00,67.52,67.56,67.44,67.44,328.052
1781348100000,2026-06-13 10:55:00,67.44,67.44,67.37,67.43,814.727
1781348400000,2026-06-13 11:00:00,67.44,67.46,67.39,67.43,452.316
1781348700000,2026-06-13 11:05:00,67.44,67.55,67.44,67.54,550.085
1781349000000,2026-06-13 11:10:00,67.59,67.7,67.58,67.69,1169.067
1781349300000,2026-06-13 11:15:00,67.71,67.88,67.71,67.88,814.492
1781349600000,2026-06-13 11:20:00,67.89,67.93,67.84,67.88,765.521
1781349900000,2026-06-13 11:25:00,67.89,67.96,67.89,67.94,362.901
1781350200000,2026-06-13 11:30:00,67.92,67.92,67.85,67.88,526.415
1781350500000,2026-06-13 11:35:00,67.89,67.89,67.83,67.87,482.884
1781350800000,2026-06-13 11:40:00,67.85,67.88,67.79,67.79,261.93
1781351100000,2026-06-13 11:45:00,67.8,67.81,67.79,67.8,167.758
1781351400000,2026-06-13 11:50:00,67.8,67.83,67.79,67.82,571.367
1781351700000,2026-06-13 11:55:00,67.83,67.9,67.83,67.9,258.546
1781352000000,2026-06-13 12:00:00,67.91,67.91,67.81,67.87,1147.858
1781352300000,2026-06-13 12:05:00,67.82,67.86,67.8,67.86,538.322
1781352600000,2026-06-13 12:10:00,67.86,67.92,67.86,67.89,2263.811
1781352900000,2026-06-13 12:15:00,67.85,67.88,67.81,67.86,430.492
1781353200000,2026-06-13 12:20:00,67.86,67.88,67.84,67.85,314.696
1781353500000,2026-06-13 12:25:00,67.83,67.86,67.81,67.81,560.554
1781353800000,2026-06-13 12:30:00,67.81,67.89,67.8,67.86,456.166
1781354100000,2026-06-13 12:35:00,67.86,67.86,67.83,67.83,22.551
1781354400000,2026-06-13 12:40:00,67.84,67.86,67.82,67.82,240.388
1781354700000,2026-06-13 12:45:00,67.8,67.97,67.8,67.95,1290.587
1781355000000,2026-06-13 12:50:00,67.95,67.96,67.92,67.96,300.894
1781355300000,2026-06-13 12:55:00,67.97,68.05,67.93,67.93,668.736
1781355600000,2026-06-13 13:00:00,67.98,67.98,67.86,67.9,451.451
1781355900000,2026-06-13 13:05:00,67.9,67.95,67.87,67.87,316.035
1781356200000,2026-06-13 13:10:00,67.87,67.88,67.85,67.87,253.141
1781356500000,2026-06-13 13:15:00,67.88,67.92,67.85,67.85,205.601
1781356800000,2026-06-13 13:20:00,67.84,67.99,67.83,67.99,1569.149
1781357100000,2026-06-13 13:25:00,68.05,68.05,67.96,67.99,671.936
1781357400000,2026-06-13 13:30:00,67.92,67.97,67.89,67.97,329.013
1781357700000,2026-06-13 13:35:00,67.99,68.03,67.98,68.02,138.452
1781358000000,2026-06-13 13:40:00,68.02,68.29,68.02,68.18,1565.407
1781358300000,2026-06-13 13:45:00,68.15,68.15,67.99,68.11,1394.738
1781358600000,2026-06-13 13:50:00,68.08,68.08,67.91,67.91,463.988
1781358900000,2026-06-13 13:55:00,67.91,68.02,67.88,68.01,480.095
1781359200000,2026-06-13 14:00:00,68.03,68.14,68.0,68.14,1108.277
1781359500000,2026-06-13 14:05:00,68.16,68.2,68.11,68.2,563.889
1781359800000,2026-06-13 14:10:00,68.22,68.28,68.18,68.28,1288.648
1781360100000,2026-06-13 14:15:00,68.26,68.42,68.26,68.32,1346.134
1781360400000,2026-06-13 14:20:00,68.3,68.3,68.13,68.15,2734.051
1781360700000,2026-06-13 14:25:00,68.15,68.29,68.15,68.18,1041.48
1781361000000,2026-06-13 14:30:00,68.17,68.3,68.17,68.25,1356.752
1781361300000,2026-06-13 14:35:00,68.27,68.29,68.2,68.22,1414.795
1781361600000,2026-06-13 14:40:00,68.23,68.24,68.11,68.15,811.997
1781361900000,2026-06-13 14:45:00,68.15,68.24,68.14,68.21,565.404
1781362200000,2026-06-13 14:50:00,68.23,68.28,68.21,68.22,850.972
1781362500000,2026-06-13 14:55:00,68.22,68.24,68.18,68.24,672.209
1781362800000,2026-06-13 15:00:00,68.28,68.36,68.19,68.35,1648.477
1781363100000,2026-06-13 15:05:00,68.36,68.47,68.31,68.31,845.386
1781363400000,2026-06-13 15:10:00,68.33,68.49,68.33,68.46,589.654
1781363700000,2026-06-13 15:15:00,68.46,68.6,68.45,68.52,1172.823
1781364000000,2026-06-13 15:20:00,68.51,68.6,68.45,68.57,1562.36
1781364300000,2026-06-13 15:25:00,68.58,68.61,68.52,68.52,907.751
1781364600000,2026-06-13 15:30:00,68.55,68.59,68.51,68.52,999.472
1781364900000,2026-06-13 15:35:00,68.54,68.66,68.51,68.65,212.395
1781365200000,2026-06-13 15:40:00,68.66,68.7,68.42,68.44,2446.431
1781365500000,2026-06-13 15:45:00,68.44,68.5,68.38,68.48,2170.344
1781365800000,2026-06-13 15:50:00,68.47,68.6,68.42,68.53,1998.842
1781366100000,2026-06-13 15:55:00,68.53,68.64,68.53,68.6,1405.639
1781366400000,2026-06-13 16:00:00,68.6,68.6,68.18,68.18,1375.713
1781366700000,2026-06-13 16:05:00,68.17,68.28,68.13,68.28,1716.75
1781367000000,2026-06-13 16:10:00,68.26,68.26,68.15,68.15,1289.269
1781367300000,2026-06-13 16:15:00,68.15,68.17,68.1,68.13,1290.112
1781367600000,2026-06-13 16:20:00,68.1,68.13,67.9,67.9,911.75
1781367900000,2026-06-13 16:25:00,67.9,68.06,67.89,68.03,349.515
1781368200000,2026-06-13 16:30:00,68.02,68.04,67.92,67.98,1854.855
1781368500000,2026-06-13 16:35:00,67.98,68.02,67.92,68.02,1639.692
1781368800000,2026-06-13 16:40:00,68.02,68.09,68.02,68.08,798.287
1781369100000,2026-06-13 16:45:00,68.09,68.28,67.88,67.88,1344.562
1781369400000,2026-06-13 16:50:00,67.86,68.03,67.85,68.01,3778.913
1781369700000,2026-06-13 16:55:00,68.03,68.14,68.0,68.11,1531.977
1781370000000,2026-06-13 17:00:00,68.09,68.11,67.94,67.98,1279.204
1781370300000,2026-06-13 17:05:00,67.92,68.04,67.92,68.04,654.401
1781370600000,2026-06-13 17:10:00,67.99,68.0,67.9,67.99,2493.577
1781370900000,2026-06-13 17:15:00,68.01,68.09,67.94,68.09,1996.625
1781371200000,2026-06-13 17:20:00,68.11,68.12,68.04,68.05,570.92
1781371500000,2026-06-13 17:25:00,68.04,68.19,68.04,68.18,1199.682
1781371800000,2026-06-13 17:30:00,68.2,68.21,68.11,68.17,444.269
1781372100000,2026-06-13 17:35:00,68.22,68.25,68.19,68.19,392.138
1781372400000,2026-06-13 17:40:00,68.19,68.24,68.19,68.24,138.647
1781372700000,2026-06-13 17:45:00,68.25,68.28,68.12,68.2,1454.726
1781373000000,2026-06-13 17:50:00,68.2,68.2,68.01,68.01,2493.677
1781373300000,2026-06-13 17:55:00,68.0,68.02,67.85,68.01,1825.379
1781373600000,2026-06-13 18:00:00,67.98,68.07,67.98,68.05,1926.738
1781373900000,2026-06-13 18:05:00,68.06,68.18,68.06,68.15,685.871
1781374200000,2026-06-13 18:10:00,68.15,68.23,68.14,68.23,413.764
1781374500000,2026-06-13 18:15:00,68.21,68.24,68.13,68.13,437.501
1781374800000,2026-06-13 18:20:00,68.14,68.21,68.12,68.21,341.522
1781375100000,2026-06-13 18:25:00,68.25,68.32,68.25,68.27,960.051
1781375400000,2026-06-13 18:30:00,68.27,68.3,68.23,68.23,234.763
1781375700000,2026-06-13 18:35:00,68.23,68.28,68.22,68.28,213.437
1781376000000,2026-06-13 18:40:00,68.27,68.36,68.27,68.32,504.386
1781376300000,2026-06-13 18:45:00,68.33,68.36,68.25,68.25,211.797
1781376600000,2026-06-13 18:50:00,68.12,68.14,68.08,68.1,3072.912
1781376900000,2026-06-13 18:55:00,68.09,68.11,68.07,68.11,143.309
1781377200000,2026-06-13 19:00:00,68.12,68.18,68.12,68.15,1456.729
1781377500000,2026-06-13 19:05:00,68.15,68.15,68.08,68.14,1171.047
1781377800000,2026-06-13 19:10:00,68.13,68.13,68.09,68.12,195.7
1781378100000,2026-06-13 19:15:00,68.15,68.17,68.05,68.08,1472.745
1781378400000,2026-06-13 19:20:00,68.05,68.12,68.05,68.11,1770.056
1781378700000,2026-06-13 19:25:00,68.1,68.13,68.03,68.07,233.691
1781379000000,2026-06-13 19:30:00,68.08,68.1,68.04,68.08,209.322
1781379300000,2026-06-13 19:35:00,68.08,68.19,68.04,68.16,652.31
1781379600000,2026-06-13 19:40:00,68.17,68.34,68.17,68.34,803.677
1781379900000,2026-06-13 19:45:00,68.36,68.37,68.32,68.36,669.495
1781380200000,2026-06-13 19:50:00,68.38,68.38,68.3,68.3,111.618
1781380500000,2026-06-13 19:55:00,68.29,68.29,68.23,68.23,337.436
1781380800000,2026-06-13 20:00:00,68.24,68.24,68.14,68.16,2074.839
1781381100000,2026-06-13 20:05:00,68.18,68.18,68.08,68.18,407.323
1781381400000,2026-06-13 20:10:00,68.2,68.24,68.17,68.18,1531.522
1781381700000,2026-06-13 20:15:00,68.18,68.26,68.18,68.21,343.38
1781382000000,2026-06-13 20:20:00,68.22,68.22,68.16,68.16,396.831
1781382300000,2026-06-13 20:25:00,68.17,68.21,68.17,68.17,411.893
1781382600000,2026-06-13 20:30:00,68.16,68.18,68.13,68.17,375.209
1781382900000,2026-06-13 20:35:00,68.15,68.24,68.15,68.18,273.088
1781383200000,2026-06-13 20:40:00,68.18,68.19,68.14,68.17,746.482
1781383500000,2026-06-13 20:45:00,68.16,68.19,68.16,68.19,521.624
1781383800000,2026-06-13 20:50:00,68.2,68.21,68.13,68.21,2795.481
1781384100000,2026-06-13 20:55:00,68.22,68.28,68.22,68.28,558.032
1781384400000,2026-06-13 21:00:00,68.3,68.36,68.29,68.36,1103.1
1781384700000,2026-06-13 21:05:00,68.34,68.36,68.29,68.36,449.073
1781385000000,2026-06-13 21:10:00,68.34,68.34,68.26,68.26,534.056
1781385300000,2026-06-13 21:15:00,68.27,68.4,68.25,68.39,853.405
1781385600000,2026-06-13 21:20:00,68.4,68.43,68.33,68.34,1102.472
1781385900000,2026-06-13 21:25:00,68.35,68.4,68.33,68.4,407.942
1781386200000,2026-06-13 21:30:00,68.38,68.41,68.37,68.41,99.626
1781386500000,2026-06-13 21:35:00,68.4,68.48,68.4,68.48,79.963
1781386800000,2026-06-13 21:40:00,68.44,69.29,68.42,69.27,2454.495
1781387100000,2026-06-13 21:45:00,69.27,69.52,69.27,69.36,2234.551
1781387400000,2026-06-13 21:50:00,69.34,69.51,69.25,69.44,1766.826
1781387700000,2026-06-13 21:55:00,69.43,69.43,69.25,69.27,1142.893
1781388000000,2026-06-13 22:00:00,69.26,69.27,69.06,69.07,3399.862
1781388300000,2026-06-13 22:05:00,69.07,69.16,68.89,69.16,2424.015
1781388600000,2026-06-13 22:10:00,69.14,69.14,69.0,69.04,771.638
1781388900000,2026-06-13 22:15:00,69.05,69.06,68.93,68.99,1016.482
1781389200000,2026-06-13 22:20:00,69.01,69.1,69.0,69.07,2389.339
1781389500000,2026-06-13 22:25:00,69.07,69.13,69.02,69.13,479.138
1781389800000,2026-06-13 22:30:00,69.12,69.22,69.12,69.15,1090.326
1781390100000,2026-06-13 22:35:00,69.16,69.19,69.02,69.06,2531.508
1781390400000,2026-06-13 22:40:00,69.06,69.09,68.94,68.94,935.26
1781390700000,2026-06-13 22:45:00,68.93,68.98,68.91,68.98,554.901
1781391000000,2026-06-13 22:50:00,68.99,69.02,68.92,68.92,333.088
1781391300000,2026-06-13 22:55:00,68.91,68.95,68.88,68.9,641.359
1781391600000,2026-06-13 23:00:00,68.91,68.94,68.87,68.91,309.986
1781391900000,2026-06-13 23:05:00,68.93,68.97,68.89,68.92,1390.149
1781392200000,2026-06-13 23:10:00,68.88,69.01,68.87,68.95,1272.532
1781392500000,2026-06-13 23:15:00,68.96,69.16,68.95,69.13,611.966
1781392800000,2026-06-13 23:20:00,69.13,69.19,69.05,69.05,815.72
1781393100000,2026-06-13 23:25:00,69.06,69.07,68.94,68.99,418.414
1781393400000,2026-06-13 23:30:00,68.95,68.97,68.91,68.92,1235.195
1781393700000,2026-06-13 23:35:00,68.92,69.07,68.9,69.06,2671.763
1781394000000,2026-06-13 23:40:00,69.01,69.01,68.94,68.95,647.503
1781394300000,2026-06-13 23:45:00,68.94,68.96,68.84,68.86,2058.189
1781394600000,2026-06-13 23:50:00,68.85,68.85,68.8,68.84,398.603
1781394900000,2026-06-13 23:55:00,68.84,68.94,68.84,68.91,1298.733
1781395200000,2026-06-14 00:00:00,68.93,68.94,68.74,68.75,1984.03
1781395500000,2026-06-14 00:05:00,68.75,68.86,68.74,68.83,1245.696
1781395800000,2026-06-14 00:10:00,68.81,68.85,68.77,68.77,116.744
1781396100000,2026-06-14 00:15:00,68.8,68.85,68.7,68.7,558.457
1781396400000,2026-06-14 00:20:00,68.7,68.79,68.69,68.76,2692.761
1781396700000,2026-06-14 00:25:00,68.76,68.82,68.71,68.74,768.128
1781397000000,2026-06-14 00:30:00,68.73,68.86,68.69,68.85,2955.421
1781397300000,2026-06-14 00:35:00,68.85,68.88,68.82,68.82,329.573
1781397600000,2026-06-14 00:40:00,68.85,68.86,68.78,68.79,692.85
1781397900000,2026-06-14 00:45:00,68.8,68.84,68.76,68.76,848.693
1781398200000,2026-06-14 00:50:00,68.76,68.76,68.65,68.67,2112.492
1781398500000,2026-06-14 00:55:00,68.69,68.76,68.68,68.76,344.823
1781398800000,2026-06-14 01:00:00,68.75,68.79,68.64,68.71,3483.854
1781399100000,2026-06-14 01:05:00,68.73,68.85,68.72,68.85,1683.43
1781399400000,2026-06-14 01:10:00,68.85,68.9,68.81,68.81,1586.891
1781399700000,2026-06-14 01:15:00,68.81,69.02,68.8,68.97,1015.366
1781400000000,2026-06-14 01:20:00,68.98,69.03,68.95,69.02,261.888
1781400300000,2026-06-14 01:25:00,69.03,69.1,68.93,68.94,1826.454
1781400600000,2026-06-14 01:30:00,69.0,69.0,68.83,68.97,3276.047
1781400900000,2026-06-14 01:35:00,68.98,68.99,68.88,68.89,668.666
1781401200000,2026-06-14 01:40:00,68.88,68.97,68.88,68.94,472.232
1781401500000,2026-06-14 01:45:00,68.95,68.98,68.88,68.98,362.242
1781401800000,2026-06-14 01:50:00,68.97,68.98,68.87,68.87,1871.407
1781402100000,2026-06-14 01:55:00,68.87,68.9,68.79,68.85,925.117
1781402400000,2026-06-14 02:00:00,68.82,68.84,68.72,68.83,1296.504
1781402700000,2026-06-14 02:05:00,68.84,68.92,68.84,68.91,1632.077
1781403000000,2026-06-14 02:10:00,68.89,69.04,68.89,69.01,746.465
1781403300000,2026-06-14 02:15:00,69.01,69.08,69.01,69.05,98.591
1781403600000,2026-06-14 02:20:00,69.07,69.08,68.95,68.98,776.865
1781403900000,2026-06-14 02:25:00,68.97,68.97,68.93,68.93,23.886
1781404200000,2026-06-14 02:30:00,68.96,69.0,68.93,69.0,211.576
1781404500000,2026-06-14 02:35:00,68.98,69.02,68.96,69.0,900.455
1781404800000,2026-06-14 02:40:00,68.96,68.97,68.85,68.87,4232.11
1781405100000,2026-06-14 02:45:00,68.89,68.89,68.8,68.85,67.263
1781405400000,2026-06-14 02:50:00,68.86,68.87,68.83,68.83,119.162
1781405700000,2026-06-14 02:55:00,68.84,68.85,68.81,68.83,23.9
1781406000000,2026-06-14 03:00:00,68.83,68.87,68.78,68.85,2802.516
1781406300000,2026-06-14 03:05:00,68.84,68.88,68.83,68.87,1082.863
1781406600000,2026-06-14 03:10:00,68.84,68.87,68.83,68.84,203.643
1781406900000,2026-06-14 03:15:00,68.83,68.91,68.8,68.9,2434.211
1781407200000,2026-06-14 03:20:00,68.92,68.92,68.91,68.91,21.634
1781407500000,2026-06-14 03:25:00,68.92,68.92,68.91,68.92,1785.092
1781407800000,2026-06-14 03:30:00,68.92,68.92,68.91,68.91,304.52
1781408100000,2026-06-14 03:35:00,68.92,68.92,53.7,68.88,3234.427
1781408400000,2026-06-14 03:40:00,68.88,68.9,68.77,68.77,1014.591
1781408700000,2026-06-14 03:45:00,68.76,68.83,68.76,68.83,144.034
1781409000000,2026-06-14 03:50:00,68.84,68.95,68.84,68.94,1368.802
1781409300000,2026-06-14 03:55:00,68.98,69.04,68.94,68.99,1387.05
1781409600000,2026-06-14 04:00:00,68.95,69.01,68.92,68.93,539.451
1781409900000,2026-06-14 04:05:00,68.93,68.93,68.83,68.85,1067.038
1781410200000,2026-06-14 04:10:00,68.84,68.86,68.79,68.84,441.239
1781410500000,2026-06-14 04:15:00,68.89,68.97,68.86,68.97,1647.429
1781410800000,2026-06-14 04:20:00,68.97,68.97,68.92,68.95,325.278
1781411100000,2026-06-14 04:25:00,68.93,68.94,68.85,68.86,179.909
1781411400000,2026-06-14 04:30:00,68.85,68.87,68.84,68.84,199.944
1781411700000,2026-06-14 04:35:00,68.83,68.85,68.78,68.79,1723.383
1781412000000,2026-06-14 04:40:00,68.83,68.84,68.65,68.65,1453.36
1781412300000,2026-06-14 04:45:00,68.64,68.65,68.44,68.55,3433.244
1781412600000,2026-06-14 04:50:00,68.51,68.55,68.47,68.47,939.418
1781412900000,2026-06-14 04:55:00,68.47,68.57,68.47,68.56,399.914
1781413200000,2026-06-14 05:00:00,68.56,68.57,68.51,68.51,1635.747
1781413500000,2026-06-14 05:05:00,68.51,68.59,68.51,68.58,559.192
1781413800000,2026-06-14 05:10:00,68.57,68.58,68.46,68.46,1462.168
1781414100000,2026-06-14 05:15:00,68.48,68.49,68.36,68.38,1361.297
1781414400000,2026-06-14 05:20:00,68.37,68.42,68.36,68.42,179.774
1781414700000,2026-06-14 05:25:00,68.38,68.38,68.2,68.2,514.946
1781415000000,2026-06-14 05:30:00,68.21,68.21,68.02,68.09,2920.61
1781415300000,2026-06-14 05:35:00,68.1,68.26,68.1,68.26,1693.902
1781415600000,2026-06-14 05:40:00,68.28,68.34,68.25,68.3,117.959
1781415900000,2026-06-14 05:45:00,68.31,68.33,68.31,68.33,22.71
1781416200000,2026-06-14 05:50:00,68.36,68.37,68.33,68.33,53.17
1781416500000,2026-06-14 05:55:00,68.32,68.32,68.22,68.27,425.633
1781416800000,2026-06-14 06:00:00,68.26,68.38,68.26,68.33,517.095
1781417100000,2026-06-14 06:05:00,68.34,68.48,68.33,68.46,623.192
1781417400000,2026-06-14 06:10:00,68.46,68.48,68.45,68.46,28.122
1781417700000,2026-06-14 06:15:00,68.45,68.45,68.38,68.39,249.569
1781418000000,2026-06-14 06:20:00,68.36,68.37,68.33,68.34,210.793
1781418300000,2026-06-14 06:25:00,68.29,68.34,68.28,68.34,1296.999
1781418600000,2026-06-14 06:30:00,68.39,68.4,68.28,68.28,1425.991
1781418900000,2026-06-14 06:35:00,68.22,68.24,68.14,68.2,1386.886
1781419200000,2026-06-14 06:40:00,68.2,68.2,68.18,68.18,76.738
1781419500000,2026-06-14 06:45:00,68.18,68.2,68.14,68.19,467.91
1781419800000,2026-06-14 06:50:00,68.18,68.19,68.14,68.14,352.323
1781420100000,2026-06-14 06:55:00,68.17,68.2,68.17,68.19,1417.513
1781420400000,2026-06-14 07:00:00,68.2,68.21,68.15,68.16,311.792
1781420700000,2026-06-14 07:05:00,68.12,68.12,68.07,68.09,1183.721
1781421000000,2026-06-14 07:10:00,68.1,68.12,68.09,68.1,137.239
1781421300000,2026-06-14 07:15:00,68.09,68.19,68.09,68.17,1096.089
1781421600000,2026-06-14 07:20:00,68.2,68.24,68.19,68.24,624.157
1781421900000,2026-06-14 07:25:00,68.24,68.24,68.21,68.21,317.47
1781422200000,2026-06-14 07:30:00,68.2,68.2,68.13,68.18,159.492
1781422500000,2026-06-14 07:35:00,68.17,68.17,68.12,68.12,1061.127
1781422800000,2026-06-14 07:40:00,68.12,68.12,68.04,68.05,373.246
1781423100000,2026-06-14 07:45:00,68.06,68.19,68.05,68.16,1781.947
1781423400000,2026-06-14 07:50:00,68.17,68.17,68.17,68.17,109.938
1781423700000,2026-06-14 07:55:00,68.18,68.24,68.17,68.22,107.247
1781424000000,2026-06-14 08:00:00,68.23,68.24,68.14,68.14,624.806
1781424300000,2026-06-14 08:05:00,68.12,68.25,68.12,68.25,2614.961
1781424600000,2026-06-14 08:10:00,68.26,68.26,68.22,68.22,137.067
1781424900000,2026-06-14 08:15:00,68.23,68.35,68.23,68.31,451.409
1781425200000,2026-06-14 08:20:00,68.3,68.33,68.3,68.33,1.584
1781425500000,2026-06-14 08:25:00,68.31,68.31,68.29,68.3,130.205
1781425800000,2026-06-14 08:30:00,68.31,68.31,68.21,68.25,1373.848
1781426100000,2026-06-14 08:35:00,68.23,68.34,68.23,68.33,1378.136
1781426400000,2026-06-14 08:40:00,68.26,68.29,68.26,68.27,1491.301
1781426700000,2026-06-14 08:45:00,68.27,68.32,68.26,68.29,1147.242
1781427000000,2026-06-14 08:50:00,68.31,68.31,68.24,68.24,278.565
1781427300000,2026-06-14 08:55:00,68.25,68.25,68.19,68.23,1468.833
1781427600000,2026-06-14 09:00:00,68.23,68.25,68.13,68.25,1613.232
1781427900000,2026-06-14 09:05:00,68.26,68.26,68.17,68.18,459.934
1781428200000,2026-06-14 09:10:00,68.19,68.2,68.11,68.11,219.168
1781428500000,2026-06-14 09:15:00,68.11,68.11,67.92,67.92,908.627
1781428800000,2026-06-14 09:20:00,67.93,68.03,67.93,68.03,1242.203
1781429100000,2026-06-14 09:25:00,68.0,68.14,68.0,68.14,1904.88
1781429400000,2026-06-14 09:30:00,68.13,68.3,68.13,68.23,455.424
1781429700000,2026-06-14 09:35:00,68.25,68.32,68.23,68.3,353.332
1781430000000,2026-06-14 09:40:00,68.37,68.43,68.37,68.42,467.558
1781430300000,2026-06-14 09:45:00,68.43,68.43,68.38,68.4,48.29
1781430600000,2026-06-14 09:50:00,68.38,68.42,68.38,68.39,234.197
1781430900000,2026-06-14 09:55:00,68.45,68.49,68.44,68.48,384.926
1781431200000,2026-06-14 10:00:00,68.47,68.47,68.4,68.41,946.661
1781431500000,2026-06-14 10:05:00,68.4,68.41,68.33,68.38,1427.549
1781431800000,2026-06-14 10:10:00,68.38,68.39,68.32,68.37,1049.888
1781432100000,2026-06-14 10:15:00,68.38,68.42,68.35,68.42,1157.596
1781432400000,2026-06-14 10:20:00,68.47,68.51,68.43,68.51,655.284
1781432700000,2026-06-14 10:25:00,68.48,68.51,68.42,68.42,570.254
1781433000000,2026-06-14 10:30:00,68.4,68.46,68.39,68.46,498.852
1781433300000,2026-06-14 10:35:00,68.5,68.51,68.46,68.46,309.453
1781433600000,2026-06-14 10:40:00,68.44,68.44,68.38,68.38,84.956
1781433900000,2026-06-14 10:45:00,68.39,68.4,68.25,68.25,2071.874
1781434200000,2026-06-14 10:50:00,68.24,68.3,68.23,68.29,466.522
1781434500000,2026-06-14 10:55:00,68.28,68.28,68.15,68.16,272.609
1781434800000,2026-06-14 11:00:00,68.16,68.18,68.07,68.1,1854.912
1781435100000,2026-06-14 11:05:00,68.1,68.14,68.03,68.13,2681.969
1781435400000,2026-06-14 11:10:00,68.14,68.2,68.13,68.19,1180.459
1781435700000,2026-06-14 11:15:00,68.17,68.17,68.09,68.09,329.592
1781436000000,2026-06-14 11:20:00,68.08,68.16,68.06,68.16,2498.633
1781436300000,2026-06-14 11:25:00,68.16,68.24,68.15,68.21,366.677
1781436600000,2026-06-14 11:30:00,68.21,68.3,68.21,68.3,437.172
1781436900000,2026-06-14 11:35:00,68.3,68.33,68.3,68.31,242.738
1781437200000,2026-06-14 11:40:00,68.31,68.31,68.25,68.25,199.648
1781437500000,2026-06-14 11:45:00,68.27,68.27,68.23,68.25,259.168
1781437800000,2026-06-14 11:50:00,68.24,68.27,68.2,68.2,976.178
1781438100000,2026-06-14 11:55:00,68.19,68.19,68.12,68.13,1172.26
1781438400000,2026-06-14 12:00:00,68.11,68.16,68.11,68.14,195.835
1781438700000,2026-06-14 12:05:00,68.16,68.17,68.03,68.05,579.119
1781439000000,2026-06-14 12:10:00,68.04,68.1,68.04,68.05,245.3
1781439300000,2026-06-14 12:15:00,68.06,68.07,68.06,68.06,20.458
1781439600000,2026-06-14 12:20:00,68.05,68.12,68.05,68.09,1274.321
1781439900000,2026-06-14 12:25:00,68.11,68.11,68.01,68.01,1011.051
1781440200000,2026-06-14 12:30:00,68.01,68.03,67.84,67.88,711.621
1781440500000,2026-06-14 12:35:00,67.87,67.89,67.73,67.83,988.088
1781440800000,2026-06-14 12:40:00,67.82,67.89,67.82,67.89,18.495
1781441100000,2026-06-14 12:45:00,67.89,67.89,67.8,67.83,919.286
1781441400000,2026-06-14 12:50:00,67.83,67.86,67.73,67.74,2929.73
1781441700000,2026-06-14 12:55:00,67.74,67.78,67.74,67.78,71.431
1781442000000,2026-06-14 13:00:00,67.78,67.87,67.76,67.78,2188.403
1781442300000,2026-06-14 13:05:00,67.78,67.86,67.76,67.81,268.277
1781442600000,2026-06-14 13:10:00,67.78,67.8,67.7,67.79,10629.251
1781442900000,2026-06-14 13:15:00,67.81,67.85,67.76,67.76,744.431
1781443200000,2026-06-14 13:20:00,67.75,67.76,67.67,67.69,1852.399
1781443500000,2026-06-14 13:25:00,67.68,67.7,67.62,67.64,847.544
1781443800000,2026-06-14 13:30:00,67.65,67.7,67.56,67.62,329.211
1781444100000,2026-06-14 13:35:00,67.62,67.7,67.52,67.54,2925.782
1781444400000,2026-06-14 13:40:00,67.54,67.79,67.54,67.78,1292.258
1781444700000,2026-06-14 13:45:00,67.77,67.81,67.68,67.68,363.023
1781445000000,2026-06-14 13:50:00,67.7,67.7,67.64,67.65,627.638
1781445300000,2026-06-14 13:55:00,67.68,67.75,67.68,67.75,348.297
1781445600000,2026-06-14 14:00:00,67.74,67.77,67.67,67.75,644.742
1781445900000,2026-06-14 14:05:00,67.76,67.76,67.7,67.7,345.097
1781446200000,2026-06-14 14:10:00,67.69,67.72,67.63,67.7,1634.309
1781446500000,2026-06-14 14:15:00,67.71,67.71,67.62,67.66,396.378
1781446800000,2026-06-14 14:20:00,67.69,67.82,67.68,67.7,1262.415
1781447100000,2026-06-14 14:25:00,67.69,67.7,67.61,67.61,548.39
1781447400000,2026-06-14 14:30:00,67.6,67.6,67.28,67.29,3134.246
1781447700000,2026-06-14 14:35:00,67.26,67.27,66.96,66.96,3903.269
1781448000000,2026-06-14 14:40:00,66.98,67.04,66.96,67.01,1151.436
1781448300000,2026-06-14 14:45:00,67.03,67.13,67.03,67.11,1923.622
1781448600000,2026-06-14 14:50:00,67.09,67.23,67.09,67.19,2260.458
1781448900000,2026-06-14 14:55:00,67.21,67.25,67.21,67.25,88.15
1781449200000,2026-06-14 15:00:00,67.27,67.41,67.27,67.38,1423.205
1781449500000,2026-06-14 15:05:00,67.38,67.42,67.37,67.38,492.982
1781449800000,2026-06-14 15:10:00,67.4,67.47,67.38,67.46,882.627
1781450100000,2026-06-14 15:15:00,67.42,67.46,67.35,67.35,485.471
1781450400000,2026-06-14 15:20:00,67.34,67.49,67.34,67.44,10776.754
1781450700000,2026-06-14 15:25:00,67.45,67.45,67.36,67.44,2480.099
1781451000000,2026-06-14 15:30:00,67.42,67.43,67.36,67.39,247.912
1781451300000,2026-06-14 15:35:00,67.39,67.52,67.39,67.49,2577.921
1781451600000,2026-06-14 15:40:00,67.47,67.51,67.47,67.48,132.479
1781451900000,2026-06-14 15:45:00,67.47,67.47,67.4,67.47,582.473
1781452200000,2026-06-14 15:50:00,67.49,67.53,67.49,67.49,364.505
1781452500000,2026-06-14 15:55:00,67.48,67.48,67.45,67.45,508.147
1781452800000,2026-06-14 16:00:00,67.43,67.51,67.42,67.48,2505.613
1781453100000,2026-06-14 16:05:00,67.51,67.54,67.5,67.52,835.291
1781453400000,2026-06-14 16:10:00,67.53,67.66,67.51,67.61,529.969
1781453700000,2026-06-14 16:15:00,67.62,67.67,67.58,67.65,494.09
1781454000000,2026-06-14 16:20:00,67.65,67.72,67.62,67.7,1038.557
1781454300000,2026-06-14 16:25:00,67.7,67.73,67.67,67.69,167.634
1781454600000,2026-06-14 16:30:00,67.69,67.71,67.66,67.7,172.713
1781454900000,2026-06-14 16:35:00,67.7,67.72,67.61,67.61,1763.665
1781455200000,2026-06-14 16:40:00,67.62,67.69,67.62,67.68,2244.973
1781455500000,2026-06-14 16:45:00,67.72,67.73,67.56,67.56,866.171
1781455800000,2026-06-14 16:50:00,67.55,67.6,67.52,67.52,1630.261
1781456100000,2026-06-14 16:55:00,67.51,67.51,67.46,67.47,549.423
1781456400000,2026-06-14 17:00:00,67.49,67.63,67.45,67.6,1524.569
1781456700000,2026-06-14 17:05:00,67.62,67.64,67.53,67.58,1252.739
1781457000000,2026-06-14 17:10:00,67.58,67.64,67.58,67.64,139.58
1781457300000,2026-06-14 17:15:00,67.65,67.72,67.64,67.64,765.684
1781457600000,2026-06-14 17:20:00,67.64,67.66,67.61,67.61,380.188
1781457900000,2026-06-14 17:25:00,67.61,67.61,67.59,67.6,72.21
1781458200000,2026-06-14 17:30:00,67.6,67.66,67.58,67.66,354.651
1781458500000,2026-06-14 17:35:00,67.64,67.65,67.48,67.48,1700.817
1781458800000,2026-06-14 17:40:00,67.48,67.64,67.48,67.58,1611.136
1781459100000,2026-06-14 17:45:00,67.6,67.6,67.43,67.44,1710.816
1781459400000,2026-06-14 17:50:00,67.4,67.44,67.36,67.36,1682.384
1781459700000,2026-06-14 17:55:00,67.39,67.39,67.31,67.34,343.825
1781460000000,2026-06-14 18:00:00,67.36,67.44,67.36,67.43,2077.743
1781460300000,2026-06-14 18:05:00,67.45,67.45,67.37,67.41,952.051
1781460600000,2026-06-14 18:10:00,67.41,67.48,67.39,67.48,677.555
1781460900000,2026-06-14 18:15:00,67.45,67.49,67.3,67.31,2167.904
1781461200000,2026-06-14 18:20:00,67.32,67.32,67.21,67.25,1192.412
1781461500000,2026-06-14 18:25:00,67.3,67.32,67.3,67.3,8.305
1781461800000,2026-06-14 18:30:00,67.28,67.32,67.26,67.29,232.443
1781462100000,2026-06-14 18:35:00,67.29,67.35,67.29,67.33,1154.376
1781462400000,2026-06-14 18:40:00,67.38,67.41,67.38,67.4,37.093
1781462700000,2026-06-14 18:45:00,67.42,67.44,67.41,67.43,50.742
1781463000000,2026-06-14 18:50:00,67.42,67.43,67.41,67.41,19.113
1781463300000,2026-06-14 18:55:00,67.41,67.42,67.39,67.4,10.372
1781463600000,2026-06-14 19:00:00,67.43,67.44,67.38,67.42,1182.818
1781463900000,2026-06-14 19:05:00,67.43,67.46,67.35,67.44,283.372
1781464200000,2026-06-14 19:10:00,67.47,67.58,67.46,67.53,1321.251
1781464500000,2026-06-14 19:15:00,67.53,67.69,67.53,67.65,1608.603
1781464800000,2026-06-14 19:20:00,67.64,67.66,67.63,67.66,999.225
1781465100000,2026-06-14 19:25:00,67.67,67.67,67.63,67.63,552.071
1781465400000,2026-06-14 19:30:00,67.65,67.75,67.63,67.74,1550.483
1781465700000,2026-06-14 19:35:00,67.72,67.72,67.62,67.63,2284.419
1781466000000,2026-06-14 19:40:00,67.66,67.66,67.56,67.58,135.843
1781466300000,2026-06-14 19:45:00,67.58,67.6,67.55,67.56,52.777
1781466600000,2026-06-14 19:50:00,67.57,67.58,67.56,67.58,14.901
1781466900000,2026-06-14 19:55:00,67.58,67.62,67.55,67.55,513.319
1781467200000,2026-06-14 20:00:00,67.59,67.66,67.56,67.56,1672.67
1781467500000,2026-06-14 20:05:00,67.55,67.55,67.45,67.51,1581.833
1781467800000,2026-06-14 20:10:00,67.5,67.55,67.5,67.52,40.841
1781468100000,2026-06-14 20:15:00,67.51,67.58,67.51,67.54,413.147
1781468400000,2026-06-14 20:20:00,67.55,67.69,67.55,67.69,1843.219
1781468700000,2026-06-14 20:25:00,67.7,67.77,67.69,67.72,396.632
1781469000000,2026-06-14 20:30:00,67.76,67.84,67.74,67.84,2357.073
1781469300000,2026-06-14 20:35:00,67.84,68.06,67.84,67.91,2474.026
1781469600000,2026-06-14 20:40:00,67.93,67.97,67.91,67.91,1334.226
1781469900000,2026-06-14 20:45:00,67.92,67.96,67.91,67.93,351.116
1781470200000,2026-06-14 20:50:00,67.92,67.95,67.88,67.9,579.924
1781470500000,2026-06-14 20:55:00,67.91,67.91,67.81,67.81,478.726
1781470800000,2026-06-14 21:00:00,67.8,67.86,67.8,67.84,555.01
1781471100000,2026-06-14 21:05:00,67.83,67.9,67.83,67.9,205.999
1781471400000,2026-06-14 21:10:00,67.89,68.04,67.88,68.04,2408.915
1781471700000,2026-06-14 21:15:00,68.02,69.07,68.02,68.87,5447.961
1781472000000,2026-06-14 21:20:00,68.86,69.19,68.86,69.12,6566.582
1781472300000,2026-06-14 21:25:00,69.12,69.43,69.0,69.07,20106.572
1781472600000,2026-06-14 21:30:00,69.07,69.78,69.0,69.75,11943.653
1781472900000,2026-06-14 21:35:00,69.78,69.99,69.59,69.87,3019.95
1781473200000,2026-06-14 21:40:00,69.88,70.34,69.88,70.19,2187.04
1781473500000,2026-06-14 21:45:00,70.2,70.3,70.01,70.29,2413.43
1781473800000,2026-06-14 21:50:00,70.3,70.54,70.29,70.34,2961.742
1781474100000,2026-06-14 21:55:00,70.38,70.44,70.15,70.15,2372.879
1781474400000,2026-06-14 22:00:00,70.15,70.47,69.99,70.27,2573.736
1781474700000,2026-06-14 22:05:00,70.28,70.28,69.73,69.86,3251.6
1781475000000,2026-06-14 22:10:00,69.86,70.36,69.75,70.19,2105.016
1781475300000,2026-06-14 22:15:00,70.17,70.24,69.93,70.2,1670.12
1781475600000,2026-06-14 22:20:00,70.21,70.4,70.19,70.28,2547.772
1781475900000,2026-06-14 22:25:00,70.26,70.26,69.97,70.15,2461.586
1781476200000,2026-06-14 22:30:00,70.18,70.38,70.13,70.26,2042.289
1781476500000,2026-06-14 22:35:00,70.27,70.48,70.26,70.3,1324.263
1781476800000,2026-06-14 22:40:00,70.29,70.63,70.29,70.62,1169.206
1781477100000,2026-06-14 22:45:00,70.6,70.6,70.44,70.5,1110.726
1781477400000,2026-06-14 22:50:00,70.54,70.59,70.44,70.5,1233.694
1781477700000,2026-06-14 22:55:00,70.5,70.51,70.36,70.4,1503.388
1781478000000,2026-06-14 23:00:00,70.4,70.47,70.22,70.22,2625.219
1781478300000,2026-06-14 23:05:00,70.21,70.61,70.17,70.41,1772.387
1781478600000,2026-06-14 23:10:00,70.41,70.68,70.41,70.57,1691.943
1781478900000,2026-06-14 23:15:00,70.57,70.7,70.5,70.5,1452.189
1781479200000,2026-06-14 23:20:00,70.51,70.57,70.43,70.54,1070.139
1781479500000,2026-06-14 23:25:00,70.56,70.84,70.56,70.78,1394.861
1781479800000,2026-06-14 23:30:00,70.8,70.86,70.59,70.74,2066.887
1781480100000,2026-06-14 23:35:00,70.75,70.78,70.69,70.72,1776.516
1781480400000,2026-06-14 23:40:00,70.72,70.8,70.71,70.71,543.327
1781480700000,2026-06-14 23:45:00,70.7,71.06,70.7,71.06,4308.906
1781481000000,2026-06-14 23:50:00,71.05,71.26,71.01,71.2,5433.632
1781481300000,2026-06-14 23:55:00,71.21,71.29,71.17,71.28,1619.032
1781481600000,2026-06-15 00:00:00,71.29,71.44,71.18,71.24,5614.569
1781481900000,2026-06-15 00:05:00,71.24,71.49,71.21,71.42,4197.233
1781482200000,2026-06-15 00:10:00,71.42,71.67,71.35,71.67,2487.971
1781482500000,2026-06-15 00:15:00,71.7,71.7,71.52,71.52,4273.86
1781482800000,2026-06-15 00:20:00,71.52,71.56,71.33,71.42,4948.101
1781483100000,2026-06-15 00:25:00,71.42,71.65,71.41,71.65,3420.138
1781483400000,2026-06-15 00:30:00,71.66,71.66,71.27,71.28,2158.943
1781483700000,2026-06-15 00:35:00,71.26,71.27,71.17,71.17,2177.888
1781484000000,2026-06-15 00:40:00,71.12,71.16,70.95,71.04,2455.785
1781484300000,2026-06-15 00:45:00,71.04,71.12,70.97,71.04,959.044
1781484600000,2026-06-15 00:50:00,71.06,71.06,70.98,71.03,1012.486
1781484900000,2026-06-15 00:55:00,71.04,71.17,71.04,71.11,1315.647
1781485200000,2026-06-15 01:00:00,71.11,71.13,70.77,70.77,2367.912
1781485500000,2026-06-15 01:05:00,70.78,70.96,70.71,70.91,1918.579
1781485800000,2026-06-15 01:10:00,70.9,71.01,70.82,70.99,2180.951
1781486100000,2026-06-15 01:15:00,70.99,71.0,70.85,70.86,1701.417
1781486400000,2026-06-15 01:20:00,70.85,70.87,70.76,70.87,2339.197
1781486700000,2026-06-15 01:25:00,70.85,70.88,70.71,70.8,2797.955
1781487000000,2026-06-15 01:30:00,70.81,70.93,70.75,70.89,2177.926
1781487300000,2026-06-15 01:35:00,70.87,71.27,70.86,71.26,3718.95
1781487600000,2026-06-15 01:40:00,71.26,71.33,71.16,71.33,1742.33
1781487900000,2026-06-15 01:45:00,71.33,71.34,71.25,71.25,2700.981
1781488200000,2026-06-15 01:50:00,71.24,71.24,71.06,71.06,1311.534
1781488500000,2026-06-15 01:55:00,71.06,71.09,70.95,70.98,2215.453
1781488800000,2026-06-15 02:00:00,70.98,71.1,70.94,71.07,1312.047
1781489100000,2026-06-15 02:05:00,71.12,71.28,71.12,71.27,1522.159
1781489400000,2026-06-15 02:10:00,71.28,71.32,71.26,71.28,1475.519
1781489700000,2026-06-15 02:15:00,71.29,71.56,71.29,71.48,2692.952
1781490000000,2026-06-15 02:20:00,71.48,71.49,71.34,71.35,2332.181
1781490300000,2026-06-15 02:25:00,71.39,71.4,71.26,71.29,1243.344
1781490600000,2026-06-15 02:30:00,71.3,71.3,71.18,71.18,827.137
1781490900000,2026-06-15 02:35:00,71.16,71.28,71.16,71.28,994.389
1781491200000,2026-06-15 02:40:00,71.23,71.24,71.2,71.2,1080.955
1781491500000,2026-06-15 02:45:00,71.2,71.22,71.2,71.2,1438.648
1781491800000,2026-06-15 02:50:00,71.2,71.22,70.99,71.01,4477.737
1781492100000,2026-06-15 02:55:00,71.01,71.06,70.76,70.93,1943.36
1781492400000,2026-06-15 03:00:00,70.98,71.05,70.93,71.05,454.459
1781492700000,2026-06-15 03:05:00,71.05,71.07,71.03,71.05,477.82
1781493000000,2026-06-15 03:10:00,71.09,71.21,71.09,71.18,1846.25
1781493300000,2026-06-15 03:15:00,71.21,71.25,71.17,71.22,676.644
1781493600000,2026-06-15 03:20:00,71.2,71.2,71.14,71.18,466.484
1781493900000,2026-06-15 03:25:00,71.24,71.24,71.2,71.2,394.86
1781494200000,2026-06-15 03:30:00,71.21,71.22,71.11,71.16,856.102
1781494500000,2026-06-15 03:35:00,71.16,71.21,71.1,71.13,2221.591
1781494800000,2026-06-15 03:40:00,71.16,71.35,71.16,71.35,673.041
1781495100000,2026-06-15 03:45:00,71.35,71.36,71.23,71.25,793.351
1781495400000,2026-06-15 03:50:00,71.26,71.34,71.23,71.3,1689.598
1781495700000,2026-06-15 03:55:00,71.27,71.3,71.23,71.24,333.522
1781496000000,2026-06-15 04:00:00,71.2,71.22,71.07,71.12,512.588
1781496300000,2026-06-15 04:05:00,71.13,71.21,71.1,71.21,2465.863
1781496600000,2026-06-15 04:10:00,71.19,71.19,71.18,71.19,260.542
1781496900000,2026-06-15 04:15:00,71.17,71.22,71.15,71.15,1018.126
1781497200000,2026-06-15 04:20:00,71.22,71.27,71.2,71.21,368.025
1781497500000,2026-06-15 04:25:00,71.17,71.18,71.08,71.08,539.372
1781497800000,2026-06-15 04:30:00,71.09,71.12,71.04,71.09,709.22
1781498100000,2026-06-15 04:35:00,71.08,71.09,71.01,71.02,590.612
1781498400000,2026-06-15 04:40:00,71.02,71.02,70.92,70.94,468.486
1781498700000,2026-06-15 04:45:00,70.9,71.02,70.9,70.97,726.551
1781499000000,2026-06-15 04:50:00,70.98,70.99,70.95,70.98,371.164
1781499300000,2026-06-15 04:55:00,70.94,71.0,70.91,70.94,1698.077
1781499600000,2026-06-15 05:00:00,70.94,70.94,70.81,70.85,1296.759
1781499900000,2026-06-15 05:05:00,70.83,70.91,70.83,70.91,794.62
1781500200000,2026-06-15 05:10:00,70.91,71.01,70.89,70.95,812.165
1781500500000,2026-06-15 05:15:00,70.97,71.01,70.97,71.01,332.658
1781500800000,2026-06-15 05:20:00,71.01,71.2,71.0,71.13,940.17
1781501100000,2026-06-15 05:25:00,71.12,71.22,71.1,71.21,1062.469
1781501400000,2026-06-15 05:30:00,71.22,71.22,71.07,71.07,726.132
1781501700000,2026-06-15 05:35:00,71.08,71.08,70.91,70.92,1501.241
1781502000000,2026-06-15 05:40:00,70.94,71.03,70.94,71.01,596.658
1781502300000,2026-06-15 05:45:00,70.99,71.15,70.99,71.11,1624.407
1781502600000,2026-06-15 05:50:00,71.15,71.24,71.15,71.24,789.898
1781502900000,2026-06-15 05:55:00,71.24,71.29,71.23,71.24,2492.642
1781503200000,2026-06-15 06:00:00,71.23,71.23,71.16,71.16,1205.184
1781503500000,2026-06-15 06:05:00,71.2,71.28,71.15,71.16,1471.854
1781503800000,2026-06-15 06:10:00,71.14,71.24,71.11,71.22,1215.364
1781504100000,2026-06-15 06:15:00,71.22,71.28,71.2,71.2,172.514
1781504400000,2026-06-15 06:20:00,71.19,71.32,71.17,71.32,2463.451
1781504700000,2026-06-15 06:25:00,71.32,71.44,71.31,71.41,551.682
1781505000000,2026-06-15 06:30:00,71.42,71.45,71.26,71.26,1795.626
1781505300000,2026-06-15 06:35:00,71.26,71.3,71.22,71.28,818.806
1781505600000,2026-06-15 06:40:00,71.27,71.35,71.26,71.35,542.281
1781505900000,2026-06-15 06:45:00,71.36,71.48,71.35,71.48,701.201
1781506200000,2026-06-15 06:50:00,71.48,71.48,71.39,71.39,2082.746
1781506500000,2026-06-15 06:55:00,71.38,71.41,71.36,71.37,85.146
1781506800000,2026-06-15 07:00:00,71.36,71.36,71.12,71.26,2288.691
1781507100000,2026-06-15 07:05:00,71.28,71.31,71.28,71.31,311.525
1781507400000,2026-06-15 07:10:00,71.28,71.37,71.25,71.29,1366.133
1781507700000,2026-06-15 07:15:00,71.29,71.49,71.29,71.44,2393.144
1781508000000,2026-06-15 07:20:00,71.41,71.44,71.35,71.44,2163.054
1781508300000,2026-06-15 07:25:00,71.44,71.44,71.37,71.41,1236.868
1781508600000,2026-06-15 07:30:00,71.41,71.41,71.15,71.15,515.999
1781508900000,2026-06-15 07:35:00,71.24,71.29,71.21,71.29,660.952
1781509200000,2026-06-15 07:40:00,71.3,71.34,71.29,71.34,407.814
1781509500000,2026-06-15 07:45:00,71.33,71.33,71.28,71.28,439.811
1781509800000,2026-06-15 07:50:00,71.28,71.4,71.23,71.4,1260.238
1781510100000,2026-06-15 07:55:00,71.39,71.39,71.25,71.25,348.455
1781510400000,2026-06-15 08:00:00,71.29,71.43,71.18,71.43,2706.247
1781510700000,2026-06-15 08:05:00,71.43,71.46,71.38,71.42,1386.72
1781511000000,2026-06-15 08:10:00,71.44,71.5,71.44,71.49,398.656
1781511300000,2026-06-15 08:15:00,71.48,71.58,71.47,71.48,1075.464
1781511600000,2026-06-15 08:20:00,71.47,71.47,71.24,71.24,1339.45
1781511900000,2026-06-15 08:25:00,71.24,71.38,71.22,71.36,1262.403
1781512200000,2026-06-15 08:30:00,71.37,71.49,71.32,71.48,835.691
1781512500000,2026-06-15 08:35:00,71.49,71.51,71.42,71.45,1052.298
1781512800000,2026-06-15 08:40:00,71.46,71.52,71.39,71.44,1021.152
1781513100000,2026-06-15 08:45:00,71.44,71.49,71.36,71.36,1327.934
1781513400000,2026-06-15 08:50:00,71.36,71.38,71.29,71.31,1792.132
1781513700000,2026-06-15 08:55:00,71.32,71.32,71.29,71.29,132.28
1781514000000,2026-06-15 09:00:00,71.28,71.37,71.28,71.32,755.668
1781514300000,2026-06-15 09:05:00,71.34,71.39,71.32,71.32,1291.181
1781514600000,2026-06-15 09:10:00,71.32,71.33,71.27,71.29,344.062
1781514900000,2026-06-15 09:15:00,71.28,71.46,71.28,71.45,1182.798
1781515200000,2026-06-15 09:20:00,71.41,71.41,71.25,71.25,1294.006
1781515500000,2026-06-15 09:25:00,71.28,71.29,71.2,71.2,543.598
1781515800000,2026-06-15 09:30:00,71.19,71.19,71.0,71.01,1172.301
1781516100000,2026-06-15 09:35:00,70.99,71.03,70.86,70.87,1103.096
1781516400000,2026-06-15 09:40:00,70.87,71.02,70.87,70.95,1081.372
1781516700000,2026-06-15 09:45:00,71.0,71.03,70.94,71.03,943.201
1781517000000,2026-06-15 09:50:00,71.05,71.14,71.05,71.14,212.49
1781517300000,2026-06-15 09:55:00,71.13,71.22,71.13,71.22,436.599
1781517600000,2026-06-15 10:00:00,71.22,71.35,71.2,71.31,2046.752
1781517900000,2026-06-15 10:05:00,71.36,71.45,71.35,71.41,1305.936
1781518200000,2026-06-15 10:10:00,71.42,71.44,71.38,71.39,788.533
1781518500000,2026-06-15 10:15:00,71.37,71.43,71.37,71.42,1001.001
1781518800000,2026-06-15 10:20:00,71.46,71.5,71.42,71.46,1627.052
1781519100000,2026-06-15 10:25:00,71.47,71.48,71.4,71.4,610.751
1781519400000,2026-06-15 10:30:00,71.41,71.48,71.41,71.47,1209.684
1781519700000,2026-06-15 10:35:00,71.5,71.52,71.43,71.44,389.729
1781520000000,2026-06-15 10:40:00,71.44,71.51,71.44,71.48,671.686
1781520300000,2026-06-15 10:45:00,71.48,71.53,71.46,71.52,269.91
1781520600000,2026-06-15 10:50:00,71.49,71.95,71.48,71.95,2437.172
1781520900000,2026-06-15 10:55:00,71.95,71.96,71.76,71.85,2753.232
1781521200000,2026-06-15 11:00:00,71.85,71.85,71.69,71.75,2368.065
1781521500000,2026-06-15 11:05:00,71.79,72.07,71.79,72.05,3392.799
1781521800000,2026-06-15 11:10:00,72.05,72.16,72.05,72.06,1503.45
1781522100000,2026-06-15 11:15:00,72.05,72.27,72.05,72.27,3026.798
1781522400000,2026-06-15 11:20:00,72.27,72.6,72.27,72.59,3698.705
1781522700000,2026-06-15 11:25:00,72.58,72.78,72.53,72.63,3909.649
1781523000000,2026-06-15 11:30:00,72.64,72.73,72.46,72.67,845.77
1781523300000,2026-06-15 11:35:00,72.64,72.65,72.47,72.65,1342.127
1781523600000,2026-06-15 11:40:00,72.65,72.7,72.52,72.52,1060.357
1781523900000,2026-06-15 11:45:00,72.5,72.63,72.45,72.62,1970.007
1781524200000,2026-06-15 11:50:00,72.64,72.72,72.63,72.72,586.363
1781524500000,2026-06-15 11:55:00,72.7,72.71,72.57,72.64,1525.284
1781524800000,2026-06-15 12:00:00,72.64,72.67,72.48,72.48,855.244
1781525100000,2026-06-15 12:05:00,72.47,72.68,72.46,72.61,1090.074
1781525400000,2026-06-15 12:10:00,72.62,72.65,72.59,72.62,539.932
1781525700000,2026-06-15 12:15:00,72.63,72.64,72.36,72.48,2840.884
1781526000000,2026-06-15 12:20:00,72.47,72.54,72.36,72.54,1458.525
1781526300000,2026-06-15 12:25:00,72.56,72.57,72.46,72.55,465.071
1781526600000,2026-06-15 12:30:00,72.52,72.55,72.45,72.5,1536.867
1781526900000,2026-06-15 12:35:00,72.47,72.73,72.46,72.73,2106.068
1781527200000,2026-06-15 12:40:00,72.73,72.99,72.7,72.96,2845.523
1781527500000,2026-06-15 12:45:00,72.95,72.96,72.79,72.8,1366.832
1781527800000,2026-06-15 12:50:00,72.8,72.84,72.76,72.81,387.262
1781528100000,2026-06-15 12:55:00,72.82,72.84,72.77,72.84,957.708
1781528400000,2026-06-15 13:00:00,72.85,72.88,72.72,72.88,841.027
1781528700000,2026-06-15 13:05:00,72.9,73.2,72.86,73.07,3583.509
1781529000000,2026-06-15 13:10:00,73.08,73.4,73.07,73.33,4158.261
1781529300000,2026-06-15 13:15:00,73.34,74.0,73.34,73.97,6319.025
1781529600000,2026-06-15 13:20:00,74.01,74.24,73.94,74.0,3656.326
1781529900000,2026-06-15 13:25:00,73.95,74.04,73.82,73.95,3000.983
1781530200000,2026-06-15 13:30:00,73.94,74.09,73.75,74.0,4190.605
1781530500000,2026-06-15 13:35:00,74.0,74.17,73.76,73.76,3141.954
1781530800000,2026-06-15 13:40:00,73.75,73.75,73.45,73.64,3578.141
1781531100000,2026-06-15 13:45:00,73.65,73.7,73.48,73.69,3184.454
1781531400000,2026-06-15 13:50:00,73.72,73.86,73.6,73.6,1669.279
1781531700000,2026-06-15 13:55:00,73.61,73.67,73.57,73.63,1513.439
1781532000000,2026-06-15 14:00:00,73.64,73.64,73.31,73.46,2065.217
1781532300000,2026-06-15 14:05:00,73.47,73.56,73.29,73.34,1605.589
1781532600000,2026-06-15 14:10:00,73.34,73.48,73.24,73.44,990.5
1781532900000,2026-06-15 14:15:00,73.49,73.64,73.41,73.64,1063.631
1781533200000,2026-06-15 14:20:00,73.6,73.7,73.48,73.59,2348.975
1781533500000,2026-06-15 14:25:00,73.56,73.82,73.51,73.82,4725.242
1781533800000,2026-06-15 14:30:00,73.83,73.92,73.81,73.82,2378.351
1781534100000,2026-06-15 14:35:00,73.88,73.89,73.66,73.76,1287.829
1781534400000,2026-06-15 14:40:00,73.82,73.94,73.8,73.8,1296.619
1781534700000,2026-06-15 14:45:00,73.78,73.97,73.78,73.91,2597.702
1781535000000,2026-06-15 14:50:00,73.89,73.94,73.74,73.8,1004.153
1781535300000,2026-06-15 14:55:00,73.81,73.88,73.77,73.82,1559.723
1781535600000,2026-06-15 15:00:00,73.82,73.91,73.8,73.84,840.76
1781535900000,2026-06-15 15:05:00,73.82,73.99,73.82,73.99,1375.555
1781536200000,2026-06-15 15:10:00,73.96,73.99,73.88,73.91,1526.271
1781536500000,2026-06-15 15:15:00,73.85,74.02,73.85,74.02,97.675
1781536800000,2026-06-15 15:20:00,73.98,74.01,73.87,73.96,1731.168
1781537100000,2026-06-15 15:25:00,73.99,74.18,73.99,74.05,1992.78
1781537400000,2026-06-15 15:30:00,74.05,74.2,73.85,73.86,816.26
1781537700000,2026-06-15 15:35:00,73.96,74.52,73.96,74.5,1687.984
1781538000000,2026-06-15 15:40:00,74.41,74.74,74.41,74.67,2551.359
1781538300000,2026-06-15 15:45:00,74.73,75.03,74.73,74.95,3285.362
1781538600000,2026-06-15 15:50:00,74.99,75.23,74.92,75.2,3247.99
1781538900000,2026-06-15 15:55:00,75.2,75.2,75.04,75.18,817.174
1781539200000,2026-06-15 16:00:00,75.21,75.21,75.0,75.05,1011.585
1781539500000,2026-06-15 16:05:00,75.04,75.55,75.04,75.55,4033.668
1781539800000,2026-06-15 16:10:00,75.56,75.93,75.55,75.86,4619.117
1781540100000,2026-06-15 16:15:00,75.85,75.86,75.31,75.37,5158.234
1781540400000,2026-06-15 16:20:00,75.37,75.68,75.37,75.68,3567.518
1781540700000,2026-06-15 16:25:00,75.68,75.83,75.66,75.74,1668.271
1781541000000,2026-06-15 16:30:00,75.74,76.05,75.74,75.92,3398.453
1781541300000,2026-06-15 16:35:00,75.97,76.0,75.53,75.55,3676.898
1781541600000,2026-06-15 16:40:00,75.55,76.04,75.55,75.87,3342.844
1781541900000,2026-06-15 16:45:00,75.87,76.01,75.61,75.65,2496.231
1781542200000,2026-06-15 16:50:00,75.65,75.68,75.59,75.64,680.089
1781542500000,2026-06-15 16:55:00,75.64,75.74,75.46,75.46,1951.947
1781542800000,2026-06-15 17:00:00,75.47,75.47,74.91,75.01,2720.186
1781543100000,2026-06-15 17:05:00,74.93,75.15,74.92,74.98,1978.057
1781543400000,2026-06-15 17:10:00,74.91,75.15,74.84,75.13,1530.433
1781543700000,2026-06-15 17:15:00,75.13,75.24,75.04,75.13,1346.764
1781544000000,2026-06-15 17:20:00,75.12,75.12,74.91,75.03,1904.355
1781544300000,2026-06-15 17:25:00,75.0,75.12,74.98,74.98,1447.311
1781544600000,2026-06-15 17:30:00,74.97,74.98,74.68,74.81,1997.595
1781544900000,2026-06-15 17:35:00,74.87,75.24,74.87,75.24,1390.288
1781545200000,2026-06-15 17:40:00,75.24,75.28,75.1,75.24,3730.26
1781545500000,2026-06-15 17:45:00,75.24,75.3,75.15,75.27,2109.691
1781545800000,2026-06-15 17:50:00,75.28,75.33,75.21,75.3,2179.939
1781546100000,2026-06-15 17:55:00,75.29,75.3,75.2,75.29,1217.99
1781546400000,2026-06-15 18:00:00,75.29,75.29,75.11,75.16,2397.234
1781546700000,2026-06-15 18:05:00,75.14,75.39,75.13,75.26,1700.793
1781547000000,2026-06-15 18:10:00,75.3,75.36,75.19,75.36,1259.089
1781547300000,2026-06-15 18:15:00,75.37,75.51,75.37,75.48,2455.547
1781547600000,2026-06-15 18:20:00,75.48,75.51,75.37,75.49,2467.791
1781547900000,2026-06-15 18:25:00,75.47,75.47,75.38,75.4,1161.587
1781548200000,2026-06-15 18:30:00,75.41,75.69,75.33,75.63,3174.431
1781548500000,2026-06-15 18:35:00,75.62,75.64,75.46,75.49,1140.442
1781548800000,2026-06-15 18:40:00,75.49,75.61,75.48,75.49,1416.816
1781549100000,2026-06-15 18:45:00,75.46,75.6,75.46,75.57,1013.586
1781549400000,2026-06-15 18:50:00,75.57,75.57,75.31,75.34,844.936
1781549700000,2026-06-15 18:55:00,75.36,75.41,75.29,75.29,510.077
1781550000000,2026-06-15 19:00:00,75.29,75.51,75.19,75.5,714.144
1781550300000,2026-06-15 19:05:00,75.54,75.67,75.53,75.65,1191.319
1781550600000,2026-06-15 19:10:00,75.66,75.71,75.63,75.65,1624.622
1781550900000,2026-06-15 19:15:00,75.67,75.8,74.67,74.67,1469.728
1781551200000,2026-06-15 19:20:00,74.66,74.95,74.65,74.94,1178.018
1781551500000,2026-06-15 19:25:00,74.95,75.12,74.92,74.95,913.3
1781551800000,2026-06-15 19:30:00,74.94,75.21,74.93,75.2,628.529
1781552100000,2026-06-15 19:35:00,75.23,75.31,75.14,75.28,1342.932
1781552400000,2026-06-15 19:40:00,75.3,75.54,75.3,75.46,891.673
1781552700000,2026-06-15 19:45:00,75.45,75.55,75.15,75.16,1007.996
1781553000000,2026-06-15 19:50:00,75.25,75.25,75.03,75.22,556.059
1781553300000,2026-06-15 19:55:00,75.17,75.23,75.04,75.06,963.064
1781553600000,2026-06-15 20:00:00,75.18,75.38,75.05,75.38,717.636
1781553900000,2026-06-15 20:05:00,75.33,75.44,75.31,75.33,361.476
1781554200000,2026-06-15 20:10:00,75.34,75.34,75.17,75.24,555.236
1781554500000,2026-06-15 20:15:00,75.23,75.27,75.09,75.09,499.729
1781554800000,2026-06-15 20:20:00,75.07,75.12,74.99,74.99,347.725
1781555100000,2026-06-15 20:25:00,74.99,75.07,74.95,75.05,492.749
1781555400000,2026-06-15 20:30:00,75.1,75.16,74.97,75.08,341.649
1781555700000,2026-06-15 20:35:00,75.04,75.06,74.96,75.04,1097.292
1781556000000,2026-06-15 20:40:00,75.1,75.2,75.01,75.03,1762.746
1781556300000,2026-06-15 20:45:00,74.96,74.97,74.82,74.84,1506.388
1781556600000,2026-06-15 20:50:00,74.85,74.95,74.78,74.84,577.731
1781556900000,2026-06-15 20:55:00,74.84,74.94,74.82,74.94,951.503
1781557200000,2026-06-15 21:00:00,74.95,74.97,74.82,74.82,699.326
1781557500000,2026-06-15 21:05:00,74.8,74.88,74.69,74.78,478.011
1781557800000,2026-06-15 21:10:00,74.81,74.99,74.8,74.9,728.623
1781558100000,2026-06-15 21:15:00,75.0,75.0,74.92,74.92,313.235
1781558400000,2026-06-15 21:20:00,74.88,74.88,74.82,74.85,727.459
1781558700000,2026-06-15 21:25:00,74.81,74.81,74.46,74.46,791.619
1781559000000,2026-06-15 21:30:00,74.45,74.51,74.42,74.46,647.531
1781559300000,2026-06-15 21:35:00,74.45,74.59,74.45,74.48,1916.929
1781559600000,2026-06-15 21:40:00,74.49,74.64,74.48,74.59,4200.536
1781559900000,2026-06-15 21:45:00,74.63,74.63,74.49,74.52,1410.807
1781560200000,2026-06-15 21:50:00,74.54,74.57,74.49,74.5,1455.505
1781560500000,2026-06-15 21:55:00,74.44,74.49,74.41,74.47,2465.257
1781560800000,2026-06-15 22:00:00,74.46,74.51,74.46,74.51,1526.33
1781561100000,2026-06-15 22:05:00,74.52,74.58,74.52,74.56,2860.855
1781561400000,2026-06-15 22:10:00,74.57,74.57,74.4,74.4,134.047
1781561700000,2026-06-15 22:15:00,74.37,74.44,74.3,74.3,1564.691
1781562000000,2026-06-15 22:20:00,74.29,74.34,74.1,74.1,1618.104
1781562300000,2026-06-15 22:25:00,74.11,74.11,73.77,73.84,1938.234
1781562600000,2026-06-15 22:30:00,73.83,73.95,73.64,73.95,1749.21
1781562900000,2026-06-15 22:35:00,73.9,74.07,73.86,74.03,1473.401
1781563200000,2026-06-15 22:40:00,74.06,74.09,73.9,73.91,1412.578
1781563500000,2026-06-15 22:45:00,73.91,73.96,73.8,73.8,38.298
1781563800000,2026-06-15 22:50:00,73.75,73.81,73.72,73.8,39.761
1781564100000,2026-06-15 22:55:00,73.72,73.83,73.72,73.8,9.044
1781564400000,2026-06-15 23:00:00,73.79,73.81,73.72,73.75,47.072
1781564700000,2026-06-15 23:05:00,73.84,73.9,73.79,73.79,117.064
1781565000000,2026-06-15 23:10:00,73.85,73.88,73.82,73.82,180.616
1781565300000,2026-06-15 23:15:00,73.87,73.87,73.72,73.72,129.633
1781565600000,2026-06-15 23:20:00,73.73,73.78,73.72,73.72,40.544
1781565900000,2026-06-15 23:25:00,73.69,73.91,73.69,73.9,213.818
1781566200000,2026-06-15 23:30:00,73.86,73.86,73.74,73.8,202.829
1781566500000,2026-06-15 23:35:00,73.75,73.84,73.71,73.84,66.266
1781566800000,2026-06-15 23:40:00,73.85,73.95,73.78,73.95,85.407
1781567100000,2026-06-15 23:45:00,73.95,73.97,73.89,73.93,103.538
1781567400000,2026-06-15 23:50:00,73.92,74.02,73.91,73.97,1389.241
1781567700000,2026-06-15 23:55:00,74.02,74.03,74.01,74.02,2782.938
1781568000000,2026-06-16 00:00:00,73.96,74.0,73.87,73.91,3677.676
1781568300000,2026-06-16 00:05:00,73.91,74.1,73.87,74.1,3909.167
1781568600000,2026-06-16 00:10:00,74.13,74.16,74.1,74.12,1787.066
1781568900000,2026-06-16 00:15:00,74.11,74.15,74.06,74.07,2166.714
1781569200000,2026-06-16 00:20:00,74.08,74.09,73.91,73.91,1961.051
1781569500000,2026-06-16 00:25:00,73.9,74.0,73.9,73.91,349.018
1781569800000,2026-06-16 00:30:00,73.9,74.03,73.89,73.91,550.244
1781570100000,2026-06-16 00:35:00,73.91,74.15,73.91,74.12,558.824
1781570400000,2026-06-16 00:40:00,74.14,74.39,74.13,74.3,2095.135
1781570700000,2026-06-16 00:45:00,74.3,74.33,74.27,74.28,1586.204
1781571000000,2026-06-16 00:50:00,74.22,74.25,74.16,74.16,1927.857
1781571300000,2026-06-16 00:55:00,74.17,74.17,74.01,74.01,1647.695
1781571600000,2026-06-16 01:00:00,74.02,74.26,74.02,74.26,507.507
1781571900000,2026-06-16 01:05:00,74.27,74.33,74.21,74.25,1861.904
1781572200000,2026-06-16 01:10:00,74.18,74.23,74.1,74.1,1859.576
1781572500000,2026-06-16 01:15:00,74.12,74.23,74.07,74.23,468.666
1781572800000,2026-06-16 01:20:00,74.22,74.25,74.15,74.24,1612.627
1781573100000,2026-06-16 01:25:00,74.24,74.27,74.15,74.23,3377.896
1781573400000,2026-06-16 01:30:00,74.2,74.25,74.14,74.14,1446.637
1781573700000,2026-06-16 01:35:00,74.14,74.16,74.11,74.16,1723.731
1781574000000,2026-06-16 01:40:00,74.19,74.22,74.15,74.15,1808.682
1781574300000,2026-06-16 01:45:00,74.15,74.25,74.14,74.25,1874.127
1781574600000,2026-06-16 01:50:00,74.25,74.26,74.04,74.04,1883.686
1781574900000,2026-06-16 01:55:00,74.02,74.02,73.87,73.87,637.598
1781575200000,2026-06-16 02:00:00,73.88,73.88,73.79,73.79,4400.996
1781575500000,2026-06-16 02:05:00,73.79,73.81,73.79,73.81,650.821
1781575800000,2026-06-16 02:10:00,73.81,73.81,73.79,73.79,2651.848
1781576100000,2026-06-16 02:15:00,73.79,73.9,73.34,73.35,1653.673
1781576400000,2026-06-16 02:20:00,73.36,73.47,73.35,73.45,1746.754
1781576700000,2026-06-16 02:25:00,73.45,73.45,72.83,72.84,3925.582
1781577000000,2026-06-16 02:30:00,72.84,73.03,72.83,73.03,1682.957
1781577300000,2026-06-16 02:35:00,72.95,73.08,72.86,73.06,1669.231
1781577600000,2026-06-16 02:40:00,73.05,73.09,73.0,73.04,1392.587
1781577900000,2026-06-16 02:45:00,73.08,73.17,73.08,73.16,1008.617
1781578200000,2026-06-16 02:50:00,73.16,73.18,73.03,73.07,1497.591
1781578500000,2026-06-16 02:55:00,73.06,73.06,72.91,72.95,523.506
1781578800000,2026-06-16 03:00:00,73.01,73.04,72.94,72.95,1853.33
1781579100000,2026-06-16 03:05:00,73.02,73.06,72.9,72.95,1525.555
1781579400000,2026-06-16 03:10:00,72.95,73.1,72.95,73.09,391.861
1781579700000,2026-06-16 03:15:00,73.11,73.12,73.01,73.06,580.159
1781580000000,2026-06-16 03:20:00,73.06,73.23,72.89,73.23,1276.222
1781580300000,2026-06-16 03:25:00,73.24,73.48,73.23,73.48,1046.911
1781580600000,2026-06-16 03:30:00,73.5,73.59,73.45,73.59,943.471
1781580900000,2026-06-16 03:35:00,73.57,73.62,73.53,73.62,558.958
1781581200000,2026-06-16 03:40:00,73.62,73.66,73.6,73.62,539.752
1781581500000,2026-06-16 03:45:00,73.65,73.8,73.62,73.8,807.096
1781581800000,2026-06-16 03:50:00,73.77,73.77,73.67,73.69,1732.937
1781582100000,2026-06-16 03:55:00,73.72,73.75,73.65,73.75,697.129
1781582400000,2026-06-16 04:00:00,73.75,73.88,73.74,73.88,1499.295
1781582700000,2026-06-16 04:05:00,73.9,73.93,73.71,73.71,4234.109
1781583000000,2026-06-16 04:10:00,73.74,73.84,73.73,73.75,2644.799
1781583300000,2026-06-16 04:15:00,73.73,73.74,73.64,73.66,1670.205
1781583600000,2026-06-16 04:20:00,73.65,73.66,73.61,73.64,2523.434
1781583900000,2026-06-16 04:25:00,73.6,73.63,73.48,73.49,159.592
1781584200000,2026-06-16 04:30:00,73.49,73.49,73.21,73.31,783.051
1781584500000,2026-06-16 04:35:00,73.3,73.35,73.27,73.29,162.947
1781584800000,2026-06-16 04:40:00,73.33,73.34,73.27,73.27,231.871
1781585100000,2026-06-16 04:45:00,73.3,73.3,73.23,73.23,156.037
1781585400000,2026-06-16 04:50:00,73.24,73.33,73.24,73.32,174.717
1781585700000,2026-06-16 04:55:00,73.29,73.42,73.25,73.4,340.107
1781586000000,2026-06-16 05:00:00,73.4,73.56,73.39,73.53,578.159
1781586300000,2026-06-16 05:05:00,73.56,73.57,73.47,73.5,2168.08
1781586600000,2026-06-16 05:10:00,73.5,73.71,73.46,73.67,3141.971
1781586900000,2026-06-16 05:15:00,73.64,73.65,73.55,73.64,3090.525
1781587200000,2026-06-16 05:20:00,73.71,73.74,73.7,73.73,3737.838
1781587500000,2026-06-16 05:25:00,73.72,73.79,73.68,73.73,2747.79
1781587800000,2026-06-16 05:30:00,73.75,73.75,73.62,73.62,2032.875
1781588100000,2026-06-16 05:35:00,73.64,73.8,73.64,73.78,830.478
1781588400000,2026-06-16 05:40:00,73.78,73.78,73.67,73.68,3442.323
1781588700000,2026-06-16 05:45:00,73.73,73.83,73.73,73.73,1847.981
1781589000000,2026-06-16 05:50:00,73.74,73.82,73.72,73.75,436.778
1781589300000,2026-06-16 05:55:00,73.74,73.75,73.66,73.67,1624.455
1781589600000,2026-06-16 06:00:00,73.67,73.84,73.66,73.79,2546.317
1781589900000,2026-06-16 06:05:00,73.77,73.89,73.72,73.89,912.399
1781590200000,2026-06-16 06:10:00,73.89,73.9,73.83,73.87,1338.264
1781590500000,2026-06-16 06:15:00,73.86,73.89,73.8,73.85,624.868
1781590800000,2026-06-16 06:20:00,73.86,73.86,73.8,73.82,271.884
1781591100000,2026-06-16 06:25:00,73.86,74.0,73.86,73.99,256.345
1781591400000,2026-06-16 06:30:00,74.01,74.05,73.96,73.97,3256.27
1781591700000,2026-06-16 06:35:00,74.01,74.15,73.98,74.1,1692.196
1781592000000,2026-06-16 06:40:00,74.1,74.11,74.03,74.08,1557.114
1781592300000,2026-06-16 06:45:00,74.08,74.19,74.06,74.16,652.548
1781592600000,2026-06-16 06:50:00,74.18,74.27,74.18,74.25,2104.445
1781592900000,2026-06-16 06:55:00,74.26,74.28,74.18,74.18,187.396
1781593200000,2026-06-16 07:00:00,74.18,74.2,74.13,74.2,750.002
1781593500000,2026-06-16 07:05:00,74.25,74.49,74.25,74.4,980.291
1781593800000,2026-06-16 07:10:00,74.4,74.41,74.19,74.29,1641.08
1781594100000,2026-06-16 07:15:00,74.29,74.33,74.23,74.27,885.994
1781594400000,2026-06-16 07:20:00,74.25,74.29,74.2,74.27,1477.751
1781594700000,2026-06-16 07:25:00,74.27,74.31,74.25,74.29,449.462
1781595000000,2026-06-16 07:30:00,74.29,74.47,74.27,74.45,692.387
1781595300000,2026-06-16 07:35:00,74.42,74.47,74.36,74.42,443.236
1781595600000,2026-06-16 07:40:00,74.42,74.51,74.31,74.36,1570.087
1781595900000,2026-06-16 07:45:00,74.34,74.52,74.29,74.39,3327.516
1781596200000,2026-06-16 07:50:00,74.41,74.52,74.41,74.49,811.25
1781596500000,2026-06-16 07:55:00,74.49,74.53,74.45,74.45,1206.317
1781596800000,2026-06-16 08:00:00,74.47,74.5,74.37,74.43,2158.847
1781597100000,2026-06-16 08:05:00,74.49,74.62,74.47,74.62,1896.212
1781597400000,2026-06-16 08:10:00,74.63,74.78,74.62,74.77,858.193
1781597700000,2026-06-16 08:15:00,74.78,75.04,74.77,74.77,3983.158
1781598000000,2026-06-16 08:20:00,74.75,74.75,74.58,74.62,2299.355
1781598300000,2026-06-16 08:25:00,74.67,74.8,74.67,74.8,1430.972
1781598600000,2026-06-16 08:30:00,74.77,74.86,74.77,74.85,3464.121
1781598900000,2026-06-16 08:35:00,74.85,74.99,74.78,74.8,1414.344
1781599200000,2026-06-16 08:40:00,74.84,75.03,74.84,75.0,1765.083
1781599500000,2026-06-16 08:45:00,75.03,75.16,75.0,75.16,788.964
1781599800000,2026-06-16 08:50:00,75.16,75.52,75.16,75.51,2610.24
1781600100000,2026-06-16 08:55:00,75.52,75.57,75.39,75.39,2235.998
1781600400000,2026-06-16 09:00:00,75.39,75.46,75.26,75.39,3428.326
1781600700000,2026-06-16 09:05:00,75.36,75.38,75.2,75.23,1686.872
1781601000000,2026-06-16 09:10:00,75.23,75.3,75.22,75.3,1559.555
1781601300000,2026-06-16 09:15:00,75.32,75.32,75.09,75.1,3072.504
1781601600000,2026-06-16 09:20:00,75.08,75.08,74.85,74.99,487.818
1781601900000,2026-06-16 09:25:00,74.94,75.03,74.93,74.97,1861.21
1781602200000,2026-06-16 09:30:00,74.94,75.09,74.94,75.03,1956.753
1781602500000,2026-06-16 09:35:00,75.04,75.04,74.9,74.94,1537.438
1781602800000,2026-06-16 09:40:00,75.0,75.12,75.0,75.12,655.997
1781603100000,2026-06-16 09:45:00,75.16,75.18,74.91,74.91,1605.641
1781603400000,2026-06-16 09:50:00,74.91,74.99,74.86,74.97,1372.456
1781603700000,2026-06-16 09:55:00,75.01,75.01,74.87,74.87,184.227
1781604000000,2026-06-16 10:00:00,74.86,74.91,74.84,74.89,1533.913
1781604300000,2026-06-16 10:05:00,74.9,74.95,74.9,74.91,1846.447
1781604600000,2026-06-16 10:10:00,74.93,74.93,74.78,74.8,2489.016
1781604900000,2026-06-16 10:15:00,74.82,74.95,74.82,74.95,340.337
1781605200000,2026-06-16 10:20:00,74.96,75.1,74.96,75.0,3384.866
1781605500000,2026-06-16 10:25:00,74.99,75.03,74.94,75.02,1500.457
1781605800000,2026-06-16 10:30:00,75.05,75.07,74.91,75.07,1455.684
1781606100000,2026-06-16 10:35:00,75.11,75.11,74.99,74.99,1264.856
1781606400000,2026-06-16 10:40:00,74.99,75.03,74.97,75.0,257.278
1781606700000,2026-06-16 10:45:00,75.03,75.04,74.92,74.97,2483.568
1781607000000,2026-06-16 10:50:00,74.98,75.01,74.83,74.88,1795.631
1781607300000,2026-06-16 10:55:00,74.91,74.91,74.7,74.71,1542.693
1781607600000,2026-06-16 11:00:00,74.71,74.88,74.71,74.85,2870.073
1781607900000,2026-06-16 11:05:00,74.86,74.87,74.6,74.66,1900.359
1781608200000,2026-06-16 11:10:00,74.69,74.69,74.59,74.66,1583.407
1781608500000,2026-06-16 11:15:00,74.66,74.84,74.66,74.83,1749.66
1781608800000,2026-06-16 11:20:00,74.84,74.88,74.6,74.61,1588.306
1781609100000,2026-06-16 11:25:00,74.62,74.62,74.48,74.57,1394.857
1781609400000,2026-06-16 11:30:00,74.56,74.57,74.42,74.42,1831.612
1781609700000,2026-06-16 11:35:00,74.43,74.47,74.39,74.47,2671.207
1781610000000,2026-06-16 11:40:00,74.46,74.54,74.45,74.53,2873.961
1781610300000,2026-06-16 11:45:00,74.51,74.54,74.43,74.46,1603.647
1781610600000,2026-06-16 11:50:00,74.47,74.49,74.44,74.46,1641.31
1781610900000,2026-06-16 11:55:00,74.48,74.67,74.48,74.66,1569.131
1781611200000,2026-06-16 12:00:00,74.67,74.68,74.54,74.54,2744.627
1781611500000,2026-06-16 12:05:00,74.54,74.74,74.5,74.74,2330.573
1781611800000,2026-06-16 12:10:00,74.74,74.81,74.67,74.69,700.287
1781612100000,2026-06-16 12:15:00,74.71,75.04,74.71,75.04,2032.692
1781612400000,2026-06-16 12:20:00,75.04,75.11,74.94,74.95,2924.39
1781612700000,2026-06-16 12:25:00,74.96,75.0,74.93,74.96,469.74
1781613000000,2026-06-16 12:30:00,74.98,75.51,74.98,75.47,3001.234
1781613300000,2026-06-16 12:35:00,75.47,75.47,75.23,75.24,3147.287
1781613600000,2026-06-16 12:40:00,75.27,75.27,74.88,74.99,1418.031
1781613900000,2026-06-16 12:45:00,75.0,75.04,74.81,74.81,633.741
1781614200000,2026-06-16 12:50:00,74.8,74.9,74.77,74.9,2173.382
1781614500000,2026-06-16 12:55:00,74.89,74.98,74.84,74.93,1788.556
1781614800000,2026-06-16 13:00:00,74.94,74.94,74.82,74.83,917.237
1781615100000,2026-06-16 13:05:00,74.82,74.85,74.37,74.47,1938.179
1781615400000,2026-06-16 13:10:00,74.43,74.44,73.97,74.28,2775.616
1781615700000,2026-06-16 13:15:00,74.28,74.44,74.28,74.42,2220.34
1781616000000,2026-06-16 13:20:00,74.42,74.43,74.12,74.22,1698.616
1781616300000,2026-06-16 13:25:00,74.22,74.22,74.07,74.07,634.517
1781616600000,2026-06-16 13:30:00,74.06,74.33,74.04,74.04,2697.885
1781616900000,2026-06-16 13:35:00,74.03,74.29,73.93,74.28,2191.809
1781617200000,2026-06-16 13:40:00,74.24,74.33,74.24,74.3,1866.811
1781617500000,2026-06-16 13:45:00,74.29,74.34,74.18,74.34,1812.573
1781617800000,2026-06-16 13:50:00,74.31,74.31,74.0,74.08,746.668
1781618100000,2026-06-16 13:55:00,74.0,74.15,73.96,74.04,824.904
1781618400000,2026-06-16 14:00:00,74.0,74.22,73.99,74.21,3707.795
1781618700000,2026-06-16 14:05:00,74.23,74.28,73.85,73.94,2591.769
1781619000000,2026-06-16 14:10:00,73.95,74.03,73.73,73.77,2869.017
1781619300000,2026-06-16 14:15:00,73.76,73.85,73.27,73.27,1422.725
1781619600000,2026-06-16 14:20:00,73.28,73.33,72.98,73.16,6066.167
1781619900000,2026-06-16 14:25:00,73.17,73.17,72.81,72.82,2631.232
1781620200000,2026-06-16 14:30:00,72.79,72.9,72.4,72.69,3532.623
1781620500000,2026-06-16 14:35:00,72.73,72.82,72.64,72.8,1036.698
1781620800000,2026-06-16 14:40:00,72.8,73.02,72.79,72.87,770.369
1781621100000,2026-06-16 14:45:00,72.86,73.02,72.86,72.9,725.301
1781621400000,2026-06-16 14:50:00,72.89,73.05,72.89,72.98,712.134
1781621700000,2026-06-16 14:55:00,72.96,73.07,72.9,72.97,1328.477
1781622000000,2026-06-16 15:00:00,72.97,73.19,72.91,73.04,4439.029
1781622300000,2026-06-16 15:05:00,73.04,73.33,73.04,73.26,2425.161
1781622600000,2026-06-16 15:10:00,73.24,73.46,73.22,73.46,685.077
1781622900000,2026-06-16 15:15:00,73.46,73.47,73.28,73.3,3049.726
1781623200000,2026-06-16 15:20:00,73.18,73.21,73.01,73.12,4464.208
1781623500000,2026-06-16 15:25:00,73.14,73.23,73.05,73.22,745.307
1781623800000,2026-06-16 15:30:00,73.22,73.32,73.13,73.2,4498.526
1781624100000,2026-06-16 15:35:00,73.2,73.61,73.2,73.36,534.636
1781624400000,2026-06-16 15:40:00,73.41,73.42,73.28,73.28,4104.874
1781624700000,2026-06-16 15:45:00,73.22,73.22,73.04,73.2,3042.369
1781625000000,2026-06-16 15:50:00,73.21,73.41,73.18,73.39,2170.656
1781625300000,2026-06-16 15:55:00,73.41,73.53,73.3,73.3,366.12
1781625600000,2026-06-16 16:00:00,73.31,73.46,73.31,73.37,1030.398
1781625900000,2026-06-16 16:05:00,73.37,73.41,73.25,73.29,1035.082
1781626200000,2026-06-16 16:10:00,73.3,73.41,73.25,73.25,637.67
1781626500000,2026-06-16 16:15:00,73.24,73.37,73.22,73.3,880.4
1781626800000,2026-06-16 16:20:00,73.29,73.39,73.29,73.39,512.073
1781627100000,2026-06-16 16:25:00,73.39,73.39,73.21,73.35,1072.482
1781627400000,2026-06-16 16:30:00,73.39,73.39,73.05,73.05,814.994
1781627700000,2026-06-16 16:35:00,73.06,73.29,73.06,73.29,603.452
1781628000000,2026-06-16 16:40:00,73.3,73.31,73.19,73.29,893.629
1781628300000,2026-06-16 16:45:00,73.24,73.28,73.03,73.06,530.456
1781628600000,2026-06-16 16:50:00,73.05,73.17,73.05,73.06,335.861
1781628900000,2026-06-16 16:55:00,73.1,73.13,73.05,73.08,235.137
1781629200000,2026-06-16 17:00:00,73.09,73.3,73.08,73.21,867.273
1781629500000,2026-06-16 17:05:00,73.21,73.3,73.17,73.2,513.171
1781629800000,2026-06-16 17:10:00,73.21,73.32,73.21,73.26,199.262
1781630100000,2026-06-16 17:15:00,73.26,73.4,73.23,73.3,559.62
1781630400000,2026-06-16 17:20:00,73.27,73.28,73.07,73.28,535.542
1781630700000,2026-06-16 17:25:00,73.29,73.36,73.26,73.27,543.641
1781631000000,2026-06-16 17:30:00,73.28,73.46,73.15,73.46,1355.864
1781631300000,2026-06-16 17:35:00,73.45,73.46,73.23,73.23,627.648
1781631600000,2026-06-16 17:40:00,73.19,73.29,73.19,73.29,380.547
1781631900000,2026-06-16 17:45:00,73.27,73.67,73.27,73.67,1482.271
1781632200000,2026-06-16 17:50:00,73.68,73.82,73.63,73.71,546.078
1781632500000,2026-06-16 17:55:00,73.7,73.7,73.61,73.66,307.567
1781632800000,2026-06-16 18:00:00,73.68,74.29,73.66,74.11,1197.813
1781633100000,2026-06-16 18:05:00,74.1,74.16,74.0,74.09,812.056
1781633400000,2026-06-16 18:10:00,74.07,74.13,74.01,74.05,692.557
1781633700000,2026-06-16 18:15:00,74.1,74.1,73.9,73.97,768.412
1781634000000,2026-06-16 18:20:00,73.98,73.98,73.7,73.77,1620.319
1781634300000,2026-06-16 18:25:00,73.7,73.72,73.59,73.72,564.468
1781634600000,2026-06-16 18:30:00,73.72,73.87,73.72,73.81,569.784
1781634900000,2026-06-16 18:35:00,73.81,73.85,73.76,73.83,978.224
1781635200000,2026-06-16 18:40:00,73.84,73.93,73.81,73.93,1286.705
1781635500000,2026-06-16 18:45:00,73.93,74.16,73.91,74.1,763.553
1781635800000,2026-06-16 18:50:00,74.1,74.18,74.05,74.05,489.259
1781636100000,2026-06-16 18:55:00,74.0,74.09,73.99,73.99,556.023
1781636400000,2026-06-16 19:00:00,74.0,74.0,73.68,73.71,746.388
1781636700000,2026-06-16 19:05:00,73.71,73.92,73.69,73.9,1330.004
1781637000000,2026-06-16 19:10:00,73.88,73.93,73.75,73.75,578.875
1781637300000,2026-06-16 19:15:00,73.75,73.75,73.54,73.65,372.465
1781637600000,2026-06-16 19:20:00,73.73,73.96,73.73,73.96,361.331
1781637900000,2026-06-16 19:25:00,73.96,74.03,73.89,74.02,555.007
1781638200000,2026-06-16 19:30:00,74.01,74.2,74.01,74.04,1587.963
1781638500000,2026-06-16 19:35:00,74.1,74.15,73.99,74.02,771.82
1781638800000,2026-06-16 19:40:00,74.0,74.04,73.93,74.04,323.509
1781639100000,2026-06-16 19:45:00,74.07,74.15,74.07,74.11,817.052
1781639400000,2026-06-16 19:50:00,74.04,74.06,73.82,73.93,724.928
1781639700000,2026-06-16 19:55:00,73.91,73.91,73.75,73.85,672.998
1781640000000,2026-06-16 20:00:00,73.86,73.86,73.7,73.8,452.514
1781640300000,2026-06-16 20:05:00,73.75,73.77,73.68,73.77,20.714
1781640600000,2026-06-16 20:10:00,73.81,74.09,73.8,74.05,199.339
1781640900000,2026-06-16 20:15:00,74.02,74.13,74.02,74.04,234.204
1781641200000,2026-06-16 20:20:00,74.15,74.2,74.09,74.09,41.527
1781641500000,2026-06-16 20:25:00,74.01,74.01,73.85,73.89,125.773
1781641800000,2026-06-16 20:30:00,73.88,73.96,73.88,73.93,175.332
1781642100000,2026-06-16 20:35:00,73.98,74.15,73.96,74.14,189.535
1781642400000,2026-06-16 20:40:00,74.17,74.22,74.12,74.18,320.38
1781642700000,2026-06-16 20:45:00,74.19,74.19,74.09,74.11,158.035
1781643000000,2026-06-16 20:50:00,74.11,74.21,74.11,74.18,37.875
1781643300000,2026-06-16 20:55:00,74.18,74.18,74.12,74.14,25.226
1781643600000,2026-06-16 21:00:00,74.14,74.18,74.1,74.12,219.086
1781643900000,2026-06-16 21:05:00,74.09,74.15,74.03,74.15,115.993
1781644200000,2026-06-16 21:10:00,74.12,74.12,74.04,74.05,69.522
1781644500000,2026-06-16 21:15:00,74.05,74.08,73.84,73.86,161.742
1781644800000,2026-06-16 21:20:00,73.91,73.94,73.85,73.9,18.174
1781645100000,2026-06-16 21:25:00,73.83,73.84,73.79,73.79,84.992
1781645400000,2026-06-16 21:30:00,73.79,73.9,73.79,73.86,36.896
1781645700000,2026-06-16 21:35:00,73.88,73.88,73.77,73.77,65.663
1781646000000,2026-06-16 21:40:00,73.76,73.9,73.76,73.9,62.396
1781646300000,2026-06-16 21:45:00,73.9,73.91,73.87,73.89,140.58
1781646600000,2026-06-16 21:50:00,73.91,73.94,73.91,73.92,46.75
1781646900000,2026-06-16 21:55:00,73.94,73.97,73.92,73.92,117.023
1781647200000,2026-06-16 22:00:00,73.93,73.94,73.77,73.83,708.308
1781647500000,2026-06-16 22:05:00,73.84,73.9,73.81,73.9,8.284
1781647800000,2026-06-16 22:10:00,73.9,74.09,73.9,73.96,88.445
1781648100000,2026-06-16 22:15:00,73.97,73.97,73.89,73.93,216.973
1781648400000,2026-06-16 22:20:00,73.98,73.98,73.71,73.73,1165.214
1781648700000,2026-06-16 22:25:00,73.74,73.87,73.74,73.87,233.448
1781649000000,2026-06-16 22:30:00,73.85,73.9,73.81,73.82,240.66
1781649300000,2026-06-16 22:35:00,73.79,73.83,73.79,73.81,753.098
1781649600000,2026-06-16 22:40:00,73.81,73.81,73.69,73.7,34.211
1781649900000,2026-06-16 22:45:00,73.69,73.7,73.64,73.67,32.88
1781650200000,2026-06-16 22:50:00,73.66,73.75,73.66,73.75,312.317
1781650500000,2026-06-16 22:55:00,73.75,73.84,73.75,73.84,117.73
1781650800000,2026-06-16 23:00:00,73.84,73.96,73.84,73.89,1514.626
1781651100000,2026-06-16 23:05:00,73.9,73.93,73.86,73.86,905.924
1781651400000,2026-06-16 23:10:00,73.85,73.85,73.77,73.8,1574.843
1781651700000,2026-06-16 23:15:00,73.82,73.82,73.67,73.67,32.134
1781652000000,2026-06-16 23:20:00,73.69,73.69,73.6,73.63,404.459
1781652300000,2026-06-16 23:25:00,73.61,73.75,73.61,73.75,69.764
1781652600000,2026-06-16 23:30:00,73.75,73.79,73.75,73.79,15.964
1781652900000,2026-06-16 23:35:00,73.81,73.81,73.71,73.71,214.512
1781653200000,2026-06-16 23:40:00,73.7,73.7,73.63,73.65,215.33
1781653500000,2026-06-16 23:45:00,73.65,73.65,73.57,73.57,99.978
1781653800000,2026-06-16 23:50:00,73.54,73.55,73.45,73.52,211.367
1781654100000,2026-06-16 23:55:00,73.54,73.54,73.46,73.52,305.047
1781654400000,2026-06-17 00:00:00,73.53,73.61,73.53,73.56,1180.817
1781654700000,2026-06-17 00:05:00,73.53,73.7,73.53,73.7,841.279
1781655000000,2026-06-17 00:10:00,73.68,73.78,73.65,73.65,741.575
1781655300000,2026-06-17 00:15:00,73.64,73.66,73.57,73.65,1314.122
1781655600000,2026-06-17 00:20:00,73.64,73.65,73.48,73.48,645.959
1781655900000,2026-06-17 00:25:00,73.47,73.54,73.46,73.53,220.864
1781656200000,2026-06-17 00:30:00,73.52,73.63,73.36,73.55,1432.835
1781656500000,2026-06-17 00:35:00,73.55,73.61,73.48,73.51,1178.028
1781656800000,2026-06-17 00:40:00,73.51,73.62,73.51,73.62,278.722
1781657100000,2026-06-17 00:45:00,73.6,73.64,73.53,73.58,466.457
1781657400000,2026-06-17 00:50:00,73.53,73.54,73.35,73.35,424.396
1781657700000,2026-06-17 00:55:00,73.35,73.48,73.35,73.38,764.779
1781658000000,2026-06-17 01:00:00,73.36,73.53,73.34,73.47,654.352
1781658300000,2026-06-17 01:05:00,73.5,73.64,73.48,73.57,1016.881
1781658600000,2026-06-17 01:10:00,73.58,73.63,73.54,73.61,262.643
1781658900000,2026-06-17 01:15:00,73.61,73.62,73.32,73.32,1379.931
1781659200000,2026-06-17 01:20:00,73.32,73.33,73.29,73.29,464.024
1781659500000,2026-06-17 01:25:00,73.29,73.97,73.07,73.42,613.385
1781659800000,2026-06-17 01:30:00,73.43,73.43,73.3,73.35,860.652
1781660100000,2026-06-17 01:35:00,73.36,73.51,73.36,73.46,534.78
1781660400000,2026-06-17 01:40:00,73.45,73.67,73.45,73.57,866.507
1781660700000,2026-06-17 01:45:00,73.56,73.87,73.56,73.87,661.293
1781661000000,2026-06-17 01:50:00,73.88,73.9,73.71,73.86,787.509
1781661300000,2026-06-17 01:55:00,73.9,73.98,73.9,73.94,759.256
1781661600000,2026-06-17 02:00:00,73.92,73.94,73.86,73.86,714.978
1781661900000,2026-06-17 02:05:00,73.89,73.91,73.83,73.91,430.43
1781662200000,2026-06-17 02:10:00,73.89,73.96,73.85,73.96,466.196
1781662500000,2026-06-17 02:15:00,73.98,74.02,73.87,73.91,412.669
1781662800000,2026-06-17 02:20:00,73.92,74.45,73.92,74.4,2161.856
1781663100000,2026-06-17 02:25:00,74.41,74.41,74.26,74.4,551.064
1781663400000,2026-06-17 02:30:00,74.39,74.4,74.16,74.16,427.789
1781663700000,2026-06-17 02:35:00,74.07,74.08,73.76,73.76,708.84
1781664000000,2026-06-17 02:40:00,73.7,73.88,73.7,73.88,1087.959
1781664300000,2026-06-17 02:45:00,73.87,73.91,73.84,73.91,1025.602
1781664600000,2026-06-17 02:50:00,73.95,73.97,73.88,73.91,1165.79
1781664900000,2026-06-17 02:55:00,73.91,74.06,73.91,74.05,385.89
1781665200000,2026-06-17 03:00:00,74.04,74.05,73.83,73.88,1364.138
1781665500000,2026-06-17 03:05:00,73.9,73.99,73.88,73.94,1248.414
1781665800000,2026-06-17 03:10:00,73.87,73.9,73.82,73.85,237.679
1781666100000,2026-06-17 03:15:00,73.84,73.85,73.67,73.71,1173.979
1781666400000,2026-06-17 03:20:00,73.7,73.76,73.6,73.61,371.366
1781666700000,2026-06-17 03:25:00,73.64,73.73,73.62,73.68,732.71
1781667000000,2026-06-17 03:30:00,73.7,73.88,73.7,73.81,916.661
1781667300000,2026-06-17 03:35:00,73.81,73.81,73.71,73.73,619.069
1781667600000,2026-06-17 03:40:00,73.73,73.73,73.6,73.6,596.238
1781667900000,2026-06-17 03:45:00,73.6,73.64,73.55,73.6,1145.89
1781668200000,2026-06-17 03:50:00,73.58,73.72,73.58,73.71,483.125
1781668500000,2026-06-17 03:55:00,73.63,73.65,73.6,73.65,175.601
1781668800000,2026-06-17 04:00:00,73.67,73.72,73.6,73.72,533.966
1781669100000,2026-06-17 04:05:00,73.74,73.78,73.68,73.73,646.655
1781669400000,2026-06-17 04:10:00,73.73,73.88,73.68,73.74,778.483
1781669700000,2026-06-17 04:15:00,73.69,73.75,73.64,73.64,309.662
1781670000000,2026-06-17 04:20:00,73.63,73.82,73.63,73.82,547.57
1781670300000,2026-06-17 04:25:00,73.78,73.8,73.72,73.72,757.946
1781670600000,2026-06-17 04:30:00,73.74,73.85,73.71,73.8,1076.934
1781670900000,2026-06-17 04:35:00,73.78,73.86,73.74,73.86,956.006
1781671200000,2026-06-17 04:40:00,73.83,73.87,73.8,73.81,838.31
1781671500000,2026-06-17 04:45:00,73.83,74.04,73.83,74.03,556.969
1781671800000,2026-06-17 04:50:00,74.03,74.06,73.87,73.89,737.514
1781672100000,2026-06-17 04:55:00,73.87,73.89,73.79,73.83,667.295
1781672400000,2026-06-17 05:00:00,73.83,73.96,73.82,73.96,731.319
1781672700000,2026-06-17 05:05:00,73.97,74.0,73.65,73.65,440.0
1781673000000,2026-06-17 05:10:00,73.65,73.68,73.58,73.58,237.444
1781673300000,2026-06-17 05:15:00,73.59,73.63,73.52,73.55,387.761
1781673600000,2026-06-17 05:20:00,73.55,73.59,73.45,73.58,647.858
1781673900000,2026-06-17 05:25:00,73.59,73.74,73.58,73.73,638.27
1781674200000,2026-06-17 05:30:00,73.69,73.77,73.68,73.68,1511.009
1781674500000,2026-06-17 05:35:00,73.68,73.77,73.68,73.77,191.06
1781674800000,2026-06-17 05:40:00,73.78,73.88,73.78,73.87,1024.082
1781675100000,2026-06-17 05:45:00,73.87,73.9,73.74,73.74,919.439
1781675400000,2026-06-17 05:50:00,73.78,73.78,73.61,73.61,236.697
1781675700000,2026-06-17 05:55:00,73.62,73.66,73.58,73.64,574.881
1781676000000,2026-06-17 06:00:00,73.64,73.72,73.59,73.72,977.097
1781676300000,2026-06-17 06:05:00,73.69,73.73,73.66,73.73,701.878
1781676600000,2026-06-17 06:10:00,73.73,73.79,73.7,73.79,621.357
1781676900000,2026-06-17 06:15:00,73.78,73.82,73.72,73.81,246.245
1781677200000,2026-06-17 06:20:00,73.78,73.81,73.72,73.72,241.316
1781677500000,2026-06-17 06:25:00,73.72,73.72,73.37,73.41,812.177
1781677800000,2026-06-17 06:30:00,73.36,73.47,73.22,73.47,1460.948
1781678100000,2026-06-17 06:35:00,73.46,73.52,73.33,73.36,904.146
1781678400000,2026-06-17 06:40:00,73.36,73.38,73.22,73.34,1334.706
1781678700000,2026-06-17 06:45:00,73.37,73.49,73.32,73.49,310.395
1781679000000,2026-06-17 06:50:00,73.5,73.56,73.44,73.44,595.854
1781679300000,2026-06-17 06:55:00,73.46,73.46,73.37,73.4,244.366
1781679600000,2026-06-17 07:00:00,73.41,73.42,73.24,73.24,661.218
1781679900000,2026-06-17 07:05:00,73.24,73.43,73.22,73.43,616.57
1781680200000,2026-06-17 07:10:00,73.45,73.55,73.45,73.54,265.12
1781680500000,2026-06-17 07:15:00,73.52,73.59,73.43,73.43,946.176
1781680800000,2026-06-17 07:20:00,73.42,73.43,73.24,73.24,517.995
1781681100000,2026-06-17 07:25:00,73.24,73.26,73.19,73.2,711.626
1781681400000,2026-06-17 07:30:00,73.2,73.22,73.1,73.22,1301.822
1781681700000,2026-06-17 07:35:00,73.18,73.34,73.17,73.28,1560.059
1781682000000,2026-06-17 07:40:00,73.29,73.39,73.27,73.31,355.696
1781682300000,2026-06-17 07:45:00,73.26,73.38,73.22,73.23,1522.624
1781682600000,2026-06-17 07:50:00,73.24,73.35,73.01,73.07,1627.602
1781682900000,2026-06-17 07:55:00,73.07,73.29,73.07,73.23,1521.47
1781683200000,2026-06-17 08:00:00,73.27,73.27,73.12,73.18,1850.083
1781683500000,2026-06-17 08:05:00,73.13,73.14,73.03,73.04,486.269
1781683800000,2026-06-17 08:10:00,73.04,73.04,72.88,72.88,1699.203
1781684100000,2026-06-17 08:15:00,72.88,72.92,72.82,72.89,873.174
1781684400000,2026-06-17 08:20:00,72.93,72.93,72.72,72.89,1152.413
1781684700000,2026-06-17 08:25:00,72.89,72.96,72.85,72.88,384.673
1781685000000,2026-06-17 08:30:00,72.81,72.81,72.53,72.66,1090.31
1781685300000,2026-06-17 08:35:00,72.66,72.66,72.48,72.49,1108.529
1781685600000,2026-06-17 08:40:00,72.47,72.6,72.39,72.4,1720.987
1781685900000,2026-06-17 08:45:00,72.4,72.48,72.31,72.32,2128.33
1781686200000,2026-06-17 08:50:00,72.32,72.37,72.19,72.34,2735.119
1781686500000,2026-06-17 08:55:00,72.31,72.42,72.31,72.35,1931.681
1781686800000,2026-06-17 09:00:00,72.34,72.49,72.34,72.42,1788.542
1781687100000,2026-06-17 09:05:00,72.37,72.45,72.37,72.42,918.636
1781687400000,2026-06-17 09:10:00,72.44,72.5,72.39,72.4,800.21
1781687700000,2026-06-17 09:15:00,72.4,72.53,72.36,72.53,1041.992
1781688000000,2026-06-17 09:20:00,72.48,72.54,72.35,72.46,1037.768
1781688300000,2026-06-17 09:25:00,72.46,72.57,72.44,72.53,701.909
1781688600000,2026-06-17 09:30:00,72.52,72.55,72.45,72.48,1259.252
1781688900000,2026-06-17 09:35:00,72.51,72.55,72.43,72.52,872.017
1781689200000,2026-06-17 09:40:00,72.52,72.56,72.51,72.55,1091.607
1781689500000,2026-06-17 09:45:00,72.52,72.65,72.49,72.65,1355.693
1781689800000,2026-06-17 09:50:00,72.65,72.65,72.46,72.46,696.527
1781690100000,2026-06-17 09:55:00,72.4,72.53,72.36,72.53,983.526
1781690400000,2026-06-17 10:00:00,72.54,72.66,72.42,72.42,1306.508
1781690700000,2026-06-17 10:05:00,72.45,72.49,72.4,72.47,1087.205
1781691000000,2026-06-17 10:10:00,72.45,72.56,72.45,72.52,661.911
1781691300000,2026-06-17 10:15:00,72.53,72.58,72.48,72.49,395.305
1781691600000,2026-06-17 10:20:00,72.44,72.55,72.43,72.5,904.326
1781691900000,2026-06-17 10:25:00,72.48,72.48,72.42,72.45,790.316
1781692200000,2026-06-17 10:30:00,72.46,72.52,72.45,72.46,618.506
1781692500000,2026-06-17 10:35:00,72.41,72.41,72.34,72.34,794.487
1781692800000,2026-06-17 10:40:00,72.34,72.4,72.3,72.4,252.109
1781693100000,2026-06-17 10:45:00,72.4,72.44,72.27,72.3,1004.42
1781693400000,2026-06-17 10:50:00,72.32,72.36,72.28,72.3,605.342
1781693700000,2026-06-17 10:55:00,72.25,72.25,72.13,72.13,510.592
1781694000000,2026-06-17 11:00:00,72.15,72.2,71.92,71.95,1392.278
1781694300000,2026-06-17 11:05:00,71.94,72.1,71.74,72.02,888.96
1781694600000,2026-06-17 11:10:00,72.03,72.11,72.02,72.02,493.948
1781694900000,2026-06-17 11:15:00,72.0,72.0,71.83,71.95,1041.302
1781695200000,2026-06-17 11:20:00,71.98,72.06,71.93,71.93,653.611
1781695500000,2026-06-17 11:25:00,71.89,72.07,71.89,72.02,463.668
1781695800000,2026-06-17 11:30:00,72.02,72.09,71.96,72.06,1447.576
1781696100000,2026-06-17 11:35:00,72.04,72.1,71.98,72.05,498.348
1781696400000,2026-06-17 11:40:00,72.15,72.17,72.1,72.11,713.107
1781696700000,2026-06-17 11:45:00,72.14,72.22,72.14,72.14,1592.502
1781697000000,2026-06-17 11:50:00,72.15,72.17,72.11,72.13,718.857
1781697300000,2026-06-17 11:55:00,72.14,72.17,72.03,72.03,303.573
1781697600000,2026-06-17 12:00:00,72.03,72.12,71.99,72.08,1108.44
1781697900000,2026-06-17 12:05:00,72.13,72.26,72.13,72.26,819.195
1781698200000,2026-06-17 12:10:00,72.26,72.29,72.17,72.27,666.643
1781698500000,2026-06-17 12:15:00,72.27,72.28,72.18,72.23,724.258
1781698800000,2026-06-17 12:20:00,72.21,72.22,71.8,71.83,1621.399
1781699100000,2026-06-17 12:25:00,71.79,71.89,71.72,71.72,995.865
1781699400000,2026-06-17 12:30:00,71.74,71.89,71.64,71.87,1374.086
1781699700000,2026-06-17 12:35:00,71.87,72.03,71.87,71.95,1430.087
1781700000000,2026-06-17 12:40:00,71.92,72.16,71.92,72.16,382.6
1781700300000,2026-06-17 12:45:00,72.17,72.29,72.17,72.23,485.36
1781700600000,2026-06-17 12:50:00,72.26,72.26,72.17,72.17,718.569
1781700900000,2026-06-17 12:55:00,72.18,72.34,72.18,72.34,312.769
1781701200000,2026-06-17 13:00:00,72.34,72.34,72.24,72.29,1083.708
1781701500000,2026-06-17 13:05:00,72.35,72.41,72.3,72.3,593.694
1781701800000,2026-06-17 13:10:00,72.28,72.5,72.27,72.46,708.153
1781702100000,2026-06-17 13:15:00,72.47,72.47,72.37,72.42,718.195
1781702400000,2026-06-17 13:20:00,72.41,72.41,72.18,72.19,726.499
1781702700000,2026-06-17 13:25:00,72.21,72.3,72.2,72.29,690.362
1781703000000,2026-06-17 13:30:00,72.35,72.43,72.17,72.29,1573.692
1781703300000,2026-06-17 13:35:00,72.35,72.65,72.35,72.54,676.013
1781703600000,2026-06-17 13:40:00,72.55,72.62,72.51,72.58,1370.596
1781703900000,2026-06-17 13:45:00,72.6,72.76,72.6,72.71,398.15
1781704200000,2026-06-17 13:50:00,72.66,72.7,72.53,72.58,813.604
1781704500000,2026-06-17 13:55:00,72.59,72.61,72.42,72.46,1207.124
1781704800000,2026-06-17 14:00:00,72.37,72.44,72.24,72.24,635.421
1781705100000,2026-06-17 14:05:00,72.19,72.47,72.17,72.31,685.334
1781705400000,2026-06-17 14:10:00,72.24,72.5,72.24,72.5,1004.384
1781705700000,2026-06-17 14:15:00,72.5,72.65,72.39,72.39,2051.492
1781706000000,2026-06-17 14:20:00,72.4,72.56,72.34,72.48,920.555
1781706300000,2026-06-17 14:25:00,72.45,72.45,72.3,72.41,673.924
1781706600000,2026-06-17 14:30:00,72.47,72.49,72.35,72.36,833.843
1781706900000,2026-06-17 14:35:00,72.38,72.47,72.35,72.36,1191.696
1781707200000,2026-06-17 14:40:00,72.34,72.53,72.24,72.4,1280.279
1781707500000,2026-06-17 14:45:00,72.39,72.51,71.86,72.24,1150.32
1781707800000,2026-06-17 14:50:00,72.23,72.54,72.23,72.46,1228.446
1781708100000,2026-06-17 14:55:00,72.54,72.54,72.38,72.43,1099.754
1781708400000,2026-06-17 15:00:00,72.39,72.57,72.39,72.55,952.75
1781708700000,2026-06-17 15:05:00,72.52,72.6,72.39,72.39,1089.395
1781709000000,2026-06-17 15:10:00,72.4,72.78,72.4,72.78,1119.647
1781709300000,2026-06-17 15:15:00,72.78,72.97,72.75,72.81,1673.877
1781709600000,2026-06-17 15:20:00,72.81,73.02,72.81,73.01,468.059
1781709900000,2026-06-17 15:25:00,73.02,73.1,72.92,73.04,962.713
1781710200000,2026-06-17 15:30:00,73.03,73.25,72.92,73.21,1983.62
1781710500000,2026-06-17 15:35:00,73.2,73.38,73.09,73.35,1529.205
1781710800000,2026-06-17 15:40:00,73.37,73.43,73.23,73.4,1152.224
1781711100000,2026-06-17 15:45:00,73.41,73.7,73.34,73.7,1539.194
1781711400000,2026-06-17 15:50:00,73.71,73.82,73.61,73.64,1271.846
1781711700000,2026-06-17 15:55:00,73.64,73.82,73.64,73.81,573.462
1781712000000,2026-06-17 16:00:00,73.82,73.92,73.79,73.89,1510.565
1781712300000,2026-06-17 16:05:00,73.89,73.94,73.83,73.87,1364.138
1781712600000,2026-06-17 16:10:00,73.83,73.93,73.74,73.9,829.889
1781712900000,2026-06-17 16:15:00,73.9,74.11,73.86,73.98,2286.325
1781713200000,2026-06-17 16:20:00,74.0,74.01,73.93,73.96,746.366
1781713500000,2026-06-17 16:25:00,74.01,74.63,73.98,74.58,1503.275
1781713800000,2026-06-17 16:30:00,74.58,74.58,74.07,74.07,824.548
1781714100000,2026-06-17 16:35:00,74.1,74.16,73.89,74.16,1304.07
1781714400000,2026-06-17 16:40:00,74.13,74.14,74.02,74.05,1073.65
1781714700000,2026-06-17 16:45:00,74.05,74.08,73.89,73.93,1166.962
1781715000000,2026-06-17 16:50:00,73.97,74.0,73.76,73.88,1105.969
1781715300000,2026-06-17 16:55:00,73.86,73.87,73.72,73.74,495.355
1781715600000,2026-06-17 17:00:00,73.77,73.79,73.7,73.79,800.602
1781715900000,2026-06-17 17:05:00,73.71,73.84,73.5,73.54,1461.97
1781716200000,2026-06-17 17:10:00,73.58,73.68,73.56,73.56,2025.482
1781716500000,2026-06-17 17:15:00,73.56,73.76,73.52,73.7,2512.782
1781716800000,2026-06-17 17:20:00,73.73,73.8,73.66,73.8,1322.29
1781717100000,2026-06-17 17:25:00,73.81,73.91,73.77,73.83,1390.931
1781717400000,2026-06-17 17:30:00,73.83,73.85,73.77,73.84,839.171
1781717700000,2026-06-17 17:35:00,73.85,73.86,73.73,73.86,719.241
1781718000000,2026-06-17 17:40:00,73.85,73.87,73.59,73.61,907.602
1781718300000,2026-06-17 17:45:00,73.64,73.7,73.46,73.53,1534.408
1781718600000,2026-06-17 17:50:00,73.55,74.14,73.55,74.1,1361.152
1781718900000,2026-06-17 17:55:00,74.12,74.33,74.02,74.09,1198.6
1781719200000,2026-06-17 18:00:00,74.14,74.15,72.92,72.92,1734.367
1781719500000,2026-06-17 18:05:00,72.92,74.09,72.37,73.19,1378.517
1781719800000,2026-06-17 18:10:00,73.25,73.43,73.17,73.24,1373.04
1781720100000,2026-06-17 18:15:00,73.17,73.36,73.16,73.36,1200.189
1781720400000,2026-06-17 18:20:00,73.42,73.51,73.22,73.22,1425.048
1781720700000,2026-06-17 18:25:00,73.2,73.27,73.1,73.13,1451.08
1781721000000,2026-06-17 18:30:00,73.18,73.51,73.05,73.05,1886.001
1781721300000,2026-06-17 18:35:00,73.12,73.75,73.12,73.74,2026.901
1781721600000,2026-06-17 18:40:00,73.7,74.31,73.57,74.3,2209.331
1781721900000,2026-06-17 18:45:00,74.29,74.29,74.02,74.14,1851.03
1781722200000,2026-06-17 18:50:00,74.17,74.24,74.03,74.06,1109.216
1781722500000,2026-06-17 18:55:00,74.06,74.07,73.38,73.54,1646.088
1781722800000,2026-06-17 19:00:00,73.51,73.65,73.32,73.32,1920.699
1781723100000,2026-06-17 19:05:00,73.33,73.38,73.05,73.06,1503.866
1781723400000,2026-06-17 19:10:00,73.11,73.49,72.94,73.49,1147.359
1781723700000,2026-06-17 19:15:00,73.51,73.51,72.63,72.63,1497.585
1781724000000,2026-06-17 19:20:00,72.63,72.78,72.2,72.21,740.31
1781724300000,2026-06-17 19:25:00,72.2,72.54,71.91,72.04,216.848
1781724600000,2026-06-17 19:30:00,72.05,72.32,71.98,72.13,1281.715
1781724900000,2026-06-17 19:35:00,72.08,72.33,71.81,71.88,775.444
1781725200000,2026-06-17 19:40:00,71.8,71.83,71.57,71.59,198.026
1781725500000,2026-06-17 19:45:00,71.61,71.85,71.54,71.7,129.257
1781725800000,2026-06-17 19:50:00,71.73,71.91,71.66,71.66,978.009
1781726100000,2026-06-17 19:55:00,71.67,71.87,71.64,71.64,492.406
1781726400000,2026-06-17 20:00:00,71.67,71.89,71.6,71.82,226.284
1781726700000,2026-06-17 20:05:00,71.94,71.98,71.82,71.97,1083.623
1781727000000,2026-06-17 20:10:00,71.98,72.02,71.76,71.76,577.984
1781727300000,2026-06-17 20:15:00,71.74,71.9,71.68,71.9,539.16
1781727600000,2026-06-17 20:20:00,71.91,71.93,71.83,71.93,387.02
1781727900000,2026-06-17 20:25:00,71.9,72.01,71.89,71.89,826.04
1781728200000,2026-06-17 20:30:00,71.92,72.14,71.91,72.04,357.61
1781728500000,2026-06-17 20:35:00,72.19,72.24,72.13,72.13,544.729
1781728800000,2026-06-17 20:40:00,71.97,71.98,71.78,71.79,979.016
1781729100000,2026-06-17 20:45:00,71.77,71.93,71.73,71.93,2327.503
1781729400000,2026-06-17 20:50:00,71.93,72.0,71.91,71.93,250.785
1781729700000,2026-06-17 20:55:00,71.97,72.17,71.96,72.16,63.751
1781730000000,2026-06-17 21:00:00,72.19,72.19,71.98,72.04,602.69
1781730300000,2026-06-17 21:05:00,72.05,72.16,71.93,72.1,331.294
1781730600000,2026-06-17 21:10:00,72.1,72.11,71.99,72.02,53.954
1781730900000,2026-06-17 21:15:00,72.01,72.06,71.94,71.94,88.814
1781731200000,2026-06-17 21:20:00,72.0,72.04,71.98,71.98,167.457
1781731500000,2026-06-17 21:25:00,71.94,71.94,71.91,71.94,68.07
1781731800000,2026-06-17 21:30:00,71.89,71.91,71.88,71.89,129.323
1781732100000,2026-06-17 21:35:00,71.99,72.01,71.96,71.96,556.056
1781732400000,2026-06-17 21:40:00,71.93,71.93,71.63,71.64,215.4
1781732700000,2026-06-17 21:45:00,71.64,71.64,71.4,71.5,240.911
1781733000000,2026-06-17 21:50:00,71.48,71.6,71.44,71.59,438.956
1781733300000,2026-06-17 21:55:00,71.61,71.63,71.49,71.56,80.272
1781733600000,2026-06-17 22:00:00,71.62,71.62,70.88,71.08,800.517
1781733900000,2026-06-17 22:05:00,71.1,71.39,71.1,71.39,622.644
1781734200000,2026-06-17 22:10:00,71.42,71.56,71.4,71.52,146.616
1781734500000,2026-06-17 22:15:00,71.47,71.53,71.47,71.53,42.69
1781734800000,2026-06-17 22:20:00,71.55,71.69,71.55,71.69,404.767
1781735100000,2026-06-17 22:25:00,71.66,71.83,71.66,71.82,390.847
1781735400000,2026-06-17 22:30:00,71.84,71.89,71.81,71.83,287.614
1781735700000,2026-06-17 22:35:00,71.83,71.83,71.82,71.83,173.285
1781736000000,2026-06-17 22:40:00,71.84,71.89,71.84,71.86,582.021
1781736300000,2026-06-17 22:45:00,71.78,71.92,71.78,71.88,703.954
1781736600000,2026-06-17 22:50:00,71.87,71.94,71.85,71.9,437.182
1781736900000,2026-06-17 22:55:00,71.87,71.88,71.71,71.71,46.036
1781737200000,2026-06-17 23:00:00,71.7,71.88,71.7,71.85,668.201
1781737500000,2026-06-17 23:05:00,71.92,71.92,71.76,71.83,111.688
1781737800000,2026-06-17 23:10:00,71.82,71.88,71.8,71.82,237.696
1781738100000,2026-06-17 23:15:00,71.86,72.07,71.86,72.07,957.588
1781738400000,2026-06-17 23:20:00,72.08,72.12,72.01,72.04,649.571
1781738700000,2026-06-17 23:25:00,72.1,72.1,72.04,72.04,5.409
1781739000000,2026-06-17 23:30:00,72.05,72.06,72.03,72.03,115.919
1781739300000,2026-06-17 23:35:00,72.0,72.02,71.97,72.02,29.238
1781739600000,2026-06-17 23:40:00,72.02,72.03,71.95,71.98,287.202
1781739900000,2026-06-17 23:45:00,71.94,72.04,71.92,72.04,614.145
1781740200000,2026-06-17 23:50:00,71.99,72.06,71.98,72.06,538.803
1781740500000,2026-06-17 23:55:00,72.06,72.08,71.98,72.01,51.496
1781740800000,2026-06-18 00:00:00,72.05,72.16,72.03,72.16,1686.663
1781741100000,2026-06-18 00:05:00,72.17,72.25,72.17,72.24,798.847
1781741400000,2026-06-18 00:10:00,72.25,72.33,72.22,72.29,731.525
1781741700000,2026-06-18 00:15:00,72.31,72.34,72.27,72.34,706.048
1781742000000,2026-06-18 00:20:00,72.32,72.33,72.22,72.25,701.286
1781742300000,2026-06-18 00:25:00,72.25,72.33,72.19,72.29,1813.567
1781742600000,2026-06-18 00:30:00,72.32,72.33,72.31,72.33,2738.399
1781742900000,2026-06-18 00:35:00,72.33,72.41,72.33,72.38,4897.659
1781743200000,2026-06-18 00:40:00,72.38,72.41,72.37,72.37,5253.642
1781743500000,2026-06-18 00:45:00,72.37,72.48,72.17,72.43,2978.854
1781743800000,2026-06-18 00:50:00,72.39,72.39,72.28,72.29,371.075
1781744100000,2026-06-18 00:55:00,72.25,72.27,72.19,72.23,395.755
1781744400000,2026-06-18 01:00:00,72.23,72.5,72.23,72.48,3059.385
1781744700000,2026-06-18 01:05:00,72.46,72.56,72.4,72.53,1840.9
1781745000000,2026-06-18 01:10:00,72.53,72.63,72.5,72.5,784.493
1781745300000,2026-06-18 01:15:00,72.52,72.52,72.38,72.38,1008.532
1781745600000,2026-06-18 01:20:00,72.41,72.47,72.4,72.4,332.679
1781745900000,2026-06-18 01:25:00,72.38,72.43,72.37,72.43,1177.179
1781746200000,2026-06-18 01:30:00,72.43,72.53,72.43,72.48,514.836
1781746500000,2026-06-18 01:35:00,72.44,72.44,72.34,72.34,843.529
1781746800000,2026-06-18 01:40:00,72.36,72.36,72.29,72.29,374.557
1781747100000,2026-06-18 01:45:00,72.31,72.31,72.2,72.2,895.895
1781747400000,2026-06-18 01:50:00,72.2,72.21,72.12,72.19,1142.465
1781747700000,2026-06-18 01:55:00,72.18,72.23,72.18,72.22,199.851
1781748000000,2026-06-18 02:00:00,72.24,72.33,72.24,72.33,400.997
1781748300000,2026-06-18 02:05:00,72.37,72.47,72.35,72.37,1618.283
1781748600000,2026-06-18 02:10:00,72.38,72.4,72.27,72.28,882.253
1781748900000,2026-06-18 02:15:00,72.21,72.25,72.13,72.25,814.484
1781749200000,2026-06-18 02:20:00,72.29,72.66,72.29,72.65,2438.254
1781749500000,2026-06-18 02:25:00,72.67,72.67,72.55,72.58,1366.453
1781749800000,2026-06-18 02:30:00,72.63,72.66,72.56,72.56,1300.682
1781750100000,2026-06-18 02:35:00,72.54,72.63,72.49,72.63,306.054
1781750400000,2026-06-18 02:40:00,72.59,72.61,72.59,72.61,23.419
1781750700000,2026-06-18 02:45:00,72.59,72.6,72.51,72.6,1555.254
1781751000000,2026-06-18 02:50:00,72.56,72.6,72.5,72.53,619.517
1781751300000,2026-06-18 02:55:00,72.51,72.53,72.51,72.53,285.387
1781751600000,2026-06-18 03:00:00,72.52,72.52,72.36,72.38,453.64
1781751900000,2026-06-18 03:05:00,72.4,72.51,72.4,72.4,1391.083
1781752200000,2026-06-18 03:10:00,72.38,72.39,72.3,72.31,833.97
1781752500000,2026-06-18 03:15:00,72.28,72.29,72.25,72.25,303.385
1781752800000,2026-06-18 03:20:00,72.27,72.27,72.03,72.03,575.468
1781753100000,2026-06-18 03:25:00,72.01,72.01,71.81,71.81,735.811
1781753400000,2026-06-18 03:30:00,71.8,71.92,71.78,71.78,1554.2
1781753700000,2026-06-18 03:35:00,71.77,71.81,71.64,71.72,1289.315
1781754000000,2026-06-18 03:40:00,71.72,71.73,71.6,71.68,607.825
1781754300000,2026-06-18 03:45:00,71.67,71.77,71.67,71.73,653.698
1781754600000,2026-06-18 03:50:00,71.79,71.85,71.79,71.82,191.251
1781754900000,2026-06-18 03:55:00,71.77,71.77,71.65,71.66,551.559
1781755200000,2026-06-18 04:00:00,71.66,71.72,71.48,71.49,924.977
1781755500000,2026-06-18 04:05:00,71.47,71.47,71.22,71.22,889.82
1781755800000,2026-06-18 04:10:00,71.25,71.34,71.02,71.23,1262.965
1781756100000,2026-06-18 04:15:00,71.2,71.39,71.2,71.24,501.681
1781756400000,2026-06-18 04:20:00,71.25,71.3,71.03,71.25,1621.612
1781756700000,2026-06-18 04:25:00,71.26,71.32,71.18,71.2,525.558
1781757000000,2026-06-18 04:30:00,71.22,71.22,71.12,71.15,1122.451
1781757300000,2026-06-18 04:35:00,71.15,71.24,71.07,71.07,1384.725
1781757600000,2026-06-18 04:40:00,71.02,71.09,71.01,71.07,623.193
1781757900000,2026-06-18 04:45:00,70.93,70.98,70.93,70.98,230.333
1781758200000,2026-06-18 04:50:00,70.94,71.17,70.92,71.17,930.836
1781758500000,2026-06-18 04:55:00,71.17,71.19,71.11,71.14,606.112
1781758800000,2026-06-18 05:00:00,71.13,71.13,70.77,70.8,1555.375
1781759100000,2026-06-18 05:05:00,70.75,70.78,70.67,70.75,2967.186
1781759400000,2026-06-18 05:10:00,70.76,71.0,70.76,70.86,1851.577
1781759700000,2026-06-18 05:15:00,70.91,71.0,70.83,71.0,1320.419
1781760000000,2026-06-18 05:20:00,70.99,71.02,70.95,70.96,1039.925
1781760300000,2026-06-18 05:25:00,70.93,71.03,70.93,70.94,1175.436
1781760600000,2026-06-18 05:30:00,70.93,71.0,70.9,70.98,1228.189
1781760900000,2026-06-18 05:35:00,70.99,71.09,70.81,70.91,1466.628
1781761200000,2026-06-18 05:40:00,70.89,71.06,70.89,70.99,1616.099
1781761500000,2026-06-18 05:45:00,70.99,71.04,70.97,71.01,553.469
1781761800000,2026-06-18 05:50:00,71.0,71.02,70.96,71.02,1211.851
1781762100000,2026-06-18 05:55:00,71.05,71.14,71.04,71.11,1005.335
1781762400000,2026-06-18 06:00:00,71.1,71.28,71.0,71.28,2103.163
1781762700000,2026-06-18 06:05:00,71.29,71.29,71.11,71.13,859.133
1781763000000,2026-06-18 06:10:00,71.12,71.13,71.03,71.12,1292.455
1781763300000,2026-06-18 06:15:00,71.17,71.25,71.02,71.03,1925.605
1781763600000,2026-06-18 06:20:00,71.07,71.23,71.07,71.14,1131.335
1781763900000,2026-06-18 06:25:00,71.12,71.22,71.09,71.17,2136.983
1781764200000,2026-06-18 06:30:00,71.19,71.32,71.19,71.24,1816.294
1781764500000,2026-06-18 06:35:00,71.24,71.26,71.14,71.17,1642.62
1781764800000,2026-06-18 06:40:00,71.16,71.34,71.16,71.31,1157.187
1781765100000,2026-06-18 06:45:00,71.33,71.34,71.24,71.31,1799.345
1781765400000,2026-06-18 06:50:00,71.33,71.39,71.29,71.31,1783.468
1781765700000,2026-06-18 06:55:00,71.33,71.41,71.32,71.41,515.777
1781766000000,2026-06-18 07:00:00,71.4,71.4,71.22,71.33,1028.573
1781766300000,2026-06-18 07:05:00,71.3,71.31,71.22,71.24,361.026
1781766600000,2026-06-18 07:10:00,71.2,71.26,71.17,71.22,572.594
1781766900000,2026-06-18 07:15:00,71.22,71.44,71.22,71.4,1868.038
1781767200000,2026-06-18 07:20:00,71.45,71.64,71.44,71.64,813.072
1781767500000,2026-06-18 07:25:00,71.64,71.78,71.64,71.74,1650.457
1781767800000,2026-06-18 07:30:00,71.71,71.72,71.57,71.58,940.909
1781768100000,2026-06-18 07:35:00,71.59,71.79,71.58,71.71,1648.632
1781768400000,2026-06-18 07:40:00,71.72,71.72,71.64,71.68,664.62
1781768700000,2026-06-18 07:45:00,71.71,71.84,71.7,71.8,2410.814
1781769000000,2026-06-18 07:50:00,71.8,71.82,71.74,71.75,415.645
1781769300000,2026-06-18 07:55:00,71.74,71.77,71.71,71.77,1457.803
1781769600000,2026-06-18 08:00:00,71.8,71.8,71.67,71.68,1171.39
1781769900000,2026-06-18 08:05:00,71.73,71.93,71.72,71.93,1740.826
1781770200000,2026-06-18 08:10:00,71.93,71.94,71.81,71.85,2389.801
1781770500000,2026-06-18 08:15:00,71.84,71.9,71.82,71.9,632.872
1781770800000,2026-06-18 08:20:00,71.88,71.91,71.81,71.89,1140.775
1781771100000,2026-06-18 08:25:00,71.89,71.94,71.87,71.94,165.593
1781771400000,2026-06-18 08:30:00,71.94,71.98,71.93,71.97,485.17
1781771700000,2026-06-18 08:35:00,71.97,72.04,71.94,72.03,1337.049
1781772000000,2026-06-18 08:40:00,72.06,72.07,71.93,71.94,575.023
1781772300000,2026-06-18 08:45:00,71.95,72.0,71.94,72.0,1155.268
1781772600000,2026-06-18 08:50:00,72.0,72.03,71.94,71.94,839.536
1781772900000,2026-06-18 08:55:00,71.96,71.96,71.87,71.87,283.576
1781773200000,2026-06-18 09:00:00,71.85,71.93,71.79,71.87,1183.311
1781773500000,2026-06-18 09:05:00,71.89,71.93,71.89,71.93,234.876
1781773800000,2026-06-18 09:10:00,71.97,71.97,71.87,71.96,345.537
1781774100000,2026-06-18 09:15:00,71.96,72.15,71.96,72.12,693.454
1781774400000,2026-06-18 09:20:00,72.14,72.14,72.08,72.08,287.902
1781774700000,2026-06-18 09:25:00,72.08,72.08,71.85,71.85,1413.848
1781775000000,2026-06-18 09:30:00,71.82,71.92,71.78,71.92,1815.91
1781775300000,2026-06-18 09:35:00,71.93,71.94,71.85,71.94,579.862
1781775600000,2026-06-18 09:40:00,71.93,71.96,71.91,71.96,673.783
1781775900000,2026-06-18 09:45:00,71.97,72.04,71.93,71.93,540.94
1781776200000,2026-06-18 09:50:00,71.91,71.91,71.88,71.9,133.331
1781776500000,2026-06-18 09:55:00,71.89,71.89,71.8,71.85,758.277
1781776800000,2026-06-18 10:00:00,71.85,71.85,71.76,71.84,1552.379
1781777100000,2026-06-18 10:05:00,71.83,71.83,71.4,71.43,1428.419
1781777400000,2026-06-18 10:10:00,71.42,71.46,71.35,71.35,1453.502
1781777700000,2026-06-18 10:15:00,71.33,71.42,71.21,71.21,1832.828
1781778000000,2026-06-18 10:20:00,71.22,71.27,71.13,71.14,609.333
1781778300000,2026-06-18 10:25:00,71.14,71.27,71.14,71.23,1405.054
1781778600000,2026-06-18 10:30:00,71.22,71.29,71.2,71.27,875.482
1781778900000,2026-06-18 10:35:00,71.26,71.28,71.12,71.2,1518.394
1781779200000,2026-06-18 10:40:00,71.2,71.25,71.15,71.15,1336.775
1781779500000,2026-06-18 10:45:00,71.15,71.21,71.09,71.15,3114.504
1781779800000,2026-06-18 10:50:00,71.14,71.43,71.14,71.41,2681.906
1781780100000,2026-06-18 10:55:00,71.41,71.49,71.36,71.39,1677.728
1781780400000,2026-06-18 11:00:00,71.4,71.53,71.39,71.45,1288.673
1781780700000,2026-06-18 11:05:00,71.44,71.44,71.22,71.23,2870.239
1781781000000,2026-06-18 11:10:00,71.23,71.23,71.05,71.15,2949.047
1781781300000,2026-06-18 11:15:00,71.14,71.19,71.06,71.06,1421.769
1781781600000,2026-06-18 11:20:00,71.0,71.0,70.83,70.91,1756.206
1781781900000,2026-06-18 11:25:00,70.93,71.17,70.92,71.17,799.488
1781782200000,2026-06-18 11:30:00,71.17,71.18,71.12,71.18,594.715
1781782500000,2026-06-18 11:35:00,71.18,71.24,71.0,71.03,1174.292
1781782800000,2026-06-18 11:40:00,71.03,71.03,70.78,70.95,1173.979
1781783100000,2026-06-18 11:45:00,70.96,70.99,70.75,70.75,1766.905
1781783400000,2026-06-18 11:50:00,70.75,70.89,70.75,70.89,591.383
1781783700000,2026-06-18 11:55:00,70.87,70.97,70.87,70.93,863.335
1781784000000,2026-06-18 12:00:00,70.95,71.01,70.89,70.95,981.875
1781784300000,2026-06-18 12:05:00,70.95,71.03,70.9,71.03,676.508
1781784600000,2026-06-18 12:10:00,71.0,71.1,70.99,71.01,1124.759
1781784900000,2026-06-18 12:15:00,71.01,71.08,70.99,71.03,1293.892
1781785200000,2026-06-18 12:20:00,71.04,71.3,71.04,71.3,1901.784
1781785500000,2026-06-18 12:25:00,71.28,71.37,71.28,71.35,1824.078
1781785800000,2026-06-18 12:30:00,71.35,71.44,71.29,71.3,1906.633
1781786100000,2026-06-18 12:35:00,71.27,71.38,71.25,71.3,1548.217
1781786400000,2026-06-18 12:40:00,71.31,71.44,71.3,71.44,1010.4
1781786700000,2026-06-18 12:45:00,71.44,71.56,71.44,71.55,2317.672
1781787000000,2026-06-18 12:50:00,71.57,71.58,71.41,71.48,893.298
1781787300000,2026-06-18 12:55:00,71.47,71.61,71.47,71.56,598.607
1781787600000,2026-06-18 13:00:00,71.59,71.6,71.49,71.52,933.838
1781787900000,2026-06-18 13:05:00,71.5,71.64,71.5,71.56,1436.155
1781788200000,2026-06-18 13:10:00,71.61,71.71,71.57,71.6,1840.808
1781788500000,2026-06-18 13:15:00,71.59,71.7,71.55,71.66,839.301
1781788800000,2026-06-18 13:20:00,71.66,71.67,71.59,71.6,698.093
1781789100000,2026-06-18 13:25:00,71.57,71.76,71.56,71.69,1088.781
1781789400000,2026-06-18 13:30:00,71.68,71.68,71.28,71.28,1942.354
1781789700000,2026-06-18 13:35:00,71.26,71.26,70.96,71.04,2016.394
1781790000000,2026-06-18 13:40:00,71.03,71.03,70.75,70.75,1719.021
1781790300000,2026-06-18 13:45:00,70.75,71.22,70.74,71.22,2060.834
1781790600000,2026-06-18 13:50:00,71.22,71.34,71.17,71.17,2075.808
1781790900000,2026-06-18 13:55:00,71.17,71.19,70.87,70.96,2973.406
1781791200000,2026-06-18 14:00:00,70.96,71.2,70.96,71.1,2453.368
1781791500000,2026-06-18 14:05:00,71.1,71.1,70.88,71.1,3373.951
1781791800000,2026-06-18 14:10:00,71.09,71.09,70.9,70.95,2469.004
1781792100000,2026-06-18 14:15:00,70.86,71.34,70.76,71.33,1995.68
1781792400000,2026-06-18 14:20:00,71.33,71.67,71.3,71.51,3526.299
1781792700000,2026-06-18 14:25:00,71.51,71.51,71.0,71.06,1861.632
1781793000000,2026-06-18 14:30:00,71.03,71.25,71.0,71.15,2130.157
1781793300000,2026-06-18 14:35:00,71.18,71.31,71.07,71.31,1805.215
1781793600000,2026-06-18 14:40:00,71.3,71.41,70.97,70.97,2671.366
1781793900000,2026-06-18 14:45:00,70.97,71.25,70.96,71.25,3030.621
1781794200000,2026-06-18 14:50:00,71.2,71.2,70.75,70.85,3529.381
1781794500000,2026-06-18 14:55:00,70.86,71.17,70.86,71.12,1043.155
1781794800000,2026-06-18 15:00:00,71.02,71.02,70.69,70.76,2941.369
1781795100000,2026-06-18 15:05:00,70.8,70.92,70.69,70.8,2299.755
1781795400000,2026-06-18 15:10:00,70.8,70.87,70.65,70.65,1988.69
1781795700000,2026-06-18 15:15:00,70.64,70.68,70.13,70.35,3249.036
1781796000000,2026-06-18 15:20:00,70.36,70.58,70.1,70.15,3426.759
1781796300000,2026-06-18 15:25:00,70.15,70.16,69.9,69.92,3185.289
1781796600000,2026-06-18 15:30:00,69.93,70.03,69.75,69.9,3402.424
1781796900000,2026-06-18 15:35:00,69.86,69.87,69.47,69.56,1979.455
1781797200000,2026-06-18 15:40:00,69.54,69.54,68.96,69.07,2883.298
1781797500000,2026-06-18 15:45:00,69.07,69.1,68.86,68.93,2971.289
1781797800000,2026-06-18 15:50:00,68.93,69.03,68.61,68.67,1743.003
1781798100000,2026-06-18 15:55:00,68.68,68.72,68.36,68.44,3062.687
1781798400000,2026-06-18 16:00:00,68.43,68.8,68.43,68.68,2877.812
1781798700000,2026-06-18 16:05:00,68.67,68.85,68.67,68.85,2579.781
1781799000000,2026-06-18 16:10:00,68.88,68.97,68.88,68.91,1600.329
1781799300000,2026-06-18 16:15:00,68.9,68.91,68.49,68.63,2134.501
1781799600000,2026-06-18 16:20:00,68.69,68.9,68.69,68.87,1177.618
1781799900000,2026-06-18 16:25:00,68.85,68.89,68.7,68.71,1380.011
1781800200000,2026-06-18 16:30:00,68.7,68.74,68.51,68.68,2280.855
1781800500000,2026-06-18 16:35:00,68.68,68.87,68.58,68.87,2786.635
1781800800000,2026-06-18 16:40:00,68.87,68.88,68.74,68.88,1997.587
1781801100000,2026-06-18 16:45:00,68.83,68.94,68.78,68.79,929.762
1781801400000,2026-06-18 16:50:00,68.86,69.07,68.86,69.07,1437.475
1781801700000,2026-06-18 16:55:00,69.04,69.12,69.01,69.05,1348.109
1781802000000,2026-06-18 17:00:00,69.1,69.11,68.91,68.99,1714.226
1781802300000,2026-06-18 17:05:00,68.99,69.1,68.94,68.96,1604.91
1781802600000,2026-06-18 17:10:00,68.94,68.94,68.78,68.85,1496.343
1781802900000,2026-06-18 17:15:00,68.87,69.02,68.87,69.02,1133.901
1781803200000,2026-06-18 17:20:00,69.03,69.05,68.63,68.66,1467.399
1781803500000,2026-06-18 17:25:00,68.66,68.9,68.63,68.9,2219.084
1781803800000,2026-06-18 17:30:00,69.0,69.12,68.98,69.06,1546.367
1781804100000,2026-06-18 17:35:00,69.04,69.04,68.71,68.71,1702.221
1781804400000,2026-06-18 17:40:00,68.75,68.81,68.69,68.75,814.488
1781804700000,2026-06-18 17:45:00,68.71,68.76,68.68,68.76,89.077
1781805000000,2026-06-18 17:50:00,68.77,68.82,68.71,68.73,1057.079
1781805300000,2026-06-18 17:55:00,68.66,68.66,68.51,68.65,1062.902
1781805600000,2026-06-18 18:00:00,68.65,68.68,68.45,68.52,2630.134
1781805900000,2026-06-18 18:05:00,68.52,68.57,68.48,68.55,1783.119
1781806200000,2026-06-18 18:10:00,68.52,68.59,68.44,68.44,1341.379
1781806500000,2026-06-18 18:15:00,68.43,68.53,68.26,68.53,2461.559
1781806800000,2026-06-18 18:20:00,68.53,68.78,68.53,68.78,1404.582
1781807100000,2026-06-18 18:25:00,68.78,68.94,68.78,68.82,1598.589
1781807400000,2026-06-18 18:30:00,68.83,68.83,68.69,68.7,1181.97
1781807700000,2026-06-18 18:35:00,68.67,68.69,68.52,68.57,792.712
1781808000000,2026-06-18 18:40:00,68.55,68.75,68.55,68.74,1478.915
1781808300000,2026-06-18 18:45:00,68.76,68.81,68.71,68.81,1458.199
1781808600000,2026-06-18 18:50:00,68.81,68.83,68.57,68.57,1504.34
1781808900000,2026-06-18 18:55:00,68.59,68.68,68.58,68.68,304.761
1781809200000,2026-06-18 19:00:00,68.66,68.7,68.58,68.66,1315.249
1781809500000,2026-06-18 19:05:00,68.65,68.72,68.6,68.71,2187.355
1781809800000,2026-06-18 19:10:00,68.72,68.72,68.62,68.67,1445.054
1781810100000,2026-06-18 19:15:00,68.68,68.71,68.6,68.68,1000.143
1781810400000,2026-06-18 19:20:00,68.69,68.78,68.64,68.71,1171.355
1781810700000,2026-06-18 19:25:00,68.73,68.89,68.72,68.84,1277.175
1781811000000,2026-06-18 19:30:00,68.82,69.05,68.8,69.0,4135.867
1781811300000,2026-06-18 19:35:00,69.0,69.16,68.9,69.16,3106.027
1781811600000,2026-06-18 19:40:00,69.16,69.44,69.16,69.43,1360.948
1781811900000,2026-06-18 19:45:00,69.43,69.43,69.27,69.27,1907.893
1781812200000,2026-06-18 19:50:00,69.27,69.47,69.25,69.45,1249.065
1781812500000,2026-06-18 19:55:00,69.47,69.51,69.4,69.43,831.827
1781812800000,2026-06-18 20:00:00,69.42,69.81,69.42,69.81,3224.281
1781813100000,2026-06-18 20:05:00,69.81,69.81,69.67,69.74,2490.136
1781813400000,2026-06-18 20:10:00,69.72,69.75,69.66,69.74,1428.518
1781813700000,2026-06-18 20:15:00,69.75,69.82,69.69,69.82,1481.843
1781814000000,2026-06-18 20:20:00,69.84,69.95,69.77,69.84,3603.368
1781814300000,2026-06-18 20:25:00,69.83,69.88,69.79,69.83,3326.895
1781814600000,2026-06-18 20:30:00,69.83,69.9,69.77,69.85,2620.624
1781814900000,2026-06-18 20:35:00,69.9,69.9,69.76,69.88,2978.256
1781815200000,2026-06-18 20:40:00,69.88,69.93,69.84,69.85,1525.904
1781815500000,2026-06-18 20:45:00,69.85,69.85,69.75,69.75,843.26
1781815800000,2026-06-18 20:50:00,69.75,69.88,69.75,69.88,2676.601
1781816100000,2026-06-18 20:55:00,69.91,69.91,69.81,69.81,429.041
1781816400000,2026-06-18 21:00:00,69.81,69.88,69.81,69.83,147.677
1781816700000,2026-06-18 21:05:00,69.82,69.88,69.82,69.88,548.002
1781817000000,2026-06-18 21:10:00,69.89,69.89,69.59,69.59,2050.594
1781817300000,2026-06-18 21:15:00,69.53,69.6,69.42,69.58,1894.901
1781817600000,2026-06-18 21:20:00,69.57,69.71,69.57,69.71,1710.689
1781817900000,2026-06-18 21:25:00,69.69,69.69,69.58,69.68,1337.813
1781818200000,2026-06-18 21:30:00,69.67,69.72,69.66,69.71,364.77
1781818500000,2026-06-18 21:35:00,69.71,69.72,69.55,69.57,752.25
1781818800000,2026-06-18 21:40:00,69.56,69.57,69.42,69.57,1085.053
1781819100000,2026-06-18 21:45:00,69.53,69.57,69.52,69.54,85.36
1781819400000,2026-06-18 21:50:00,69.54,69.55,69.5,69.5,1462.46
1781819700000,2026-06-18 21:55:00,69.51,69.62,69.51,69.55,999.419
1781820000000,2026-06-18 22:00:00,69.56,69.6,69.48,69.48,541.813
1781820300000,2026-06-18 22:05:00,69.44,69.55,69.44,69.55,625.377
1781820600000,2026-06-18 22:10:00,69.56,69.67,69.56,69.65,939.495
1781820900000,2026-06-18 22:15:00,69.64,69.64,69.44,69.47,1345.217
1781821200000,2026-06-18 22:20:00,69.5,69.55,69.44,69.53,620.137
1781821500000,2026-06-18 22:25:00,69.53,69.54,69.47,69.47,799.568
1781821800000,2026-06-18 22:30:00,69.45,69.45,69.28,69.33,711.768
1781822100000,2026-06-18 22:35:00,69.31,69.38,69.3,69.38,664.639
1781822400000,2026-06-18 22:40:00,69.37,69.43,69.35,69.43,299.853
1781822700000,2026-06-18 22:45:00,69.46,69.53,69.39,69.52,816.16
1781823000000,2026-06-18 22:50:00,69.56,69.64,69.52,69.62,697.699
1781823300000,2026-06-18 22:55:00,69.54,69.55,69.53,69.54,437.262
1781823600000,2026-06-18 23:00:00,69.51,69.56,69.46,69.5,51.578
1781823900000,2026-06-18 23:05:00,69.43,69.46,69.35,69.45,417.064
1781824200000,2026-06-18 23:10:00,69.4,69.42,69.32,69.32,22.399
1781824500000,2026-06-18 23:15:00,69.28,69.39,69.28,69.39,19.884
1781824800000,2026-06-18 23:20:00,69.42,69.47,69.4,69.46,24.23
1781825100000,2026-06-18 23:25:00,69.47,69.56,69.44,69.56,45.92
1781825400000,2026-06-18 23:30:00,69.56,69.67,69.56,69.61,84.503
1781825700000,2026-06-18 23:35:00,69.6,69.63,69.58,69.59,25.528
1781826000000,2026-06-18 23:40:00,69.64,69.7,69.64,69.7,144.769
1781826300000,2026-06-18 23:45:00,69.67,69.67,69.54,69.54,180.717
1781826600000,2026-06-18 23:50:00,69.65,69.72,69.65,69.72,514.766
1781826900000,2026-06-18 23:55:00,69.71,69.72,69.71,69.71,3.909
1781827200000,2026-06-19 00:00:00,69.72,69.72,69.71,69.71,823.896
1781827500000,2026-06-19 00:05:00,69.72,69.75,69.4,69.59,228.069
1781827800000,2026-06-19 00:10:00,69.68,69.7,69.61,69.61,1302.039
1781828100000,2026-06-19 00:15:00,69.61,69.8,69.61,69.78,1202.449
1781828400000,2026-06-19 00:20:00,69.76,69.76,69.63,69.74,1362.759
1781828700000,2026-06-19 00:25:00,69.75,69.79,69.74,69.74,500.309
1781829000000,2026-06-19 00:30:00,69.74,69.88,69.74,69.87,457.859
1781829300000,2026-06-19 00:35:00,69.85,69.89,69.74,69.74,325.897
1781829600000,2026-06-19 00:40:00,69.74,69.83,69.74,69.82,623.805
1781829900000,2026-06-19 00:45:00,69.85,69.86,69.75,69.75,690.495
1781830200000,2026-06-19 00:50:00,69.76,69.8,69.74,69.8,402.21
1781830500000,2026-06-19 00:55:00,69.75,69.79,69.75,69.79,475.46
1781830800000,2026-06-19 01:00:00,69.78,70.0,69.78,70.0,620.071
1781831100000,2026-06-19 01:05:00,70.0,70.01,69.83,69.83,1011.989
1781831400000,2026-06-19 01:10:00,69.82,69.85,69.67,69.69,2119.226
1781831700000,2026-06-19 01:15:00,69.69,69.94,69.69,69.85,1985.477
1781832000000,2026-06-19 01:20:00,69.88,69.95,69.87,69.87,513.247
1781832300000,2026-06-19 01:25:00,69.88,69.88,69.68,69.69,1181.965
1781832600000,2026-06-19 01:30:00,69.71,69.71,69.54,69.57,841.875
1781832900000,2026-06-19 01:35:00,69.59,69.73,69.59,69.64,1019.032
1781833200000,2026-06-19 01:40:00,69.65,69.76,69.65,69.76,1100.389
1781833500000,2026-06-19 01:45:00,69.75,69.84,69.75,69.8,862.771
1781833800000,2026-06-19 01:50:00,69.82,69.91,69.82,69.91,547.468
1781834100000,2026-06-19 01:55:00,69.94,69.94,69.9,69.94,547.22
1781834400000,2026-06-19 02:00:00,69.93,70.06,69.93,70.06,690.361
1781834700000,2026-06-19 02:05:00,70.06,70.09,69.87,69.93,956.768
1781835000000,2026-06-19 02:10:00,69.93,69.94,69.83,69.83,844.97
1781835300000,2026-06-19 02:15:00,69.84,69.87,69.66,69.66,715.669
1781835600000,2026-06-19 02:20:00,69.65,69.65,69.54,69.64,903.756
1781835900000,2026-06-19 02:25:00,69.64,69.66,69.54,69.54,490.112
1781836200000,2026-06-19 02:30:00,69.52,69.59,69.45,69.55,809.042
1781836500000,2026-06-19 02:35:00,69.58,69.61,69.47,69.52,1688.093
1781836800000,2026-06-19 02:40:00,69.53,69.58,69.5,69.53,516.095
1781837100000,2026-06-19 02:45:00,69.52,69.54,69.45,69.54,962.025
1781837400000,2026-06-19 02:50:00,69.51,69.66,69.51,69.66,421.545
1781837700000,2026-06-19 02:55:00,69.67,69.69,69.65,69.66,362.444
1781838000000,2026-06-19 03:00:00,69.66,69.74,69.66,69.67,642.907
1781838300000,2026-06-19 03:05:00,69.68,69.68,69.59,69.61,366.313
1781838600000,2026-06-19 03:10:00,69.58,69.58,69.33,69.33,1879.898
1781838900000,2026-06-19 03:15:00,69.3,69.3,68.66,68.8,2390.577
1781839200000,2026-06-19 03:20:00,68.94,69.27,68.86,69.27,2021.074
1781839500000,2026-06-19 03:25:00,69.3,69.4,69.24,69.35,1754.395
1781839800000,2026-06-19 03:30:00,69.35,69.36,69.09,69.13,2083.302
1781840100000,2026-06-19 03:35:00,69.12,69.12,68.94,68.94,762.179
1781840400000,2026-06-19 03:40:00,68.93,69.01,68.87,69.01,1462.903
1781840700000,2026-06-19 03:45:00,68.98,69.07,68.96,68.97,953.495
1781841000000,2026-06-19 03:50:00,69.02,69.1,69.02,69.03,2028.569
1781841300000,2026-06-19 03:55:00,69.08,69.13,69.01,69.05,975.39
1781841600000,2026-06-19 04:00:00,69.06,69.06,68.7,68.73,1044.778
1781841900000,2026-06-19 04:05:00,68.74,68.98,68.74,68.98,657.11
1781842200000,2026-06-19 04:10:00,69.03,69.15,69.03,69.12,570.971
1781842500000,2026-06-19 04:15:00,69.12,69.27,68.99,68.99,1618.798
1781842800000,2026-06-19 04:20:00,69.0,69.0,68.76,68.85,986.387
1781843100000,2026-06-19 04:25:00,68.85,68.86,68.77,68.78,704.265
1781843400000,2026-06-19 04:30:00,68.79,68.79,68.43,68.43,2228.694
1781843700000,2026-06-19 04:35:00,68.48,68.5,68.42,68.42,1594.153
1781844000000,2026-06-19 04:40:00,68.42,68.54,68.42,68.54,1770.453
1781844300000,2026-06-19 04:45:00,68.52,68.58,68.5,68.58,1479.571
1781844600000,2026-06-19 04:50:00,68.63,68.63,68.33,68.34,913.6
1781844900000,2026-06-19 04:55:00,68.31,68.37,68.21,68.35,1114.668
1781845200000,2026-06-19 05:00:00,68.32,68.52,68.32,68.52,2317.455
1781845500000,2026-06-19 05:05:00,68.54,68.7,68.53,68.7,1221.393
1781845800000,2026-06-19 05:10:00,68.7,68.73,68.64,68.68,1326.893
1781846100000,2026-06-19 05:15:00,68.69,68.69,68.52,68.52,1394.728
1781846400000,2026-06-19 05:20:00,68.51,68.52,68.43,68.44,1255.214
1781846700000,2026-06-19 05:25:00,68.49,68.58,68.49,68.5,772.393
1781847000000,2026-06-19 05:30:00,68.53,68.65,68.42,68.43,1332.652
1781847300000,2026-06-19 05:35:00,68.37,68.47,68.37,68.4,2278.21
1781847600000,2026-06-19 05:40:00,68.44,68.52,68.41,68.52,2039.157
1781847900000,2026-06-19 05:45:00,68.54,68.68,68.53,68.68,1004.247
1781848200000,2026-06-19 05:50:00,68.66,68.73,68.65,68.71,2062.089
1781848500000,2026-06-19 05:55:00,68.71,68.72,68.65,68.68,246.779
1781848800000,2026-06-19 06:00:00,68.65,68.74,68.58,68.74,1933.844
1781849100000,2026-06-19 06:05:00,68.77,68.82,68.71,68.76,2659.286
1781849400000,2026-06-19 06:10:00,68.76,68.82,68.72,68.81,464.463
1781849700000,2026-06-19 06:15:00,68.82,68.83,68.7,68.72,2212.098
1781850000000,2026-06-19 06:20:00,68.73,68.83,68.7,68.82,1171.395
1781850300000,2026-06-19 06:25:00,68.79,68.79,68.72,68.73,600.739
1781850600000,2026-06-19 06:30:00,68.74,68.81,68.61,68.61,759.11
1781850900000,2026-06-19 06:35:00,68.7,68.7,68.47,68.51,936.826
1781851200000,2026-06-19 06:40:00,68.53,68.66,68.52,68.66,1334.091
1781851500000,2026-06-19 06:45:00,68.66,68.66,68.49,68.56,1017.331
1781851800000,2026-06-19 06:50:00,68.55,68.67,68.5,68.67,796.518
1781852100000,2026-06-19 06:55:00,68.68,68.78,68.61,68.77,1413.212
1781852400000,2026-06-19 07:00:00,68.76,68.76,68.61,68.61,1313.929
1781852700000,2026-06-19 07:05:00,68.62,68.62,68.56,68.61,364.455
1781853000000,2026-06-19 07:10:00,68.55,68.6,68.53,68.57,726.589
1781853300000,2026-06-19 07:15:00,68.52,68.56,68.39,68.39,1234.6
1781853600000,2026-06-19 07:20:00,68.4,68.51,68.4,68.49,418.766
1781853900000,2026-06-19 07:25:00,68.52,68.57,68.44,68.44,849.005
1781854200000,2026-06-19 07:30:00,68.43,68.59,68.27,68.27,1064.843
1781854500000,2026-06-19 07:35:00,68.26,68.28,68.01,68.07,2858.625
1781854800000,2026-06-19 07:40:00,68.05,68.25,68.05,68.23,462.143
1781855100000,2026-06-19 07:45:00,68.23,68.23,68.1,68.17,1224.402
1781855400000,2026-06-19 07:50:00,68.16,68.41,68.16,68.24,1300.311
1781855700000,2026-06-19 07:55:00,68.31,68.36,68.31,68.35,340.385
1781856000000,2026-06-19 08:00:00,68.37,68.41,68.32,68.39,984.751
1781856300000,2026-06-19 08:05:00,68.38,68.38,68.31,68.34,2330.86
1781856600000,2026-06-19 08:10:00,68.28,68.48,68.28,68.48,1032.16
1781856900000,2026-06-19 08:15:00,68.49,68.52,68.45,68.52,1803.793
1781857200000,2026-06-19 08:20:00,68.53,68.64,68.53,68.64,1291.668
1781857500000,2026-06-19 08:25:00,68.65,68.65,68.54,68.55,699.023
1781857800000,2026-06-19 08:30:00,68.54,68.68,68.54,68.59,1528.143
1781858100000,2026-06-19 08:35:00,68.59,68.75,68.59,68.72,883.33
1781858400000,2026-06-19 08:40:00,68.72,68.72,68.51,68.62,1653.13
1781858700000,2026-06-19 08:45:00,68.63,68.68,68.62,68.65,348.063
1781859000000,2026-06-19 08:50:00,68.67,68.71,68.64,68.64,1206.302
1781859300000,2026-06-19 08:55:00,68.59,68.65,68.59,68.64,1344.135
1781859600000,2026-06-19 09:00:00,68.65,68.76,68.6,68.6,1446.876
1781859900000,2026-06-19 09:05:00,68.6,68.6,68.45,68.45,889.491
1781860200000,2026-06-19 09:10:00,68.44,68.44,68.24,68.3,2714.632
1781860500000,2026-06-19 09:15:00,68.32,68.41,68.31,68.41,529.305
1781860800000,2026-06-19 09:20:00,68.41,68.44,68.26,68.39,1057.69
1781861100000,2026-06-19 09:25:00,68.39,68.41,68.29,68.35,636.027
1781861400000,2026-06-19 09:30:00,68.32,68.53,68.32,68.49,1295.499
1781861700000,2026-06-19 09:35:00,68.43,68.49,68.42,68.44,1810.66
1781862000000,2026-06-19 09:40:00,68.43,68.52,68.43,68.48,478.537
1781862300000,2026-06-19 09:45:00,68.45,68.45,68.38,68.38,905.918
1781862600000,2026-06-19 09:50:00,68.35,68.46,68.33,68.39,1150.04
1781862900000,2026-06-19 09:55:00,68.34,68.34,68.31,68.34,426.661
1781863200000,2026-06-19 10:00:00,68.32,68.37,68.27,68.35,1021.771
1781863500000,2026-06-19 10:05:00,68.35,68.46,68.26,68.46,685.066
1781863800000,2026-06-19 10:10:00,68.45,68.45,68.33,68.34,833.419
1781864100000,2026-06-19 10:15:00,68.36,68.36,68.16,68.18,1068.654
1781864400000,2026-06-19 10:20:00,68.18,68.28,68.17,68.28,790.938
1781864700000,2026-06-19 10:25:00,68.24,68.35,68.24,68.34,1386.784
1781865000000,2026-06-19 10:30:00,68.33,68.33,68.15,68.22,864.959
1781865300000,2026-06-19 10:35:00,68.22,68.22,68.13,68.14,938.01
1781865600000,2026-06-19 10:40:00,68.12,68.2,68.06,68.12,1001.241
1781865900000,2026-06-19 10:45:00,68.12,68.25,68.12,68.21,734.89
1781866200000,2026-06-19 10:50:00,68.22,68.38,68.19,68.34,695.822
1781866500000,2026-06-19 10:55:00,68.34,68.43,68.3,68.32,1899.244
1781866800000,2026-06-19 11:00:00,68.33,68.34,68.24,68.27,825.678
1781867100000,2026-06-19 11:05:00,68.27,68.32,68.11,68.19,1006.207
1781867400000,2026-06-19 11:10:00,68.2,68.24,68.12,68.19,572.184
1781867700000,2026-06-19 11:15:00,68.24,68.3,68.18,68.3,1106.816
1781868000000,2026-06-19 11:20:00,68.31,68.44,68.3,68.39,581.917
1781868300000,2026-06-19 11:25:00,68.38,68.39,68.28,68.36,845.325
1781868600000,2026-06-19 11:30:00,68.36,68.4,68.33,68.38,711.962
1781868900000,2026-06-19 11:35:00,68.38,68.38,68.3,68.31,994.771
1781869200000,2026-06-19 11:40:00,68.32,68.42,68.32,68.41,375.495
1781869500000,2026-06-19 11:45:00,68.39,68.44,68.36,68.38,1301.588
1781869800000,2026-06-19 11:50:00,68.37,68.39,68.24,68.24,801.449
1781870100000,2026-06-19 11:55:00,68.24,68.27,68.23,68.24,554.143
1781870400000,2026-06-19 12:00:00,68.24,68.37,68.24,68.37,504.384
1781870700000,2026-06-19 12:05:00,68.38,68.38,68.25,68.34,1231.885
1781871000000,2026-06-19 12:10:00,68.34,68.37,68.31,68.32,1129.718
1781871300000,2026-06-19 12:15:00,68.31,68.31,68.14,68.28,1970.01
1781871600000,2026-06-19 12:20:00,68.29,68.32,68.24,68.24,1249.718
1781871900000,2026-06-19 12:25:00,68.2,68.24,68.17,68.24,584.024
1781872200000,2026-06-19 12:30:00,68.25,68.28,68.12,68.19,1046.915
1781872500000,2026-06-19 12:35:00,68.19,68.31,68.14,68.31,2619.804
1781872800000,2026-06-19 12:40:00,68.31,68.38,68.26,68.3,1512.43
1781873100000,2026-06-19 12:45:00,68.27,68.27,67.93,68.0,2024.54
1781873400000,2026-06-19 12:50:00,68.0,68.69,68.0,68.59,3036.785
1781873700000,2026-06-19 12:55:00,68.58,68.64,68.53,68.64,1967.37
1781874000000,2026-06-19 13:00:00,68.65,68.66,68.5,68.65,1907.701
1781874300000,2026-06-19 13:05:00,68.64,68.78,68.64,68.66,1933.548
1781874600000,2026-06-19 13:10:00,68.63,68.65,68.59,68.59,1999.775
1781874900000,2026-06-19 13:15:00,68.59,68.62,68.41,68.47,2236.416
1781875200000,2026-06-19 13:20:00,68.47,68.54,68.43,68.47,1894.331
1781875500000,2026-06-19 13:25:00,68.48,68.58,68.47,68.53,1028.047
1781875800000,2026-06-19 13:30:00,68.61,68.62,68.49,68.59,1892.229
1781876100000,2026-06-19 13:35:00,68.61,68.79,68.58,68.78,1501.367
1781876400000,2026-06-19 13:40:00,68.77,69.06,68.77,69.03,1527.82
1781876700000,2026-06-19 13:45:00,69.02,69.5,69.01,69.41,3243.85
1781877000000,2026-06-19 13:50:00,69.39,69.39,69.23,69.35,1714.894
1781877300000,2026-06-19 13:55:00,69.34,69.44,69.29,69.31,638.516
1781877600000,2026-06-19 14:00:00,69.28,69.39,69.18,69.35,1493.108
1781877900000,2026-06-19 14:05:00,69.35,69.35,69.06,69.13,1143.484
1781878200000,2026-06-19 14:10:00,69.13,69.14,68.91,68.98,2118.988
1781878500000,2026-06-19 14:15:00,68.99,69.02,68.9,68.93,1148.543
1781878800000,2026-06-19 14:20:00,69.0,69.0,68.85,69.0,2079.34
1781879100000,2026-06-19 14:25:00,69.01,69.34,69.01,69.31,1220.254
1781879400000,2026-06-19 14:30:00,69.31,69.31,69.13,69.24,2788.003
1781879700000,2026-06-19 14:35:00,69.23,69.45,69.23,69.37,2944.434
1781880000000,2026-06-19 14:40:00,69.38,69.47,69.33,69.33,1776.963
1781880300000,2026-06-19 14:45:00,69.33,69.46,69.32,69.37,1958.12
1781880600000,2026-06-19 14:50:00,69.37,69.37,69.24,69.3,1314.02
1781880900000,2026-06-19 14:55:00,69.28,69.28,69.15,69.19,628.636
1781881200000,2026-06-19 15:00:00,69.17,69.17,68.97,68.97,600.446
1781881500000,2026-06-19 15:05:00,69.02,69.19,69.02,69.15,1471.974
1781881800000,2026-06-19 15:10:00,69.14,69.19,69.14,69.16,515.948
1781882100000,2026-06-19 15:15:00,69.19,69.24,69.13,69.13,1799.462
1781882400000,2026-06-19 15:20:00,69.13,69.15,68.96,68.96,1381.534
1781882700000,2026-06-19 15:25:00,68.96,69.04,68.94,69.02,1192.672
1781883000000,2026-06-19 15:30:00,69.04,69.4,69.04,69.4,1568.22
1781883300000,2026-06-19 15:35:00,69.42,69.42,69.27,69.27,2127.775
1781883600000,2026-06-19 15:40:00,69.26,69.52,69.26,69.45,1742.253
1781883900000,2026-06-19 15:45:00,69.45,69.47,69.34,69.34,1661.807
1781884200000,2026-06-19 15:50:00,69.29,69.34,69.27,69.33,770.928
1781884500000,2026-06-19 15:55:00,69.34,69.41,69.31,69.32,1385.223
1781884800000,2026-06-19 16:00:00,69.31,69.4,69.27,69.34,3221.985
1781885100000,2026-06-19 16:05:00,69.35,69.46,69.25,69.25,1754.34
1781885400000,2026-06-19 16:10:00,69.31,69.55,69.28,69.55,1625.819
1781885700000,2026-06-19 16:15:00,69.56,69.56,69.44,69.48,993.699
1781886000000,2026-06-19 16:20:00,69.48,69.51,69.45,69.46,1306.289
1781886300000,2026-06-19 16:25:00,69.47,69.5,69.43,69.43,932.431
1781886600000,2026-06-19 16:30:00,69.42,69.45,69.29,69.34,1603.041
1781886900000,2026-06-19 16:35:00,69.36,69.37,69.32,69.36,675.879
1781887200000,2026-06-19 16:40:00,69.26,69.27,69.19,69.27,954.178
1781887500000,2026-06-19 16:45:00,69.26,69.26,69.13,69.14,1097.998
1781887800000,2026-06-19 16:50:00,69.12,69.13,68.97,68.97,995.398
1781888100000,2026-06-19 16:55:00,68.94,68.95,68.7,68.7,3347.795
1781888400000,2026-06-19 17:00:00,68.7,68.83,68.69,68.71,1600.505
1781888700000,2026-06-19 17:05:00,68.69,68.83,68.69,68.83,399.641
1781889000000,2026-06-19 17:10:00,68.84,68.9,68.74,68.89,443.6
1781889300000,2026-06-19 17:15:00,68.94,69.23,68.9,69.17,2012.006
1781889600000,2026-06-19 17:20:00,69.16,69.22,69.05,69.1,941.661
1781889900000,2026-06-19 17:25:00,69.06,69.06,68.93,68.96,1142.584
1781890200000,2026-06-19 17:30:00,68.97,69.24,68.97,69.24,1227.467
1781890500000,2026-06-19 17:35:00,69.24,69.33,69.2,69.33,1139.917
1781890800000,2026-06-19 17:40:00,69.34,69.41,69.34,69.41,1618.308
1781891100000,2026-06-19 17:45:00,69.37,69.51,69.31,69.48,1345.96
1781891400000,2026-06-19 17:50:00,69.48,69.48,69.26,69.33,699.437
1781891700000,2026-06-19 17:55:00,69.29,69.35,69.29,69.35,1109.465
1781892000000,2026-06-19 18:00:00,69.37,69.37,69.21,69.25,1636.662
1781892300000,2026-06-19 18:05:00,69.27,69.27,69.17,69.18,1359.951
1781892600000,2026-06-19 18:10:00,69.16,69.26,69.16,69.26,680.29
1781892900000,2026-06-19 18:15:00,69.25,69.25,69.12,69.13,879.921
1781893200000,2026-06-19 18:20:00,69.16,69.2,69.12,69.12,307.958
1781893500000,2026-06-19 18:25:00,69.13,69.16,69.08,69.08,298.118
1781893800000,2026-06-19 18:30:00,69.05,69.15,68.96,69.14,1142.473
1781894100000,2026-06-19 18:35:00,69.12,69.14,68.82,68.82,1784.333
1781894400000,2026-06-19 18:40:00,68.83,68.89,68.83,68.88,1006.631
1781894700000,2026-06-19 18:45:00,68.9,69.01,68.9,69.0,989.352
1781895000000,2026-06-19 18:50:00,69.01,69.06,68.92,68.99,1222.049
1781895300000,2026-06-19 18:55:00,69.0,69.05,68.94,69.05,634.013
1781895600000,2026-06-19 19:00:00,69.05,69.11,68.97,69.11,1100.495
1781895900000,2026-06-19 19:05:00,69.11,69.14,68.97,68.97,1493.988
1781896200000,2026-06-19 19:10:00,68.95,68.98,68.83,68.98,2183.34
1781896500000,2026-06-19 19:15:00,68.97,69.01,68.87,68.87,2159.846
1781896800000,2026-06-19 19:20:00,68.87,68.96,68.85,68.93,1005.413
1781897100000,2026-06-19 19:25:00,68.96,68.98,68.81,68.92,858.411
1781897400000,2026-06-19 19:30:00,68.92,68.92,68.83,68.84,1136.095
1781897700000,2026-06-19 19:35:00,68.83,68.92,68.79,68.83,1440.469
1781898000000,2026-06-19 19:40:00,68.83,68.9,68.82,68.88,538.593
1781898300000,2026-06-19 19:45:00,68.88,68.98,68.86,68.98,872.686
1781898600000,2026-06-19 19:50:00,68.94,69.12,68.94,69.12,1617.294
1781898900000,2026-06-19 19:55:00,69.11,69.11,68.94,68.96,962.15
1781899200000,2026-06-19 20:00:00,68.97,69.07,68.96,68.97,1088.209
1781899500000,2026-06-19 20:05:00,68.96,69.08,68.96,69.04,915.126
1781899800000,2026-06-19 20:10:00,69.03,69.03,68.98,69.01,874.127
1781900100000,2026-06-19 20:15:00,68.99,68.99,68.86,68.86,538.774
1781900400000,2026-06-19 20:20:00,68.87,68.87,68.75,68.8,1111.443
1781900700000,2026-06-19 20:25:00,68.83,68.94,68.83,68.94,749.174
1781901000000,2026-06-19 20:30:00,68.95,69.0,68.85,68.88,1865.519
1781901300000,2026-06-19 20:35:00,68.89,68.96,68.88,68.89,1229.708
1781901600000,2026-06-19 20:40:00,68.88,68.93,68.84,68.93,434.63
1781901900000,2026-06-19 20:45:00,68.92,69.15,68.92,69.08,1568.549
1781902200000,2026-06-19 20:50:00,69.09,69.17,69.07,69.17,428.6
1781902500000,2026-06-19 20:55:00,69.14,69.29,69.14,69.26,2656.09
1781902800000,2026-06-19 21:00:00,69.26,69.26,69.11,69.14,898.34
1781903100000,2026-06-19 21:05:00,69.15,69.18,69.09,69.16,792.519
1781903400000,2026-06-19 21:10:00,69.17,69.3,69.17,69.27,756.153
1781903700000,2026-06-19 21:15:00,69.29,69.29,69.27,69.29,860.301
1781904000000,2026-06-19 21:20:00,69.27,69.27,69.17,69.2,259.878
1781904300000,2026-06-19 21:25:00,69.2,69.2,69.12,69.13,1433.673
1781904600000,2026-06-19 21:30:00,69.14,69.19,69.11,69.11,841.396
1781904900000,2026-06-19 21:35:00,69.09,69.09,69.0,69.0,386.208
1781905200000,2026-06-19 21:40:00,68.99,69.01,68.94,68.95,332.941
1781905500000,2026-06-19 21:45:00,68.94,68.97,68.94,68.97,264.57
1781905800000,2026-06-19 21:50:00,68.98,69.02,68.94,68.98,1040.02
1781906100000,2026-06-19 21:55:00,68.92,69.0,68.91,69.0,530.189
1781906400000,2026-06-19 22:00:00,69.01,69.08,69.01,69.03,526.651
1781906700000,2026-06-19 22:05:00,69.05,69.05,69.0,69.05,377.825
1781907000000,2026-06-19 22:10:00,69.05,69.08,69.01,69.08,187.912
1781907300000,2026-06-19 22:15:00,69.09,69.22,69.08,69.22,545.753
1781907600000,2026-06-19 22:20:00,69.21,69.38,69.21,69.36,672.469
1781907900000,2026-06-19 22:25:00,69.36,69.37,69.31,69.31,444.913
1781908200000,2026-06-19 22:30:00,69.32,69.35,69.29,69.35,413.101
1781908500000,2026-06-19 22:35:00,69.36,69.36,69.27,69.28,417.566
1781908800000,2026-06-19 22:40:00,69.28,69.43,69.28,69.37,1644.475
1781909100000,2026-06-19 22:45:00,69.37,69.38,69.27,69.38,1895.33
1781909400000,2026-06-19 22:50:00,69.43,69.43,69.36,69.36,160.7
1781909700000,2026-06-19 22:55:00,69.41,69.41,69.35,69.37,473.756
1781910000000,2026-06-19 23:00:00,69.38,69.43,69.34,69.37,464.04
1781910300000,2026-06-19 23:05:00,69.39,69.39,69.31,69.31,1480.733
1781910600000,2026-06-19 23:10:00,69.29,69.29,69.24,69.24,90.964
1781910900000,2026-06-19 23:15:00,69.25,69.25,69.24,69.25,1098.787
1781911200000,2026-06-19 23:20:00,69.26,69.27,69.24,69.27,3419.416
1781911500000,2026-06-19 23:25:00,69.27,70.4,69.25,69.42,4260.227
1781911800000,2026-06-19 23:30:00,69.45,69.52,69.43,69.51,1328.464
1781912100000,2026-06-19 23:35:00,69.51,69.52,69.45,69.47,1667.671
1781912400000,2026-06-19 23:40:00,69.46,69.47,69.41,69.42,228.441
1781912700000,2026-06-19 23:45:00,69.45,69.45,69.4,69.42,84.056
1781913000000,2026-06-19 23:50:00,69.42,69.52,69.41,69.51,484.928
1781913300000,2026-06-19 23:55:00,69.52,69.83,69.49,69.76,1661.767
1781913600000,2026-06-20 00:00:00,69.76,69.86,69.72,69.74,2692.215
1781913900000,2026-06-20 00:05:00,69.74,69.79,69.66,69.72,1609.752
1781914200000,2026-06-20 00:10:00,69.65,69.68,69.62,69.68,1331.836
1781914500000,2026-06-20 00:15:00,69.69,69.77,69.69,69.74,1213.497
1781914800000,2026-06-20 00:20:00,69.79,69.88,69.76,69.88,2547.723
1781915100000,2026-06-20 00:25:00,69.88,69.95,69.83,69.9,1000.234
1781915400000,2026-06-20 00:30:00,69.89,70.0,69.8,70.0,485.107
1781915700000,2026-06-20 00:35:00,70.08,70.09,69.84,69.84,1660.304
1781916000000,2026-06-20 00:40:00,69.85,69.85,69.75,69.82,534.986
1781916300000,2026-06-20 00:45:00,69.82,69.82,69.69,69.77,1138.167
1781916600000,2026-06-20 00:50:00,69.77,69.77,69.67,69.77,1974.471
1781916900000,2026-06-20 00:55:00,69.77,69.77,69.62,69.63,2338.736
1781917200000,2026-06-20 01:00:00,69.62,69.67,69.62,69.63,738.669
1781917500000,2026-06-20 01:05:00,69.65,69.66,69.56,69.56,781.878
1781917800000,2026-06-20 01:10:00,69.58,69.59,69.56,69.57,271.244
1781918100000,2026-06-20 01:15:00,69.56,69.67,69.56,69.67,553.551
1781918400000,2026-06-20 01:20:00,69.67,69.74,69.65,69.65,839.951
1781918700000,2026-06-20 01:25:00,69.65,69.65,69.54,69.63,899.777
1781919000000,2026-06-20 01:30:00,69.63,69.77,69.62,69.77,526.539
1781919300000,2026-06-20 01:35:00,69.78,69.93,69.78,69.92,774.827
1781919600000,2026-06-20 01:40:00,69.92,69.92,69.78,69.81,1169.611
1781919900000,2026-06-20 01:45:00,69.79,69.85,69.75,69.78,978.265
1781920200000,2026-06-20 01:50:00,69.78,69.83,69.78,69.83,1044.889
1781920500000,2026-06-20 01:55:00,69.82,69.82,69.77,69.8,56.731
1781920800000,2026-06-20 02:00:00,69.81,69.85,69.77,69.81,617.18
1781921100000,2026-06-20 02:05:00,69.77,69.77,69.68,69.68,309.751
1781921400000,2026-06-20 02:10:00,69.67,69.69,69.64,69.66,246.687
1781921700000,2026-06-20 02:15:00,69.67,69.67,69.52,69.52,447.499
1781922000000,2026-06-20 02:20:00,69.5,69.56,69.49,69.53,447.523
1781922300000,2026-06-20 02:25:00,69.53,69.56,69.5,69.51,402.07
1781922600000,2026-06-20 02:30:00,69.53,69.73,69.53,69.68,1199.941
1781922900000,2026-06-20 02:35:00,69.67,69.68,69.59,69.59,492.277
1781923200000,2026-06-20 02:40:00,69.58,69.61,69.52,69.57,671.731
1781923500000,2026-06-20 02:45:00,69.58,69.72,69.58,69.69,910.121
1781923800000,2026-06-20 02:50:00,69.68,69.71,69.61,69.69,838.204
1781924100000,2026-06-20 02:55:00,69.69,69.69,69.64,69.65,227.058
1781924400000,2026-06-20 03:00:00,69.65,69.75,69.65,69.75,638.544
1781924700000,2026-06-20 03:05:00,69.73,69.8,69.7,69.71,704.839
1781925000000,2026-06-20 03:10:00,69.71,69.85,69.7,69.83,1384.964
1781925300000,2026-06-20 03:15:00,69.83,70.01,69.83,69.97,1013.855
1781925600000,2026-06-20 03:20:00,69.96,69.98,69.89,69.98,162.84
1781925900000,2026-06-20 03:25:00,69.98,70.03,69.91,69.93,1011.926
1781926200000,2026-06-20 03:30:00,69.96,70.05,69.92,69.92,1279.586
1781926500000,2026-06-20 03:35:00,69.92,70.05,69.89,70.04,804.395
1781926800000,2026-06-20 03:40:00,70.05,70.08,70.0,70.06,656.061
1781927100000,2026-06-20 03:45:00,70.06,70.06,70.0,70.05,651.589
1781927400000,2026-06-20 03:50:00,70.08,70.11,70.03,70.03,471.847
1781927700000,2026-06-20 03:55:00,69.98,70.01,69.97,70.0,219.599
1781928000000,2026-06-20 04:00:00,70.0,70.0,69.91,69.96,917.23
1781928300000,2026-06-20 04:05:00,69.99,70.05,69.92,69.92,787.395
1781928600000,2026-06-20 04:10:00,69.93,70.03,69.9,70.01,1385.14
1781928900000,2026-06-20 04:15:00,70.02,70.22,70.01,70.22,2527.224
1781929200000,2026-06-20 04:20:00,70.22,70.26,70.17,70.24,1929.287
1781929500000,2026-06-20 04:25:00,70.24,70.43,70.24,70.43,2628.385
1781929800000,2026-06-20 04:30:00,70.42,70.46,70.37,70.4,1431.166
1781930100000,2026-06-20 04:35:00,70.4,70.64,70.4,70.63,2344.252
1781930400000,2026-06-20 04:40:00,70.59,70.91,70.59,70.87,3440.965
1781930700000,2026-06-20 04:45:00,70.89,70.93,70.77,70.92,1678.469
1781931000000,2026-06-20 04:50:00,70.93,71.07,70.91,70.93,3568.31
1781931300000,2026-06-20 04:55:00,70.91,70.91,70.79,70.84,566.163
1781931600000,2026-06-20 05:00:00,70.85,70.93,70.72,70.93,2434.98
1781931900000,2026-06-20 05:05:00,70.95,71.52,70.94,71.51,2561.063
1781932200000,2026-06-20 05:10:00,71.51,72.36,71.51,72.28,6253.23
1781932500000,2026-06-20 05:15:00,72.28,72.3,72.02,72.03,3721.191
1781932800000,2026-06-20 05:20:00,72.02,72.02,71.64,71.69,3067.795
1781933100000,2026-06-20 05:25:00,71.69,71.7,71.45,71.48,2413.066
1781933400000,2026-06-20 05:30:00,71.47,71.68,71.47,71.6,3137.55
1781933700000,2026-06-20 05:35:00,71.61,71.78,71.61,71.77,2786.499
1781934000000,2026-06-20 05:40:00,71.77,71.82,71.64,71.64,3003.485
1781934300000,2026-06-20 05:45:00,71.63,71.72,71.6,71.67,2604.61
1781934600000,2026-06-20 05:50:00,71.68,71.81,71.6,71.79,2918.022
1781934900000,2026-06-20 05:55:00,71.76,71.84,71.74,71.81,1485.441
1781935200000,2026-06-20 06:00:00,71.79,71.94,71.79,71.85,2146.799
1781935500000,2026-06-20 06:05:00,71.86,71.93,71.75,71.76,1993.563
1781935800000,2026-06-20 06:10:00,71.73,71.9,71.73,71.9,1338.747
1781936100000,2026-06-20 06:15:00,71.9,72.06,71.83,72.06,3013.9
1781936400000,2026-06-20 06:20:00,72.05,72.39,72.02,72.26,2449.213
1781936700000,2026-06-20 06:25:00,72.26,72.27,72.06,72.06,5057.477
1781937000000,2026-06-20 06:30:00,72.07,72.1,71.99,72.1,2548.136
1781937300000,2026-06-20 06:35:00,72.1,72.3,72.1,72.27,3174.526
1781937600000,2026-06-20 06:40:00,72.28,72.28,72.19,72.2,1726.507
1781937900000,2026-06-20 06:45:00,72.19,72.26,72.14,72.26,1351.166
1781938200000,2026-06-20 06:50:00,72.24,72.26,72.08,72.13,1427.584
1781938500000,2026-06-20 06:55:00,72.07,72.12,72.04,72.12,659.815
1781938800000,2026-06-20 07:00:00,72.1,72.12,71.7,71.74,4347.012
1781939100000,2026-06-20 07:05:00,71.74,71.74,71.57,71.65,1479.025
1781939400000,2026-06-20 07:10:00,71.66,71.75,71.66,71.71,415.895
1781939700000,2026-06-20 07:15:00,71.71,71.78,71.66,71.78,1869.922
1781940000000,2026-06-20 07:20:00,71.77,71.86,71.74,71.86,873.236
1781940300000,2026-06-20 07:25:00,71.87,71.93,71.85,71.89,1564.057
1781940600000,2026-06-20 07:30:00,71.89,71.97,71.82,71.82,2116.809
1781940900000,2026-06-20 07:35:00,71.82,71.86,71.76,71.81,1087.105
1781941200000,2026-06-20 07:40:00,71.81,71.82,71.72,71.74,971.337
1781941500000,2026-06-20 07:45:00,71.73,71.76,71.69,71.7,1408.224
1781941800000,2026-06-20 07:50:00,71.65,71.65,71.48,71.5,1464.251
1781942100000,2026-06-20 07:55:00,71.51,71.58,71.49,71.58,1623.579
1781942400000,2026-06-20 08:00:00,71.6,71.61,71.38,71.6,1640.588
1781942700000,2026-06-20 08:05:00,71.57,71.57,71.44,71.46,1090.728
1781943000000,2026-06-20 08:10:00,71.46,71.51,71.46,71.51,833.619
1781943300000,2026-06-20 08:15:00,71.52,71.64,71.52,71.63,2121.163
1781943600000,2026-06-20 08:20:00,71.64,71.64,71.55,71.61,504.693
1781943900000,2026-06-20 08:25:00,71.61,71.61,71.55,71.58,413.841
1781944200000,2026-06-20 08:30:00,71.57,71.57,71.42,71.49,2826.504
1781944500000,2026-06-20 08:35:00,71.48,71.5,71.33,71.4,1506.711
1781944800000,2026-06-20 08:40:00,71.4,71.45,71.38,71.42,1668.539
1781945100000,2026-06-20 08:45:00,71.43,71.44,71.34,71.38,1446.716
1781945400000,2026-06-20 08:50:00,71.39,71.39,71.27,71.33,1054.986
1781945700000,2026-06-20 08:55:00,71.32,71.38,71.32,71.34,578.616
1781946000000,2026-06-20 09:00:00,71.34,71.49,71.34,71.45,1315.871
1781946300000,2026-06-20 09:05:00,71.45,71.45,71.37,71.37,862.022
1781946600000,2026-06-20 09:10:00,71.37,71.42,71.35,71.38,603.734
1781946900000,2026-06-20 09:15:00,71.38,71.38,71.24,71.24,1294.396
1781947200000,2026-06-20 09:20:00,71.23,71.39,71.22,71.39,1489.046
1781947500000,2026-06-20 09:25:00,71.36,71.39,71.31,71.38,880.925
1781947800000,2026-06-20 09:30:00,71.37,71.5,71.37,71.49,1111.069
1781948100000,2026-06-20 09:35:00,71.5,71.59,71.46,71.47,1340.152
1781948400000,2026-06-20 09:40:00,71.44,71.51,71.44,71.5,1080.015
1781948700000,2026-06-20 09:45:00,71.57,71.59,71.5,71.52,1128.606
1781949000000,2026-06-20 09:50:00,71.52,71.61,71.51,71.61,1062.406
1781949300000,2026-06-20 09:55:00,71.6,71.63,71.56,71.56,585.058
1781949600000,2026-06-20 10:00:00,71.56,71.58,71.45,71.57,1677.082
1781949900000,2026-06-20 10:05:00,71.57,71.64,71.57,71.57,689.923
1781950200000,2026-06-20 10:10:00,71.56,71.57,71.51,71.52,497.917
1781950500000,2026-06-20 10:15:00,71.52,71.64,71.51,71.62,1200.185
1781950800000,2026-06-20 10:20:00,71.61,71.61,71.51,71.57,2158.953
1781951100000,2026-06-20 10:25:00,71.58,71.6,71.57,71.6,1269.741
1781951400000,2026-06-20 10:30:00,71.62,71.64,71.57,71.57,1553.651
1781951700000,2026-06-20 10:35:00,71.57,71.58,71.47,71.5,566.522
1781952000000,2026-06-20 10:40:00,71.49,71.5,71.41,71.47,1283.462
1781952300000,2026-06-20 10:45:00,71.47,71.67,71.47,71.67,1186.95
1781952600000,2026-06-20 10:50:00,71.67,71.71,71.62,71.65,3278.872
1781952900000,2026-06-20 10:55:00,71.66,71.7,71.65,71.69,690.538
1781953200000,2026-06-20 11:00:00,71.69,71.76,71.69,71.7,1734.538
1781953500000,2026-06-20 11:05:00,71.66,71.66,71.45,71.48,2335.202
1781953800000,2026-06-20 11:10:00,71.47,71.53,71.47,71.52,827.454
1781954100000,2026-06-20 11:15:00,71.53,71.6,71.47,71.47,1442.226
1781954400000,2026-06-20 11:20:00,71.47,71.61,71.47,71.58,1544.925
1781954700000,2026-06-20 11:25:00,71.58,71.6,71.54,71.6,974.901
1781955000000,2026-06-20 11:30:00,71.61,71.64,71.59,71.59,740.094
1781955300000,2026-06-20 11:35:00,71.58,71.69,71.58,71.68,1699.087
1781955600000,2026-06-20 11:40:00,71.68,71.89,71.68,71.85,1598.105
1781955900000,2026-06-20 11:45:00,71.85,71.93,71.81,71.92,1670.166
1781956200000,2026-06-20 11:50:00,71.93,72.06,71.87,71.87,1885.103
1781956500000,2026-06-20 11:55:00,71.85,71.92,71.78,71.78,1880.696
1781956800000,2026-06-20 12:00:00,71.77,71.8,71.72,71.79,1087.798
1781957100000,2026-06-20 12:05:00,71.8,71.92,71.8,71.91,788.335
1781957400000,2026-06-20 12:10:00,71.91,71.92,71.82,71.9,3100.193
1781957700000,2026-06-20 12:15:00,71.9,71.93,71.79,71.89,2543.338
1781958000000,2026-06-20 12:20:00,71.89,71.89,71.81,71.87,957.775
1781958300000,2026-06-20 12:25:00,71.85,71.85,71.79,71.79,859.195
1781958600000,2026-06-20 12:30:00,71.8,71.8,71.68,71.69,927.508
1781958900000,2026-06-20 12:35:00,71.71,71.71,71.51,71.54,1473.197
1781959200000,2026-06-20 12:40:00,71.54,71.57,71.51,71.56,921.183
1781959500000,2026-06-20 12:45:00,71.58,71.59,71.55,71.56,1049.737
1781959800000,2026-06-20 12:50:00,71.55,71.56,71.43,71.5,1319.411
1781960100000,2026-06-20 12:55:00,71.51,71.55,71.48,71.55,1115.805
1781960400000,2026-06-20 13:00:00,71.55,71.56,71.49,71.52,800.02
1781960700000,2026-06-20 13:05:00,71.52,71.57,71.49,71.56,1152.826
1781961000000,2026-06-20 13:10:00,71.56,71.57,71.47,71.5,1259.781
1781961300000,2026-06-20 13:15:00,71.49,71.58,71.49,71.49,1057.179
1781961600000,2026-06-20 13:20:00,71.49,71.49,71.11,71.14,1531.578
1781961900000,2026-06-20 13:25:00,71.14,71.14,70.78,70.85,3190.866
1781962200000,2026-06-20 13:30:00,70.86,70.99,70.86,70.92,3655.384
1781962500000,2026-06-20 13:35:00,70.95,71.09,70.91,71.04,1420.546
1781962800000,2026-06-20 13:40:00,71.04,71.15,71.04,71.14,951.979
1781963100000,2026-06-20 13:45:00,71.15,71.3,71.15,71.3,2012.087
1781963400000,2026-06-20 13:50:00,71.29,71.3,71.14,71.18,2058.165
1781963700000,2026-06-20 13:55:00,71.14,71.25,71.13,71.25,1007.555
1781964000000,2026-06-20 14:00:00,71.24,71.25,71.0,71.04,3460.323
1781964300000,2026-06-20 14:05:00,70.97,70.97,70.6,70.63,1234.554
1781964600000,2026-06-20 14:10:00,70.62,70.67,70.49,70.5,2407.904
1781964900000,2026-06-20 14:15:00,70.53,70.75,70.53,70.74,1690.472
1781965200000,2026-06-20 14:20:00,70.75,70.82,70.67,70.82,1130.762
1781965500000,2026-06-20 14:25:00,70.83,70.83,70.74,70.78,1674.765
1781965800000,2026-06-20 14:30:00,70.78,70.92,70.73,70.9,2001.248
1781966100000,2026-06-20 14:35:00,70.89,71.0,70.89,70.93,1770.611
1781966400000,2026-06-20 14:40:00,70.94,71.09,70.87,71.09,1779.804
1781966700000,2026-06-20 14:45:00,71.09,72.04,71.09,72.02,3930.629
1781967000000,2026-06-20 14:50:00,72.02,72.02,71.8,71.86,2632.597
1781967300000,2026-06-20 14:55:00,71.84,71.97,71.83,71.87,3240.298
1781967600000,2026-06-20 15:00:00,71.95,71.98,71.61,71.96,3179.038
1781967900000,2026-06-20 15:05:00,71.91,71.91,71.68,71.76,1474.546
1781968200000,2026-06-20 15:10:00,71.76,71.98,71.72,71.95,2801.21
1781968500000,2026-06-20 15:15:00,71.99,72.46,71.86,72.44,4726.458
1781968800000,2026-06-20 15:20:00,72.35,72.56,72.16,72.22,2197.54
1781969100000,2026-06-20 15:25:00,72.22,72.22,72.13,72.15,980.089
1781969400000,2026-06-20 15:30:00,72.17,72.25,72.04,72.04,3179.45
1781969700000,2026-06-20 15:35:00,72.05,72.1,72.0,72.01,992.878
1781970000000,2026-06-20 15:40:00,71.97,71.97,71.75,71.78,2406.765
1781970300000,2026-06-20 15:45:00,71.79,72.01,71.79,71.97,1300.696
1781970600000,2026-06-20 15:50:00,71.99,72.01,71.93,71.96,384.972
1781970900000,2026-06-20 15:55:00,71.97,72.07,71.95,71.99,706.041
1781971200000,2026-06-20 16:00:00,72.0,72.05,71.66,71.72,2805.153
1781971500000,2026-06-20 16:05:00,71.74,71.75,71.69,71.75,748.82
1781971800000,2026-06-20 16:10:00,71.72,71.72,71.66,71.69,587.962
1781972100000,2026-06-20 16:15:00,71.73,71.83,71.69,71.73,1136.526
1781972400000,2026-06-20 16:20:00,71.75,71.75,71.48,71.56,1671.006
1781972700000,2026-06-20 16:25:00,71.57,71.61,71.47,71.49,920.302
1781973000000,2026-06-20 16:30:00,71.49,71.49,71.33,71.48,2623.448
1781973300000,2026-06-20 16:35:00,71.49,71.58,71.43,71.58,1135.705
1781973600000,2026-06-20 16:40:00,71.55,71.58,71.51,71.56,570.053
1781973900000,2026-06-20 16:45:00,71.53,71.64,71.48,71.63,1774.607
1781974200000,2026-06-20 16:50:00,71.62,71.64,71.59,71.62,340.675
1781974500000,2026-06-20 16:55:00,71.6,71.67,71.56,71.67,653.12
1781974800000,2026-06-20 17:00:00,71.67,71.67,71.52,71.59,671.166
1781975100000,2026-06-20 17:05:00,71.56,71.57,71.43,71.43,597.877
1781975400000,2026-06-20 17:10:00,71.43,71.5,71.4,71.5,664.098
1781975700000,2026-06-20 17:15:00,71.49,71.51,71.36,71.47,1566.941
1781976000000,2026-06-20 17:20:00,71.51,71.53,71.38,71.41,828.426
1781976300000,2026-06-20 17:25:00,71.42,71.51,71.36,71.51,713.567
1781976600000,2026-06-20 17:30:00,71.51,71.62,71.45,71.51,2199.916
1781976900000,2026-06-20 17:35:00,71.5,71.51,71.09,71.28,2632.075
1781977200000,2026-06-20 17:40:00,71.29,71.42,71.27,71.4,1642.235
1781977500000,2026-06-20 17:45:00,71.4,71.52,71.4,71.45,2380.874
1781977800000,2026-06-20 17:50:00,71.43,71.54,71.43,71.51,307.443
1781978100000,2026-06-20 17:55:00,71.52,71.65,71.52,71.57,1307.865
1781978400000,2026-06-20 18:00:00,71.57,71.76,71.53,71.75,2049.272
1781978700000,2026-06-20 18:05:00,71.71,71.71,71.59,71.7,498.84
1781979000000,2026-06-20 18:10:00,71.69,71.78,71.68,71.68,1419.544
1781979300000,2026-06-20 18:15:00,71.68,71.79,71.67,71.73,639.36
1781979600000,2026-06-20 18:20:00,71.71,71.74,71.7,71.71,142.989
1781979900000,2026-06-20 18:25:00,71.73,71.88,71.72,71.88,1055.567
1781980200000,2026-06-20 18:30:00,71.89,71.95,71.87,71.9,649.226
1781980500000,2026-06-20 18:35:00,71.9,71.9,71.83,71.88,1226.657
1781980800000,2026-06-20 18:40:00,71.87,71.87,71.72,71.78,1701.321
1781981100000,2026-06-20 18:45:00,71.78,71.83,71.76,71.77,944.89
1781981400000,2026-06-20 18:50:00,71.79,71.8,71.73,71.73,431.137
1781981700000,2026-06-20 18:55:00,71.73,71.77,71.72,71.76,605.408
1781982000000,2026-06-20 19:00:00,71.75,71.84,71.72,71.81,1518.636
1781982300000,2026-06-20 19:05:00,71.8,71.81,71.63,71.78,1740.007
1781982600000,2026-06-20 19:10:00,71.78,71.84,71.76,71.79,1361.034
1781982900000,2026-06-20 19:15:00,71.81,71.81,71.66,71.69,2201.502
1781983200000,2026-06-20 19:20:00,71.72,71.77,71.68,71.73,580.358
1781983500000,2026-06-20 19:25:00,71.71,71.76,71.62,71.65,1642.111
1781983800000,2026-06-20 19:30:00,71.67,71.78,71.66,71.78,1307.308
1781984100000,2026-06-20 19:35:00,71.79,71.82,71.75,71.76,789.928
1781984400000,2026-06-20 19:40:00,71.76,71.92,71.76,71.87,932.92
1781984700000,2026-06-20 19:45:00,71.9,71.9,71.81,71.83,125.808
1781985000000,2026-06-20 19:50:00,71.83,71.86,71.81,71.81,61.229
1781985300000,2026-06-20 19:55:00,71.8,71.87,71.78,71.87,351.343
1781985600000,2026-06-20 20:00:00,71.87,71.94,71.86,71.9,778.188
1781985900000,2026-06-20 20:05:00,71.91,71.98,71.9,71.91,2460.491
1781986200000,2026-06-20 20:10:00,71.91,71.94,71.89,71.93,493.616
1781986500000,2026-06-20 20:15:00,71.92,71.92,71.85,71.87,973.181
1781986800000,2026-06-20 20:20:00,71.9,71.93,71.88,71.91,353.758
1781987100000,2026-06-20 20:25:00,71.9,71.92,71.83,71.83,304.345
1781987400000,2026-06-20 20:30:00,71.83,71.84,71.71,71.77,975.754
1781987700000,2026-06-20 20:35:00,71.78,71.82,71.75,71.81,786.988
1781988000000,2026-06-20 20:40:00,71.8,71.87,71.78,71.86,339.346
1781988300000,2026-06-20 20:45:00,71.85,71.93,71.85,71.93,510.377
1781988600000,2026-06-20 20:50:00,71.91,71.98,71.89,71.97,380.071
1781988900000,2026-06-20 20:55:00,71.98,72.02,71.98,72.02,509.407
1781989200000,2026-06-20 21:00:00,72.02,72.08,71.96,72.08,830.972
1781989500000,2026-06-20 21:05:00,72.07,72.09,72.07,72.09,520.94
1781989800000,2026-06-20 21:10:00,72.08,72.58,72.07,72.3,1042.463
1781990100000,2026-06-20 21:15:00,72.3,72.3,72.24,72.28,463.082
1781990400000,2026-06-20 21:20:00,72.26,72.27,72.18,72.23,1442.18
1781990700000,2026-06-20 21:25:00,72.24,72.25,72.15,72.16,191.601
1781991000000,2026-06-20 21:30:00,72.16,72.24,72.14,72.21,1167.504
1781991300000,2026-06-20 21:35:00,72.22,72.32,72.22,72.29,590.854
1781991600000,2026-06-20 21:40:00,72.28,72.35,72.28,72.34,354.152
1781991900000,2026-06-20 21:45:00,72.34,72.42,72.27,72.42,1138.504
1781992200000,2026-06-20 21:50:00,72.42,72.42,72.32,72.32,382.865
1781992500000,2026-06-20 21:55:00,72.31,72.43,72.28,72.37,1080.306
1781992800000,2026-06-20 22:00:00,72.41,72.49,72.36,72.49,988.847
1781993100000,2026-06-20 22:05:00,72.47,72.57,72.45,72.55,1016.949
1781993400000,2026-06-20 22:10:00,72.56,73.45,72.56,73.29,2658.768
1781993700000,2026-06-20 22:15:00,73.29,73.38,73.0,73.07,3422.702
1781994000000,2026-06-20 22:20:00,73.07,73.59,72.99,73.59,1728.536
1781994300000,2026-06-20 22:25:00,73.59,73.94,73.47,73.94,870.447
1781994600000,2026-06-20 22:30:00,73.94,73.95,73.93,73.94,226.122
1781994900000,2026-06-20 22:35:00,73.94,73.95,73.93,73.95,1639.954
1781995200000,2026-06-20 22:40:00,73.95,73.95,73.93,73.93,2630.882
1781995500000,2026-06-20 22:45:00,73.93,74.09,73.55,73.7,2542.248
1781995800000,2026-06-20 22:50:00,73.7,73.81,73.65,73.65,1957.659
1781996100000,2026-06-20 22:55:00,73.65,73.68,73.54,73.54,1137.356
1781996400000,2026-06-20 23:00:00,73.54,73.59,73.49,73.52,1297.891
1781996700000,2026-06-20 23:05:00,73.52,73.64,73.45,73.5,875.686
1781997000000,2026-06-20 23:10:00,73.5,73.54,73.46,73.46,322.877
1781997300000,2026-06-20 23:15:00,73.47,73.62,73.45,73.49,945.682
1781997600000,2026-06-20 23:20:00,73.5,73.54,73.4,73.52,379.818
1781997900000,2026-06-20 23:25:00,73.53,73.53,73.3,73.33,813.299
1781998200000,2026-06-20 23:30:00,73.33,73.45,73.26,73.27,1229.322
1781998500000,2026-06-20 23:35:00,73.28,73.42,73.25,73.42,862.544
1781998800000,2026-06-20 23:40:00,73.44,73.44,73.35,73.4,832.805
1781999100000,2026-06-20 23:45:00,73.39,73.39,73.27,73.28,223.905
1781999400000,2026-06-20 23:50:00,73.29,73.3,73.24,73.3,151.496
1781999700000,2026-06-20 23:55:00,73.3,73.3,73.22,73.24,375.864
1782000000000,2026-06-21 00:00:00,73.25,73.25,73.08,73.2,1500.382
1782000300000,2026-06-21 00:05:00,73.2,73.25,73.14,73.14,999.354
1782000600000,2026-06-21 00:10:00,73.11,73.2,73.09,73.19,417.205
1782000900000,2026-06-21 00:15:00,73.21,73.22,73.14,73.17,482.761
1782001200000,2026-06-21 00:20:00,73.16,73.28,73.09,73.09,831.433
1782001500000,2026-06-21 00:25:00,73.09,73.09,73.03,73.07,626.099
1782001800000,2026-06-21 00:30:00,73.06,73.09,73.02,73.08,732.907
1782002100000,2026-06-21 00:35:00,73.11,73.2,73.08,73.14,1125.639
1782002400000,2026-06-21 00:40:00,73.14,73.14,73.06,73.1,459.666
1782002700000,2026-06-21 00:45:00,73.07,73.15,73.04,73.15,1080.622
1782003000000,2026-06-21 00:50:00,73.15,73.2,73.12,73.13,999.804
1782003300000,2026-06-21 00:55:00,73.14,73.15,73.09,73.15,1468.002
1782003600000,2026-06-21 01:00:00,73.15,73.28,73.14,73.21,2318.55
1782003900000,2026-06-21 01:05:00,73.18,73.23,73.14,73.23,945.033
1782004200000,2026-06-21 01:10:00,73.23,73.24,73.16,73.16,272.708
1782004500000,2026-06-21 01:15:00,73.17,73.18,73.08,73.1,678.859
1782004800000,2026-06-21 01:20:00,73.12,73.12,72.95,72.97,861.39
1782005100000,2026-06-21 01:25:00,72.99,73.01,72.96,72.97,358.074
1782005400000,2026-06-21 01:30:00,72.97,72.98,72.88,72.98,189.615
1782005700000,2026-06-21 01:35:00,72.99,73.15,72.99,73.02,1562.776
1782006000000,2026-06-21 01:40:00,73.02,73.11,73.01,73.11,370.181
1782006300000,2026-06-21 01:45:00,73.13,73.23,73.11,73.13,1344.613
1782006600000,2026-06-21 01:50:00,73.13,73.25,73.13,73.25,383.86
1782006900000,2026-06-21 01:55:00,73.26,73.26,73.19,73.2,247.841
1782007200000,2026-06-21 02:00:00,73.19,73.21,73.09,73.18,852.685
1782007500000,2026-06-21 02:05:00,73.19,73.2,73.11,73.17,415.271
1782007800000,2026-06-21 02:10:00,73.16,73.24,73.14,73.24,1016.429
1782008100000,2026-06-21 02:15:00,73.25,73.26,73.14,73.22,1340.64
1782008400000,2026-06-21 02:20:00,73.24,73.24,73.16,73.17,141.732
1782008700000,2026-06-21 02:25:00,73.16,73.2,73.16,73.2,195.446
1782009000000,2026-06-21 02:30:00,73.18,73.19,73.14,73.19,482.984
1782009300000,2026-06-21 02:35:00,73.23,73.29,73.21,73.29,298.185
1782009600000,2026-06-21 02:40:00,73.25,73.3,73.23,73.23,437.77
1782009900000,2026-06-21 02:45:00,73.23,73.36,73.23,73.36,440.408
1782010200000,2026-06-21 02:50:00,73.38,73.38,73.26,73.3,393.689
1782010500000,2026-06-21 02:55:00,73.28,73.35,73.28,73.33,38.569
1782010800000,2026-06-21 03:00:00,73.34,73.36,73.16,73.17,1465.569
1782011100000,2026-06-21 03:05:00,73.18,73.42,73.18,73.37,1899.866
1782011400000,2026-06-21 03:10:00,73.38,73.62,73.38,73.59,1199.715
1782011700000,2026-06-21 03:15:00,73.59,73.69,73.48,73.63,1788.449
1782012000000,2026-06-21 03:20:00,73.63,73.84,73.62,73.77,1233.962
1782012300000,2026-06-21 03:25:00,73.76,73.78,73.6,73.6,1185.173
1782012600000,2026-06-21 03:30:00,73.55,73.65,73.46,73.65,1583.056
1782012900000,2026-06-21 03:35:00,73.65,73.74,73.57,73.67,950.995
1782013200000,2026-06-21 03:40:00,73.68,73.74,73.63,73.74,651.565
1782013500000,2026-06-21 03:45:00,73.74,73.78,73.69,73.78,440.358
1782013800000,2026-06-21 03:50:00,73.75,73.75,73.66,73.66,153.293
1782014100000,2026-06-21 03:55:00,73.6,73.66,73.58,73.64,613.921
1782014400000,2026-06-21 04:00:00,73.64,73.65,73.56,73.58,931.801
1782014700000,2026-06-21 04:05:00,73.56,73.56,73.5,73.5,312.062
1782015000000,2026-06-21 04:10:00,73.52,73.52,73.47,73.49,54.53
1782015300000,2026-06-21 04:15:00,73.52,73.63,73.52,73.63,1055.733
1782015600000,2026-06-21 04:20:00,73.63,73.75,73.63,73.71,683.064
1782015900000,2026-06-21 04:25:00,73.72,73.81,73.72,73.79,311.744
1782016200000,2026-06-21 04:30:00,73.79,73.79,73.72,73.78,501.018
1782016500000,2026-06-21 04:35:00,73.78,73.79,73.65,73.71,417.908
1782016800000,2026-06-21 04:40:00,73.72,73.81,73.7,73.74,824.774
1782017100000,2026-06-21 04:45:00,73.74,73.75,73.67,73.69,208.971
1782017400000,2026-06-21 04:50:00,73.7,73.7,73.48,73.51,450.083
1782017700000,2026-06-21 04:55:00,73.49,73.5,73.4,73.44,229.375
1782018000000,2026-06-21 05:00:00,73.44,73.51,73.34,73.34,720.457
1782018300000,2026-06-21 05:05:00,73.33,73.35,73.27,73.27,224.566
1782018600000,2026-06-21 05:10:00,73.25,73.29,73.22,73.23,392.515
1782018900000,2026-06-21 05:15:00,73.22,73.22,73.1,73.1,261.361
1782019200000,2026-06-21 05:20:00,73.1,73.24,73.05,73.24,632.104
1782019500000,2026-06-21 05:25:00,73.22,73.24,73.21,73.24,235.805
1782019800000,2026-06-21 05:30:00,73.22,73.25,73.17,73.22,844.206
1782020100000,2026-06-21 05:35:00,73.19,73.19,73.16,73.17,177.81
1782020400000,2026-06-21 05:40:00,73.17,73.22,73.14,73.16,606.779
1782020700000,2026-06-21 05:45:00,73.15,73.15,73.09,73.15,567.547
1782021000000,2026-06-21 05:50:00,73.15,73.16,73.02,73.06,460.197
1782021300000,2026-06-21 05:55:00,73.06,73.1,73.04,73.09,164.648
1782021600000,2026-06-21 06:00:00,73.09,73.2,73.06,73.06,1021.922
1782021900000,2026-06-21 06:05:00,73.08,73.14,73.05,73.12,730.447
1782022200000,2026-06-21 06:10:00,73.12,73.12,73.06,73.06,267.172
1782022500000,2026-06-21 06:15:00,73.06,73.19,73.06,73.15,685.268
1782022800000,2026-06-21 06:20:00,73.14,73.23,73.13,73.21,556.024
1782023100000,2026-06-21 06:25:00,73.19,73.28,73.17,73.24,517.67
1782023400000,2026-06-21 06:30:00,73.23,73.24,73.15,73.22,420.137
1782023700000,2026-06-21 06:35:00,73.23,73.33,73.23,73.31,254.872
1782024000000,2026-06-21 06:40:00,73.33,73.36,73.31,73.33,300.853
1782024300000,2026-06-21 06:45:00,73.31,73.31,73.21,73.21,331.109
1782024600000,2026-06-21 06:50:00,73.2,73.26,73.2,73.26,72.208
1782024900000,2026-06-21 06:55:00,73.27,73.31,73.24,73.24,291.829
1782025200000,2026-06-21 07:00:00,73.23,73.28,73.2,73.22,301.249
1782025500000,2026-06-21 07:05:00,73.22,73.34,73.22,73.33,638.703
1782025800000,2026-06-21 07:10:00,73.33,73.35,73.31,73.35,389.345
1782026100000,2026-06-21 07:15:00,73.34,73.45,73.34,73.35,396.192
1782026400000,2026-06-21 07:20:00,73.34,73.35,73.29,73.31,291.606
1782026700000,2026-06-21 07:25:00,73.27,73.29,73.22,73.29,203.013
1782027000000,2026-06-21 07:30:00,73.29,73.44,73.28,73.36,950.595
1782027300000,2026-06-21 07:35:00,73.36,73.4,73.21,73.25,1034.236
1782027600000,2026-06-21 07:40:00,73.25,73.35,73.2,73.31,2358.13
1782027900000,2026-06-21 07:45:00,73.32,73.38,73.29,73.3,521.363
1782028200000,2026-06-21 07:50:00,73.3,73.3,73.19,73.2,741.911
1782028500000,2026-06-21 07:55:00,73.16,73.22,73.12,73.2,377.9
1782028800000,2026-06-21 08:00:00,73.2,73.24,73.17,73.18,413.717
1782029100000,2026-06-21 08:05:00,73.2,73.24,73.09,73.09,470.532
1782029400000,2026-06-21 08:10:00,73.08,73.19,73.07,73.14,309.219
1782029700000,2026-06-21 08:15:00,73.12,73.12,73.02,73.02,207.804
1782030000000,2026-06-21 08:20:00,73.02,73.03,72.96,72.97,445.003
1782030300000,2026-06-21 08:25:00,72.97,73.06,72.97,73.02,401.515
1782030600000,2026-06-21 08:30:00,73.01,73.05,72.93,72.93,260.654
1782030900000,2026-06-21 08:35:00,72.91,72.95,72.75,72.94,1052.956
1782031200000,2026-06-21 08:40:00,72.94,73.05,72.87,73.05,686.659
1782031500000,2026-06-21 08:45:00,73.06,73.06,72.9,72.97,1085.806
1782031800000,2026-06-21 08:50:00,72.99,73.1,72.95,73.06,725.986
1782032100000,2026-06-21 08:55:00,73.07,73.15,73.05,73.15,902.439
1782032400000,2026-06-21 09:00:00,73.16,73.22,73.11,73.19,1857.558
1782032700000,2026-06-21 09:05:00,73.21,73.25,73.14,73.15,1331.193
1782033000000,2026-06-21 09:10:00,73.16,73.22,73.14,73.21,653.736
1782033300000,2026-06-21 09:15:00,73.2,73.41,73.2,73.36,1864.526
1782033600000,2026-06-21 09:20:00,73.36,73.49,73.33,73.45,1769.411
1782033900000,2026-06-21 09:25:00,73.46,73.69,73.46,73.59,1496.393
1782034200000,2026-06-21 09:30:00,73.59,73.79,73.58,73.78,1119.147
1782034500000,2026-06-21 09:35:00,73.78,73.98,73.78,73.89,1272.508
1782034800000,2026-06-21 09:40:00,73.9,73.9,73.79,73.79,377.451
1782035100000,2026-06-21 09:45:00,73.79,74.0,73.76,74.0,847.465
1782035400000,2026-06-21 09:50:00,73.97,74.03,73.94,73.96,815.303
1782035700000,2026-06-21 09:55:00,73.95,74.08,73.93,74.05,255.76
1782036000000,2026-06-21 10:00:00,74.05,74.05,73.91,73.91,582.406
1782036300000,2026-06-21 10:05:00,73.91,74.13,73.9,74.12,590.959
1782036600000,2026-06-21 10:10:00,74.13,74.13,74.04,74.04,764.134
1782036900000,2026-06-21 10:15:00,74.04,74.1,73.99,74.1,952.853
1782037200000,2026-06-21 10:20:00,74.13,74.39,74.1,74.37,1267.491
1782037500000,2026-06-21 10:25:00,74.38,74.38,74.17,74.17,935.017
1782037800000,2026-06-21 10:30:00,74.16,74.18,74.09,74.18,711.96
1782038100000,2026-06-21 10:35:00,74.16,74.28,74.13,74.18,813.267
1782038400000,2026-06-21 10:40:00,74.15,74.21,74.04,74.05,550.932
1782038700000,2026-06-21 10:45:00,74.06,74.18,74.06,74.15,751.978
1782039000000,2026-06-21 10:50:00,74.14,74.14,73.97,74.03,1478.372
1782039300000,2026-06-21 10:55:00,74.02,74.08,73.9,73.9,527.226
1782039600000,2026-06-21 11:00:00,73.89,74.01,73.83,73.86,964.483
1782039900000,2026-06-21 11:05:00,73.84,73.87,73.74,73.87,903.479
1782040200000,2026-06-21 11:10:00,73.87,73.96,73.86,73.91,212.818
1782040500000,2026-06-21 11:15:00,73.93,73.94,73.39,73.44,1484.612
1782040800000,2026-06-21 11:20:00,73.45,73.61,73.43,73.55,1158.058
1782041100000,2026-06-21 11:25:00,73.55,73.61,73.51,73.58,421.312
1782041400000,2026-06-21 11:30:00,73.58,73.58,73.3,73.38,680.538
1782041700000,2026-06-21 11:35:00,73.35,73.44,73.34,73.4,612.399
1782042000000,2026-06-21 11:40:00,73.37,73.42,73.31,73.42,672.77
1782042300000,2026-06-21 11:45:00,73.44,73.51,73.42,73.48,866.676
1782042600000,2026-06-21 11:50:00,73.48,73.48,73.27,73.32,1754.004
1782042900000,2026-06-21 11:55:00,73.33,73.38,73.14,73.19,873.292
1782043200000,2026-06-21 12:00:00,73.2,73.22,73.13,73.17,734.709
1782043500000,2026-06-21 12:05:00,73.18,73.27,73.18,73.27,629.492
1782043800000,2026-06-21 12:10:00,73.28,73.29,73.12,73.15,1293.347
1782044100000,2026-06-21 12:15:00,73.14,73.14,72.98,73.03,982.256
1782044400000,2026-06-21 12:20:00,73.05,73.06,72.93,72.98,642.72
1782044700000,2026-06-21 12:25:00,73.01,73.15,73.0,73.05,1249.842
1782045000000,2026-06-21 12:30:00,73.06,73.19,73.05,73.11,534.76
1782045300000,2026-06-21 12:35:00,73.1,73.16,73.03,73.14,827.268
1782045600000,2026-06-21 12:40:00,73.15,73.24,73.15,73.23,432.123
1782045900000,2026-06-21 12:45:00,73.25,73.25,73.2,73.21,873.598
1782046200000,2026-06-21 12:50:00,73.22,73.51,73.21,73.51,658.301
1782046500000,2026-06-21 12:55:00,73.5,73.69,73.46,73.66,546.583
1782046800000,2026-06-21 13:00:00,73.65,73.66,73.57,73.64,796.48
1782047100000,2026-06-21 13:05:00,73.65,73.82,73.64,73.76,1187.415
1782047400000,2026-06-21 13:10:00,73.76,73.8,73.73,73.73,994.967
1782047700000,2026-06-21 13:15:00,73.76,73.92,73.73,73.85,911.112
1782048000000,2026-06-21 13:20:00,73.85,73.87,73.73,73.74,1177.406
1782048300000,2026-06-21 13:25:00,73.73,73.77,73.7,73.74,774.841
1782048600000,2026-06-21 13:30:00,73.76,73.78,73.52,73.58,1286.501
1782048900000,2026-06-21 13:35:00,73.58,73.6,73.48,73.5,372.909
1782049200000,2026-06-21 13:40:00,73.51,73.58,73.5,73.54,594.086
1782049500000,2026-06-21 13:45:00,73.51,73.65,73.51,73.63,651.466
1782049800000,2026-06-21 13:50:00,73.63,73.73,73.63,73.7,195.001
1782050100000,2026-06-21 13:55:00,73.7,73.92,73.69,73.91,1629.228
1782050400000,2026-06-21 14:00:00,73.91,73.98,73.85,73.88,308.116
1782050700000,2026-06-21 14:05:00,73.86,73.94,73.82,73.84,712.51
1782051000000,2026-06-21 14:10:00,73.85,73.93,73.78,73.79,841.986
1782051300000,2026-06-21 14:15:00,73.78,73.78,73.65,73.72,849.962
1782051600000,2026-06-21 14:20:00,73.73,73.94,73.72,73.94,692.369
1782051900000,2026-06-21 14:25:00,73.95,73.97,73.81,73.81,659.646
1782052200000,2026-06-21 14:30:00,73.82,73.87,73.78,73.83,923.604
1782052500000,2026-06-21 14:35:00,73.83,73.99,73.8,73.97,1125.889
1782052800000,2026-06-21 14:40:00,73.98,74.11,73.98,74.02,1335.461
1782053100000,2026-06-21 14:45:00,74.03,74.03,73.81,73.88,968.862
1782053400000,2026-06-21 14:50:00,73.9,73.98,73.9,73.96,529.87
1782053700000,2026-06-21 14:55:00,73.95,74.1,73.95,74.1,783.902
1782054000000,2026-06-21 15:00:00,74.1,74.19,74.03,74.19,1352.647
1782054300000,2026-06-21 15:05:00,74.15,74.25,74.01,74.07,1777.325
1782054600000,2026-06-21 15:10:00,74.08,74.11,73.99,74.01,750.078
1782054900000,2026-06-21 15:15:00,74.01,74.08,73.98,74.01,399.088
1782055200000,2026-06-21 15:20:00,74.02,74.05,73.93,73.94,593.58
1782055500000,2026-06-21 15:25:00,73.93,74.19,73.93,74.16,1092.938
1782055800000,2026-06-21 15:30:00,74.16,74.2,74.07,74.1,880.473
1782056100000,2026-06-21 15:35:00,74.13,74.2,74.05,74.2,387.578
1782056400000,2026-06-21 15:40:00,74.21,74.23,74.13,74.21,496.963
1782056700000,2026-06-21 15:45:00,74.21,74.21,74.06,74.06,240.717
1782057000000,2026-06-21 15:50:00,74.05,74.1,74.04,74.05,431.907
1782057300000,2026-06-21 15:55:00,74.03,74.16,74.01,74.14,393.683
1782057600000,2026-06-21 16:00:00,74.15,74.15,74.01,74.04,735.202
1782057900000,2026-06-21 16:05:00,74.03,74.06,73.95,73.96,810.849
1782058200000,2026-06-21 16:10:00,73.98,74.02,73.87,73.87,1023.997
1782058500000,2026-06-21 16:15:00,73.88,73.96,73.88,73.93,548.879
1782058800000,2026-06-21 16:20:00,73.92,74.05,73.89,74.02,648.671
1782059100000,2026-06-21 16:25:00,74.05,74.08,74.01,74.01,1013.197
1782059400000,2026-06-21 16:30:00,74.0,74.07,73.85,73.85,758.454
1782059700000,2026-06-21 16:35:00,73.85,73.98,73.8,73.9,2481.018
1782060000000,2026-06-21 16:40:00,73.9,74.05,73.89,74.05,946.203
1782060300000,2026-06-21 16:45:00,74.07,74.27,74.05,74.21,3313.403
1782060600000,2026-06-21 16:50:00,74.22,74.59,74.22,74.56,2580.027
1782060900000,2026-06-21 16:55:00,74.57,74.58,74.32,74.34,1144.813
1782061200000,2026-06-21 17:00:00,74.34,74.41,74.19,74.41,2178.691
1782061500000,2026-06-21 17:05:00,74.46,74.52,74.42,74.42,946.642
1782061800000,2026-06-21 17:10:00,74.44,74.55,74.42,74.52,512.997
1782062100000,2026-06-21 17:15:00,74.53,74.57,74.3,74.4,1980.226
1782062400000,2026-06-21 17:20:00,74.4,74.56,74.39,74.56,1060.344
1782062700000,2026-06-21 17:25:00,74.56,74.63,74.46,74.5,1337.38
1782063000000,2026-06-21 17:30:00,74.49,74.49,74.37,74.37,248.737
1782063300000,2026-06-21 17:35:00,74.37,74.38,74.11,74.17,801.436
1782063600000,2026-06-21 17:40:00,74.14,74.23,74.05,74.19,705.537
1782063900000,2026-06-21 17:45:00,74.21,74.41,74.21,74.37,707.216
1782064200000,2026-06-21 17:50:00,74.39,74.39,74.31,74.35,352.971
1782064500000,2026-06-21 17:55:00,74.36,74.4,74.3,74.32,619.63
1782064800000,2026-06-21 18:00:00,74.25,74.25,73.89,73.9,663.369
1782065100000,2026-06-21 18:05:00,73.91,74.09,73.9,74.0,1293.95
1782065400000,2026-06-21 18:10:00,74.0,74.02,73.92,73.95,745.268
1782065700000,2026-06-21 18:15:00,73.96,74.07,73.96,74.03,722.442
1782066000000,2026-06-21 18:20:00,74.03,74.04,74.0,74.04,1113.975
1782066300000,2026-06-21 18:25:00,74.04,74.15,74.03,74.1,485.895
1782066600000,2026-06-21 18:30:00,74.13,74.43,74.06,74.36,1189.313
1782066900000,2026-06-21 18:35:00,74.36,74.38,74.23,74.3,889.497
1782067200000,2026-06-21 18:40:00,74.3,74.32,74.26,74.31,607.171
1782067500000,2026-06-21 18:45:00,74.28,74.34,74.19,74.23,1500.022
1782067800000,2026-06-21 18:50:00,74.24,74.24,74.12,74.18,1309.129
1782068100000,2026-06-21 18:55:00,74.18,74.22,74.13,74.21,458.36
1782068400000,2026-06-21 19:00:00,74.21,74.37,74.16,74.16,1452.01
1782068700000,2026-06-21 19:05:00,74.16,74.23,74.11,74.22,592.349
1782069000000,2026-06-21 19:10:00,74.22,74.47,74.22,74.43,606.156
1782069300000,2026-06-21 19:15:00,74.43,74.43,74.27,74.3,1005.625
1782069600000,2026-06-21 19:20:00,74.3,74.31,74.27,74.27,309.214
1782069900000,2026-06-21 19:25:00,74.29,74.33,74.24,74.27,1419.894
1782070200000,2026-06-21 19:30:00,74.26,74.36,74.26,74.29,284.892
1782070500000,2026-06-21 19:35:00,74.28,74.29,74.23,74.25,640.292
1782070800000,2026-06-21 19:40:00,74.25,74.39,74.25,74.34,621.165
1782071100000,2026-06-21 19:45:00,74.38,74.43,74.34,74.43,375.22
1782071400000,2026-06-21 19:50:00,74.43,74.46,74.36,74.41,479.053
1782071700000,2026-06-21 19:55:00,74.42,74.45,74.41,74.42,663.387
1782072000000,2026-06-21 20:00:00,74.42,74.46,74.34,74.4,894.018
1782072300000,2026-06-21 20:05:00,74.42,74.51,74.36,74.36,759.394
1782072600000,2026-06-21 20:10:00,74.33,74.36,74.19,74.24,382.787
1782072900000,2026-06-21 20:15:00,74.24,74.26,73.99,73.99,1259.494
1782073200000,2026-06-21 20:20:00,74.02,74.08,74.02,74.08,17.985
1782073500000,2026-06-21 20:25:00,74.09,74.11,74.04,74.09,705.232
1782073800000,2026-06-21 20:30:00,74.11,74.13,74.0,74.0,547.024
1782074100000,2026-06-21 20:35:00,74.01,74.03,73.94,73.94,208.779
1782074400000,2026-06-21 20:40:00,73.94,73.94,73.87,73.87,1087.862
1782074700000,2026-06-21 20:45:00,73.86,73.86,73.41,73.45,1547.954
1782075000000,2026-06-21 20:50:00,73.41,73.52,73.38,73.52,1222.433
1782075300000,2026-06-21 20:55:00,73.52,73.55,73.38,73.43,1107.827
1782075600000,2026-06-21 21:00:00,73.43,73.47,73.35,73.4,781.396
1782075900000,2026-06-21 21:05:00,73.39,73.39,72.53,72.55,790.01
1782076200000,2026-06-21 21:10:00,72.54,72.74,72.43,72.73,1600.427
1782076500000,2026-06-21 21:15:00,72.73,72.79,72.49,72.69,1044.023
1782076800000,2026-06-21 21:20:00,72.68,73.1,72.67,72.95,997.69
1782077100000,2026-06-21 21:25:00,72.95,72.96,72.79,72.79,987.961
1782077400000,2026-06-21 21:30:00,72.78,72.98,72.78,72.9,2441.145
1782077700000,2026-06-21 21:35:00,72.89,73.29,72.83,73.28,1070.435
1782078000000,2026-06-21 21:40:00,73.32,73.32,73.22,73.26,1029.033
1782078300000,2026-06-21 21:45:00,73.26,73.36,73.19,73.36,576.457
1782078600000,2026-06-21 21:50:00,73.36,73.36,73.35,73.35,663.608
1782078900000,2026-06-21 21:55:00,73.35,73.36,73.33,73.35,809.274
1782079200000,2026-06-21 22:00:00,73.33,73.36,73.32,73.32,2053.237
1782079500000,2026-06-21 22:05:00,73.32,73.49,72.9,72.91,1492.841
1782079800000,2026-06-21 22:10:00,72.95,73.07,72.92,73.04,1073.819
1782080100000,2026-06-21 22:15:00,73.04,73.24,73.03,73.13,820.158
1782080400000,2026-06-21 22:20:00,73.13,73.2,73.05,73.1,588.746
1782080700000,2026-06-21 22:25:00,73.05,73.07,72.97,72.97,1027.108
1782081000000,2026-06-21 22:30:00,72.97,72.97,72.64,72.72,2133.407
1782081300000,2026-06-21 22:35:00,72.72,72.83,72.7,72.77,1816.98
1782081600000,2026-06-21 22:40:00,72.77,72.92,72.71,72.91,349.55
1782081900000,2026-06-21 22:45:00,72.91,72.98,72.87,72.98,1088.894
1782082200000,2026-06-21 22:50:00,72.95,73.16,72.95,73.1,1265.413
1782082500000,2026-06-21 22:55:00,73.1,73.22,73.08,73.08,480.179
1782082800000,2026-06-21 23:00:00,73.05,73.06,72.74,72.83,951.187
1782083100000,2026-06-21 23:05:00,72.83,72.98,72.83,72.98,1287.505
1782083400000,2026-06-21 23:10:00,73.0,73.01,72.82,72.82,1093.122
1782083700000,2026-06-21 23:15:00,72.81,72.92,72.76,72.85,948.287
1782084000000,2026-06-21 23:20:00,72.86,73.08,72.86,73.08,1354.833
1782084300000,2026-06-21 23:25:00,73.07,73.09,72.88,72.89,619.25
1782084600000,2026-06-21 23:30:00,72.9,72.97,72.51,72.51,803.809
1782084900000,2026-06-21 23:35:00,72.54,72.54,72.36,72.46,1298.043
1782085200000,2026-06-21 23:40:00,72.49,72.59,72.46,72.5,1238.232
1782085500000,2026-06-21 23:45:00,72.5,72.6,72.5,72.58,986.851
1782085800000,2026-06-21 23:50:00,72.57,72.64,72.44,72.44,1549.189
1782086100000,2026-06-21 23:55:00,72.43,72.52,72.42,72.51,950.297
1782086400000,2026-06-22 00:00:00,72.47,72.64,72.46,72.62,1993.105
1782086700000,2026-06-22 00:05:00,72.62,72.84,72.62,72.84,486.858
1782087000000,2026-06-22 00:10:00,72.85,72.87,72.63,72.75,1380.483
1782087300000,2026-06-22 00:15:00,72.75,73.12,72.7,72.95,1971.059
1782087600000,2026-06-22 00:20:00,72.92,72.98,72.73,72.94,1046.456
1782087900000,2026-06-22 00:25:00,72.93,73.04,72.88,72.98,653.963
1782088200000,2026-06-22 00:30:00,72.99,73.11,72.97,73.01,1155.325
1782088500000,2026-06-22 00:35:00,73.02,73.53,73.0,73.37,983.828
1782088800000,2026-06-22 00:40:00,73.41,73.45,73.28,73.29,440.28
1782089100000,2026-06-22 00:45:00,73.29,73.39,73.23,73.25,1050.099
1782089400000,2026-06-22 00:50:00,73.24,73.24,73.06,73.17,1003.859
1782089700000,2026-06-22 00:55:00,73.18,73.46,73.18,73.4,519.039
1782090000000,2026-06-22 01:00:00,73.37,73.58,73.37,73.47,1582.087
1782090300000,2026-06-22 01:05:00,73.46,73.56,73.38,73.38,1296.795
1782090600000,2026-06-22 01:10:00,73.35,73.43,73.27,73.31,968.776
1782090900000,2026-06-22 01:15:00,73.32,73.83,73.32,73.7,2075.909
1782091200000,2026-06-22 01:20:00,73.68,74.23,73.67,74.06,1722.742
1782091500000,2026-06-22 01:25:00,74.05,74.91,74.05,74.59,2294.388
1782091800000,2026-06-22 01:30:00,74.59,74.76,74.12,74.19,2982.917
1782092100000,2026-06-22 01:35:00,74.2,74.35,74.16,74.35,676.461
1782092400000,2026-06-22 01:40:00,74.33,74.5,74.29,74.4,911.653
1782092700000,2026-06-22 01:45:00,74.4,74.48,74.32,74.4,827.479
1782093000000,2026-06-22 01:50:00,74.49,74.5,74.34,74.48,1376.948
1782093300000,2026-06-22 01:55:00,74.49,74.52,74.37,74.47,984.423
1782093600000,2026-06-22 02:00:00,74.37,74.37,74.1,74.21,1702.973
1782093900000,2026-06-22 02:05:00,74.22,74.23,74.1,74.13,996.529
1782094200000,2026-06-22 02:10:00,74.13,74.13,74.02,74.12,938.136
1782094500000,2026-06-22 02:15:00,74.13,74.33,74.0,74.27,1908.294
1782094800000,2026-06-22 02:20:00,74.26,74.27,74.08,74.17,1080.167
1782095100000,2026-06-22 02:25:00,74.17,74.28,74.13,74.25,1570.831
1782095400000,2026-06-22 02:30:00,74.25,74.25,74.12,74.15,1137.937
1782095700000,2026-06-22 02:35:00,74.14,74.22,74.07,74.22,4729.539
1782096000000,2026-06-22 02:40:00,74.22,74.28,74.07,74.07,981.172
1782096300000,2026-06-22 02:45:00,74.07,74.09,73.85,73.87,1270.154
1782096600000,2026-06-22 02:50:00,73.88,73.88,73.79,73.85,1385.061
1782096900000,2026-06-22 02:55:00,73.85,73.9,73.81,73.83,1121.862
1782097200000,2026-06-22 03:00:00,73.84,73.84,73.3,73.69,2292.399
1782097500000,2026-06-22 03:05:00,73.69,73.7,73.41,73.54,2448.565
1782097800000,2026-06-22 03:10:00,73.56,73.72,73.51,73.56,1325.704
1782098100000,2026-06-22 03:15:00,73.55,73.88,73.55,73.87,1294.56
1782098400000,2026-06-22 03:20:00,73.87,73.93,73.82,73.92,1363.943
1782098700000,2026-06-22 03:25:00,73.92,74.02,73.77,73.8,713.616
1782099000000,2026-06-22 03:30:00,73.81,74.04,73.81,73.94,785.134
1782099300000,2026-06-22 03:35:00,73.95,73.95,73.8,73.9,1482.642
1782099600000,2026-06-22 03:40:00,73.88,73.93,73.72,73.74,636.557
1782099900000,2026-06-22 03:45:00,73.73,73.74,73.58,73.73,1172.586
1782100200000,2026-06-22 03:50:00,73.71,73.71,73.59,73.59,1276.065
1782100500000,2026-06-22 03:55:00,73.57,73.58,73.39,73.52,1277.376
1782100800000,2026-06-22 04:00:00,73.53,73.56,73.38,73.55,1013.402
1782101100000,2026-06-22 04:05:00,73.52,73.59,73.46,73.57,1524.158
1782101400000,2026-06-22 04:10:00,73.55,73.68,73.55,73.63,816.873
1782101700000,2026-06-22 04:15:00,73.59,73.69,73.56,73.59,475.248
1782102000000,2026-06-22 04:20:00,73.56,73.69,73.56,73.69,454.149
1782102300000,2026-06-22 04:25:00,73.69,73.69,73.55,73.67,630.154
1782102600000,2026-06-22 04:30:00,73.67,73.7,73.56,73.61,1263.509
1782102900000,2026-06-22 04:35:00,73.63,73.63,73.55,73.57,352.02
1782103200000,2026-06-22 04:40:00,73.57,73.6,73.47,73.47,497.618
1782103500000,2026-06-22 04:45:00,73.45,73.79,73.45,73.79,1028.237
1782103800000,2026-06-22 04:50:00,73.79,73.87,73.75,73.87,814.535
1782104100000,2026-06-22 04:55:00,73.87,73.91,73.83,73.87,850.448
1782104400000,2026-06-22 05:00:00,73.87,73.91,73.81,73.81,957.466
1782104700000,2026-06-22 05:05:00,73.86,74.12,73.86,74.12,2382.621
1782105000000,2026-06-22 05:10:00,74.07,74.12,74.05,74.12,596.978
1782105300000,2026-06-22 05:15:00,74.14,74.14,74.01,74.06,930.721
1782105600000,2026-06-22 05:20:00,74.08,74.14,74.06,74.09,302.151
1782105900000,2026-06-22 05:25:00,74.08,74.14,74.07,74.08,657.379
1782106200000,2026-06-22 05:30:00,74.05,74.11,73.97,74.11,927.814
1782106500000,2026-06-22 05:35:00,74.07,74.08,73.99,74.04,848.24
1782106800000,2026-06-22 05:40:00,74.01,74.12,74.01,74.01,350.525
1782107100000,2026-06-22 05:45:00,74.03,74.03,73.93,73.97,427.321
1782107400000,2026-06-22 05:50:00,73.96,73.96,73.87,73.91,155.762
1782107700000,2026-06-22 05:55:00,73.88,73.94,73.87,73.93,272.002
1782108000000,2026-06-22 06:00:00,73.96,73.97,73.9,73.93,775.678
1782108300000,2026-06-22 06:05:00,73.92,74.09,73.84,74.09,638.54
1782108600000,2026-06-22 06:10:00,74.09,74.17,74.0,74.0,965.154
1782108900000,2026-06-22 06:15:00,74.0,74.09,73.94,73.97,476.168
1782109200000,2026-06-22 06:20:00,73.98,73.98,73.81,73.97,1606.127
1782109500000,2026-06-22 06:25:00,73.98,74.0,73.86,73.87,328.086
1782109800000,2026-06-22 06:30:00,73.85,73.85,73.62,73.69,895.783
1782110100000,2026-06-22 06:35:00,73.68,73.77,73.63,73.76,798.01
1782110400000,2026-06-22 06:40:00,73.74,73.78,73.69,73.69,730.232
1782110700000,2026-06-22 06:45:00,73.69,73.75,73.66,73.66,845.848
1782111000000,2026-06-22 06:50:00,73.63,73.7,73.56,73.7,828.662
1782111300000,2026-06-22 06:55:00,73.7,73.77,73.68,73.76,727.833
1782111600000,2026-06-22 07:00:00,73.72,74.01,73.68,74.01,820.876
1782111900000,2026-06-22 07:05:00,74.0,74.05,73.9,73.99,1092.205
1782112200000,2026-06-22 07:10:00,74.01,74.26,74.01,74.21,1076.722
1782112500000,2026-06-22 07:15:00,74.2,74.3,74.16,74.19,1417.54
1782112800000,2026-06-22 07:20:00,74.17,74.31,74.15,74.25,864.85
1782113100000,2026-06-22 07:25:00,74.26,74.37,74.26,74.31,338.044
1782113400000,2026-06-22 07:30:00,74.33,74.44,74.27,74.32,461.14
1782113700000,2026-06-22 07:35:00,74.3,74.32,74.27,74.32,394.346
1782114000000,2026-06-22 07:40:00,74.31,74.37,74.19,74.19,522.878
1782114300000,2026-06-22 07:45:00,74.19,74.22,74.16,74.21,543.113
1782114600000,2026-06-22 07:50:00,74.23,74.24,74.03,74.04,875.193
1782114900000,2026-06-22 07:55:00,74.09,74.13,74.05,74.11,1041.584
1782115200000,2026-06-22 08:00:00,74.11,74.14,74.04,74.07,1661.898
1782115500000,2026-06-22 08:05:00,74.07,74.29,74.02,74.29,732.831
1782115800000,2026-06-22 08:10:00,74.26,74.3,74.13,74.3,1064.366
1782116100000,2026-06-22 08:15:00,74.3,74.3,74.06,74.07,717.318
1782116400000,2026-06-22 08:20:00,74.09,74.24,74.09,74.18,780.658
1782116700000,2026-06-22 08:25:00,74.16,74.16,74.0,74.01,541.676
1782117000000,2026-06-22 08:30:00,73.98,74.03,73.93,74.02,1530.146
1782117300000,2026-06-22 08:35:00,74.01,74.01,73.72,73.79,1230.185
1782117600000,2026-06-22 08:40:00,73.8,74.04,73.8,74.03,501.172
1782117900000,2026-06-22 08:45:00,74.04,74.1,73.83,73.94,1018.065
1782118200000,2026-06-22 08:50:00,73.94,73.95,73.89,73.89,901.893
1782118500000,2026-06-22 08:55:00,73.91,73.93,73.86,73.91,452.205
1782118800000,2026-06-22 09:00:00,73.9,73.99,73.84,73.99,785.148
1782119100000,2026-06-22 09:05:00,74.01,74.02,73.85,73.87,901.853
1782119400000,2026-06-22 09:10:00,73.88,73.97,73.88,73.91,676.772
1782119700000,2026-06-22 09:15:00,73.91,73.94,73.85,73.85,913.496
1782120000000,2026-06-22 09:20:00,73.84,73.84,73.76,73.78,472.802
1782120300000,2026-06-22 09:25:00,73.8,73.8,73.7,73.7,689.252
1782120600000,2026-06-22 09:30:00,73.69,73.82,73.63,73.76,1326.668
1782120900000,2026-06-22 09:35:00,73.76,73.76,73.58,73.58,589.514
1782121200000,2026-06-22 09:40:00,73.61,73.75,73.61,73.75,873.052
1782121500000,2026-06-22 09:45:00,73.76,73.8,73.72,73.75,622.496
1782121800000,2026-06-22 09:50:00,73.77,73.83,73.71,73.83,1352.371
1782122100000,2026-06-22 09:55:00,73.84,73.88,73.77,73.78,760.719
1782122400000,2026-06-22 10:00:00,73.79,73.87,73.71,73.85,1825.458
1782122700000,2026-06-22 10:05:00,73.83,74.01,73.77,73.98,778.91
1782123000000,2026-06-22 10:10:00,73.98,73.99,73.91,73.92,1718.548
1782123300000,2026-06-22 10:15:00,73.89,73.94,73.84,73.84,711.108
1782123600000,2026-06-22 10:20:00,73.79,73.79,73.68,73.75,714.952
1782123900000,2026-06-22 10:25:00,73.75,73.76,73.67,73.67,254.359
1782124200000,2026-06-22 10:30:00,73.67,73.76,73.67,73.72,786.816
1782124500000,2026-06-22 10:35:00,73.74,73.77,73.73,73.73,91.206
1782124800000,2026-06-22 10:40:00,73.67,73.68,73.64,73.64,111.222
1782125100000,2026-06-22 10:45:00,73.61,73.82,73.61,73.82,691.157
1782125400000,2026-06-22 10:50:00,73.85,73.88,73.82,73.87,440.721
1782125700000,2026-06-22 10:55:00,73.87,73.87,73.77,73.8,757.838
1782126000000,2026-06-22 11:00:00,73.77,73.82,73.66,73.81,685.376
1782126300000,2026-06-22 11:05:00,73.82,74.21,73.82,74.08,686.176
1782126600000,2026-06-22 11:10:00,74.09,74.1,73.93,73.98,377.62
1782126900000,2026-06-22 11:15:00,73.99,74.02,73.89,73.89,1025.503
1782127200000,2026-06-22 11:20:00,73.88,73.89,73.8,73.84,755.514
1782127500000,2026-06-22 11:25:00,73.91,74.05,73.87,73.9,984.599
1782127800000,2026-06-22 11:30:00,73.89,74.26,73.88,74.26,848.736
1782128100000,2026-06-22 11:35:00,74.26,74.39,74.24,74.25,1342.545
1782128400000,2026-06-22 11:40:00,74.25,74.26,74.13,74.2,864.563
1782128700000,2026-06-22 11:45:00,74.22,74.3,74.15,74.3,1537.711
1782129000000,2026-06-22 11:50:00,74.39,74.4,74.16,74.23,2295.888
1782129300000,2026-06-22 11:55:00,74.21,74.25,74.16,74.19,533.862
1782129600000,2026-06-22 12:00:00,74.18,74.23,74.07,74.18,2526.918
1782129900000,2026-06-22 12:05:00,74.18,74.2,74.07,74.09,976.619
1782130200000,2026-06-22 12:10:00,74.07,74.19,74.06,74.18,584.89
1782130500000,2026-06-22 12:15:00,74.16,74.19,74.05,74.07,747.037
1782130800000,2026-06-22 12:20:00,74.09,74.22,74.05,74.22,480.169
1782131100000,2026-06-22 12:25:00,74.23,74.36,74.23,74.34,476.588
1782131400000,2026-06-22 12:30:00,74.36,74.36,74.16,74.33,1845.747
1782131700000,2026-06-22 12:35:00,74.36,74.53,74.35,74.5,1163.246
1782132000000,2026-06-22 12:40:00,74.5,74.54,74.38,74.39,1457.408
1782132300000,2026-06-22 12:45:00,74.4,74.54,74.27,74.46,1038.212
1782132600000,2026-06-22 12:50:00,74.43,74.43,74.3,74.31,910.101
1782132900000,2026-06-22 12:55:00,74.26,74.47,74.26,74.38,693.679
1782133200000,2026-06-22 13:00:00,74.41,74.48,74.35,74.48,896.451
1782133500000,2026-06-22 13:05:00,74.47,74.49,74.28,74.34,645.179
1782133800000,2026-06-22 13:10:00,74.32,74.54,74.31,74.45,1177.747
1782134100000,2026-06-22 13:15:00,74.43,74.5,74.4,74.4,445.362
1782134400000,2026-06-22 13:20:00,74.39,74.52,74.34,74.52,713.298
1782134700000,2026-06-22 13:25:00,74.52,74.52,74.24,74.31,469.649
1782135000000,2026-06-22 13:30:00,74.29,74.76,74.28,74.45,1912.763
1782135300000,2026-06-22 13:35:00,74.44,74.84,74.44,74.75,2188.447
1782135600000,2026-06-22 13:40:00,74.77,74.77,74.5,74.7,903.801
1782135900000,2026-06-22 13:45:00,74.7,74.83,74.7,74.79,1505.485
1782136200000,2026-06-22 13:50:00,74.75,74.95,74.74,74.86,1380.927
1782136500000,2026-06-22 13:55:00,74.91,74.98,74.89,74.96,1617.315
1782136800000,2026-06-22 14:00:00,74.97,74.98,74.65,74.66,867.884
1782137100000,2026-06-22 14:05:00,74.67,74.69,74.4,74.41,1064.58
1782137400000,2026-06-22 14:10:00,74.45,74.51,74.25,74.31,1371.925
1782137700000,2026-06-22 14:15:00,74.31,74.33,74.04,74.11,1299.534
1782138000000,2026-06-22 14:20:00,74.12,74.25,74.01,74.04,1781.278
1782138300000,2026-06-22 14:25:00,74.04,74.1,73.75,73.76,1125.309
1782138600000,2026-06-22 14:30:00,73.77,73.8,73.53,73.74,1722.05
1782138900000,2026-06-22 14:35:00,73.74,73.83,73.41,73.56,2089.19
1782139200000,2026-06-22 14:40:00,73.56,73.65,73.44,73.46,1895.448
1782139500000,2026-06-22 14:45:00,73.46,73.62,73.39,73.62,1110.098
1782139800000,2026-06-22 14:50:00,73.62,73.68,73.42,73.42,1036.382
1782140100000,2026-06-22 14:55:00,73.43,73.51,73.26,73.43,1564.472
1782140400000,2026-06-22 15:00:00,73.42,73.7,73.42,73.67,1497.656
1782140700000,2026-06-22 15:05:00,73.67,73.68,73.28,73.44,1431.144
1782141000000,2026-06-22 15:10:00,73.47,73.69,73.41,73.64,1789.493
1782141300000,2026-06-22 15:15:00,73.64,73.69,73.48,73.51,2478.004
1782141600000,2026-06-22 15:20:00,73.52,73.65,73.5,73.62,1780.956
1782141900000,2026-06-22 15:25:00,73.62,73.75,73.58,73.63,1377.004
1782142200000,2026-06-22 15:30:00,73.62,73.76,73.61,73.74,1321.681
1782142500000,2026-06-22 15:35:00,73.74,73.76,73.54,73.58,1286.696
1782142800000,2026-06-22 15:40:00,73.58,73.63,73.51,73.52,2884.838
1782143100000,2026-06-22 15:45:00,73.44,73.55,73.02,73.02,951.116
1782143400000,2026-06-22 15:50:00,73.03,73.19,73.03,73.06,1439.826
1782143700000,2026-06-22 15:55:00,73.09,73.18,73.02,73.12,1419.033
1782144000000,2026-06-22 16:00:00,73.11,73.16,72.92,72.96,3298.446
1782144300000,2026-06-22 16:05:00,72.96,73.0,72.72,72.74,1077.976
1782144600000,2026-06-22 16:10:00,72.74,72.89,72.69,72.75,989.624
1782144900000,2026-06-22 16:15:00,72.76,72.85,72.68,72.83,663.541
1782145200000,2026-06-22 16:20:00,72.82,72.95,72.79,72.8,604.85
1782145500000,2026-06-22 16:25:00,72.79,72.82,72.67,72.8,1261.914
1782145800000,2026-06-22 16:30:00,72.77,72.77,72.69,72.74,515.227
1782146100000,2026-06-22 16:35:00,72.75,72.75,72.62,72.74,1054.199
1782146400000,2026-06-22 16:40:00,72.71,72.75,72.6,72.7,560.54
1782146700000,2026-06-22 16:45:00,72.72,72.82,72.63,72.74,447.851
1782147000000,2026-06-22 16:50:00,72.75,72.92,72.73,72.92,662.221
1782147300000,2026-06-22 16:55:00,72.92,72.98,72.85,72.96,538.791
1782147600000,2026-06-22 17:00:00,72.97,73.03,72.86,72.97,657.209
1782147900000,2026-06-22 17:05:00,72.96,72.99,72.83,72.99,415.817
1782148200000,2026-06-22 17:10:00,72.97,72.99,72.95,72.97,605.027
1782148500000,2026-06-22 17:15:00,72.99,73.03,72.89,72.98,732.455
1782148800000,2026-06-22 17:20:00,72.97,72.99,72.83,72.91,626.037
1782149100000,2026-06-22 17:25:00,72.9,72.93,72.79,72.79,623.752
1782149400000,2026-06-22 17:30:00,72.77,72.78,72.69,72.78,1315.814
1782149700000,2026-06-22 17:35:00,72.79,72.93,72.71,72.86,1995.126
1782150000000,2026-06-22 17:40:00,72.85,72.93,72.81,72.91,1435.022
1782150300000,2026-06-22 17:45:00,72.92,73.12,72.91,73.07,778.528
1782150600000,2026-06-22 17:50:00,73.09,73.3,73.09,73.3,2335.301
1782150900000,2026-06-22 17:55:00,73.28,73.34,73.27,73.29,944.538
1782151200000,2026-06-22 18:00:00,73.28,73.48,73.27,73.46,2925.644
1782151500000,2026-06-22 18:05:00,73.45,73.48,73.35,73.43,2061.86
1782151800000,2026-06-22 18:10:00,73.44,73.51,73.42,73.48,1616.237
1782152100000,2026-06-22 18:15:00,73.49,73.57,73.41,73.42,383.098
1782152400000,2026-06-22 18:20:00,73.42,73.51,73.42,73.5,757.277
1782152700000,2026-06-22 18:25:00,73.49,73.49,73.31,73.36,985.917
1782153000000,2026-06-22 18:30:00,73.36,73.4,73.32,73.32,396.908
1782153300000,2026-06-22 18:35:00,73.29,73.42,73.28,73.28,505.744
1782153600000,2026-06-22 18:40:00,73.29,73.34,73.29,73.29,63.815
1782153900000,2026-06-22 18:45:00,73.31,73.32,72.93,73.01,1982.857
1782154200000,2026-06-22 18:50:00,73.02,73.02,72.69,72.79,8018.288
1782154500000,2026-06-22 18:55:00,72.79,72.83,72.59,72.62,1380.1
1782154800000,2026-06-22 19:00:00,72.65,72.73,72.57,72.66,897.041
1782155100000,2026-06-22 19:05:00,72.67,72.71,72.53,72.61,827.344
1782155400000,2026-06-22 19:10:00,72.57,72.7,72.56,72.66,355.503
1782155700000,2026-06-22 19:15:00,72.66,72.76,72.65,72.76,470.303
1782156000000,2026-06-22 19:20:00,72.77,72.81,72.62,72.65,374.77
1782156300000,2026-06-22 19:25:00,72.62,72.65,72.46,72.65,598.26
1782156600000,2026-06-22 19:30:00,72.64,72.78,72.6,72.71,678.761
1782156900000,2026-06-22 19:35:00,72.73,72.81,72.71,72.8,341.496
1782157200000,2026-06-22 19:40:00,72.73,72.77,72.71,72.74,125.107
1782157500000,2026-06-22 19:45:00,72.7,72.71,72.56,72.65,706.298
1782157800000,2026-06-22 19:50:00,72.65,72.76,72.65,72.71,455.8
1782158100000,2026-06-22 19:55:00,72.7,72.78,72.7,72.74,207.981
1782158400000,2026-06-22 20:00:00,72.71,72.96,72.7,72.93,974.721
1782158700000,2026-06-22 20:05:00,72.93,72.96,72.81,72.81,461.282
1782159000000,2026-06-22 20:10:00,72.8,72.83,72.69,72.79,1435.315
1782159300000,2026-06-22 20:15:00,72.78,72.81,72.76,72.81,496.497
1782159600000,2026-06-22 20:20:00,72.79,72.79,72.6,72.6,427.501
1782159900000,2026-06-22 20:25:00,72.6,72.61,72.51,72.61,616.662
1782160200000,2026-06-22 20:30:00,72.62,72.77,72.62,72.74,728.318
1782160500000,2026-06-22 20:35:00,72.75,72.82,72.71,72.81,406.422
1782160800000,2026-06-22 20:40:00,72.8,72.81,72.79,72.81,202.776
1782161100000,2026-06-22 20:45:00,72.81,72.85,72.78,72.83,197.22
1782161400000,2026-06-22 20:50:00,72.82,72.82,72.63,72.72,1061.112
1782161700000,2026-06-22 20:55:00,72.72,72.82,72.71,72.81,679.274
1782162000000,2026-06-22 21:00:00,72.82,72.88,72.81,72.83,528.721
1782162300000,2026-06-22 21:05:00,72.83,72.86,72.8,72.81,104.082
1782162600000,2026-06-22 21:10:00,72.8,72.81,72.73,72.74,2206.772
1782162900000,2026-06-22 21:15:00,72.73,72.74,72.73,72.74,3024.797
1782163200000,2026-06-22 21:20:00,72.74,72.74,72.59,72.63,3341.767
1782163500000,2026-06-22 21:25:00,72.63,72.7,71.76,72.68,1167.778
1782163800000,2026-06-22 21:30:00,72.69,72.69,72.66,72.67,182.004
1782164100000,2026-06-22 21:35:00,72.66,72.66,72.28,72.29,860.253
1782164400000,2026-06-22 21:40:00,72.29,72.46,72.29,72.42,273.397
1782164700000,2026-06-22 21:45:00,72.39,72.61,72.39,72.61,3.626
1782165000000,2026-06-22 21:50:00,72.59,72.64,72.59,72.62,60.899
1782165300000,2026-06-22 21:55:00,72.62,72.71,72.62,72.7,170.383
1782165600000,2026-06-22 22:00:00,72.73,72.93,72.73,72.84,453.258
1782165900000,2026-06-22 22:05:00,72.8,72.83,72.69,72.79,310.706
1782166200000,2026-06-22 22:10:00,72.81,72.81,72.73,72.74,160.057
1782166500000,2026-06-22 22:15:00,72.74,72.79,72.63,72.67,226.902
1782166800000,2026-06-22 22:20:00,72.66,72.67,72.51,72.57,99.264
1782167100000,2026-06-22 22:25:00,72.57,72.57,71.54,71.87,998.609
1782167400000,2026-06-22 22:30:00,71.88,72.02,71.74,72.0,447.537
1782167700000,2026-06-22 22:35:00,71.98,72.01,71.63,71.74,450.495
1782168000000,2026-06-22 22:40:00,71.69,71.84,71.69,71.74,585.02
1782168300000,2026-06-22 22:45:00,71.72,71.84,71.7,71.8,70.063
1782168600000,2026-06-22 22:50:00,71.9,71.99,71.89,71.99,54.138
1782168900000,2026-06-22 22:55:00,71.99,72.14,71.98,72.11,81.471
1782169200000,2026-06-22 23:00:00,72.11,72.14,72.01,72.07,696.899
1782169500000,2026-06-22 23:05:00,72.07,72.11,71.98,72.07,216.641
1782169800000,2026-06-22 23:10:00,72.08,72.11,72.01,72.05,245.928
1782170100000,2026-06-22 23:15:00,72.03,72.03,71.92,72.0,49.169
1782170400000,2026-06-22 23:20:00,71.99,72.16,71.99,72.07,1062.664
1782170700000,2026-06-22 23:25:00,72.06,72.14,72.06,72.1,233.514
1782171000000,2026-06-22 23:30:00,72.08,72.08,71.94,71.95,423.772
1782171300000,2026-06-22 23:35:00,71.96,72.08,71.96,72.03,3.248
1782171600000,2026-06-22 23:40:00,72.03,72.05,71.96,71.96,173.049
1782171900000,2026-06-22 23:45:00,71.95,72.0,71.84,71.85,99.724
1782172200000,2026-06-22 23:50:00,71.85,71.96,71.84,71.96,173.687
1782172500000,2026-06-22 23:55:00,72.01,72.02,71.97,72.0,170.609
1782172800000,2026-06-23 00:00:00,71.96,71.97,71.88,71.97,686.191
1782173100000,2026-06-23 00:05:00,71.94,71.96,71.91,71.92,276.327
1782173400000,2026-06-23 00:10:00,71.9,71.9,71.8,71.82,721.564
1782173700000,2026-06-23 00:15:00,71.9,71.9,71.74,71.74,583.96
1782174000000,2026-06-23 00:20:00,71.73,71.77,71.64,71.64,777.752
1782174300000,2026-06-23 00:25:00,71.65,71.66,71.48,71.48,951.651
1782174600000,2026-06-23 00:30:00,71.49,71.74,71.47,71.66,719.927
1782174900000,2026-06-23 00:35:00,71.65,71.65,71.51,71.61,500.625
1782175200000,2026-06-23 00:40:00,71.64,71.86,71.64,71.86,789.212
1782175500000,2026-06-23 00:45:00,71.86,71.87,71.69,71.78,1081.739
1782175800000,2026-06-23 00:50:00,71.78,71.89,71.77,71.83,450.337
1782176100000,2026-06-23 00:55:00,71.82,71.89,71.8,71.89,218.127
1782176400000,2026-06-23 01:00:00,71.88,72.03,71.88,71.95,1137.93
1782176700000,2026-06-23 01:05:00,71.92,71.97,71.82,71.92,654.646
1782177000000,2026-06-23 01:10:00,71.92,71.96,71.86,71.86,126.837
1782177300000,2026-06-23 01:15:00,71.85,71.91,71.85,71.88,886.068
1782177600000,2026-06-23 01:20:00,71.89,72.02,71.85,71.89,772.656
1782177900000,2026-06-23 01:25:00,71.87,71.9,71.84,71.86,160.548
1782178200000,2026-06-23 01:30:00,71.89,72.01,71.82,71.82,610.993
1782178500000,2026-06-23 01:35:00,71.81,71.81,71.64,71.71,376.198
1782178800000,2026-06-23 01:40:00,71.72,71.77,71.66,71.68,338.772
1782179100000,2026-06-23 01:45:00,71.68,71.68,71.42,71.49,719.898
1782179400000,2026-06-23 01:50:00,71.49,71.68,71.33,71.65,653.754
1782179700000,2026-06-23 01:55:00,71.64,71.78,71.64,71.71,652.333
1782180000000,2026-06-23 02:00:00,71.73,71.79,71.68,71.76,577.302
1782180300000,2026-06-23 02:05:00,71.76,71.78,71.65,71.65,730.442
1782180600000,2026-06-23 02:10:00,71.64,71.76,71.56,71.76,1226.418
1782180900000,2026-06-23 02:15:00,71.77,71.9,71.77,71.87,742.462
1782181200000,2026-06-23 02:20:00,71.86,71.98,71.86,71.91,1805.66
1782181500000,2026-06-23 02:25:00,71.92,72.01,71.89,71.9,2049.123
1782181800000,2026-06-23 02:30:00,71.9,71.98,71.87,71.96,1017.843
1782182100000,2026-06-23 02:35:00,71.95,71.99,71.89,71.9,675.604
1782182400000,2026-06-23 02:40:00,71.91,72.01,71.91,72.01,756.876
1782182700000,2026-06-23 02:45:00,72.01,72.02,71.9,71.91,931.722
1782183000000,2026-06-23 02:50:00,71.9,72.06,71.9,72.01,943.947
1782183300000,2026-06-23 02:55:00,72.0,72.05,71.95,72.03,609.065
1782183600000,2026-06-23 03:00:00,72.01,72.01,71.77,71.78,614.42
1782183900000,2026-06-23 03:05:00,71.77,71.81,71.75,71.75,384.975
1782184200000,2026-06-23 03:10:00,71.72,71.81,71.72,71.81,257.225
1782184500000,2026-06-23 03:15:00,71.8,71.93,71.8,71.91,796.35
1782184800000,2026-06-23 03:20:00,71.9,71.9,71.76,71.82,554.693
1782185100000,2026-06-23 03:25:00,71.83,71.95,71.8,71.92,480.33
1782185400000,2026-06-23 03:30:00,71.93,71.93,71.82,71.83,640.546
1782185700000,2026-06-23 03:35:00,71.82,71.91,71.77,71.78,157.671
1782186000000,2026-06-23 03:40:00,71.76,71.86,71.75,71.86,339.487
1782186300000,2026-06-23 03:45:00,71.86,71.95,71.85,71.94,1255.433
1782186600000,2026-06-23 03:50:00,71.92,71.98,71.92,71.92,165.265
1782186900000,2026-06-23 03:55:00,71.91,71.99,71.91,71.99,634.081
1782187200000,2026-06-23 04:00:00,72.0,72.02,71.91,71.93,904.623
1782187500000,2026-06-23 04:05:00,71.93,71.97,71.91,71.94,122.963
1782187800000,2026-06-23 04:10:00,71.92,71.92,71.8,71.92,885.173
1782188100000,2026-06-23 04:15:00,71.92,71.93,71.77,71.77,313.569
1782188400000,2026-06-23 04:20:00,71.76,71.85,71.71,71.85,326.107
1782188700000,2026-06-23 04:25:00,71.84,71.93,71.84,71.92,153.333
1782189000000,2026-06-23 04:30:00,71.93,71.98,71.86,71.86,705.822
1782189300000,2026-06-23 04:35:00,71.85,71.89,71.8,71.8,434.516
1782189600000,2026-06-23 04:40:00,71.84,71.84,71.77,71.8,134.126
1782189900000,2026-06-23 04:45:00,71.78,71.8,71.69,71.71,210.782
1782190200000,2026-06-23 04:50:00,71.69,71.69,71.46,71.46,1727.089
1782190500000,2026-06-23 04:55:00,71.46,71.56,71.4,71.48,909.004
1782190800000,2026-06-23 05:00:00,71.48,71.59,71.48,71.59,1605.978
1782191100000,2026-06-23 05:05:00,71.59,71.6,71.39,71.49,1105.713
1782191400000,2026-06-23 05:10:00,71.51,71.56,71.45,71.45,295.343
1782191700000,2026-06-23 05:15:00,71.45,71.53,71.35,71.35,438.032
1782192000000,2026-06-23 05:20:00,71.36,71.46,71.25,71.25,911.062
1782192300000,2026-06-23 05:25:00,71.27,71.27,71.04,71.16,981.864
1782192600000,2026-06-23 05:30:00,71.16,71.2,70.97,70.97,748.107
1782192900000,2026-06-23 05:35:00,70.98,71.13,70.93,71.01,1342.236
1782193200000,2026-06-23 05:40:00,71.01,71.18,71.0,71.18,668.76
1782193500000,2026-06-23 05:45:00,71.18,71.18,71.0,71.06,1042.658
1782193800000,2026-06-23 05:50:00,71.04,71.12,70.92,70.99,2031.637
1782194100000,2026-06-23 05:55:00,70.99,71.09,70.96,71.02,864.42
1782194400000,2026-06-23 06:00:00,71.0,71.05,70.86,70.88,2762.381
1782194700000,2026-06-23 06:05:00,70.9,70.93,70.61,70.75,1102.579
1782195000000,2026-06-23 06:10:00,70.75,70.9,70.75,70.77,1483.331
1782195300000,2026-06-23 06:15:00,70.79,70.85,70.36,70.43,4867.406
1782195600000,2026-06-23 06:20:00,70.4,70.4,69.73,69.89,2568.927
1782195900000,2026-06-23 06:25:00,69.9,69.99,69.83,69.98,1015.526
1782196200000,2026-06-23 06:30:00,69.98,70.16,69.88,70.13,1704.018
1782196500000,2026-06-23 06:35:00,70.13,70.24,70.12,70.24,548.855
1782196800000,2026-06-23 06:40:00,70.25,70.29,70.13,70.17,608.567
1782197100000,2026-06-23 06:45:00,70.18,70.39,70.14,70.3,2284.269
1782197400000,2026-06-23 06:50:00,70.29,70.36,70.28,70.34,234.808
1782197700000,2026-06-23 06:55:00,70.34,70.37,70.33,70.33,221.313
1782198000000,2026-06-23 07:00:00,70.32,70.42,70.3,70.38,488.521
1782198300000,2026-06-23 07:05:00,70.38,70.5,70.37,70.5,1097.632
1782198600000,2026-06-23 07:10:00,70.5,70.53,70.46,70.53,180.12
1782198900000,2026-06-23 07:15:00,70.51,70.51,70.37,70.39,1009.88
1782199200000,2026-06-23 07:20:00,70.39,70.56,70.39,70.51,522.203
1782199500000,2026-06-23 07:25:00,70.48,70.48,70.44,70.46,141.662
1782199800000,2026-06-23 07:30:00,70.45,70.45,70.26,70.29,755.523
1782200100000,2026-06-23 07:35:00,70.31,70.33,70.21,70.3,1004.483
1782200400000,2026-06-23 07:40:00,70.33,70.35,70.14,70.14,745.94
1782200700000,2026-06-23 07:45:00,70.15,70.26,70.14,70.26,409.428
1782201000000,2026-06-23 07:50:00,70.21,70.21,70.08,70.09,693.161
1782201300000,2026-06-23 07:55:00,70.16,70.17,69.97,69.97,1118.762
1782201600000,2026-06-23 08:00:00,70.0,70.04,69.89,69.89,1641.868
1782201900000,2026-06-23 08:05:00,69.89,70.04,69.89,70.01,1452.424
1782202200000,2026-06-23 08:10:00,70.01,70.09,69.02,69.11,1229.827
1782202500000,2026-06-23 08:15:00,69.12,69.12,68.53,68.57,1282.605
1782202800000,2026-06-23 08:20:00,68.56,68.88,68.33,68.33,1751.078
1782203100000,2026-06-23 08:25:00,68.34,68.64,68.25,68.48,1700.524
1782203400000,2026-06-23 08:30:00,68.44,68.75,68.44,68.69,1989.261
1782203700000,2026-06-23 08:35:00,68.69,68.84,68.69,68.78,566.167
1782204000000,2026-06-23 08:40:00,68.78,68.91,68.78,68.79,694.578
1782204300000,2026-06-23 08:45:00,68.79,68.79,68.58,68.58,1301.679
1782204600000,2026-06-23 08:50:00,68.58,68.78,68.58,68.75,589.512
1782204900000,2026-06-23 08:55:00,68.74,68.77,68.62,68.67,943.908
1782205200000,2026-06-23 09:00:00,68.67,68.92,68.67,68.86,645.751
1782205500000,2026-06-23 09:05:00,68.88,68.88,68.69,68.71,478.951
1782205800000,2026-06-23 09:10:00,68.74,68.86,68.71,68.83,1706.252
1782206100000,2026-06-23 09:15:00,68.83,68.92,68.82,68.85,1269.328
1782206400000,2026-06-23 09:20:00,68.85,69.03,68.85,69.01,1708.994
1782206700000,2026-06-23 09:25:00,69.0,69.0,68.9,68.98,426.477
1782207000000,2026-06-23 09:30:00,68.98,69.03,68.88,68.91,564.229
1782207300000,2026-06-23 09:35:00,68.91,68.96,68.89,68.89,1068.067
1782207600000,2026-06-23 09:40:00,68.87,68.89,68.77,68.88,1150.816
1782207900000,2026-06-23 09:45:00,68.88,68.93,68.83,68.93,1297.834
1782208200000,2026-06-23 09:50:00,68.94,69.05,68.93,69.05,657.05
1782208500000,2026-06-23 09:55:00,69.02,69.03,68.83,68.9,2143.866
1782208800000,2026-06-23 10:00:00,68.94,69.19,68.94,69.16,781.123
1782209100000,2026-06-23 10:05:00,69.17,69.17,68.99,69.04,908.744
1782209400000,2026-06-23 10:10:00,69.03,69.03,68.98,68.99,666.721
1782209700000,2026-06-23 10:15:00,68.99,69.01,68.92,68.97,931.511
1782210000000,2026-06-23 10:20:00,68.98,69.03,68.93,68.93,1453.759
1782210300000,2026-06-23 10:25:00,68.93,68.95,68.9,68.91,455.44
1782210600000,2026-06-23 10:30:00,68.92,68.97,68.83,68.83,833.902
1782210900000,2026-06-23 10:35:00,68.84,68.9,68.83,68.88,244.848
1782211200000,2026-06-23 10:40:00,68.85,68.85,68.69,68.72,465.766
1782211500000,2026-06-23 10:45:00,68.71,68.75,68.69,68.71,448.462
1782211800000,2026-06-23 10:50:00,68.69,68.78,68.65,68.77,369.844
1782212100000,2026-06-23 10:55:00,68.77,68.84,68.74,68.83,334.596
1782212400000,2026-06-23 11:00:00,68.83,68.97,68.82,68.94,548.33
1782212700000,2026-06-23 11:05:00,68.93,68.98,68.85,68.9,502.737
1782213000000,2026-06-23 11:10:00,68.91,68.98,68.91,68.98,456.145
1782213300000,2026-06-23 11:15:00,68.98,69.04,68.97,69.01,1150.816
1782213600000,2026-06-23 11:20:00,69.01,69.23,68.94,69.16,1842.268
1782213900000,2026-06-23 11:25:00,69.16,69.19,69.05,69.16,1447.961
1782214200000,2026-06-23 11:30:00,69.17,69.32,69.17,69.21,1672.726
1782214500000,2026-06-23 11:35:00,69.22,69.27,69.14,69.27,732.41
1782214800000,2026-06-23 11:40:00,69.3,69.3,69.21,69.23,314.525
1782215100000,2026-06-23 11:45:00,69.23,69.35,69.13,69.13,915.641
1782215400000,2026-06-23 11:50:00,69.15,69.23,69.12,69.23,1422.96
1782215700000,2026-06-23 11:55:00,69.21,69.31,69.2,69.31,889.305
1782216000000,2026-06-23 12:00:00,69.33,69.37,69.26,69.26,1761.628
1782216300000,2026-06-23 12:05:00,69.25,69.31,69.21,69.25,1118.528
1782216600000,2026-06-23 12:10:00,69.24,69.25,69.14,69.19,939.8
1782216900000,2026-06-23 12:15:00,69.19,69.24,69.13,69.24,848.667
1782217200000,2026-06-23 12:20:00,69.19,69.19,69.12,69.12,326.252
1782217500000,2026-06-23 12:25:00,69.14,69.16,69.06,69.16,652.2
1782217800000,2026-06-23 12:30:00,69.2,69.34,69.12,69.12,2051.791
1782218100000,2026-06-23 12:35:00,69.12,69.2,69.11,69.13,820.211
1782218400000,2026-06-23 12:40:00,69.11,69.19,69.1,69.1,969.866
1782218700000,2026-06-23 12:45:00,69.1,69.11,69.04,69.04,666.42
1782219000000,2026-06-23 12:50:00,69.03,69.04,68.89,68.94,2246.718
1782219300000,2026-06-23 12:55:00,68.94,68.97,68.93,68.97,679.806
1782219600000,2026-06-23 13:00:00,68.98,69.0,68.86,68.86,605.893
1782219900000,2026-06-23 13:05:00,68.82,68.86,68.82,68.82,66.636
1782220200000,2026-06-23 13:10:00,68.81,68.97,68.77,68.97,375.486
1782220500000,2026-06-23 13:15:00,68.95,68.95,68.88,68.94,1182.955
1782220800000,2026-06-23 13:20:00,68.92,68.94,68.76,68.78,511.964
1782221100000,2026-06-23 13:25:00,68.77,68.82,68.7,68.81,1535.788
1782221400000,2026-06-23 13:30:00,68.81,69.3,68.66,69.18,2165.137
1782221700000,2026-06-23 13:35:00,69.16,69.27,69.02,69.08,1908.483
1782222000000,2026-06-23 13:40:00,68.99,69.09,68.87,69.0,1322.688
1782222300000,2026-06-23 13:45:00,68.99,69.2,68.84,69.03,2292.327
1782222600000,2026-06-23 13:50:00,69.03,69.29,69.03,69.13,1405.43
1782222900000,2026-06-23 13:55:00,69.11,69.25,69.04,69.18,2131.901
1782223200000,2026-06-23 14:00:00,69.19,69.38,69.19,69.31,2299.655
1782223500000,2026-06-23 14:05:00,69.3,69.4,69.11,69.4,315.638
1782223800000,2026-06-23 14:10:00,69.4,69.47,69.27,69.47,702.979
1782224100000,2026-06-23 14:15:00,69.51,69.61,69.45,69.61,1029.577
1782224400000,2026-06-23 14:20:00,69.62,69.66,69.33,69.34,719.435
1782224700000,2026-06-23 14:25:00,69.31,69.32,69.15,69.32,1793.866
1782225000000,2026-06-23 14:30:00,69.36,69.49,69.16,69.26,2234.026
1782225300000,2026-06-23 14:35:00,69.27,69.59,69.27,69.31,1168.339
1782225600000,2026-06-23 14:40:00,69.3,69.39,69.24,69.27,1703.533
1782225900000,2026-06-23 14:45:00,69.27,69.34,69.12,69.32,1770.105
1782226200000,2026-06-23 14:50:00,69.31,69.38,69.18,69.22,1227.497
1782226500000,2026-06-23 14:55:00,69.28,69.31,69.17,69.2,1940.695
1782226800000,2026-06-23 15:00:00,69.2,69.21,69.05,69.1,1530.812
1782227100000,2026-06-23 15:05:00,69.12,69.13,68.81,68.84,1308.753
1782227400000,2026-06-23 15:10:00,68.84,68.86,68.71,68.8,1731.667
1782227700000,2026-06-23 15:15:00,68.85,68.85,68.69,68.8,1617.137
1782228000000,2026-06-23 15:20:00,68.78,68.83,68.65,68.65,679.494
1782228300000,2026-06-23 15:25:00,68.64,68.76,68.56,68.63,1621.457
1782228600000,2026-06-23 15:30:00,68.65,69.02,68.65,68.92,2245.08
1782228900000,2026-06-23 15:35:00,68.92,69.0,68.79,68.9,1087.921
1782229200000,2026-06-23 15:40:00,68.9,68.9,68.65,68.72,1092.644
1782229500000,2026-06-23 15:45:00,68.72,68.72,68.42,68.47,2022.888
1782229800000,2026-06-23 15:50:00,68.47,68.65,68.44,68.65,877.441
1782230100000,2026-06-23 15:55:00,68.63,68.92,68.62,68.92,2150.915
1782230400000,2026-06-23 16:00:00,68.92,68.98,68.83,68.86,681.681
1782230700000,2026-06-23 16:05:00,68.82,75.09,68.82,69.19,2456.7
1782231000000,2026-06-23 16:10:00,69.19,69.39,69.19,69.29,2044.413
1782231300000,2026-06-23 16:15:00,69.28,69.28,69.09,69.17,1138.771
1782231600000,2026-06-23 16:20:00,69.16,69.16,69.04,69.1,832.125
1782231900000,2026-06-23 16:25:00,69.11,69.13,69.0,69.1,213.02
1782232200000,2026-06-23 16:30:00,69.06,69.15,69.05,69.12,383.547
1782232500000,2026-06-23 16:35:00,69.1,69.15,69.0,69.02,415.648
1782232800000,2026-06-23 16:40:00,69.02,69.1,69.02,69.04,1171.283
1782233100000,2026-06-23 16:45:00,69.03,69.11,68.99,68.99,742.471
1782233400000,2026-06-23 16:50:00,69.0,69.0,68.89,68.9,414.919
1782233700000,2026-06-23 16:55:00,68.9,68.97,68.84,68.93,921.115
1782234000000,2026-06-23 17:00:00,68.92,68.92,68.74,68.77,1272.258
1782234300000,2026-06-23 17:05:00,68.78,68.84,68.67,68.71,1617.299
1782234600000,2026-06-23 17:10:00,68.69,68.83,68.68,68.69,611.624
1782234900000,2026-06-23 17:15:00,68.72,68.97,68.72,68.97,1419.044
1782235200000,2026-06-23 17:20:00,68.97,69.09,68.97,69.09,2042.199
1782235500000,2026-06-23 17:25:00,69.05,69.11,69.05,69.06,374.942
1782235800000,2026-06-23 17:30:00,69.09,69.1,68.89,69.0,986.485
1782236100000,2026-06-23 17:35:00,69.06,69.18,68.98,69.0,945.975
1782236400000,2026-06-23 17:40:00,69.01,69.01,68.87,68.89,262.177
1782236700000,2026-06-23 17:45:00,68.91,68.97,68.86,68.92,1739.131
1782237000000,2026-06-23 17:50:00,68.88,68.89,68.73,68.74,873.681
1782237300000,2026-06-23 17:55:00,68.73,68.8,68.65,68.78,390.688
1782237600000,2026-06-23 18:00:00,68.78,68.93,68.78,68.81,577.444
1782237900000,2026-06-23 18:05:00,68.82,68.85,68.72,68.79,768.886
1782238200000,2026-06-23 18:10:00,68.79,68.95,68.79,68.92,1702.049
1782238500000,2026-06-23 18:15:00,68.89,68.9,68.81,68.88,747.319
1782238800000,2026-06-23 18:20:00,68.87,69.01,68.87,69.01,683.305
1782239100000,2026-06-23 18:25:00,69.01,69.01,68.95,68.98,1479.449
1782239400000,2026-06-23 18:30:00,68.97,68.97,68.88,68.89,630.017
1782239700000,2026-06-23 18:35:00,68.89,68.91,68.83,68.86,610.793
1782240000000,2026-06-23 18:40:00,68.87,68.87,68.71,68.74,659.367
1782240300000,2026-06-23 18:45:00,68.74,68.81,68.73,68.74,1166.647
1782240600000,2026-06-23 18:50:00,68.8,68.91,68.8,68.91,755.127
1782240900000,2026-06-23 18:55:00,68.92,68.94,68.89,68.89,295.305
1782241200000,2026-06-23 19:00:00,68.89,68.98,68.87,68.98,490.22
1782241500000,2026-06-23 19:05:00,69.05,69.1,68.91,68.94,1825.666
1782241800000,2026-06-23 19:10:00,68.95,68.99,68.9,68.94,998.252
1782242100000,2026-06-23 19:15:00,68.93,68.94,68.82,68.82,859.435
1782242400000,2026-06-23 19:20:00,68.82,68.96,68.78,68.86,850.069
1782242700000,2026-06-23 19:25:00,68.85,68.96,68.81,68.96,495.254
1782243000000,2026-06-23 19:30:00,68.96,68.99,68.92,68.95,978.294
1782243300000,2026-06-23 19:35:00,68.94,68.99,68.84,68.84,699.534
1782243600000,2026-06-23 19:40:00,68.8,68.85,68.77,68.82,582.644
1782243900000,2026-06-23 19:45:00,68.77,68.81,68.74,68.78,847.35
1782244200000,2026-06-23 19:50:00,68.81,69.04,68.81,69.04,1226.985
1782244500000,2026-06-23 19:55:00,69.04,69.05,68.89,68.93,1264.653
1782244800000,2026-06-23 20:00:00,68.87,69.02,68.83,68.98,1025.445
1782245100000,2026-06-23 20:05:00,68.96,69.05,68.95,69.05,836.258
1782245400000,2026-06-23 20:10:00,69.05,69.05,68.95,68.95,471.623
1782245700000,2026-06-23 20:15:00,68.94,69.04,68.94,69.04,1255.896
1782246000000,2026-06-23 20:20:00,69.05,69.05,68.94,68.96,1283.091
1782246300000,2026-06-23 20:25:00,68.95,69.01,68.92,69.01,1395.937
1782246600000,2026-06-23 20:30:00,69.02,69.03,69.02,69.02,26.398
1782246900000,2026-06-23 20:35:00,69.02,69.03,69.02,69.02,328.628
1782247200000,2026-06-23 20:40:00,69.03,69.03,69.02,69.02,756.725
1782247500000,2026-06-23 20:45:00,69.02,69.03,69.01,69.01,376.914
1782247800000,2026-06-23 20:50:00,69.01,69.03,69.01,69.01,305.532
1782248100000,2026-06-23 20:55:00,69.01,69.09,68.65,69.01,354.42
1782248400000,2026-06-23 21:00:00,69.01,69.19,68.99,69.16,1957.02
1782248700000,2026-06-23 21:05:00,69.11,69.18,69.1,69.18,802.265
1782249000000,2026-06-23 21:10:00,69.18,69.19,69.1,69.15,382.115
1782249300000,2026-06-23 21:15:00,69.17,69.23,69.08,69.1,1634.492
1782249600000,2026-06-23 21:20:00,69.09,69.18,69.09,69.16,417.811
1782249900000,2026-06-23 21:25:00,69.17,69.24,69.08,69.24,1054.455
1782250200000,2026-06-23 21:30:00,69.25,69.29,69.23,69.26,776.529
1782250500000,2026-06-23 21:35:00,69.26,69.29,69.22,69.25,1203.158
1782250800000,2026-06-23 21:40:00,69.26,69.32,69.24,69.27,1699.575
1782251100000,2026-06-23 21:45:00,69.25,69.29,69.25,69.25,35.685
1782251400000,2026-06-23 21:50:00,69.24,69.25,69.24,69.25,28.828
1782251700000,2026-06-23 21:55:00,69.26,69.29,69.25,69.27,144.728
1782252000000,2026-06-23 22:00:00,69.27,69.37,69.26,69.36,419.634
1782252300000,2026-06-23 22:05:00,69.36,69.52,69.36,69.51,1402.177
1782252600000,2026-06-23 22:10:00,69.52,69.7,69.52,69.69,1033.741
1782252900000,2026-06-23 22:15:00,69.68,69.83,69.64,69.72,1617.994
1782253200000,2026-06-23 22:20:00,69.67,69.67,69.42,69.42,824.773
1782253500000,2026-06-23 22:25:00,69.42,69.43,69.35,69.39,609.033
1782253800000,2026-06-23 22:30:00,69.48,69.55,69.48,69.48,691.649
1782254100000,2026-06-23 22:35:00,69.47,69.6,69.41,69.6,444.083
1782254400000,2026-06-23 22:40:00,69.59,69.6,69.47,69.47,1037.504
1782254700000,2026-06-23 22:45:00,69.48,69.56,69.47,69.51,319.221
1782255000000,2026-06-23 22:50:00,69.49,69.57,69.42,69.51,334.081
1782255300000,2026-06-23 22:55:00,69.48,69.6,69.48,69.56,359.687
1782255600000,2026-06-23 23:00:00,69.56,69.57,69.43,69.47,726.127
1782255900000,2026-06-23 23:05:00,69.5,69.5,69.32,69.39,603.051
1782256200000,2026-06-23 23:10:00,69.35,69.46,69.35,69.37,393.303
1782256500000,2026-06-23 23:15:00,69.37,69.46,69.36,69.46,354.247
1782256800000,2026-06-23 23:20:00,69.45,69.54,69.45,69.54,209.328
1782257100000,2026-06-23 23:25:00,69.55,69.6,69.48,69.52,1083.311
1782257400000,2026-06-23 23:30:00,69.52,69.6,69.5,69.6,1171.334
1782257700000,2026-06-23 23:35:00,69.55,69.56,69.47,69.47,25.729
1782258000000,2026-06-23 23:40:00,69.43,69.45,69.42,69.43,449.924
1782258300000,2026-06-23 23:45:00,69.43,69.76,69.43,69.72,388.238
1782258600000,2026-06-23 23:50:00,69.7,69.73,69.65,69.69,998.26
1782258900000,2026-06-23 23:55:00,69.67,69.76,69.67,69.71,93.836
1782259200000,2026-06-24 00:00:00,69.69,69.8,69.66,69.67,1374.311
1782259500000,2026-06-24 00:05:00,69.63,69.91,69.6,69.88,2325.431
1782259800000,2026-06-24 00:10:00,69.86,69.95,69.8,69.94,2203.812
1782260100000,2026-06-24 00:15:00,69.94,69.99,69.88,69.97,1564.78
1782260400000,2026-06-24 00:20:00,69.92,69.93,69.82,69.85,1598.312
1782260700000,2026-06-24 00:25:00,69.86,69.95,69.81,69.85,1745.783
1782261000000,2026-06-24 00:30:00,69.9,69.9,69.82,69.82,1426.558
1782261300000,2026-06-24 00:35:00,69.9,70.14,69.9,70.14,2214.995
1782261600000,2026-06-24 00:40:00,70.14,70.14,70.0,70.03,657.104
1782261900000,2026-06-24 00:45:00,70.03,70.1,69.91,70.06,786.59
1782262200000,2026-06-24 00:50:00,70.07,70.11,69.98,69.99,740.271
1782262500000,2026-06-24 00:55:00,69.97,69.99,69.87,69.98,1313.522
1782262800000,2026-06-24 01:00:00,70.0,70.02,69.84,69.85,1387.879
1782263100000,2026-06-24 01:05:00,69.85,69.85,69.69,69.75,1479.26
1782263400000,2026-06-24 01:10:00,69.76,70.0,69.76,70.0,1093.397
1782263700000,2026-06-24 01:15:00,69.99,69.99,69.68,69.72,1274.185
1782264000000,2026-06-24 01:20:00,69.73,69.95,69.73,69.95,1642.663
1782264300000,2026-06-24 01:25:00,69.92,69.96,69.85,69.91,1421.597
1782264600000,2026-06-24 01:30:00,69.92,70.3,69.92,70.25,2169.462
1782264900000,2026-06-24 01:35:00,70.28,70.41,70.25,70.26,1095.226
1782265200000,2026-06-24 01:40:00,70.25,70.33,70.13,70.16,925.198
1782265500000,2026-06-24 01:45:00,70.16,70.25,70.15,70.23,2053.872
1782265800000,2026-06-24 01:50:00,70.23,70.32,70.21,70.3,1267.787
1782266100000,2026-06-24 01:55:00,70.26,70.26,70.08,70.08,696.507
1782266400000,2026-06-24 02:00:00,70.09,70.14,69.99,69.99,1382.948
1782266700000,2026-06-24 02:05:00,70.0,70.0,69.84,69.91,1427.403
1782267000000,2026-06-24 02:10:00,69.92,69.98,69.86,69.93,1384.106
1782267300000,2026-06-24 02:15:00,69.93,69.94,69.7,69.72,1040.454
1782267600000,2026-06-24 02:20:00,69.68,69.68,69.56,69.57,1317.669
1782267900000,2026-06-24 02:25:00,69.58,69.75,69.58,69.73,877.895
1782268200000,2026-06-24 02:30:00,69.72,69.76,69.69,69.72,653.09
1782268500000,2026-06-24 02:35:00,69.67,69.68,69.52,69.59,673.024
1782268800000,2026-06-24 02:40:00,69.6,69.79,69.6,69.7,1163.313
1782269100000,2026-06-24 02:45:00,69.66,69.68,69.57,69.58,1357.486
1782269400000,2026-06-24 02:50:00,69.58,69.64,69.5,69.5,528.793
1782269700000,2026-06-24 02:55:00,69.46,69.55,69.45,69.46,359.336
1782270000000,2026-06-24 03:00:00,69.51,69.51,69.36,69.36,769.862
1782270300000,2026-06-24 03:05:00,69.38,69.41,69.32,69.41,478.962
1782270600000,2026-06-24 03:10:00,69.42,69.44,69.36,69.37,855.066
1782270900000,2026-06-24 03:15:00,69.31,69.32,69.15,69.16,1138.185
1782271200000,2026-06-24 03:20:00,69.16,69.26,69.12,69.26,998.69
1782271500000,2026-06-24 03:25:00,69.26,69.34,69.26,69.33,660.954
1782271800000,2026-06-24 03:30:00,69.36,69.54,69.35,69.52,627.41
1782272100000,2026-06-24 03:35:00,69.54,69.76,69.54,69.76,1150.767
1782272400000,2026-06-24 03:40:00,69.74,69.74,69.7,69.71,432.818
1782272700000,2026-06-24 03:45:00,69.73,69.74,69.69,69.69,380.579
1782273000000,2026-06-24 03:50:00,69.68,69.69,69.56,69.59,692.609
1782273300000,2026-06-24 03:55:00,69.59,69.6,69.56,69.6,185.58
1782273600000,2026-06-24 04:00:00,69.59,69.62,69.5,69.5,504.317
1782273900000,2026-06-24 04:05:00,69.46,69.49,69.44,69.46,1139.039
1782274200000,2026-06-24 04:10:00,69.47,69.51,69.45,69.49,873.556
1782274500000,2026-06-24 04:15:00,69.51,69.58,69.38,69.43,1385.719
1782274800000,2026-06-24 04:20:00,69.43,69.43,69.0,69.0,492.917
1782275100000,2026-06-24 04:25:00,69.01,69.19,69.0,69.15,1307.022
1782275400000,2026-06-24 04:30:00,69.15,69.39,69.11,69.32,938.875
1782275700000,2026-06-24 04:35:00,69.32,69.36,69.3,69.32,604.889
1782276000000,2026-06-24 04:40:00,69.28,69.35,69.27,69.34,366.557
1782276300000,2026-06-24 04:45:00,69.34,69.66,69.34,69.61,952.044
1782276600000,2026-06-24 04:50:00,69.62,69.69,69.51,69.55,1727.512
1782276900000,2026-06-24 04:55:00,69.54,69.63,69.54,69.6,1461.74
1782277200000,2026-06-24 05:00:00,69.61,69.68,69.56,69.65,1637.984
1782277500000,2026-06-24 05:05:00,69.62,69.72,69.53,69.72,2126.535
1782277800000,2026-06-24 05:10:00,69.73,69.82,69.7,69.7,1980.457
1782278100000,2026-06-24 05:15:00,69.72,69.82,69.72,69.8,1862.589
1782278400000,2026-06-24 05:20:00,69.79,69.89,69.7,69.89,804.959
1782278700000,2026-06-24 05:25:00,69.9,70.0,69.9,69.99,677.484
1782279000000,2026-06-24 05:30:00,70.0,70.05,69.93,69.96,491.642
1782279300000,2026-06-24 05:35:00,69.97,70.21,69.97,70.08,1270.333
1782279600000,2026-06-24 05:40:00,70.08,70.09,70.02,70.04,736.035
1782279900000,2026-06-24 05:45:00,70.03,70.07,69.96,69.97,567.236
1782280200000,2026-06-24 05:50:00,69.96,69.97,69.88,69.91,286.391
1782280500000,2026-06-24 05:55:00,69.92,69.95,69.91,69.94,142.488
1782280800000,2026-06-24 06:00:00,69.94,69.94,69.77,69.77,1822.889
1782281100000,2026-06-24 06:05:00,69.78,69.91,69.77,69.91,781.425
1782281400000,2026-06-24 06:10:00,69.93,69.99,69.9,69.94,676.597
1782281700000,2026-06-24 06:15:00,69.93,69.94,69.85,69.87,644.579
1782282000000,2026-06-24 06:20:00,69.89,69.98,69.86,69.97,782.599
1782282300000,2026-06-24 06:25:00,69.97,70.04,69.87,69.89,384.649
1782282600000,2026-06-24 06:30:00,69.9,69.96,69.9,69.95,901.849
1782282900000,2026-06-24 06:35:00,69.96,70.01,69.91,69.91,1101.661
1782283200000,2026-06-24 06:40:00,69.91,69.95,69.77,69.77,1330.586
1782283500000,2026-06-24 06:45:00,69.77,69.82,69.72,69.8,1003.913
1782283800000,2026-06-24 06:50:00,69.78,69.82,69.77,69.8,695.492
1782284100000,2026-06-24 06:55:00,69.79,69.79,69.74,69.76,558.228
1782284400000,2026-06-24 07:00:00,69.75,69.77,69.59,69.62,1597.438
1782284700000,2026-06-24 07:05:00,69.73,69.73,69.56,69.63,884.868
1782285000000,2026-06-24 07:10:00,69.6,69.72,69.58,69.68,352.687
1782285300000,2026-06-24 07:15:00,69.69,69.69,69.6,69.67,801.324
1782285600000,2026-06-24 07:20:00,69.67,69.69,69.61,69.64,2242.401
1782285900000,2026-06-24 07:25:00,69.62,69.62,69.55,69.57,610.437
1782286200000,2026-06-24 07:30:00,69.56,69.66,69.54,69.59,1987.572
1782286500000,2026-06-24 07:35:00,69.59,69.59,69.44,69.5,1285.607
1782286800000,2026-06-24 07:40:00,69.51,69.57,69.49,69.53,274.769
1782287100000,2026-06-24 07:45:00,69.53,69.55,69.38,69.41,766.565
1782287400000,2026-06-24 07:50:00,69.4,69.43,69.29,69.29,572.161
1782287700000,2026-06-24 07:55:00,69.29,69.37,69.29,69.37,1559.915
1782288000000,2026-06-24 08:00:00,69.37,69.45,69.34,69.45,1286.667
1782288300000,2026-06-24 08:05:00,69.42,69.48,69.34,69.38,1908.914
1782288600000,2026-06-24 08:10:00,69.36,69.36,69.25,69.34,706.707
1782288900000,2026-06-24 08:15:00,69.36,69.41,69.3,69.3,2070.877
1782289200000,2026-06-24 08:20:00,69.3,69.4,69.26,69.4,1238.117
1782289500000,2026-06-24 08:25:00,69.39,69.41,69.38,69.4,176.622
1782289800000,2026-06-24 08:30:00,69.43,69.63,69.43,69.59,394.666
1782290100000,2026-06-24 08:35:00,69.55,69.55,69.49,69.49,365.891
1782290400000,2026-06-24 08:40:00,69.46,69.5,69.44,69.5,146.255
1782290700000,2026-06-24 08:45:00,69.51,69.52,69.41,69.41,638.105
1782291000000,2026-06-24 08:50:00,69.41,69.46,69.39,69.43,423.646
1782291300000,2026-06-24 08:55:00,69.45,69.49,69.45,69.49,205.305
1782291600000,2026-06-24 09:00:00,69.5,69.5,69.32,69.44,889.78
1782291900000,2026-06-24 09:05:00,69.49,69.55,69.43,69.43,683.618
1782292200000,2026-06-24 09:10:00,69.42,69.43,69.35,69.42,207.88
1782292500000,2026-06-24 09:15:00,69.4,69.52,69.4,69.45,480.097
1782292800000,2026-06-24 09:20:00,69.48,69.48,69.44,69.45,116.1
1782293100000,2026-06-24 09:25:00,69.43,69.48,69.41,69.41,479.009
1782293400000,2026-06-24 09:30:00,69.32,69.35,69.25,69.35,378.559
1782293700000,2026-06-24 09:35:00,69.32,69.34,69.26,69.31,299.641
1782294000000,2026-06-24 09:40:00,69.32,69.32,69.26,69.28,232.241
1782294300000,2026-06-24 09:45:00,69.29,69.33,69.23,69.29,1693.344
1782294600000,2026-06-24 09:50:00,69.29,69.35,69.29,69.32,119.676
1782294900000,2026-06-24 09:55:00,69.32,69.36,69.31,69.31,409.22
1782295200000,2026-06-24 10:00:00,69.31,69.31,69.22,69.27,1364.268
1782295500000,2026-06-24 10:05:00,69.26,69.33,69.22,69.22,664.019
1782295800000,2026-06-24 10:10:00,69.21,69.23,69.12,69.23,601.1
1782296100000,2026-06-24 10:15:00,69.25,69.26,69.06,69.07,1483.159
1782296400000,2026-06-24 10:20:00,68.99,69.12,68.98,69.07,958.363
1782296700000,2026-06-24 10:25:00,69.09,69.13,69.04,69.08,274.893
1782297000000,2026-06-24 10:30:00,69.09,69.2,69.09,69.2,511.796
1782297300000,2026-06-24 10:35:00,69.2,69.2,69.08,69.15,607.431
1782297600000,2026-06-24 10:40:00,69.11,69.25,69.1,69.25,714.741
1782297900000,2026-06-24 10:45:00,69.21,69.22,69.12,69.12,268.32
1782298200000,2026-06-24 10:50:00,69.11,69.12,69.03,69.04,330.48
1782298500000,2026-06-24 10:55:00,69.04,69.07,69.0,69.03,152.287
1782298800000,2026-06-24 11:00:00,69.02,69.16,69.02,69.08,988.776
1782299100000,2026-06-24 11:05:00,69.08,69.08,68.87,68.92,923.818
1782299400000,2026-06-24 11:10:00,68.93,69.05,68.89,68.89,1148.778
1782299700000,2026-06-24 11:15:00,68.89,68.93,68.84,68.84,405.704
1782300000000,2026-06-24 11:20:00,68.83,68.84,68.79,68.84,581.989
1782300300000,2026-06-24 11:25:00,68.95,68.95,68.86,68.88,775.868
1782300600000,2026-06-24 11:30:00,68.86,69.03,68.86,69.0,394.494
1782300900000,2026-06-24 11:35:00,69.01,69.36,69.0,69.3,2370.023
1782301200000,2026-06-24 11:40:00,69.32,69.54,69.29,69.54,533.428
1782301500000,2026-06-24 11:45:00,69.53,70.37,69.52,70.23,2268.457
1782301800000,2026-06-24 11:50:00,70.23,70.23,69.89,69.9,1099.6
1782302100000,2026-06-24 11:55:00,69.86,69.86,69.76,69.79,918.265
1782302400000,2026-06-24 12:00:00,69.81,69.89,69.68,69.89,2057.886
1782302700000,2026-06-24 12:05:00,69.85,69.85,69.74,69.84,504.31
1782303000000,2026-06-24 12:10:00,69.84,69.87,69.77,69.87,648.723
1782303300000,2026-06-24 12:15:00,69.84,69.91,69.75,69.82,2491.124
1782303600000,2026-06-24 12:20:00,69.85,69.87,69.74,69.77,2174.364
1782303900000,2026-06-24 12:25:00,69.77,69.78,69.63,69.75,567.608
1782304200000,2026-06-24 12:30:00,69.75,69.81,69.64,69.74,1525.709
1782304500000,2026-06-24 12:35:00,69.73,69.79,69.61,69.77,1047.842
1782304800000,2026-06-24 12:40:00,69.76,69.79,69.68,69.75,453.733
1782305100000,2026-06-24 12:45:00,69.77,69.78,69.61,69.61,720.342
1782305400000,2026-06-24 12:50:00,69.63,69.63,69.49,69.55,597.497
1782305700000,2026-06-24 12:55:00,69.54,69.54,69.44,69.44,569.564
1782306000000,2026-06-24 13:00:00,69.45,69.48,69.14,69.14,1057.551
1782306300000,2026-06-24 13:05:00,69.15,69.21,68.96,69.02,2642.923
1782306600000,2026-06-24 13:10:00,69.02,69.02,68.61,68.72,1128.715
1782306900000,2026-06-24 13:15:00,68.79,68.93,68.72,68.93,497.616
1782307200000,2026-06-24 13:20:00,68.93,68.93,68.42,68.67,698.538
1782307500000,2026-06-24 13:25:00,68.67,68.97,68.67,68.97,1630.48
1782307800000,2026-06-24 13:30:00,68.96,69.41,68.75,69.34,2856.509
1782308100000,2026-06-24 13:35:00,69.33,69.39,69.08,69.08,2615.935
1782308400000,2026-06-24 13:40:00,69.05,69.05,68.69,68.74,653.15
1782308700000,2026-06-24 13:45:00,68.81,68.95,68.69,68.93,1278.952
1782309000000,2026-06-24 13:50:00,68.97,69.27,68.97,69.12,1547.81
1782309300000,2026-06-24 13:55:00,69.1,69.1,68.83,68.89,1164.257
1782309600000,2026-06-24 14:00:00,68.88,68.93,68.77,68.93,1621.398
1782309900000,2026-06-24 14:05:00,68.87,69.15,68.83,68.96,1891.247
1782310200000,2026-06-24 14:10:00,69.02,69.15,68.75,68.91,1260.884
1782310500000,2026-06-24 14:15:00,68.92,69.05,68.69,68.78,1243.772
1782310800000,2026-06-24 14:20:00,68.78,68.98,68.65,68.97,2178.654
1782311100000,2026-06-24 14:25:00,68.96,69.09,68.94,69.02,1946.124
1782311400000,2026-06-24 14:30:00,69.03,69.33,69.03,69.3,1291.027
1782311700000,2026-06-24 14:35:00,69.3,69.4,68.93,68.93,1389.228
1782312000000,2026-06-24 14:40:00,68.93,69.07,68.78,69.07,1875.071
1782312300000,2026-06-24 14:45:00,69.06,69.17,69.03,69.07,1267.633
1782312600000,2026-06-24 14:50:00,69.06,69.15,68.93,68.93,1040.169
1782312900000,2026-06-24 14:55:00,68.87,68.87,68.76,68.86,1475.299
1782313200000,2026-06-24 15:00:00,68.87,68.87,68.69,68.77,1132.59
1782313500000,2026-06-24 15:05:00,68.7,68.78,68.5,68.53,1004.882
1782313800000,2026-06-24 15:10:00,68.54,68.64,68.32,68.4,1118.29
1782314100000,2026-06-24 15:15:00,68.38,68.48,68.35,68.47,1330.897
1782314400000,2026-06-24 15:20:00,68.46,68.64,68.45,68.56,2480.096
1782314700000,2026-06-24 15:25:00,68.49,68.53,68.34,68.45,2207.695
1782315000000,2026-06-24 15:30:00,68.45,68.45,68.05,68.21,1344.892
1782315300000,2026-06-24 15:35:00,68.17,68.21,68.01,68.02,817.359
1782315600000,2026-06-24 15:40:00,68.07,68.07,67.72,67.72,898.441
1782315900000,2026-06-24 15:45:00,67.72,67.76,67.36,67.47,2359.448
1782316200000,2026-06-24 15:50:00,67.43,67.61,67.43,67.48,2113.051
1782316500000,2026-06-24 15:55:00,67.48,67.52,67.26,67.34,1473.499
1782316800000,2026-06-24 16:00:00,67.33,67.56,67.31,67.38,2543.597
1782317100000,2026-06-24 16:05:00,67.45,67.58,67.32,67.45,1337.525
1782317400000,2026-06-24 16:10:00,67.47,67.72,67.47,67.69,1356.317
1782317700000,2026-06-24 16:15:00,67.68,67.79,67.65,67.72,1890.318
1782318000000,2026-06-24 16:20:00,67.7,68.01,67.38,67.81,2780.804
1782318300000,2026-06-24 16:25:00,67.78,67.89,67.6,67.89,2306.789
1782318600000,2026-06-24 16:30:00,67.81,67.85,67.75,67.8,1284.14
1782318900000,2026-06-24 16:35:00,67.82,67.89,67.52,67.52,6630.932
1782319200000,2026-06-24 16:40:00,67.52,67.58,67.33,67.4,2094.591
1782319500000,2026-06-24 16:45:00,67.4,67.4,66.9,66.95,1698.828
1782319800000,2026-06-24 16:50:00,66.94,66.99,66.4,66.73,2532.417
1782320100000,2026-06-24 16:55:00,66.64,66.64,66.34,66.56,1823.749
1782320400000,2026-06-24 17:00:00,66.56,66.88,66.56,66.73,1952.218
1782320700000,2026-06-24 17:05:00,66.74,66.75,66.34,66.56,1238.496
1782321000000,2026-06-24 17:10:00,66.55,66.58,66.26,66.37,806.506
1782321300000,2026-06-24 17:15:00,66.4,66.43,65.92,65.93,2281.071
1782321600000,2026-06-24 17:20:00,65.93,65.94,65.21,65.33,1594.694
1782321900000,2026-06-24 17:25:00,65.33,65.75,65.21,65.65,1381.033
1782322200000,2026-06-24 17:30:00,65.62,65.67,65.38,65.66,1470.196
1782322500000,2026-06-24 17:35:00,65.66,65.66,65.36,65.45,1262.806
1782322800000,2026-06-24 17:40:00,65.39,65.52,65.24,65.25,1300.97
1782323100000,2026-06-24 17:45:00,65.25,65.32,64.77,65.14,1688.837
1782323400000,2026-06-24 17:50:00,65.15,65.19,64.95,65.0,988.698
1782323700000,2026-06-24 17:55:00,64.99,65.05,64.81,64.96,1396.657
1782324000000,2026-06-24 18:00:00,64.97,65.15,64.84,65.08,1228.73
1782324300000,2026-06-24 18:05:00,65.06,65.28,64.99,65.27,1718.843
1782324600000,2026-06-24 18:10:00,65.28,65.48,65.28,65.48,1424.943
1782324900000,2026-06-24 18:15:00,65.49,65.94,65.49,65.91,1774.752
1782325200000,2026-06-24 18:20:00,65.91,66.3,65.91,66.23,1659.922
1782325500000,2026-06-24 18:25:00,66.24,66.49,66.16,66.21,1548.188
1782325800000,2026-06-24 18:30:00,66.17,66.26,66.11,66.17,1356.506
1782326100000,2026-06-24 18:35:00,66.18,66.2,66.06,66.13,1178.864
1782326400000,2026-06-24 18:40:00,66.14,66.14,65.95,66.04,1704.145
1782326700000,2026-06-24 18:45:00,66.01,66.11,65.83,65.85,890.311
1782327000000,2026-06-24 18:50:00,65.84,65.95,65.81,65.95,1173.025
1782327300000,2026-06-24 18:55:00,65.96,66.15,65.95,66.0,1075.274
1782327600000,2026-06-24 19:00:00,66.01,66.35,66.01,66.26,1376.102
1782327900000,2026-06-24 19:05:00,66.2,66.2,65.96,66.03,1541.62
1782328200000,2026-06-24 19:10:00,66.03,66.04,65.64,65.76,1378.594
1782328500000,2026-06-24 19:15:00,65.74,65.75,65.57,65.71,651.436
1782328800000,2026-06-24 19:20:00,65.75,65.84,65.67,65.84,1066.939
1782329100000,2026-06-24 19:25:00,65.9,65.98,65.85,65.91,1325.324
1782329400000,2026-06-24 19:30:00,65.92,65.92,65.76,65.9,463.169
1782329700000,2026-06-24 19:35:00,65.85,66.02,65.84,65.84,263.773
1782330000000,2026-06-24 19:40:00,65.87,66.01,65.76,65.8,9.698
1782330300000,2026-06-24 19:45:00,65.87,65.9,65.77,65.8,895.276
1782330600000,2026-06-24 19:50:00,65.83,66.19,65.83,66.06,1088.718
1782330900000,2026-06-24 19:55:00,66.11,66.22,66.0,66.19,932.014
1782331200000,2026-06-24 20:00:00,66.19,66.94,65.95,66.85,2153.449
1782331500000,2026-06-24 20:05:00,66.85,67.22,66.71,67.2,89.221
1782331800000,2026-06-24 20:10:00,67.2,67.35,67.14,67.22,168.768
1782332100000,2026-06-24 20:15:00,67.25,67.44,67.15,67.37,236.466
1782332400000,2026-06-24 20:20:00,67.37,67.5,67.29,67.42,470.465
1782332700000,2026-06-24 20:25:00,67.35,67.61,67.34,67.49,590.577
1782333000000,2026-06-24 20:30:00,67.5,67.64,67.41,67.49,1676.25
1782333300000,2026-06-24 20:35:00,67.34,67.59,67.34,67.52,963.103
1782333600000,2026-06-24 20:40:00,67.54,67.61,67.51,67.58,596.141
1782333900000,2026-06-24 20:45:00,67.56,67.91,67.54,67.91,828.945
1782334200000,2026-06-24 20:50:00,67.91,68.0,67.7,67.75,341.361
1782334500000,2026-06-24 20:55:00,67.71,67.75,67.62,67.67,25.25
1782334800000,2026-06-24 21:00:00,67.7,67.73,67.42,67.45,1685.743
1782335100000,2026-06-24 21:05:00,67.46,67.46,67.31,67.36,638.698
1782335400000,2026-06-24 21:10:00,67.37,67.51,67.26,67.33,864.931
1782335700000,2026-06-24 21:15:00,67.31,67.51,67.25,67.5,55.431
1782336000000,2026-06-24 21:20:00,67.48,67.5,67.4,67.41,24.613
1782336300000,2026-06-24 21:25:00,67.43,67.56,67.43,67.56,117.236
1782336600000,2026-06-24 21:30:00,67.56,67.58,67.48,67.56,839.537
1782336900000,2026-06-24 21:35:00,67.53,67.86,67.52,67.82,943.243
1782337200000,2026-06-24 21:40:00,67.85,67.91,67.82,67.83,795.345
1782337500000,2026-06-24 21:45:00,67.84,67.95,67.84,67.88,2476.129
1782337800000,2026-06-24 21:50:00,67.87,67.87,67.79,67.79,334.156
1782338100000,2026-06-24 21:55:00,67.81,68.1,67.81,68.1,71.545
1782338400000,2026-06-24 22:00:00,68.11,68.46,68.1,68.24,365.065
1782338700000,2026-06-24 22:05:00,68.2,68.21,68.11,68.11,165.991
1782339000000,2026-06-24 22:10:00,68.11,68.22,68.08,68.1,33.549
1782339300000,2026-06-24 22:15:00,68.02,68.06,67.86,67.87,452.023
1782339600000,2026-06-24 22:20:00,67.88,67.98,67.87,67.91,463.855
1782339900000,2026-06-24 22:25:00,67.93,67.93,67.85,67.85,479.409
1782340200000,2026-06-24 22:30:00,67.86,67.99,67.86,67.95,913.079
1782340500000,2026-06-24 22:35:00,67.9,67.98,67.85,67.85,388.162
1782340800000,2026-06-24 22:40:00,67.82,67.82,67.79,67.8,383.896
1782341100000,2026-06-24 22:45:00,67.93,67.94,67.73,67.74,548.637
1782341400000,2026-06-24 22:50:00,67.75,67.87,67.75,67.86,4.506
1782341700000,2026-06-24 22:55:00,67.88,67.88,67.83,67.83,905.45
1782342000000,2026-06-24 23:00:00,67.84,67.84,67.77,67.82,252.623
1782342300000,2026-06-24 23:05:00,67.9,67.91,67.84,67.85,431.571
1782342600000,2026-06-24 23:10:00,67.82,67.9,67.81,67.87,743.749
1782342900000,2026-06-24 23:15:00,67.88,67.91,67.85,67.87,131.966
1782343200000,2026-06-24 23:20:00,67.85,68.13,67.84,68.12,527.511
1782343500000,2026-06-24 23:25:00,68.11,68.18,67.99,68.01,1705.008
1782343800000,2026-06-24 23:30:00,67.99,68.09,67.97,68.07,2207.398
1782344100000,2026-06-24 23:35:00,68.09,68.11,68.02,68.02,525.467
1782344400000,2026-06-24 23:40:00,68.01,68.02,67.95,68.0,261.252
1782344700000,2026-06-24 23:45:00,68.05,68.16,68.02,68.02,1193.385
1782345000000,2026-06-24 23:50:00,67.99,68.06,67.91,68.06,1174.904
1782345300000,2026-06-24 23:55:00,68.07,68.12,68.05,68.08,670.642
1782345600000,2026-06-25 00:00:00,68.09,68.15,68.03,68.15,1640.52
1782345900000,2026-06-25 00:05:00,68.14,68.28,68.14,68.2,939.323
1782346200000,2026-06-25 00:10:00,68.16,68.27,68.1,68.13,1525.21
1782346500000,2026-06-25 00:15:00,68.14,68.19,67.98,68.0,1649.626
1782346800000,2026-06-25 00:20:00,67.98,68.16,67.98,68.02,2226.967
1782347100000,2026-06-25 00:25:00,68.0,68.0,67.92,67.96,704.313
1782347400000,2026-06-25 00:30:00,67.93,67.98,67.89,67.94,2647.28
1782347700000,2026-06-25 00:35:00,67.93,67.93,67.82,67.85,727.206
1782348000000,2026-06-25 00:40:00,67.83,67.89,67.79,67.79,890.75
1782348300000,2026-06-25 00:45:00,67.8,67.82,67.68,67.79,818.663
1782348600000,2026-06-25 00:50:00,67.79,67.91,67.79,67.8,540.812
1782348900000,2026-06-25 00:55:00,67.79,67.79,67.6,67.65,1372.547
1782349200000,2026-06-25 01:00:00,67.67,67.78,67.56,67.59,1135.111
1782349500000,2026-06-25 01:05:00,67.58,67.67,67.48,67.51,1081.158
1782349800000,2026-06-25 01:10:00,67.49,67.54,67.49,67.52,886.21
1782350100000,2026-06-25 01:15:00,67.52,67.6,67.42,67.49,1904.446
1782350400000,2026-06-25 01:20:00,67.51,67.73,67.51,67.7,1023.586
1782350700000,2026-06-25 01:25:00,67.68,67.68,67.6,67.65,761.137
1782351000000,2026-06-25 01:30:00,67.63,67.72,67.63,67.63,970.52
1782351300000,2026-06-25 01:35:00,67.62,67.75,67.62,67.75,956.1
1782351600000,2026-06-25 01:40:00,67.76,67.79,67.73,67.76,1626.018
1782351900000,2026-06-25 01:45:00,67.77,67.86,67.76,67.86,239.762
1782352200000,2026-06-25 01:50:00,67.86,67.96,67.86,67.92,916.07
1782352500000,2026-06-25 01:55:00,67.92,67.99,67.87,67.87,374.578
1782352800000,2026-06-25 02:00:00,67.9,67.94,67.83,67.89,1481.554
1782353100000,2026-06-25 02:05:00,67.88,67.88,67.82,67.83,272.164
1782353400000,2026-06-25 02:10:00,67.8,67.8,67.67,67.69,841.084
1782353700000,2026-06-25 02:15:00,67.67,67.79,67.64,67.79,316.218
1782354000000,2026-06-25 02:20:00,67.86,67.9,67.77,67.77,1222.522
1782354300000,2026-06-25 02:25:00,67.76,67.88,67.75,67.88,618.381
1782354600000,2026-06-25 02:30:00,67.89,67.89,67.8,67.83,456.589
1782354900000,2026-06-25 02:35:00,67.83,67.9,67.82,67.83,389.293
1782355200000,2026-06-25 02:40:00,67.85,67.87,67.66,67.66,506.279
1782355500000,2026-06-25 02:45:00,67.67,67.72,67.64,67.7,483.301
1782355800000,2026-06-25 02:50:00,67.7,67.7,67.66,67.7,1397.167
1782356100000,2026-06-25 02:55:00,67.68,67.76,67.68,67.76,375.848
1782356400000,2026-06-25 03:00:00,67.75,67.86,67.75,67.76,1494.063
1782356700000,2026-06-25 03:05:00,67.76,67.82,67.71,67.78,979.441
1782357000000,2026-06-25 03:10:00,67.77,67.77,67.6,67.61,586.452
1782357300000,2026-06-25 03:15:00,67.61,67.68,67.54,67.68,1174.418
1782357600000,2026-06-25 03:20:00,67.68,67.69,67.62,67.66,529.686
1782357900000,2026-06-25 03:25:00,67.65,67.69,67.62,67.66,230.966
1782358200000,2026-06-25 03:30:00,67.66,67.76,67.64,67.68,1066.06
1782358500000,2026-06-25 03:35:00,67.68,67.68,67.55,67.55,725.79
1782358800000,2026-06-25 03:40:00,67.55,67.63,67.55,67.55,356.678
1782359100000,2026-06-25 03:45:00,67.52,67.63,67.52,67.63,575.074
1782359400000,2026-06-25 03:50:00,67.62,67.71,67.62,67.71,528.111
1782359700000,2026-06-25 03:55:00,67.71,67.73,67.65,67.73,258.618
1782360000000,2026-06-25 04:00:00,67.7,67.73,67.6,67.69,1763.663
1782360300000,2026-06-25 04:05:00,67.69,67.71,67.63,67.67,617.573
1782360600000,2026-06-25 04:10:00,67.67,67.67,67.59,67.59,231.867
1782360900000,2026-06-25 04:15:00,67.6,67.61,67.57,67.61,802.364
1782361200000,2026-06-25 04:20:00,67.62,67.7,67.6,67.69,584.516
1782361500000,2026-06-25 04:25:00,67.68,67.68,67.62,67.63,505.152
1782361800000,2026-06-25 04:30:00,67.63,67.64,67.5,67.54,229.856
1782362100000,2026-06-25 04:35:00,67.55,67.72,67.55,67.7,513.088
1782362400000,2026-06-25 04:40:00,67.72,67.8,67.65,67.8,588.705
1782362700000,2026-06-25 04:45:00,67.81,68.05,67.81,68.05,1216.134
1782363000000,2026-06-25 04:50:00,68.05,68.26,68.05,68.25,912.952
1782363300000,2026-06-25 04:55:00,68.23,68.49,68.23,68.47,1190.955
1782363600000,2026-06-25 05:00:00,68.46,68.82,68.36,68.75,2128.332
1782363900000,2026-06-25 05:05:00,68.76,69.07,68.72,69.07,1385.192
1782364200000,2026-06-25 05:10:00,69.07,69.07,68.91,69.02,1663.567
1782364500000,2026-06-25 05:15:00,69.03,69.03,68.86,68.95,1209.525
1782364800000,2026-06-25 05:20:00,68.95,69.22,68.89,69.14,1147.007
1782365100000,2026-06-25 05:25:00,69.14,69.14,68.98,69.06,1212.055
1782365400000,2026-06-25 05:30:00,69.06,69.23,69.06,69.23,948.827
1782365700000,2026-06-25 05:35:00,69.24,69.29,69.11,69.11,1042.796
1782366000000,2026-06-25 05:40:00,69.11,69.11,69.03,69.03,131.136
1782366300000,2026-06-25 05:45:00,69.01,69.07,68.96,69.05,961.683
1782366600000,2026-06-25 05:50:00,69.07,69.17,69.06,69.11,615.144
1782366900000,2026-06-25 05:55:00,69.11,69.16,69.04,69.04,1039.535
1782367200000,2026-06-25 06:00:00,69.03,69.17,69.03,69.05,1036.194
1782367500000,2026-06-25 06:05:00,69.05,69.16,69.03,69.15,513.005
1782367800000,2026-06-25 06:10:00,69.18,69.27,69.18,69.25,223.328
1782368100000,2026-06-25 06:15:00,69.25,69.59,69.2,69.44,1799.112
1782368400000,2026-06-25 06:20:00,69.47,69.47,69.29,69.34,1591.218
1782368700000,2026-06-25 06:25:00,69.34,69.35,69.22,69.25,827.477
1782369000000,2026-06-25 06:30:00,69.25,69.41,69.25,69.41,525.652
1782369300000,2026-06-25 06:35:00,69.44,69.45,69.3,69.45,1504.226
1782369600000,2026-06-25 06:40:00,69.46,69.47,69.39,69.4,739.95
1782369900000,2026-06-25 06:45:00,69.41,69.45,69.41,69.42,255.689
1782370200000,2026-06-25 06:50:00,69.48,69.53,69.45,69.47,436.102
1782370500000,2026-06-25 06:55:00,69.47,69.59,69.46,69.46,2042.851
1782370800000,2026-06-25 07:00:00,69.51,69.55,69.3,69.33,1120.869
1782371100000,2026-06-25 07:05:00,69.34,69.39,69.28,69.38,282.945
1782371400000,2026-06-25 07:10:00,69.37,69.42,69.32,69.34,639.423
1782371700000,2026-06-25 07:15:00,69.34,69.52,69.31,69.38,683.429
1782372000000,2026-06-25 07:20:00,69.38,69.41,69.34,69.41,1246.767
1782372300000,2026-06-25 07:25:00,69.42,69.42,69.34,69.34,220.729
1782372600000,2026-06-25 07:30:00,69.37,69.48,69.36,69.42,649.577
1782372900000,2026-06-25 07:35:00,69.4,69.44,69.35,69.44,75.227
1782373200000,2026-06-25 07:40:00,69.46,69.49,69.46,69.49,237.175
1782373500000,2026-06-25 07:45:00,69.44,69.44,69.27,69.36,2006.369
1782373800000,2026-06-25 07:50:00,69.37,69.42,69.33,69.42,496.57
1782374100000,2026-06-25 07:55:00,69.41,69.49,69.38,69.44,327.582
1782374400000,2026-06-25 08:00:00,69.44,69.45,69.33,69.34,889.149
1782374700000,2026-06-25 08:05:00,69.32,69.33,69.27,69.27,152.13
1782375000000,2026-06-25 08:10:00,69.3,69.33,69.3,69.33,192.68
1782375300000,2026-06-25 08:15:00,69.25,69.25,69.16,69.16,191.503
1782375600000,2026-06-25 08:20:00,69.17,69.17,69.08,69.08,445.932
1782375900000,2026-06-25 08:25:00,69.07,69.14,69.02,69.14,708.75
1782376200000,2026-06-25 08:30:00,69.12,69.12,69.04,69.04,263.75
1782376500000,2026-06-25 08:35:00,69.04,69.1,69.02,69.02,455.6
1782376800000,2026-06-25 08:40:00,69.03,69.2,69.0,69.2,1100.237
1782377100000,2026-06-25 08:45:00,69.2,69.21,69.11,69.11,1199.218
1782377400000,2026-06-25 08:50:00,69.14,69.14,69.07,69.08,359.533
1782377700000,2026-06-25 08:55:00,69.09,69.09,69.0,69.03,383.675
1782378000000,2026-06-25 09:00:00,69.03,69.16,69.02,69.16,1121.01
1782378300000,2026-06-25 09:05:00,69.13,69.14,69.04,69.11,786.14
1782378600000,2026-06-25 09:10:00,69.11,69.18,69.11,69.14,337.707
1782378900000,2026-06-25 09:15:00,69.15,69.18,69.07,69.07,777.072
1782379200000,2026-06-25 09:20:00,69.08,69.08,68.88,68.89,697.745
1782379500000,2026-06-25 09:25:00,68.88,68.99,68.87,68.96,341.672
1782379800000,2026-06-25 09:30:00,68.96,69.04,68.88,68.97,1357.177
1782380100000,2026-06-25 09:35:00,68.96,69.02,68.92,68.95,697.644
1782380400000,2026-06-25 09:40:00,68.95,68.97,68.93,68.94,235.761
1782380700000,2026-06-25 09:45:00,68.95,68.97,68.93,68.93,303.145
1782381000000,2026-06-25 09:50:00,68.93,69.0,68.93,68.95,620.52
1782381300000,2026-06-25 09:55:00,68.93,68.93,68.81,68.83,519.755
1782381600000,2026-06-25 10:00:00,68.83,68.85,68.82,68.83,525.729
1782381900000,2026-06-25 10:05:00,68.82,68.83,68.76,68.82,1594.208
1782382200000,2026-06-25 10:10:00,68.8,68.82,68.75,68.81,650.098
1782382500000,2026-06-25 10:15:00,68.83,68.88,68.76,68.76,580.735
1782382800000,2026-06-25 10:20:00,68.75,68.77,68.61,68.61,1251.242
1782383100000,2026-06-25 10:25:00,68.59,68.59,68.53,68.56,606.651
1782383400000,2026-06-25 10:30:00,68.55,68.59,68.51,68.51,537.942
1782383700000,2026-06-25 10:35:00,68.53,68.54,68.49,68.49,514.219
1782384000000,2026-06-25 10:40:00,68.48,68.48,68.34,68.34,961.19
1782384300000,2026-06-25 10:45:00,68.32,68.34,68.18,68.33,1719.144
1782384600000,2026-06-25 10:50:00,68.31,68.39,68.31,68.34,1587.653
1782384900000,2026-06-25 10:55:00,68.33,68.36,68.27,68.28,277.288
1782385200000,2026-06-25 11:00:00,68.29,68.36,68.17,68.2,746.526
1782385500000,2026-06-25 11:05:00,68.18,68.18,68.01,68.01,522.709
1782385800000,2026-06-25 11:10:00,68.02,68.36,68.02,68.36,411.931
1782386100000,2026-06-25 11:15:00,68.36,68.41,68.2,68.23,863.183
1782386400000,2026-06-25 11:20:00,68.22,68.25,68.17,68.17,365.714
1782386700000,2026-06-25 11:25:00,68.15,68.15,68.11,68.11,621.03
1782387000000,2026-06-25 11:30:00,68.13,68.17,68.13,68.15,166.251
1782387300000,2026-06-25 11:35:00,68.18,68.29,68.18,68.22,319.034
1782387600000,2026-06-25 11:40:00,68.24,68.31,68.22,68.23,274.819
1782387900000,2026-06-25 11:45:00,68.2,68.22,68.05,68.05,898.343
1782388200000,2026-06-25 11:50:00,68.04,68.09,68.02,68.07,814.952
1782388500000,2026-06-25 11:55:00,68.09,68.18,68.09,68.17,178.439
1782388800000,2026-06-25 12:00:00,68.18,68.25,68.11,68.17,1634.288
1782389100000,2026-06-25 12:05:00,68.19,68.26,68.15,68.25,830.35
1782389400000,2026-06-25 12:10:00,68.24,68.24,68.09,68.12,533.81
1782389700000,2026-06-25 12:15:00,68.12,68.15,68.01,68.05,1556.748
1782390000000,2026-06-25 12:20:00,68.04,68.12,68.03,68.09,742.144
1782390300000,2026-06-25 12:25:00,68.1,68.16,67.82,67.87,898.071
1782390600000,2026-06-25 12:30:00,67.87,69.02,67.87,68.48,1126.769
1782390900000,2026-06-25 12:35:00,68.51,68.52,68.36,68.41,798.627
1782391200000,2026-06-25 12:40:00,68.39,68.44,68.32,68.38,1035.976
1782391500000,2026-06-25 12:45:00,68.36,68.51,68.31,68.48,1227.857
1782391800000,2026-06-25 12:50:00,68.48,68.49,68.36,68.36,553.071
1782392100000,2026-06-25 12:55:00,68.34,68.37,68.2,68.27,736.098
1782392400000,2026-06-25 13:00:00,68.3,68.37,68.24,68.28,1209.757
1782392700000,2026-06-25 13:05:00,68.26,68.26,68.11,68.2,544.997
1782393000000,2026-06-25 13:10:00,68.21,68.42,68.21,68.37,803.628
1782393300000,2026-06-25 13:15:00,68.35,68.39,68.3,68.36,561.736
1782393600000,2026-06-25 13:20:00,68.37,68.37,68.24,68.24,1358.716
1782393900000,2026-06-25 13:25:00,68.23,68.25,68.17,68.21,718.299
1782394200000,2026-06-25 13:30:00,68.21,68.25,67.75,67.94,1895.202
1782394500000,2026-06-25 13:35:00,67.82,67.91,67.44,67.45,1673.606
1782394800000,2026-06-25 13:40:00,67.42,67.42,66.54,66.54,2420.393
1782395100000,2026-06-25 13:45:00,66.54,66.67,65.4,65.89,1704.678
1782395400000,2026-06-25 13:50:00,65.87,65.96,64.82,64.82,1435.276
1782395700000,2026-06-25 13:55:00,64.83,65.06,64.11,64.12,2209.663
1782396000000,2026-06-25 14:00:00,64.12,65.41,64.12,65.12,2305.962
1782396300000,2026-06-25 14:05:00,65.12,65.95,65.12,65.92,1760.16
1782396600000,2026-06-25 14:10:00,65.97,66.26,65.93,65.93,1483.988
1782396900000,2026-06-25 14:15:00,65.88,66.03,65.28,65.59,1692.826
1782397200000,2026-06-25 14:20:00,65.67,66.25,65.67,65.69,1593.778
1782397500000,2026-06-25 14:25:00,65.69,66.02,65.68,65.75,1526.563
1782397800000,2026-06-25 14:30:00,65.74,67.12,65.61,66.72,2372.943
1782398100000,2026-06-25 14:35:00,66.74,66.75,66.08,66.36,1838.942
1782398400000,2026-06-25 14:40:00,66.3,66.3,66.01,66.1,1261.1
1782398700000,2026-06-25 14:45:00,66.09,66.23,66.02,66.23,1666.885
1782399000000,2026-06-25 14:50:00,66.16,66.69,66.16,66.63,3641.614
1782399300000,2026-06-25 14:55:00,66.66,66.68,66.34,66.47,1885.272
1782399600000,2026-06-25 15:00:00,66.37,66.37,65.91,66.08,1248.576
1782399900000,2026-06-25 15:05:00,66.21,66.22,65.97,66.06,1764.176
1782400200000,2026-06-25 15:10:00,66.05,66.05,65.76,65.81,1165.169
1782400500000,2026-06-25 15:15:00,65.76,65.95,65.3,65.95,1813.096
1782400800000,2026-06-25 15:20:00,65.79,65.97,65.69,65.96,1438.591
1782401100000,2026-06-25 15:25:00,65.99,65.99,65.84,65.89,2059.663
1782401400000,2026-06-25 15:30:00,65.87,65.99,65.77,65.84,694.77
1782401700000,2026-06-25 15:35:00,65.81,66.18,65.8,65.92,1329.252
1782402000000,2026-06-25 15:40:00,65.88,65.92,65.68,65.76,1150.122
1782402300000,2026-06-25 15:45:00,65.76,65.98,65.75,65.84,782.648
1782402600000,2026-06-25 15:50:00,65.82,66.08,65.82,66.03,900.203
1782402900000,2026-06-25 15:55:00,66.07,66.34,66.06,66.31,1136.949
1782403200000,2026-06-25 16:00:00,66.31,66.47,66.3,66.39,1198.157
1782403500000,2026-06-25 16:05:00,66.4,67.0,66.31,67.0,1006.972
1782403800000,2026-06-25 16:10:00,67.01,67.04,66.62,66.66,1194.626
1782404100000,2026-06-25 16:15:00,66.68,66.72,66.53,66.63,648.317
1782404400000,2026-06-25 16:20:00,66.69,66.7,66.52,66.59,1119.432
1782404700000,2026-06-25 16:25:00,66.65,66.73,66.6,66.7,874.964
1782405000000,2026-06-25 16:30:00,66.7,66.7,66.19,66.22,1257.324
1782405300000,2026-06-25 16:35:00,66.22,66.41,66.15,66.16,691.118
1782405600000,2026-06-25 16:40:00,66.22,66.24,66.01,66.01,877.043
1782405900000,2026-06-25 16:45:00,66.0,66.0,65.66,65.86,1141.649
1782406200000,2026-06-25 16:50:00,65.91,65.96,65.84,65.89,593.744
1782406500000,2026-06-25 16:55:00,65.86,65.98,65.79,65.98,617.911
1782406800000,2026-06-25 17:00:00,65.99,66.07,65.86,65.86,1092.313
1782407100000,2026-06-25 17:05:00,65.85,66.08,65.83,66.08,642.154
1782407400000,2026-06-25 17:10:00,66.11,66.5,66.11,66.5,1430.987
1782407700000,2026-06-25 17:15:00,66.42,66.8,66.42,66.72,1519.699
1782408000000,2026-06-25 17:20:00,66.66,66.91,66.55,66.81,1894.799
1782408300000,2026-06-25 17:25:00,66.82,67.34,66.82,67.33,2313.47
1782408600000,2026-06-25 17:30:00,67.31,67.34,66.95,66.96,1186.27
1782408900000,2026-06-25 17:35:00,67.01,67.2,67.01,67.14,1169.704
1782409200000,2026-06-25 17:40:00,67.13,67.24,66.98,66.98,1567.395
1782409500000,2026-06-25 17:45:00,66.95,66.95,66.78,66.78,1268.223
1782409800000,2026-06-25 17:50:00,66.79,66.97,66.71,66.95,1695.853
1782410100000,2026-06-25 17:55:00,66.95,67.11,66.8,67.11,2050.444
1782410400000,2026-06-25 18:00:00,67.12,67.12,66.76,66.82,1258.242
1782410700000,2026-06-25 18:05:00,66.85,66.85,66.62,66.78,919.563
1782411000000,2026-06-25 18:10:00,66.73,66.73,66.11,66.14,2596.996
1782411300000,2026-06-25 18:15:00,66.14,66.66,66.08,66.62,921.308
1782411600000,2026-06-25 18:20:00,66.61,66.61,66.33,66.35,1443.375
1782411900000,2026-06-25 18:25:00,66.37,66.57,66.37,66.55,681.163
1782412200000,2026-06-25 18:30:00,66.55,66.55,66.05,66.05,921.938
1782412500000,2026-06-25 18:35:00,66.05,66.11,66.03,66.04,2066.913
1782412800000,2026-06-25 18:40:00,66.04,66.14,66.01,66.09,542.834
1782413100000,2026-06-25 18:45:00,66.08,66.15,65.92,66.15,1080.961
1782413400000,2026-06-25 18:50:00,66.16,66.3,66.05,66.18,3687.285
1782413700000,2026-06-25 18:55:00,66.16,66.27,66.13,66.15,834.581
1782414000000,2026-06-25 19:00:00,66.17,66.17,66.01,66.02,1685.169
1782414300000,2026-06-25 19:05:00,66.01,66.01,65.9,65.9,859.397
1782414600000,2026-06-25 19:10:00,65.96,66.0,65.76,65.84,2725.324
1782414900000,2026-06-25 19:15:00,65.84,65.84,65.83,65.84,2763.425
1782415200000,2026-06-25 19:20:00,65.83,65.84,65.83,65.84,3610.765
1782415500000,2026-06-25 19:25:00,65.84,65.97,65.79,65.97,1445.389
1782415800000,2026-06-25 19:30:00,65.96,66.22,65.96,66.22,932.557
1782416100000,2026-06-25 19:35:00,66.22,66.22,66.02,66.08,899.402
1782416400000,2026-06-25 19:40:00,66.12,66.18,66.08,66.08,955.139
1782416700000,2026-06-25 19:45:00,66.08,66.08,65.99,66.04,193.759
1782417000000,2026-06-25 19:50:00,66.06,66.07,65.87,65.87,553.114
1782417300000,2026-06-25 19:55:00,65.93,66.18,65.93,66.18,194.511
1782417600000,2026-06-25 20:00:00,66.16,66.6,66.16,66.6,1298.908
1782417900000,2026-06-25 20:05:00,66.61,66.62,66.51,66.6,886.142
1782418200000,2026-06-25 20:10:00,66.56,66.56,66.45,66.46,480.544
1782418500000,2026-06-25 20:15:00,66.46,66.72,66.46,66.72,239.75
1782418800000,2026-06-25 20:20:00,66.68,66.73,66.68,66.71,448.107
1782419100000,2026-06-25 20:25:00,66.74,66.8,66.73,66.73,243.729
1782419400000,2026-06-25 20:30:00,66.73,66.73,66.63,66.63,31.367
1782419700000,2026-06-25 20:35:00,66.59,66.63,66.35,66.35,79.154
1782420000000,2026-06-25 20:40:00,66.36,66.45,66.35,66.45,875.427
1782420300000,2026-06-25 20:45:00,66.44,66.44,66.22,66.23,1151.732
1782420600000,2026-06-25 20:50:00,66.19,66.2,66.1,66.1,24.291
1782420900000,2026-06-25 20:55:00,66.09,66.28,66.09,66.28,22.551
1782421200000,2026-06-25 21:00:00,66.27,66.37,66.27,66.34,225.206
1782421500000,2026-06-25 21:05:00,66.42,66.48,66.35,66.48,787.525
1782421800000,2026-06-25 21:10:00,66.47,66.49,66.32,66.44,1969.961
1782422100000,2026-06-25 21:15:00,66.44,66.44,66.4,66.43,292.006
1782422400000,2026-06-25 21:20:00,66.45,66.55,66.45,66.55,17.254
1782422700000,2026-06-25 21:25:00,66.54,66.85,66.51,66.81,2210.549
1782423000000,2026-06-25 21:30:00,66.82,67.07,66.75,67.07,1243.616
1782423300000,2026-06-25 21:35:00,67.08,67.19,66.94,67.01,149.884
1782423600000,2026-06-25 21:40:00,67.01,67.01,66.88,66.95,57.64
1782423900000,2026-06-25 21:45:00,66.96,67.05,66.95,66.97,374.544
1782424200000,2026-06-25 21:50:00,66.97,67.16,66.96,67.16,747.007
1782424500000,2026-06-25 21:55:00,67.16,67.29,67.05,67.25,1071.962
1782424800000,2026-06-25 22:00:00,67.29,67.3,67.19,67.24,327.012
1782425100000,2026-06-25 22:05:00,67.24,67.24,67.13,67.18,618.908
1782425400000,2026-06-25 22:10:00,67.14,67.14,66.96,66.99,1072.96
1782425700000,2026-06-25 22:15:00,66.98,67.16,66.96,67.0,296.065
1782426000000,2026-06-25 22:20:00,67.02,67.05,66.96,67.02,846.901
1782426300000,2026-06-25 22:25:00,67.06,67.09,67.01,67.06,470.522
1782426600000,2026-06-25 22:30:00,67.08,67.18,67.06,67.13,365.05
1782426900000,2026-06-25 22:35:00,67.12,67.26,67.11,67.17,189.632
1782427200000,2026-06-25 22:40:00,67.17,67.19,67.12,67.19,83.542
1782427500000,2026-06-25 22:45:00,67.19,67.29,67.15,67.15,43.432
1782427800000,2026-06-25 22:50:00,67.08,67.14,67.08,67.14,117.007
1782428100000,2026-06-25 22:55:00,67.14,67.18,67.13,67.18,30.638
1782428400000,2026-06-25 23:00:00,67.16,67.26,67.14,67.26,110.293
1782428700000,2026-06-25 23:05:00,67.06,67.06,67.05,67.05,31.062
1782429000000,2026-06-25 23:10:00,67.03,67.17,67.03,67.17,175.481
1782429300000,2026-06-25 23:15:00,67.2,67.48,67.2,67.47,86.26
1782429600000,2026-06-25 23:20:00,67.47,67.71,67.45,67.71,201.872
1782429900000,2026-06-25 23:25:00,67.71,68.44,67.71,68.37,361.95
1782430200000,2026-06-25 23:30:00,68.33,68.73,68.27,68.33,343.788
1782430500000,2026-06-25 23:35:00,68.23,68.23,68.12,68.15,288.37
1782430800000,2026-06-25 23:40:00,68.06,68.06,67.84,67.86,205.239
1782431100000,2026-06-25 23:45:00,67.9,67.91,67.81,67.81,407.85
1782431400000,2026-06-25 23:50:00,67.81,67.81,67.65,67.68,255.832
1782431700000,2026-06-25 23:55:00,67.69,67.72,67.65,67.68,66.27
1782432000000,2026-06-26 00:00:00,67.69,67.81,67.67,67.74,1425.609
1782432300000,2026-06-26 00:05:00,67.76,67.76,67.67,67.71,811.474
1782432600000,2026-06-26 00:10:00,67.83,67.89,67.71,67.87,1135.533
1782432900000,2026-06-26 00:15:00,67.87,68.07,67.87,67.97,1138.62
1782433200000,2026-06-26 00:20:00,67.97,68.09,67.97,67.99,1232.53
1782433500000,2026-06-26 00:25:00,67.99,67.99,67.73,67.89,960.827
1782433800000,2026-06-26 00:30:00,67.95,67.95,67.83,67.84,1505.618
1782434100000,2026-06-26 00:35:00,67.84,67.9,67.77,67.88,668.343
1782434400000,2026-06-26 00:40:00,67.9,68.07,67.88,67.96,583.897
1782434700000,2026-06-26 00:45:00,67.94,67.96,67.85,67.85,1120.881
1782435000000,2026-06-26 00:50:00,67.86,67.92,67.68,67.68,1781.629
1782435300000,2026-06-26 00:55:00,67.68,67.79,67.65,67.79,871.62
1782435600000,2026-06-26 01:00:00,67.76,67.87,67.55,67.56,1132.797
1782435900000,2026-06-26 01:05:00,67.56,67.58,67.48,67.53,883.998
1782436200000,2026-06-26 01:10:00,67.52,67.69,67.52,67.62,586.682
1782436500000,2026-06-26 01:15:00,67.59,67.8,67.58,67.68,1101.14
1782436800000,2026-06-26 01:20:00,67.71,67.77,67.37,67.4,1084.44
1782437100000,2026-06-26 01:25:00,67.42,67.43,67.23,67.23,939.524
1782437400000,2026-06-26 01:30:00,67.22,67.27,67.16,67.21,1103.168
1782437700000,2026-06-26 01:35:00,67.21,67.3,67.14,67.27,635.855
1782438000000,2026-06-26 01:40:00,67.28,67.37,67.24,67.36,1017.774
1782438300000,2026-06-26 01:45:00,67.37,67.4,67.27,67.39,1072.498
1782438600000,2026-06-26 01:50:00,67.41,67.46,67.27,67.29,1379.429
1782438900000,2026-06-26 01:55:00,67.29,67.33,67.2,67.28,1350.464
1782439200000,2026-06-26 02:00:00,67.32,67.32,67.2,67.22,775.759
1782439500000,2026-06-26 02:05:00,67.22,67.26,66.98,66.98,446.157
1782439800000,2026-06-26 02:10:00,67.02,67.05,66.08,66.14,1813.785
1782440100000,2026-06-26 02:15:00,66.14,66.54,66.11,66.29,1145.725
1782440400000,2026-06-26 02:20:00,66.21,66.26,65.93,66.1,1177.381
1782440700000,2026-06-26 02:25:00,66.1,66.69,66.07,66.66,672.493
1782441000000,2026-06-26 02:30:00,66.66,66.79,66.4,66.61,1059.214
1782441300000,2026-06-26 02:35:00,66.66,66.78,66.45,66.56,725.393
1782441600000,2026-06-26 02:40:00,66.57,66.67,66.57,66.65,1456.864
1782441900000,2026-06-26 02:45:00,66.58,66.62,66.37,66.37,299.172
1782442200000,2026-06-26 02:50:00,66.42,66.49,66.09,66.12,1352.018
1782442500000,2026-06-26 02:55:00,66.15,66.23,66.04,66.19,875.964
1782442800000,2026-06-26 03:00:00,66.21,66.47,65.98,66.47,958.374
1782443100000,2026-06-26 03:05:00,66.46,66.67,66.4,66.67,1465.85
1782443400000,2026-06-26 03:10:00,66.67,67.12,66.67,66.95,1314.176
1782443700000,2026-06-26 03:15:00,66.97,67.01,66.83,66.85,853.482
1782444000000,2026-06-26 03:20:00,66.87,66.88,66.54,66.58,1041.546
1782444300000,2026-06-26 03:25:00,66.54,66.98,66.54,66.88,983.85
1782444600000,2026-06-26 03:30:00,66.84,67.0,66.65,66.94,873.492
1782444900000,2026-06-26 03:35:00,66.95,67.36,66.87,67.36,670.716
1782445200000,2026-06-26 03:40:00,67.37,67.53,67.22,67.52,1345.579
1782445500000,2026-06-26 03:45:00,67.57,67.92,67.57,67.87,1401.203
1782445800000,2026-06-26 03:50:00,67.88,68.2,67.87,68.15,1117.697
1782446100000,2026-06-26 03:55:00,68.14,68.46,68.08,68.16,760.128
1782446400000,2026-06-26 04:00:00,68.22,68.22,68.06,68.19,1171.237
1782446700000,2026-06-26 04:05:00,68.11,68.26,68.07,68.08,1140.385
1782447000000,2026-06-26 04:10:00,68.03,68.18,68.0,68.02,910.007
1782447300000,2026-06-26 04:15:00,68.03,68.35,67.99,68.01,1267.179
1782447600000,2026-06-26 04:20:00,68.03,68.13,68.0,68.05,498.276
1782447900000,2026-06-26 04:25:00,68.04,68.17,68.02,68.08,1435.108
1782448200000,2026-06-26 04:30:00,68.11,68.14,68.03,68.03,845.634
1782448500000,2026-06-26 04:35:00,68.03,68.06,68.01,68.04,449.147
1782448800000,2026-06-26 04:40:00,68.07,68.14,68.04,68.14,822.794
1782449100000,2026-06-26 04:45:00,68.16,68.16,68.02,68.02,526.371
1782449400000,2026-06-26 04:50:00,68.02,68.13,68.0,68.05,727.083
1782449700000,2026-06-26 04:55:00,68.03,68.07,68.03,68.05,735.356
1782450000000,2026-06-26 05:00:00,68.07,68.11,68.0,68.01,694.13
1782450300000,2026-06-26 05:05:00,68.01,68.1,68.01,68.09,436.392
1782450600000,2026-06-26 05:10:00,68.07,68.2,68.07,68.18,639.706
1782450900000,2026-06-26 05:15:00,68.23,68.37,68.23,68.35,1506.556
1782451200000,2026-06-26 05:20:00,68.34,68.35,68.04,68.05,713.221
1782451500000,2026-06-26 05:25:00,68.04,68.3,68.04,68.3,765.413
1782451800000,2026-06-26 05:30:00,68.3,68.46,68.26,68.46,368.71
1782452100000,2026-06-26 05:35:00,68.47,68.47,68.3,68.3,275.381
1782452400000,2026-06-26 05:40:00,68.31,68.39,68.27,68.27,794.91
1782452700000,2026-06-26 05:45:00,68.18,68.23,68.1,68.22,382.484
1782453000000,2026-06-26 05:50:00,68.3,68.41,68.29,68.41,611.331
1782453300000,2026-06-26 05:55:00,68.4,68.42,68.32,68.38,1138.0
1782453600000,2026-06-26 06:00:00,68.37,68.38,68.15,68.17,820.367
1782453900000,2026-06-26 06:05:00,68.19,68.19,68.02,68.04,777.652
1782454200000,2026-06-26 06:10:00,68.04,68.13,68.04,68.12,409.753
1782454500000,2026-06-26 06:15:00,68.14,68.63,68.14,68.59,3516.39
1782454800000,2026-06-26 06:20:00,68.61,69.37,68.61,69.2,1859.765
1782455100000,2026-06-26 06:25:00,69.2,69.23,69.05,69.08,1399.391
1782455400000,2026-06-26 06:30:00,69.21,69.21,69.03,69.06,1631.534
1782455700000,2026-06-26 06:35:00,69.06,69.51,69.06,69.46,844.843
1782456000000,2026-06-26 06:40:00,69.46,69.77,69.35,69.77,1849.04
1782456300000,2026-06-26 06:45:00,69.77,69.86,69.64,69.65,1745.429
1782456600000,2026-06-26 06:50:00,69.66,69.77,69.52,69.76,1226.268
1782456900000,2026-06-26 06:55:00,69.76,69.79,69.71,69.77,1002.446
1782457200000,2026-06-26 07:00:00,69.8,70.55,69.8,70.33,1846.821
1782457500000,2026-06-26 07:05:00,70.32,70.75,70.3,70.36,1745.42
1782457800000,2026-06-26 07:10:00,70.37,70.65,70.36,70.63,2084.213
1782458100000,2026-06-26 07:15:00,70.64,70.74,70.53,70.67,1437.827
1782458400000,2026-06-26 07:20:00,70.67,70.68,70.39,70.48,938.916
1782458700000,2026-06-26 07:25:00,70.48,70.62,70.37,70.52,1498.692
1782459000000,2026-06-26 07:30:00,70.51,70.81,70.49,70.64,1531.101
1782459300000,2026-06-26 07:35:00,70.63,70.85,70.56,70.84,1407.743
1782459600000,2026-06-26 07:40:00,70.87,70.99,70.74,70.74,2364.167
1782459900000,2026-06-26 07:45:00,70.73,70.78,70.59,70.64,689.214
1782460200000,2026-06-26 07:50:00,70.63,70.75,70.63,70.75,1249.474
1782460500000,2026-06-26 07:55:00,70.75,70.81,70.69,70.81,1582.83
1782460800000,2026-06-26 08:00:00,70.78,70.85,70.56,70.66,2266.441
1782461100000,2026-06-26 08:05:00,70.66,70.69,70.34,70.34,1311.762
1782461400000,2026-06-26 08:10:00,70.33,70.33,69.97,69.99,1434.925
1782461700000,2026-06-26 08:15:00,69.99,70.12,69.85,69.89,1401.624
1782462000000,2026-06-26 08:20:00,69.88,70.03,69.87,69.97,891.283
1782462300000,2026-06-26 08:25:00,69.97,70.03,69.84,69.9,1046.722
1782462600000,2026-06-26 08:30:00,69.91,69.93,69.73,69.76,1642.115
1782462900000,2026-06-26 08:35:00,69.77,69.89,69.77,69.8,1134.662
1782463200000,2026-06-26 08:40:00,69.8,69.98,69.8,69.86,698.609
1782463500000,2026-06-26 08:45:00,69.86,69.92,69.8,69.81,732.114
1782463800000,2026-06-26 08:50:00,69.8,70.04,69.79,69.9,1870.167
1782464100000,2026-06-26 08:55:00,69.89,69.98,69.75,69.91,3998.256
1782464400000,2026-06-26 09:00:00,69.94,69.95,69.73,69.73,2489.728
1782464700000,2026-06-26 09:05:00,69.73,69.77,69.56,69.65,3216.78
1782465000000,2026-06-26 09:10:00,69.63,69.84,69.61,69.83,696.631
1782465300000,2026-06-26 09:15:00,69.83,69.86,69.7,69.73,1080.762
1782465600000,2026-06-26 09:20:00,69.77,69.88,69.75,69.79,1073.618
1782465900000,2026-06-26 09:25:00,69.8,69.84,69.76,69.77,659.072
1782466200000,2026-06-26 09:30:00,69.79,69.79,69.65,69.73,997.616
1782466500000,2026-06-26 09:35:00,69.73,69.89,69.73,69.74,1496.385
1782466800000,2026-06-26 09:40:00,69.67,69.8,69.57,69.59,1441.049
1782467100000,2026-06-26 09:45:00,69.59,69.63,69.24,69.24,1091.009
1782467400000,2026-06-26 09:50:00,69.18,69.26,68.85,69.18,783.121
1782467700000,2026-06-26 09:55:00,69.22,69.25,69.0,69.03,649.653
1782468000000,2026-06-26 10:00:00,69.01,69.1,68.95,69.05,1225.45
1782468300000,2026-06-26 10:05:00,69.13,69.17,69.02,69.12,1324.827
1782468600000,2026-06-26 10:10:00,69.13,69.15,69.05,69.09,1193.907
1782468900000,2026-06-26 10:15:00,69.14,69.14,69.06,69.07,1126.318
1782469200000,2026-06-26 10:20:00,69.05,69.07,69.01,69.07,256.012
1782469500000,2026-06-26 10:25:00,69.08,69.22,69.08,69.16,878.324
1782469800000,2026-06-26 10:30:00,69.16,69.23,69.09,69.13,1835.578
1782470100000,2026-06-26 10:35:00,69.14,69.16,68.73,68.73,399.455
1782470400000,2026-06-26 10:40:00,68.76,68.96,68.75,68.96,839.039
1782470700000,2026-06-26 10:45:00,68.95,68.97,68.7,68.71,478.794
1782471000000,2026-06-26 10:50:00,68.82,68.85,68.73,68.73,388.291
1782471300000,2026-06-26 10:55:00,68.73,68.85,68.69,68.75,1300.387
1782471600000,2026-06-26 11:00:00,68.78,69.06,68.78,68.96,669.964
1782471900000,2026-06-26 11:05:00,68.96,68.99,68.8,68.81,1058.936
1782472200000,2026-06-26 11:10:00,68.72,68.85,68.71,68.79,1642.873
1782472500000,2026-06-26 11:15:00,68.76,68.76,68.64,68.7,1801.054
1782472800000,2026-06-26 11:20:00,68.65,68.76,68.65,68.74,1132.462
1782473100000,2026-06-26 11:25:00,68.71,68.74,68.54,68.55,717.035
1782473400000,2026-06-26 11:30:00,68.58,68.68,68.58,68.65,885.24
1782473700000,2026-06-26 11:35:00,68.72,68.72,68.68,68.7,342.191
1782474000000,2026-06-26 11:40:00,68.7,68.75,68.58,68.63,1632.565
1782474300000,2026-06-26 11:45:00,68.64,68.65,68.59,68.64,840.27
1782474600000,2026-06-26 11:50:00,68.66,68.66,68.42,68.47,1308.29
1782474900000,2026-06-26 11:55:00,68.47,68.63,68.47,68.59,1213.041
1782475200000,2026-06-26 12:00:00,68.61,68.73,68.6,68.69,2455.616
1782475500000,2026-06-26 12:05:00,68.69,68.89,68.69,68.84,2458.999
1782475800000,2026-06-26 12:10:00,68.87,68.92,68.79,68.85,2353.756
1782476100000,2026-06-26 12:15:00,68.85,69.19,68.85,69.09,2773.515
1782476400000,2026-06-26 12:20:00,69.08,69.09,68.9,69.07,1725.013
1782476700000,2026-06-26 12:25:00,69.07,69.21,69.07,69.19,1331.133
1782477000000,2026-06-26 12:30:00,69.24,69.67,69.14,69.46,3563.19
1782477300000,2026-06-26 12:35:00,69.47,69.47,68.94,68.94,2474.955
1782477600000,2026-06-26 12:40:00,68.94,68.95,68.43,68.6,4251.207
1782477900000,2026-06-26 12:45:00,68.6,69.17,68.57,68.87,2802.649
1782478200000,2026-06-26 12:50:00,68.9,69.06,68.88,69.02,3035.864
1782478500000,2026-06-26 12:55:00,69.02,69.05,68.91,68.93,2509.634
1782478800000,2026-06-26 13:00:00,68.92,68.93,68.82,68.85,2463.593
1782479100000,2026-06-26 13:05:00,68.84,68.93,68.73,68.74,2910.323
1782479400000,2026-06-26 13:10:00,68.7,69.31,68.66,68.94,2822.03
1782479700000,2026-06-26 13:15:00,68.93,69.01,68.35,68.36,3587.179
1782480000000,2026-06-26 13:20:00,68.36,68.77,68.36,68.63,3391.065
1782480300000,2026-06-26 13:25:00,68.64,68.81,68.62,68.75,2628.217
1782480600000,2026-06-26 13:30:00,68.75,69.13,68.69,68.89,4919.075
1782480900000,2026-06-26 13:35:00,68.92,69.41,68.91,69.25,6625.239
1782481200000,2026-06-26 13:40:00,69.25,69.67,69.25,69.65,4281.237
1782481500000,2026-06-26 13:45:00,69.65,69.94,69.48,69.61,3441.649
1782481800000,2026-06-26 13:50:00,69.64,70.37,69.57,70.36,2924.888
1782482100000,2026-06-26 13:55:00,70.37,70.86,70.36,70.62,5811.416
1782482400000,2026-06-26 14:00:00,70.62,70.8,70.25,70.62,3765.008
1782482700000,2026-06-26 14:05:00,70.62,70.77,70.37,70.77,3617.561
1782483000000,2026-06-26 14:10:00,70.79,71.25,70.69,71.01,4039.245
1782483300000,2026-06-26 14:15:00,71.0,71.38,70.88,71.04,5327.987
1782483600000,2026-06-26 14:20:00,71.04,71.64,71.02,71.6,4842.017
1782483900000,2026-06-26 14:25:00,71.6,71.91,71.43,71.75,4173.969
1782484200000,2026-06-26 14:30:00,71.73,71.84,71.24,71.24,4438.292
1782484500000,2026-06-26 14:35:00,71.23,71.24,70.84,70.96,2793.894
1782484800000,2026-06-26 14:40:00,70.91,71.03,70.71,70.74,3494.963
1782485100000,2026-06-26 14:45:00,70.74,71.1,70.57,71.01,4717.991
1782485400000,2026-06-26 14:50:00,71.01,71.16,70.74,70.74,3798.179
1782485700000,2026-06-26 14:55:00,70.73,70.74,70.39,70.52,3787.029
1782486000000,2026-06-26 15:00:00,70.52,70.67,70.34,70.35,3508.869
1782486300000,2026-06-26 15:05:00,70.37,71.08,70.37,71.08,2824.523
1782486600000,2026-06-26 15:10:00,71.08,71.29,70.79,70.84,2818.116
1782486900000,2026-06-26 15:15:00,70.79,71.12,70.79,71.12,3246.199
1782487200000,2026-06-26 15:20:00,71.12,71.77,71.09,71.76,1902.676
1782487500000,2026-06-26 15:25:00,71.76,71.82,71.36,71.44,3259.076
1782487800000,2026-06-26 15:30:00,71.45,71.65,71.45,71.59,2090.77
1782488100000,2026-06-26 15:35:00,71.59,72.07,71.59,72.07,3641.217
1782488400000,2026-06-26 15:40:00,72.07,72.21,72.07,72.14,2875.567
1782488700000,2026-06-26 15:45:00,72.14,72.14,71.77,72.05,3127.03
1782489000000,2026-06-26 15:50:00,72.05,72.05,71.6,71.85,3634.989
1782489300000,2026-06-26 15:55:00,71.89,72.11,71.87,72.06,3036.79
1782489600000,2026-06-26 16:00:00,72.07,73.23,72.07,72.78,6911.361
1782489900000,2026-06-26 16:05:00,72.77,72.79,72.42,72.51,2150.801
1782490200000,2026-06-26 16:10:00,72.51,72.59,72.4,72.44,2669.935
1782490500000,2026-06-26 16:15:00,72.44,72.68,72.25,72.25,3498.912
1782490800000,2026-06-26 16:20:00,72.29,72.36,72.08,72.24,3318.574
1782491100000,2026-06-26 16:25:00,72.24,72.34,72.18,72.18,3192.869
1782491400000,2026-06-26 16:30:00,72.26,73.0,72.26,73.0,4608.794
1782491700000,2026-06-26 16:35:00,73.01,73.18,72.77,72.82,3802.273
1782492000000,2026-06-26 16:40:00,72.83,72.91,72.61,72.61,3055.474
1782492300000,2026-06-26 16:45:00,72.61,72.82,72.61,72.82,2079.458
1782492600000,2026-06-26 16:50:00,72.78,72.84,72.45,72.51,3586.413
1782492900000,2026-06-26 16:55:00,72.54,72.56,72.48,72.52,1173.449
1782493200000,2026-06-26 17:00:00,72.5,72.64,72.42,72.56,3047.224
1782493500000,2026-06-26 17:05:00,72.56,72.63,72.52,72.6,1487.808
1782493800000,2026-06-26 17:10:00,72.6,72.87,72.6,72.75,2648.922
1782494100000,2026-06-26 17:15:00,72.74,72.75,72.26,72.36,3727.667
1782494400000,2026-06-26 17:20:00,72.36,72.55,72.33,72.48,2311.69
1782494700000,2026-06-26 17:25:00,72.48,72.63,72.39,72.63,2503.808
1782495000000,2026-06-26 17:30:00,72.61,72.78,72.57,72.66,2135.534
1782495300000,2026-06-26 17:35:00,72.55,72.55,72.27,72.39,954.63
1782495600000,2026-06-26 17:40:00,72.38,72.66,72.32,72.64,2065.889
1782495900000,2026-06-26 17:45:00,72.65,72.77,72.63,72.63,2001.46
1782496200000,2026-06-26 17:50:00,72.62,72.68,72.51,72.66,1514.114
1782496500000,2026-06-26 17:55:00,72.65,72.65,72.53,72.61,1426.67
1782496800000,2026-06-26 18:00:00,72.57,72.85,72.56,72.85,2394.843
1782497100000,2026-06-26 18:05:00,72.85,72.93,72.83,72.92,2651.399
1782497400000,2026-06-26 18:10:00,72.89,73.07,72.87,72.97,953.331
1782497700000,2026-06-26 18:15:00,72.94,72.96,72.66,72.66,1823.101
1782498000000,2026-06-26 18:20:00,72.67,72.89,72.67,72.68,2626.129
1782498300000,2026-06-26 18:25:00,72.67,72.79,72.43,72.44,2762.008
1782498600000,2026-06-26 18:30:00,72.44,72.69,72.4,72.66,5857.757
1782498900000,2026-06-26 18:35:00,72.63,72.63,72.62,72.63,982.402
1782499200000,2026-06-26 18:40:00,72.62,72.63,72.62,72.63,3598.992
1782499500000,2026-06-26 18:45:00,72.62,72.63,72.4,72.49,872.838
1782499800000,2026-06-26 18:50:00,72.44,72.58,72.41,72.52,2308.448
1782500100000,2026-06-26 18:55:00,72.49,72.6,72.45,72.58,1558.155
1782500400000,2026-06-26 19:00:00,72.61,72.66,72.49,72.56,2660.035
1782500700000,2026-06-26 19:05:00,72.55,73.13,72.54,73.12,2380.766
1782501000000,2026-06-26 19:10:00,73.13,73.28,73.12,73.22,3505.107
1782501300000,2026-06-26 19:15:00,73.19,73.23,73.12,73.23,1999.183
1782501600000,2026-06-26 19:20:00,73.23,73.39,73.18,73.19,2877.577
1782501900000,2026-06-26 19:25:00,73.19,73.31,73.19,73.31,845.761
1782502200000,2026-06-26 19:30:00,73.33,73.83,73.33,73.8,3071.816
1782502500000,2026-06-26 19:35:00,73.79,73.79,73.57,73.64,2054.905
1782502800000,2026-06-26 19:40:00,73.65,73.89,73.65,73.8,3371.726
1782503100000,2026-06-26 19:45:00,73.73,73.84,73.36,73.37,2297.542
1782503400000,2026-06-26 19:50:00,73.35,73.4,73.22,73.28,2069.98
1782503700000,2026-06-26 19:55:00,73.28,73.5,73.22,73.38,2732.424
1782504000000,2026-06-26 20:00:00,73.39,73.6,73.03,73.34,4266.676
1782504300000,2026-06-26 20:05:00,73.34,73.34,73.01,73.02,2000.585
1782504600000,2026-06-26 20:10:00,73.01,73.07,72.75,72.79,3665.71
1782504900000,2026-06-26 20:15:00,72.8,72.96,72.75,72.87,1990.134
1782505200000,2026-06-26 20:20:00,72.86,72.9,72.76,72.79,1070.166
1782505500000,2026-06-26 20:25:00,72.79,73.05,72.79,73.05,1459.359
1782505800000,2026-06-26 20:30:00,73.05,73.08,72.3,72.36,4252.555
1782506100000,2026-06-26 20:35:00,72.34,72.43,72.23,72.42,2698.048
1782506400000,2026-06-26 20:40:00,72.41,72.42,72.22,72.25,2433.213
1782506700000,2026-06-26 20:45:00,72.25,72.28,72.19,72.28,2413.968
1782507000000,2026-06-26 20:50:00,72.28,72.44,72.22,72.22,1887.822
1782507300000,2026-06-26 20:55:00,72.23,72.27,72.13,72.13,1138.999
1782507600000,2026-06-26 21:00:00,72.16,72.2,71.86,71.87,1108.58
1782507900000,2026-06-26 21:05:00,71.89,71.99,71.85,71.96,1181.195
1782508200000,2026-06-26 21:10:00,71.98,72.01,71.89,71.94,1844.972
1782508500000,2026-06-26 21:15:00,71.97,71.98,71.82,71.92,1608.309
1782508800000,2026-06-26 21:20:00,71.92,72.1,71.92,72.06,1478.283
1782509100000,2026-06-26 21:25:00,72.04,72.26,71.99,72.26,1586.631
1782509400000,2026-06-26 21:30:00,72.26,72.37,72.26,72.31,1246.186
1782509700000,2026-06-26 21:35:00,72.29,72.3,72.11,72.11,869.787
1782510000000,2026-06-26 21:40:00,72.11,72.29,72.04,72.23,3207.025
1782510300000,2026-06-26 21:45:00,72.23,72.26,72.07,72.07,1655.752
1782510600000,2026-06-26 21:50:00,72.09,72.19,72.08,72.16,361.372
1782510900000,2026-06-26 21:55:00,72.13,72.13,71.98,72.01,598.408
1782511200000,2026-06-26 22:00:00,72.01,72.09,71.55,71.58,1533.511
1782511500000,2026-06-26 22:05:00,71.57,71.7,71.57,71.65,1193.047
1782511800000,2026-06-26 22:10:00,71.66,71.88,71.66,71.75,825.615
1782512100000,2026-06-26 22:15:00,71.75,71.87,71.73,71.82,542.371
1782512400000,2026-06-26 22:20:00,71.82,71.83,71.76,71.76,329.91
1782512700000,2026-06-26 22:25:00,71.77,71.77,71.63,71.64,970.324
1782513000000,2026-06-26 22:30:00,71.64,71.67,71.54,71.67,1160.009
1782513300000,2026-06-26 22:35:00,71.69,71.77,71.68,71.75,1272.778
1782513600000,2026-06-26 22:40:00,71.77,71.87,71.77,71.86,389.292
1782513900000,2026-06-26 22:45:00,71.86,71.88,71.75,71.84,995.563
1782514200000,2026-06-26 22:50:00,71.84,71.91,71.76,71.84,835.515
1782514500000,2026-06-26 22:55:00,71.85,71.92,71.81,71.82,1101.236
1782514800000,2026-06-26 23:00:00,71.81,71.96,71.81,71.96,795.877
1782515100000,2026-06-26 23:05:00,71.92,71.93,71.8,71.83,618.264
1782515400000,2026-06-26 23:10:00,71.86,71.92,71.82,71.88,561.457
1782515700000,2026-06-26 23:15:00,71.91,71.92,71.76,71.77,619.908
1782516000000,2026-06-26 23:20:00,71.75,71.85,71.72,71.85,669.199
1782516300000,2026-06-26 23:25:00,71.84,71.85,71.69,71.71,424.679
1782516600000,2026-06-26 23:30:00,71.69,71.91,71.69,71.9,2866.881
1782516900000,2026-06-26 23:35:00,71.91,71.91,71.87,71.89,197.866
1782517200000,2026-06-26 23:40:00,71.88,72.02,71.88,71.96,1660.516
1782517500000,2026-06-26 23:45:00,71.95,72.0,71.94,71.94,77.261
1782517800000,2026-06-26 23:50:00,71.96,71.96,71.91,71.93,232.065
1782518100000,2026-06-26 23:55:00,71.93,71.95,71.91,71.91,49.976
1782518400000,2026-06-27 00:00:00,71.91,72.03,71.89,72.03,726.565
1782518700000,2026-06-27 00:05:00,72.03,72.44,71.95,72.41,4333.303
1782519000000,2026-06-27 00:10:00,72.4,72.45,72.26,72.38,2036.322
1782519300000,2026-06-27 00:15:00,72.38,72.39,72.27,72.31,1455.835
1782519600000,2026-06-27 00:20:00,72.3,72.3,72.12,72.12,1245.338
1782519900000,2026-06-27 00:25:00,72.19,72.19,72.06,72.07,739.975
1782520200000,2026-06-27 00:30:00,72.07,72.07,71.64,71.66,2387.973
1782520500000,2026-06-27 00:35:00,71.68,71.76,71.64,71.74,493.137
1782520800000,2026-06-27 00:40:00,71.74,71.82,71.65,71.68,604.078
1782521100000,2026-06-27 00:45:00,71.67,71.83,71.64,71.82,383.184
1782521400000,2026-06-27 00:50:00,71.83,71.91,71.83,71.87,1052.882
1782521700000,2026-06-27 00:55:00,71.87,71.87,71.81,71.83,40.241
1782522000000,2026-06-27 01:00:00,71.83,71.83,71.63,71.63,673.25
1782522300000,2026-06-27 01:05:00,71.62,71.71,71.61,71.67,566.707
1782522600000,2026-06-27 01:10:00,71.66,71.7,71.64,71.68,560.719
1782522900000,2026-06-27 01:15:00,71.67,71.74,71.64,71.74,490.275
1782523200000,2026-06-27 01:20:00,71.76,71.76,71.65,71.71,599.103
1782523500000,2026-06-27 01:25:00,71.75,71.76,71.7,71.71,978.333
1782523800000,2026-06-27 01:30:00,71.7,71.7,71.5,71.57,1133.652
1782524100000,2026-06-27 01:35:00,71.58,71.65,71.56,71.57,1151.804
1782524400000,2026-06-27 01:40:00,71.57,71.62,71.55,71.6,860.64
1782524700000,2026-06-27 01:45:00,71.59,71.59,71.52,71.59,815.966
1782525000000,2026-06-27 01:50:00,71.59,71.66,71.52,71.53,536.533
1782525300000,2026-06-27 01:55:00,71.51,71.51,71.37,71.44,1328.455
1782525600000,2026-06-27 02:00:00,71.44,71.56,71.41,71.56,412.04
1782525900000,2026-06-27 02:05:00,71.57,71.69,71.52,71.69,1001.833
1782526200000,2026-06-27 02:10:00,71.69,71.85,71.63,71.85,1304.728
1782526500000,2026-06-27 02:15:00,71.84,71.97,71.79,71.82,986.876
1782526800000,2026-06-27 02:20:00,71.82,72.16,71.82,72.16,1518.367
1782527100000,2026-06-27 02:25:00,72.15,72.21,72.12,72.15,1609.331
1782527400000,2026-06-27 02:30:00,72.11,72.11,71.91,72.1,1627.817
1782527700000,2026-06-27 02:35:00,72.07,72.1,71.97,72.1,515.761
1782528000000,2026-06-27 02:40:00,72.1,72.18,72.07,72.09,1004.405
1782528300000,2026-06-27 02:45:00,72.08,72.17,72.03,72.03,484.305
1782528600000,2026-06-27 02:50:00,72.04,72.24,72.02,72.21,991.39
1782528900000,2026-06-27 02:55:00,72.24,72.25,72.16,72.16,287.341
1782529200000,2026-06-27 03:00:00,72.16,72.2,72.0,72.0,1316.795
1782529500000,2026-06-27 03:05:00,72.0,72.04,71.88,71.9,1100.137
1782529800000,2026-06-27 03:10:00,71.89,71.91,71.86,71.86,751.246
1782530100000,2026-06-27 03:15:00,71.85,72.08,71.85,72.08,1468.371
1782530400000,2026-06-27 03:20:00,72.08,72.39,72.08,72.29,2254.269
1782530700000,2026-06-27 03:25:00,72.29,72.29,72.17,72.18,334.215
1782531000000,2026-06-27 03:30:00,72.17,72.21,72.04,72.13,1301.786
1782531300000,2026-06-27 03:35:00,72.13,72.26,72.09,72.25,1512.561
1782531600000,2026-06-27 03:40:00,72.23,72.34,72.19,72.33,602.749
1782531900000,2026-06-27 03:45:00,72.33,72.4,72.29,72.37,850.949
1782532200000,2026-06-27 03:50:00,72.29,72.29,72.24,72.25,676.605
1782532500000,2026-06-27 03:55:00,72.21,72.36,72.21,72.27,1730.103
1782532800000,2026-06-27 04:00:00,72.26,72.34,72.25,72.34,329.321
1782533100000,2026-06-27 04:05:00,72.34,72.48,72.34,72.38,739.624
1782533400000,2026-06-27 04:10:00,72.38,72.43,72.29,72.37,965.785
1782533700000,2026-06-27 04:15:00,72.39,72.39,72.28,72.36,1160.437
1782534000000,2026-06-27 04:20:00,72.32,72.44,72.29,72.43,422.964
1782534300000,2026-06-27 04:25:00,72.43,72.58,72.35,72.35,1094.406
1782534600000,2026-06-27 04:30:00,72.35,72.43,72.29,72.4,709.337
1782534900000,2026-06-27 04:35:00,72.37,72.38,72.24,72.3,469.957
1782535200000,2026-06-27 04:40:00,72.3,72.3,72.19,72.19,1015.783
1782535500000,2026-06-27 04:45:00,72.22,72.23,72.11,72.11,486.565
1782535800000,2026-06-27 04:50:00,72.09,72.09,71.99,71.99,451.925
1782536100000,2026-06-27 04:55:00,71.98,71.99,71.91,71.93,642.049
1782536400000,2026-06-27 05:00:00,71.93,71.98,71.85,71.86,461.771
1782536700000,2026-06-27 05:05:00,71.85,71.98,71.83,71.97,609.201
1782537000000,2026-06-27 05:10:00,71.97,72.03,71.96,72.0,60.666
1782537300000,2026-06-27 05:15:00,72.01,72.01,71.84,71.93,632.023
1782537600000,2026-06-27 05:20:00,71.99,72.0,71.95,71.98,655.806
1782537900000,2026-06-27 05:25:00,72.01,72.03,71.52,71.56,1262.495
1782538200000,2026-06-27 05:30:00,71.55,71.74,71.55,71.73,913.12
1782538500000,2026-06-27 05:35:00,71.74,71.78,71.72,71.73,539.379
1782538800000,2026-06-27 05:40:00,71.72,71.75,71.71,71.71,179.264
1782539100000,2026-06-27 05:45:00,71.72,71.81,71.68,71.74,559.648
1782539400000,2026-06-27 05:50:00,71.74,71.85,71.74,71.78,518.304
1782539700000,2026-06-27 05:55:00,71.78,71.84,71.75,71.83,714.491
1782540000000,2026-06-27 06:00:00,71.83,71.84,71.72,71.77,1342.012
1782540300000,2026-06-27 06:05:00,71.77,71.83,71.77,71.78,463.832
1782540600000,2026-06-27 06:10:00,71.77,71.77,71.65,71.7,775.237
1782540900000,2026-06-27 06:15:00,71.72,71.74,71.66,71.74,176.691
1782541200000,2026-06-27 06:20:00,71.8,71.87,71.8,71.87,1131.494
1782541500000,2026-06-27 06:25:00,71.88,71.92,71.87,71.91,187.958
1782541800000,2026-06-27 06:30:00,71.93,72.15,71.9,72.1,716.265
1782542100000,2026-06-27 06:35:00,72.09,72.1,72.02,72.04,1126.463
1782542400000,2026-06-27 06:40:00,72.05,72.29,72.05,72.21,1127.013
1782542700000,2026-06-27 06:45:00,72.21,72.31,72.21,72.3,1291.04
1782543000000,2026-06-27 06:50:00,72.28,72.28,72.09,72.14,740.604
1782543300000,2026-06-27 06:55:00,72.17,72.17,72.12,72.12,24.897
1782543600000,2026-06-27 07:00:00,72.13,72.15,72.08,72.08,852.846
1782543900000,2026-06-27 07:05:00,72.1,72.11,72.04,72.04,434.663
1782544200000,2026-06-27 07:10:00,72.04,72.07,72.01,72.05,381.84
1782544500000,2026-06-27 07:15:00,72.06,72.07,72.06,72.07,52.385
1782544800000,2026-06-27 07:20:00,72.09,72.24,72.08,72.19,838.624
1782545100000,2026-06-27 07:25:00,72.18,72.18,72.12,72.13,631.954
1782545400000,2026-06-27 07:30:00,72.14,72.14,72.04,72.09,387.432
1782545700000,2026-06-27 07:35:00,72.07,72.07,72.02,72.04,121.426
1782546000000,2026-06-27 07:40:00,72.05,72.12,72.05,72.12,475.827
1782546300000,2026-06-27 07:45:00,72.12,72.21,72.12,72.16,616.154
1782546600000,2026-06-27 07:50:00,72.17,72.24,72.17,72.22,897.778
1782546900000,2026-06-27 07:55:00,72.26,72.34,72.26,72.3,1071.707
1782547200000,2026-06-27 08:00:00,72.31,72.31,72.21,72.23,398.642
1782547500000,2026-06-27 08:05:00,72.22,72.31,72.2,72.24,500.415
1782547800000,2026-06-27 08:10:00,72.24,72.25,72.18,72.2,149.231
1782548100000,2026-06-27 08:15:00,72.2,72.3,72.06,72.13,1505.69
1782548400000,2026-06-27 08:20:00,72.16,72.18,72.16,72.18,9.893
1782548700000,2026-06-27 08:25:00,72.25,72.28,72.17,72.18,606.803
1782549000000,2026-06-27 08:30:00,72.18,72.19,72.16,72.17,82.453
1782549300000,2026-06-27 08:35:00,72.17,72.18,72.01,72.01,726.13
1782549600000,2026-06-27 08:40:00,72.03,72.03,71.89,71.89,497.824
1782549900000,2026-06-27 08:45:00,71.92,71.95,71.91,71.93,420.206
1782550200000,2026-06-27 08:50:00,71.93,72.12,71.93,72.08,1683.067
1782550500000,2026-06-27 08:55:00,72.07,72.07,72.0,72.05,881.325
1782550800000,2026-06-27 09:00:00,72.04,72.06,71.93,72.05,765.32
1782551100000,2026-06-27 09:05:00,72.04,72.1,72.03,72.04,257.107
1782551400000,2026-06-27 09:10:00,72.04,72.04,71.81,71.81,509.189
1782551700000,2026-06-27 09:15:00,71.79,71.79,71.73,71.74,359.917
1782552000000,2026-06-27 09:20:00,71.79,71.8,71.75,71.75,571.508
1782552300000,2026-06-27 09:25:00,71.76,71.83,71.76,71.8,193.054
1782552600000,2026-06-27 09:30:00,71.79,71.9,71.79,71.84,816.659
1782552900000,2026-06-27 09:35:00,71.84,71.84,71.78,71.8,224.243
1782553200000,2026-06-27 09:40:00,71.78,71.81,71.74,71.74,289.538
1782553500000,2026-06-27 09:45:00,71.76,71.8,71.75,71.8,179.9
1782553800000,2026-06-27 09:50:00,71.77,71.8,71.76,71.77,85.749
1782554100000,2026-06-27 09:55:00,71.76,71.88,71.76,71.87,146.943
1782554400000,2026-06-27 10:00:00,71.87,71.91,71.83,71.87,346.09
1782554700000,2026-06-27 10:05:00,71.88,71.9,71.87,71.89,52.516
1782555000000,2026-06-27 10:10:00,71.9,71.95,71.88,71.89,208.441
1782555300000,2026-06-27 10:15:00,71.89,71.93,71.87,71.93,62.123
1782555600000,2026-06-27 10:20:00,71.93,72.05,71.93,72.05,578.01
1782555900000,2026-06-27 10:25:00,72.04,72.05,71.94,71.96,268.052
1782556200000,2026-06-27 10:30:00,71.96,71.96,71.88,71.92,265.522
1782556500000,2026-06-27 10:35:00,71.94,72.04,71.92,72.03,164.159
1782556800000,2026-06-27 10:40:00,72.03,72.03,71.91,71.94,1073.051
1782557100000,2026-06-27 10:45:00,71.93,72.01,71.93,72.0,413.158
1782557400000,2026-06-27 10:50:00,72.01,72.01,71.95,71.98,280.707
1782557700000,2026-06-27 10:55:00,71.98,72.04,71.98,72.03,236.45
1782558000000,2026-06-27 11:00:00,72.04,72.08,72.01,72.05,528.873
1782558300000,2026-06-27 11:05:00,72.04,72.04,71.88,71.88,349.344
1782558600000,2026-06-27 11:10:00,71.91,71.91,71.88,71.9,178.449
1782558900000,2026-06-27 11:15:00,71.9,71.9,71.66,71.69,4928.336
1782559200000,2026-06-27 11:20:00,71.69,71.79,71.69,71.77,100.677
1782559500000,2026-06-27 11:25:00,71.77,71.81,71.55,71.61,1135.502
1782559800000,2026-06-27 11:30:00,71.63,71.7,71.63,71.69,242.708
1782560100000,2026-06-27 11:35:00,71.69,71.69,71.55,71.63,1262.243
1782560400000,2026-06-27 11:40:00,71.63,71.71,71.62,71.71,208.522
1782560700000,2026-06-27 11:45:00,71.7,71.91,71.7,71.85,867.724
1782561000000,2026-06-27 11:50:00,71.85,71.85,71.78,71.8,316.209
1782561300000,2026-06-27 11:55:00,71.82,71.83,71.77,71.8,144.082
1782561600000,2026-06-27 12:00:00,71.79,71.89,71.79,71.82,1079.682
1782561900000,2026-06-27 12:05:00,71.84,71.84,71.72,71.72,158.655
1782562200000,2026-06-27 12:10:00,71.75,71.75,71.64,71.73,678.97
1782562500000,2026-06-27 12:15:00,71.73,71.85,71.73,71.84,220.603
1782562800000,2026-06-27 12:20:00,71.82,71.91,71.81,71.83,398.249
1782563100000,2026-06-27 12:25:00,71.83,71.84,71.78,71.84,59.502
1782563400000,2026-06-27 12:30:00,71.83,71.9,71.78,71.82,536.132
1782563700000,2026-06-27 12:35:00,71.83,71.91,71.83,71.84,327.394
1782564000000,2026-06-27 12:40:00,71.83,71.83,71.77,71.83,211.589
1782564300000,2026-06-27 12:45:00,71.85,71.92,71.81,71.9,457.401
1782564600000,2026-06-27 12:50:00,71.92,72.09,71.92,72.08,486.9
1782564900000,2026-06-27 12:55:00,72.09,72.18,72.09,72.18,777.265
1782565200000,2026-06-27 13:00:00,72.17,72.31,72.13,72.27,807.933
1782565500000,2026-06-27 13:05:00,72.24,72.25,72.19,72.25,816.073
1782565800000,2026-06-27 13:10:00,72.25,72.27,72.24,72.25,743.219
1782566100000,2026-06-27 13:15:00,72.23,72.28,72.18,72.25,612.989
1782566400000,2026-06-27 13:20:00,72.26,72.33,72.21,72.27,530.153
1782566700000,2026-06-27 13:25:00,72.28,72.47,72.28,72.4,776.183
1782567000000,2026-06-27 13:30:00,72.41,72.41,72.35,72.38,186.617
1782567300000,2026-06-27 13:35:00,72.32,72.58,72.32,72.57,1444.483
1782567600000,2026-06-27 13:40:00,72.58,72.58,72.44,72.47,760.374
1782567900000,2026-06-27 13:45:00,72.48,72.49,72.33,72.35,517.466
1782568200000,2026-06-27 13:50:00,72.34,72.46,72.33,72.39,483.851
1782568500000,2026-06-27 13:55:00,72.4,72.4,72.32,72.36,709.19
1782568800000,2026-06-27 14:00:00,72.37,72.37,72.23,72.27,593.713
1782569100000,2026-06-27 14:05:00,72.25,72.41,72.25,72.41,326.95
1782569400000,2026-06-27 14:10:00,72.4,72.67,72.38,72.61,1617.651
1782569700000,2026-06-27 14:15:00,72.62,72.63,72.54,72.58,1366.628
1782570000000,2026-06-27 14:20:00,72.59,72.67,72.57,72.65,764.573
1782570300000,2026-06-27 14:25:00,72.65,72.82,72.65,72.72,1604.601
1782570600000,2026-06-27 14:30:00,72.72,72.82,72.71,72.78,500.371
1782570900000,2026-06-27 14:35:00,72.77,72.79,72.59,72.79,646.595
1782571200000,2026-06-27 14:40:00,72.79,72.86,72.77,72.84,1351.31
1782571500000,2026-06-27 14:45:00,72.85,72.9,72.81,72.81,659.423
1782571800000,2026-06-27 14:50:00,72.8,72.8,72.66,72.67,620.094
1782572100000,2026-06-27 14:55:00,72.69,72.73,72.68,72.71,413.027
1782572400000,2026-06-27 15:00:00,72.73,72.73,72.63,72.65,1532.68
1782572700000,2026-06-27 15:05:00,72.69,72.89,72.69,72.88,913.717
1782573000000,2026-06-27 15:10:00,72.89,73.17,72.85,73.04,1684.726
1782573300000,2026-06-27 15:15:00,73.03,73.03,72.9,72.91,783.962
1782573600000,2026-06-27 15:20:00,72.93,72.93,72.84,72.92,449.263
1782573900000,2026-06-27 15:25:00,72.92,72.99,72.88,72.93,549.327
1782574200000,2026-06-27 15:30:00,72.93,72.94,72.8,72.91,1164.056
1782574500000,2026-06-27 15:35:00,72.87,73.06,72.82,73.0,1174.795
1782574800000,2026-06-27 15:40:00,73.01,73.05,72.98,73.02,696.187
1782575100000,2026-06-27 15:45:00,73.01,73.01,72.88,72.93,599.974
1782575400000,2026-06-27 15:50:00,72.94,72.94,72.77,72.81,547.225
1782575700000,2026-06-27 15:55:00,72.82,72.84,72.74,72.82,360.055
1782576000000,2026-06-27 16:00:00,72.83,72.86,72.71,72.8,1829.953
1782576300000,2026-06-27 16:05:00,72.8,72.99,72.75,72.95,1327.598
1782576600000,2026-06-27 16:10:00,72.94,72.94,72.77,72.77,325.556
1782576900000,2026-06-27 16:15:00,72.75,72.75,72.64,72.64,605.008
1782577200000,2026-06-27 16:20:00,72.64,72.77,72.64,72.67,552.519
1782577500000,2026-06-27 16:25:00,72.67,72.83,72.67,72.83,400.751
1782577800000,2026-06-27 16:30:00,72.82,72.83,72.69,72.78,1705.209
1782578100000,2026-06-27 16:35:00,72.78,72.79,72.66,72.79,711.867
1782578400000,2026-06-27 16:40:00,72.8,72.83,72.75,72.76,1051.915
1782578700000,2026-06-27 16:45:00,72.75,72.81,72.66,72.79,609.976
1782579000000,2026-06-27 16:50:00,72.79,72.8,72.72,72.72,495.325
1782579300000,2026-06-27 16:55:00,72.71,72.72,72.65,72.67,674.232
1782579600000,2026-06-27 17:00:00,72.67,72.67,71.92,71.92,5536.362
1782579900000,2026-06-27 17:05:00,71.92,72.19,71.91,72.06,1913.358
1782580200000,2026-06-27 17:10:00,72.06,72.23,72.06,72.23,303.246
1782580500000,2026-06-27 17:15:00,72.23,72.27,72.04,72.23,1445.957
1782580800000,2026-06-27 17:20:00,72.26,72.3,72.19,72.3,490.55
1782581100000,2026-06-27 17:25:00,72.3,72.3,72.18,72.27,933.414
1782581400000,2026-06-27 17:30:00,72.27,72.31,72.15,72.15,1801.916
1782581700000,2026-06-27 17:35:00,72.17,72.34,72.16,72.24,941.199
1782582000000,2026-06-27 17:40:00,72.25,72.27,72.21,72.26,313.674
1782582300000,2026-06-27 17:45:00,72.26,72.28,72.17,72.2,724.361
1782582600000,2026-06-27 17:50:00,72.2,72.24,72.2,72.24,1051.718
1782582900000,2026-06-27 17:55:00,72.24,72.24,72.23,72.23,2404.491
1782583200000,2026-06-27 18:00:00,72.23,72.24,72.22,72.22,8001.044
1782583500000,2026-06-27 18:05:00,72.22,72.47,59.2,72.16,5891.842
1782583800000,2026-06-27 18:10:00,72.17,72.17,72.05,72.05,282.805
1782584100000,2026-06-27 18:15:00,72.05,72.15,72.04,72.08,72.936
1782584400000,2026-06-27 18:20:00,72.08,72.08,71.82,71.89,1002.438
1782584700000,2026-06-27 18:25:00,71.87,71.91,71.76,71.91,863.842
1782585000000,2026-06-27 18:30:00,71.91,71.99,71.88,71.96,121.804
1782585300000,2026-06-27 18:35:00,71.96,72.03,71.96,72.0,461.178
1782585600000,2026-06-27 18:40:00,72.0,72.02,71.92,71.94,737.29
1782585900000,2026-06-27 18:45:00,71.95,71.95,71.93,71.94,31.76
1782586200000,2026-06-27 18:50:00,71.92,71.96,71.92,71.96,415.906
1782586500000,2026-06-27 18:55:00,71.96,71.98,71.9,71.91,67.486
1782586800000,2026-06-27 19:00:00,71.91,72.01,71.9,71.98,456.016
1782587100000,2026-06-27 19:05:00,71.98,71.98,71.88,71.93,438.627
1782587400000,2026-06-27 19:10:00,71.92,71.95,71.91,71.91,60.828
1782587700000,2026-06-27 19:15:00,71.91,71.91,71.68,71.69,761.979
1782588000000,2026-06-27 19:20:00,71.7,71.73,71.57,71.57,913.899
1782588300000,2026-06-27 19:25:00,71.56,71.56,71.13,71.32,2376.069
1782588600000,2026-06-27 19:30:00,71.32,71.32,70.99,71.1,2056.838
1782588900000,2026-06-27 19:35:00,71.1,71.16,70.99,71.07,1362.289
1782589200000,2026-06-27 19:40:00,71.1,71.16,71.09,71.15,453.385
1782589500000,2026-06-27 19:45:00,71.16,71.23,71.11,71.21,999.455
1782589800000,2026-06-27 19:50:00,71.21,71.22,71.08,71.08,223.11
1782590100000,2026-06-27 19:55:00,71.08,71.15,71.07,71.12,742.613
1782590400000,2026-06-27 20:00:00,71.11,71.22,71.1,71.22,861.157
1782590700000,2026-06-27 20:05:00,71.23,71.27,71.21,71.27,540.074
1782591000000,2026-06-27 20:10:00,71.25,71.28,71.23,71.24,170.113
1782591300000,2026-06-27 20:15:00,71.25,71.3,71.22,71.22,149.561
1782591600000,2026-06-27 20:20:00,71.21,71.26,71.2,71.24,146.827
1782591900000,2026-06-27 20:25:00,71.19,71.24,71.17,71.24,202.028
1782592200000,2026-06-27 20:30:00,71.23,71.29,71.22,71.26,271.772
1782592500000,2026-06-27 20:35:00,71.29,71.29,71.23,71.25,289.591
1782592800000,2026-06-27 20:40:00,71.27,71.27,71.18,71.18,47.782
1782593100000,2026-06-27 20:45:00,71.2,71.35,71.19,71.27,1594.973
1782593400000,2026-06-27 20:50:00,71.25,71.28,71.22,71.22,203.465
1782593700000,2026-06-27 20:55:00,71.23,71.27,71.21,71.27,301.169
1782594000000,2026-06-27 21:00:00,71.28,71.4,71.27,71.36,588.343
1782594300000,2026-06-27 21:05:00,71.37,71.5,71.37,71.46,835.738
1782594600000,2026-06-27 21:10:00,71.45,71.51,71.39,71.49,736.97
1782594900000,2026-06-27 21:15:00,71.5,71.5,71.42,71.46,343.509
1782595200000,2026-06-27 21:20:00,71.47,71.56,71.47,71.47,1495.991
1782595500000,2026-06-27 21:25:00,71.48,71.54,71.47,71.54,174.313
1782595800000,2026-06-27 21:30:00,71.56,71.63,71.54,71.56,2254.686
1782596100000,2026-06-27 21:35:00,71.55,71.55,71.33,71.33,876.48
1782596400000,2026-06-27 21:40:00,71.32,71.32,71.03,71.04,2553.059
1782596700000,2026-06-27 21:45:00,71.05,71.14,71.04,71.13,1098.998
1782597000000,2026-06-27 21:50:00,71.11,71.11,70.81,70.98,1950.374
1782597300000,2026-06-27 21:55:00,70.96,71.01,70.93,70.99,1071.058
1782597600000,2026-06-27 22:00:00,70.98,70.98,70.66,70.77,2526.47
1782597900000,2026-06-27 22:05:00,70.75,70.84,70.72,70.72,1478.025
1782598200000,2026-06-27 22:10:00,70.72,70.86,70.72,70.78,640.972
1782598500000,2026-06-27 22:15:00,70.77,70.77,70.3,70.55,3675.058
1782598800000,2026-06-27 22:20:00,70.57,70.63,70.52,70.59,1005.038
1782599100000,2026-06-27 22:25:00,70.6,70.74,70.58,70.7,818.754
1782599400000,2026-06-27 22:30:00,70.71,70.96,70.7,70.96,1534.333
1782599700000,2026-06-27 22:35:00,70.96,71.05,70.9,71.02,1102.01
1782600000000,2026-06-27 22:40:00,71.01,71.01,70.91,70.91,417.545
1782600300000,2026-06-27 22:45:00,70.9,70.97,70.83,70.97,862.962
1782600600000,2026-06-27 22:50:00,70.95,71.01,70.95,70.99,391.795
1782600900000,2026-06-27 22:55:00,70.98,71.09,70.98,71.09,275.524
1782601200000,2026-06-27 23:00:00,71.09,71.1,71.03,71.03,917.547
1782601500000,2026-06-27 23:05:00,71.03,71.14,71.03,71.04,939.033
1782601800000,2026-06-27 23:10:00,71.04,71.05,70.62,70.62,1489.636
1782602100000,2026-06-27 23:15:00,70.62,70.69,70.56,70.67,1981.093
1782602400000,2026-06-27 23:20:00,70.63,70.63,70.45,70.54,1791.22
1782602700000,2026-06-27 23:25:00,70.53,70.54,70.44,70.48,390.375
1782603000000,2026-06-27 23:30:00,70.49,70.6,70.44,70.6,766.912
1782603300000,2026-06-27 23:35:00,70.62,70.67,70.54,70.66,676.488
1782603600000,2026-06-27 23:40:00,70.66,70.68,70.61,70.62,610.161
1782603900000,2026-06-27 23:45:00,70.62,70.62,70.55,70.56,253.299
1782604200000,2026-06-27 23:50:00,70.55,70.61,70.54,70.55,1216.015
1782604500000,2026-06-27 23:55:00,70.53,70.56,70.47,70.49,551.061
1782604800000,2026-06-28 00:00:00,70.5,70.57,70.47,70.49,1295.46
1782605100000,2026-06-28 00:05:00,70.48,70.64,70.47,70.61,1092.072
1782605400000,2026-06-28 00:10:00,70.6,70.62,70.56,70.61,557.528
1782605700000,2026-06-28 00:15:00,70.63,70.77,70.62,70.72,782.449
1782606000000,2026-06-28 00:20:00,70.72,70.72,70.61,70.66,1939.636
1782606300000,2026-06-28 00:25:00,70.66,70.77,70.64,70.77,127.637
1782606600000,2026-06-28 00:30:00,70.77,70.77,70.64,70.7,637.088
1782606900000,2026-06-28 00:35:00,70.69,70.72,70.61,70.72,375.24
1782607200000,2026-06-28 00:40:00,70.72,70.75,70.69,70.75,129.062
1782607500000,2026-06-28 00:45:00,70.76,70.82,70.72,70.74,356.051
1782607800000,2026-06-28 00:50:00,70.7,70.7,70.63,70.68,436.686
1782608100000,2026-06-28 00:55:00,70.68,70.77,70.68,70.76,283.436
1782608400000,2026-06-28 01:00:00,70.75,70.76,70.54,70.54,849.184
1782608700000,2026-06-28 01:05:00,70.51,70.56,70.46,70.52,1213.731
1782609000000,2026-06-28 01:10:00,70.54,70.59,70.51,70.59,169.919
1782609300000,2026-06-28 01:15:00,70.59,70.69,70.56,70.65,889.964
1782609600000,2026-06-28 01:20:00,70.65,70.76,70.65,70.74,495.036
1782609900000,2026-06-28 01:25:00,70.75,70.82,70.73,70.78,338.416
1782610200000,2026-06-28 01:30:00,70.79,70.79,70.75,70.79,242.847
1782610500000,2026-06-28 01:35:00,70.83,70.86,70.81,70.83,379.469
1782610800000,2026-06-28 01:40:00,70.84,70.88,70.8,70.88,65.818
1782611100000,2026-06-28 01:45:00,70.82,70.86,70.82,70.86,474.372
1782611400000,2026-06-28 01:50:00,70.89,70.93,70.84,70.84,549.247
1782611700000,2026-06-28 01:55:00,70.84,70.87,70.82,70.82,354.929
1782612000000,2026-06-28 02:00:00,70.84,71.01,70.84,71.0,647.709
1782612300000,2026-06-28 02:05:00,70.95,70.95,70.9,70.91,178.292
1782612600000,2026-06-28 02:10:00,70.91,70.99,70.91,70.98,40.078
1782612900000,2026-06-28 02:15:00,70.98,71.0,70.87,70.88,443.587
1782613200000,2026-06-28 02:20:00,70.92,70.93,70.57,70.57,814.54
1782613500000,2026-06-28 02:25:00,70.54,70.78,70.49,70.7,592.468
1782613800000,2026-06-28 02:30:00,70.7,70.72,70.7,70.71,220.043
1782614100000,2026-06-28 02:35:00,70.73,70.81,70.73,70.79,374.186
1782614400000,2026-06-28 02:40:00,70.78,70.8,70.7,70.74,749.129
1782614700000,2026-06-28 02:45:00,70.73,70.78,70.68,70.69,333.005
1782615000000,2026-06-28 02:50:00,70.74,70.78,70.74,70.76,205.79
1782615300000,2026-06-28 02:55:00,70.77,70.78,70.74,70.74,797.751
1782615600000,2026-06-28 03:00:00,70.74,70.93,70.73,70.88,403.896
1782615900000,2026-06-28 03:05:00,70.87,70.88,70.8,70.85,581.818
1782616200000,2026-06-28 03:10:00,70.85,70.97,70.84,70.97,304.219
1782616500000,2026-06-28 03:15:00,70.94,70.94,70.84,70.88,548.386
1782616800000,2026-06-28 03:20:00,70.88,70.91,70.82,70.82,812.85
1782617100000,2026-06-28 03:25:00,70.83,70.83,70.81,70.83,422.47
1782617400000,2026-06-28 03:30:00,70.85,70.92,70.82,70.84,981.353
1782617700000,2026-06-28 03:35:00,70.83,70.87,70.82,70.82,170.297
1782618000000,2026-06-28 03:40:00,70.83,70.86,70.82,70.85,22.908
1782618300000,2026-06-28 03:45:00,70.85,70.91,70.85,70.91,162.734
1782618600000,2026-06-28 03:50:00,70.92,70.92,70.82,70.82,243.436
1782618900000,2026-06-28 03:55:00,70.83,70.88,70.78,70.88,566.956
1782619200000,2026-06-28 04:00:00,70.86,70.87,70.79,70.85,672.079
1782619500000,2026-06-28 04:05:00,70.84,70.87,70.81,70.82,310.084
1782619800000,2026-06-28 04:10:00,70.81,70.82,70.76,70.78,374.916
1782620100000,2026-06-28 04:15:00,70.8,70.8,70.72,70.76,632.844
1782620400000,2026-06-28 04:20:00,70.74,70.82,70.73,70.8,113.639
1782620700000,2026-06-28 04:25:00,70.81,70.85,70.73,70.74,607.057
1782621000000,2026-06-28 04:30:00,70.74,70.74,70.57,70.65,1337.86
1782621300000,2026-06-28 04:35:00,70.62,70.78,70.62,70.78,161.13
1782621600000,2026-06-28 04:40:00,70.78,70.89,70.78,70.88,475.539
1782621900000,2026-06-28 04:45:00,70.88,70.99,70.87,70.92,1421.875
1782622200000,2026-06-28 04:50:00,70.92,70.93,70.84,70.84,700.828
1782622500000,2026-06-28 04:55:00,70.84,70.84,70.75,70.76,576.318
1782622800000,2026-06-28 05:00:00,70.77,70.77,70.49,70.49,1104.489
1782623100000,2026-06-28 05:05:00,70.49,70.59,70.48,70.56,812.326
1782623400000,2026-06-28 05:10:00,70.58,70.6,70.54,70.56,255.164
1782623700000,2026-06-28 05:15:00,70.56,70.62,70.48,70.62,476.871
1782624000000,2026-06-28 05:20:00,70.62,70.62,70.41,70.42,807.322
1782624300000,2026-06-28 05:25:00,70.44,70.44,70.22,70.25,1762.127
1782624600000,2026-06-28 05:30:00,70.24,70.4,70.14,70.4,1655.843
1782624900000,2026-06-28 05:35:00,70.41,70.47,70.41,70.45,737.097
1782625200000,2026-06-28 05:40:00,70.45,70.45,70.41,70.43,306.539
1782625500000,2026-06-28 05:45:00,70.43,70.45,70.41,70.42,550.348
1782625800000,2026-06-28 05:50:00,70.41,70.43,70.38,70.43,866.527
1782626100000,2026-06-28 05:55:00,70.44,70.54,70.43,70.52,1043.849
1782626400000,2026-06-28 06:00:00,70.52,70.56,70.46,70.46,1311.108
1782626700000,2026-06-28 06:05:00,70.46,70.53,70.43,70.52,1192.121
1782627000000,2026-06-28 06:10:00,70.5,70.5,70.22,70.22,1654.883
1782627300000,2026-06-28 06:15:00,70.21,70.41,70.2,70.36,2059.506
1782627600000,2026-06-28 06:20:00,70.38,70.45,70.35,70.41,1154.341
1782627900000,2026-06-28 06:25:00,70.41,70.42,70.36,70.4,1887.651
1782628200000,2026-06-28 06:30:00,70.45,70.49,70.44,70.49,1053.792
1782628500000,2026-06-28 06:35:00,70.49,70.49,70.45,70.45,796.939
1782628800000,2026-06-28 06:40:00,70.46,70.52,70.45,70.45,713.15
1782629100000,2026-06-28 06:45:00,70.45,70.45,70.39,70.45,1814.291
1782629400000,2026-06-28 06:50:00,70.46,70.53,70.46,70.53,614.887
1782629700000,2026-06-28 06:55:00,70.51,70.51,70.45,70.47,591.835
1782630000000,2026-06-28 07:00:00,70.48,70.84,70.44,70.72,1358.54
1782630300000,2026-06-28 07:05:00,70.7,70.75,70.67,70.68,751.514
1782630600000,2026-06-28 07:10:00,70.68,70.77,70.68,70.77,146.424
1782630900000,2026-06-28 07:15:00,70.79,70.79,70.76,70.79,384.249
1782631200000,2026-06-28 07:20:00,70.77,70.79,70.75,70.78,421.224
1782631500000,2026-06-28 07:25:00,70.78,70.78,70.67,70.69,730.849
1782631800000,2026-06-28 07:30:00,70.67,70.77,70.67,70.75,1041.792
1782632100000,2026-06-28 07:35:00,70.76,70.96,70.75,70.92,1184.396
1782632400000,2026-06-28 07:40:00,70.9,70.94,70.85,70.86,743.374
1782632700000,2026-06-28 07:45:00,70.86,70.99,70.84,70.96,892.48
1782633000000,2026-06-28 07:50:00,70.97,71.07,70.96,71.0,716.213
1782633300000,2026-06-28 07:55:00,70.99,71.08,70.98,71.05,351.514
1782633600000,2026-06-28 08:00:00,71.05,71.29,71.04,71.23,1189.882
1782633900000,2026-06-28 08:05:00,71.24,71.24,71.09,71.1,585.88
1782634200000,2026-06-28 08:10:00,71.09,71.13,71.09,71.13,56.368
1782634500000,2026-06-28 08:15:00,71.13,71.28,71.12,71.17,1110.303
1782634800000,2026-06-28 08:20:00,71.16,71.29,71.16,71.22,652.529
1782635100000,2026-06-28 08:25:00,71.22,71.24,71.2,71.23,123.991
1782635400000,2026-06-28 08:30:00,71.23,71.34,71.23,71.34,511.379
1782635700000,2026-06-28 08:35:00,71.35,71.91,71.32,71.89,3425.958
1782636000000,2026-06-28 08:40:00,71.91,72.18,71.89,72.11,4098.536
1782636300000,2026-06-28 08:45:00,72.11,72.16,71.98,72.01,2405.79
1782636600000,2026-06-28 08:50:00,71.97,71.99,71.87,71.87,667.983
1782636900000,2026-06-28 08:55:00,71.92,71.99,71.89,71.93,1826.233
1782637200000,2026-06-28 09:00:00,71.93,71.94,71.69,71.71,1389.456
1782637500000,2026-06-28 09:05:00,71.73,71.85,71.73,71.79,329.043
1782637800000,2026-06-28 09:10:00,71.79,71.9,71.72,71.75,1938.99
1782638100000,2026-06-28 09:15:00,71.75,71.8,71.75,71.77,524.78
1782638400000,2026-06-28 09:20:00,71.76,71.76,71.7,71.76,889.82
1782638700000,2026-06-28 09:25:00,71.76,71.78,71.72,71.78,616.342
1782639000000,2026-06-28 09:30:00,71.77,71.84,71.72,71.84,999.341
1782639300000,2026-06-28 09:35:00,71.84,71.87,71.8,71.8,1608.05
1782639600000,2026-06-28 09:40:00,71.81,72.0,71.81,71.97,1001.436
1782639900000,2026-06-28 09:45:00,71.97,72.01,71.77,71.77,621.652
1782640200000,2026-06-28 09:50:00,71.76,71.76,71.54,71.61,1236.81
1782640500000,2026-06-28 09:55:00,71.61,71.62,71.51,71.54,1343.54
1782640800000,2026-06-28 10:00:00,71.54,71.59,71.38,71.38,810.587
1782641100000,2026-06-28 10:05:00,71.4,71.41,71.29,71.35,923.402
1782641400000,2026-06-28 10:10:00,71.36,71.55,71.36,71.54,397.316
1782641700000,2026-06-28 10:15:00,71.55,71.59,71.4,71.41,1313.997
1782642000000,2026-06-28 10:20:00,71.4,71.41,71.32,71.32,532.708
1782642300000,2026-06-28 10:25:00,71.32,71.32,71.15,71.21,1126.955
1782642600000,2026-06-28 10:30:00,71.2,71.31,71.2,71.31,573.096
1782642900000,2026-06-28 10:35:00,71.32,71.34,71.26,71.31,682.293
1782643200000,2026-06-28 10:40:00,71.33,71.44,71.33,71.43,529.763
1782643500000,2026-06-28 10:45:00,71.4,71.45,71.39,71.41,556.905
1782643800000,2026-06-28 10:50:00,71.41,71.48,71.41,71.45,486.707
1782644100000,2026-06-28 10:55:00,71.45,71.47,71.45,71.47,81.601
1782644400000,2026-06-28 11:00:00,71.48,71.78,71.48,71.76,955.866
1782644700000,2026-06-28 11:05:00,71.71,71.71,71.5,71.5,3572.734
1782645000000,2026-06-28 11:10:00,71.48,71.53,71.47,71.53,131.011
1782645300000,2026-06-28 11:15:00,71.53,71.56,71.44,71.55,4359.536
1782645600000,2026-06-28 11:20:00,71.55,71.87,71.55,71.84,2999.44
1782645900000,2026-06-28 11:25:00,71.81,71.92,71.81,71.9,497.6
1782646200000,2026-06-28 11:30:00,71.89,71.9,71.75,71.76,1664.226
1782646500000,2026-06-28 11:35:00,71.75,71.85,71.63,71.85,1821.249
1782646800000,2026-06-28 11:40:00,71.85,71.92,71.84,71.92,529.693
1782647100000,2026-06-28 11:45:00,71.93,71.99,71.83,71.86,1565.673
1782647400000,2026-06-28 11:50:00,71.88,72.0,71.82,71.99,1874.492
1782647700000,2026-06-28 11:55:00,71.99,72.01,71.88,71.9,455.307
1782648000000,2026-06-28 12:00:00,71.92,71.92,71.81,71.84,823.577
1782648300000,2026-06-28 12:05:00,71.84,71.98,71.84,71.86,1130.837
1782648600000,2026-06-28 12:10:00,71.85,71.9,71.8,71.86,792.261
1782648900000,2026-06-28 12:15:00,71.86,71.88,71.69,71.73,1064.73
1782649200000,2026-06-28 12:20:00,71.68,71.76,71.68,71.74,202.204
1782649500000,2026-06-28 12:25:00,71.73,72.1,71.7,72.1,1723.356
1782649800000,2026-06-28 12:30:00,72.11,72.3,72.01,72.02,2065.453
1782650100000,2026-06-28 12:35:00,72.01,72.02,71.83,71.84,1273.696
1782650400000,2026-06-28 12:40:00,71.84,71.89,71.76,71.8,647.859
1782650700000,2026-06-28 12:45:00,71.8,71.89,71.8,71.88,519.997
1782651000000,2026-06-28 12:50:00,71.87,71.93,71.87,71.92,185.009
1782651300000,2026-06-28 12:55:00,71.91,71.92,71.87,71.89,535.444
1782651600000,2026-06-28 13:00:00,71.89,71.89,71.4,71.42,3415.942
1782651900000,2026-06-28 13:05:00,71.39,71.54,71.37,71.4,3055.931
1782652200000,2026-06-28 13:10:00,71.43,71.62,71.42,71.61,300.32
1782652500000,2026-06-28 13:15:00,71.61,71.64,71.5,71.55,1664.032
1782652800000,2026-06-28 13:20:00,71.5,71.67,71.5,71.65,985.124
1782653100000,2026-06-28 13:25:00,71.67,71.73,71.6,71.67,2843.647
1782653400000,2026-06-28 13:30:00,71.67,71.85,71.62,71.82,1829.269
1782653700000,2026-06-28 13:35:00,71.79,71.9,71.78,71.89,718.613
1782654000000,2026-06-28 13:40:00,71.92,72.07,71.78,72.06,1034.886
1782654300000,2026-06-28 13:45:00,72.07,72.07,71.94,71.96,1213.945
1782654600000,2026-06-28 13:50:00,71.97,71.97,71.87,71.87,269.043
1782654900000,2026-06-28 13:55:00,71.9,71.9,71.68,71.73,9116.674
1782655200000,2026-06-28 14:00:00,71.75,71.88,71.75,71.8,1173.346
1782655500000,2026-06-28 14:05:00,71.8,71.96,71.74,71.94,887.781
1782655800000,2026-06-28 14:10:00,71.96,71.98,71.9,71.92,476.977
1782656100000,2026-06-28 14:15:00,71.96,72.17,71.86,72.17,549.503
1782656400000,2026-06-28 14:20:00,72.17,72.2,71.86,71.86,1880.412
1782656700000,2026-06-28 14:25:00,71.85,71.9,71.78,71.9,636.258
1782657000000,2026-06-28 14:30:00,71.86,71.98,71.83,71.91,912.848
1782657300000,2026-06-28 14:35:00,71.88,71.91,71.79,71.8,505.898
1782657600000,2026-06-28 14:40:00,71.86,71.87,71.8,71.84,620.082
1782657900000,2026-06-28 14:45:00,71.87,72.01,71.8,71.85,1051.15
1782658200000,2026-06-28 14:50:00,71.85,71.88,71.73,71.73,625.317
1782658500000,2026-06-28 14:55:00,71.73,71.75,71.69,71.69,231.113
1782658800000,2026-06-28 15:00:00,71.69,71.89,71.65,71.86,6701.306
1782659100000,2026-06-28 15:05:00,71.86,71.88,71.56,71.57,732.725
1782659400000,2026-06-28 15:10:00,71.56,71.81,71.46,71.8,1039.005
1782659700000,2026-06-28 15:15:00,71.81,71.96,71.68,71.85,1498.286
1782660000000,2026-06-28 15:20:00,71.81,71.86,71.8,71.83,630.134
1782660300000,2026-06-28 15:25:00,71.84,71.91,71.8,71.8,579.155
1782660600000,2026-06-28 15:30:00,71.78,72.04,71.77,72.04,1821.772
1782660900000,2026-06-28 15:35:00,72.05,72.05,71.73,71.82,3739.254
1782661200000,2026-06-28 15:40:00,71.83,71.93,71.77,71.93,639.049
1782661500000,2026-06-28 15:45:00,71.88,71.88,71.75,71.75,683.923
1782661800000,2026-06-28 15:50:00,71.74,72.01,71.73,71.79,2312.114
1782662100000,2026-06-28 15:55:00,71.85,72.02,71.8,72.02,543.058
1782662400000,2026-06-28 16:00:00,72.02,72.07,71.97,72.04,971.154
1782662700000,2026-06-28 16:05:00,72.04,72.08,71.88,71.88,873.891
1782663000000,2026-06-28 16:10:00,71.86,71.95,71.82,71.89,568.575
1782663300000,2026-06-28 16:15:00,71.87,72.0,71.84,71.97,496.049
1782663600000,2026-06-28 16:20:00,71.96,71.97,71.76,71.76,1183.987
1782663900000,2026-06-28 16:25:00,71.73,71.73,71.43,71.53,2293.428
1782664200000,2026-06-28 16:30:00,71.53,71.6,71.23,71.23,1861.287
1782664500000,2026-06-28 16:35:00,71.19,71.3,71.19,71.28,1000.567
1782664800000,2026-06-28 16:40:00,71.25,71.44,71.24,71.27,2012.476
1782665100000,2026-06-28 16:45:00,71.26,71.48,71.22,71.44,896.927
1782665400000,2026-06-28 16:50:00,71.44,71.5,71.42,71.47,399.599
1782665700000,2026-06-28 16:55:00,71.49,71.59,71.46,71.57,393.223
1782666000000,2026-06-28 17:00:00,71.57,71.66,71.57,71.62,529.858
1782666300000,2026-06-28 17:05:00,71.61,71.92,71.58,71.75,1813.946
1782666600000,2026-06-28 17:10:00,71.74,71.75,71.73,71.73,3020.168
1782666900000,2026-06-28 17:15:00,71.74,72.0,71.37,71.5,398.602
1782667200000,2026-06-28 17:20:00,71.5,71.56,71.47,71.54,1128.848
1782667500000,2026-06-28 17:25:00,71.54,71.54,71.35,71.35,1073.685
1782667800000,2026-06-28 17:30:00,71.34,71.46,71.33,71.35,1409.98
1782668100000,2026-06-28 17:35:00,71.34,71.34,70.97,71.1,906.762
1782668400000,2026-06-28 17:40:00,71.09,71.37,71.09,71.37,1876.076
1782668700000,2026-06-28 17:45:00,71.31,71.44,71.31,71.4,784.867
1782669000000,2026-06-28 17:50:00,71.44,71.6,71.42,71.54,891.105
1782669300000,2026-06-28 17:55:00,71.53,71.63,71.53,71.56,482.426
1782669600000,2026-06-28 18:00:00,71.55,71.69,71.52,71.58,1171.455
1782669900000,2026-06-28 18:05:00,71.59,71.62,71.53,71.57,791.014
1782670200000,2026-06-28 18:10:00,71.56,71.56,71.42,71.42,455.912
1782670500000,2026-06-28 18:15:00,71.38,71.4,71.3,71.36,436.202
1782670800000,2026-06-28 18:20:00,71.36,71.36,71.31,71.32,427.856
1782671100000,2026-06-28 18:25:00,71.34,71.35,71.17,71.21,684.457
1782671400000,2026-06-28 18:30:00,71.22,71.24,71.06,71.08,537.581
1782671700000,2026-06-28 18:35:00,71.08,71.13,71.01,71.07,998.647
1782672000000,2026-06-28 18:40:00,71.08,71.18,71.07,71.13,570.562
1782672300000,2026-06-28 18:45:00,71.13,71.18,71.0,71.0,609.443
1782672600000,2026-06-28 18:50:00,71.01,71.17,71.01,71.16,989.474
1782672900000,2026-06-28 18:55:00,71.15,71.28,71.1,71.17,733.452
1782673200000,2026-06-28 19:00:00,71.18,71.18,70.89,70.96,850.828
1782673500000,2026-06-28 19:05:00,70.96,71.06,70.96,71.05,344.57
1782673800000,2026-06-28 19:10:00,71.05,71.12,71.04,71.04,337.031
1782674100000,2026-06-28 19:15:00,71.08,71.08,70.99,71.05,307.816
1782674400000,2026-06-28 19:20:00,71.04,71.04,70.91,70.97,1152.266
1782674700000,2026-06-28 19:25:00,70.98,71.05,70.97,71.04,762.968
1782675000000,2026-06-28 19:30:00,71.05,71.29,71.04,71.19,846.015
1782675300000,2026-06-28 19:35:00,71.19,71.19,70.91,70.95,1341.431
1782675600000,2026-06-28 19:40:00,70.94,70.95,70.81,70.81,320.528
1782675900000,2026-06-28 19:45:00,70.8,70.81,70.3,70.57,2683.864
1782676200000,2026-06-28 19:50:00,70.57,70.7,70.43,70.7,2715.273
1782676500000,2026-06-28 19:55:00,70.7,70.75,70.63,70.74,1397.361
1782676800000,2026-06-28 20:00:00,70.72,70.82,70.71,70.81,1256.599
1782677100000,2026-06-28 20:05:00,70.82,70.85,70.73,70.74,483.515
1782677400000,2026-06-28 20:10:00,70.74,71.12,70.74,71.09,988.726
1782677700000,2026-06-28 20:15:00,71.09,71.21,71.08,71.13,991.703
1782678000000,2026-06-28 20:20:00,71.14,71.14,71.04,71.13,764.678
1782678300000,2026-06-28 20:25:00,71.14,71.15,71.0,71.01,2439.43
1782678600000,2026-06-28 20:30:00,71.01,71.02,70.94,70.95,1157.964
1782678900000,2026-06-28 20:35:00,71.01,71.01,70.77,70.77,2493.506
1782679200000,2026-06-28 20:40:00,70.76,70.77,70.73,70.74,249.277
1782679500000,2026-06-28 20:45:00,70.73,70.91,70.67,70.85,890.515
1782679800000,2026-06-28 20:50:00,70.84,70.86,70.74,70.86,1072.102
1782680100000,2026-06-28 20:55:00,70.85,70.95,70.85,70.94,678.357
1782680400000,2026-06-28 21:00:00,70.91,70.91,70.82,70.84,389.211
1782680700000,2026-06-28 21:05:00,70.83,70.91,70.83,70.91,749.206
1782681000000,2026-06-28 21:10:00,70.91,70.91,70.72,70.81,1380.026
1782681300000,2026-06-28 21:15:00,70.76,70.77,70.75,70.77,122.112
1782681600000,2026-06-28 21:20:00,70.8,70.81,70.67,70.81,869.36
1782681900000,2026-06-28 21:25:00,70.82,70.86,70.78,70.84,1118.203
1782682200000,2026-06-28 21:30:00,70.85,70.97,70.83,70.97,271.064
1782682500000,2026-06-28 21:35:00,71.0,71.01,70.85,70.87,1299.036
1782682800000,2026-06-28 21:40:00,70.88,70.88,70.76,70.76,673.686
1782683100000,2026-06-28 21:45:00,70.78,70.82,70.31,70.32,1170.386
1782683400000,2026-06-28 21:50:00,70.32,70.47,70.29,70.42,2139.374
1782683700000,2026-06-28 21:55:00,70.42,70.44,70.34,70.44,611.124
1782684000000,2026-06-28 22:00:00,70.45,71.44,70.45,71.31,3258.964
1782684300000,2026-06-28 22:05:00,71.31,71.42,71.13,71.15,3174.811
1782684600000,2026-06-28 22:10:00,71.12,71.13,70.99,71.1,864.774
1782684900000,2026-06-28 22:15:00,71.05,71.09,70.48,70.57,2480.203
1782685200000,2026-06-28 22:20:00,70.57,71.05,70.48,71.02,4244.368
1782685500000,2026-06-28 22:25:00,70.98,70.98,70.73,70.86,1773.021
1782685800000,2026-06-28 22:30:00,70.88,70.96,70.59,70.59,2953.84
1782686100000,2026-06-28 22:35:00,70.63,70.72,70.63,70.72,1056.883
1782686400000,2026-06-28 22:40:00,70.72,70.72,70.49,70.58,1060.524
1782686700000,2026-06-28 22:45:00,70.58,70.64,70.4,70.51,1324.854
1782687000000,2026-06-28 22:50:00,70.51,70.51,69.81,69.87,3092.293
1782687300000,2026-06-28 22:55:00,69.88,70.25,69.88,70.25,2195.102
1782687600000,2026-06-28 23:00:00,70.25,70.62,70.16,70.45,3895.237
1782687900000,2026-06-28 23:05:00,70.43,70.62,70.39,70.62,1928.532
1782688200000,2026-06-28 23:10:00,70.63,70.81,70.54,70.62,1891.764
1782688500000,2026-06-28 23:15:00,70.59,70.84,70.54,70.8,1482.02
1782688800000,2026-06-28 23:20:00,70.81,70.91,70.72,70.81,1414.753
1782689100000,2026-06-28 23:25:00,70.84,71.14,70.84,71.04,2169.031
1782689400000,2026-06-28 23:30:00,71.04,71.33,71.04,71.33,2103.625
1782689700000,2026-06-28 23:35:00,71.35,71.74,71.35,71.65,1098.842
1782690000000,2026-06-28 23:40:00,71.68,71.69,71.5,71.5,724.026
1782690300000,2026-06-28 23:45:00,71.49,71.71,71.49,71.55,1339.344
1782690600000,2026-06-28 23:50:00,71.55,71.62,71.41,71.41,1347.924
1782690900000,2026-06-28 23:55:00,71.41,71.43,71.36,71.38,242.766
1782691200000,2026-06-29 00:00:00,71.39,71.39,71.08,71.2,2629.214
1782691500000,2026-06-29 00:05:00,71.2,71.2,70.93,71.12,1940.892
1782691800000,2026-06-29 00:10:00,71.13,71.53,71.13,71.46,1613.541
1782692100000,2026-06-29 00:15:00,71.42,71.44,71.17,71.37,2243.423
1782692400000,2026-06-29 00:20:00,71.39,71.39,70.91,71.08,2586.977
1782692700000,2026-06-29 00:25:00,71.05,71.1,70.81,70.81,2425.972
1782693000000,2026-06-29 00:30:00,70.81,70.85,70.38,70.85,3257.666
1782693300000,2026-06-29 00:35:00,70.85,70.87,70.58,70.7,2182.384
1782693600000,2026-06-29 00:40:00,70.72,71.13,70.72,71.08,2548.436
1782693900000,2026-06-29 00:45:00,71.02,71.03,70.81,70.93,1677.315
1782694200000,2026-06-29 00:50:00,70.93,71.22,70.93,71.2,2073.544
1782694500000,2026-06-29 00:55:00,71.21,71.68,71.21,71.67,1975.71
1782694800000,2026-06-29 01:00:00,71.69,71.69,71.35,71.35,2284.178
1782695100000,2026-06-29 01:05:00,71.35,71.59,71.35,71.48,2227.919
1782695400000,2026-06-29 01:10:00,71.48,71.48,71.28,71.35,1274.557
1782695700000,2026-06-29 01:15:00,71.37,71.41,71.01,71.1,2119.172
1782696000000,2026-06-29 01:20:00,71.11,71.32,71.08,71.21,2127.142
1782696300000,2026-06-29 01:25:00,71.22,71.31,71.08,71.1,1502.935
1782696600000,2026-06-29 01:30:00,71.08,71.22,71.0,71.12,2122.661
1782696900000,2026-06-29 01:35:00,71.12,71.51,71.03,71.5,3743.619
1782697200000,2026-06-29 01:40:00,71.47,71.67,71.47,71.65,1536.943
1782697500000,2026-06-29 01:45:00,71.66,71.66,71.51,71.57,1338.124
1782697800000,2026-06-29 01:50:00,71.57,71.67,71.51,71.57,1594.3
1782698100000,2026-06-29 01:55:00,71.56,71.58,71.48,71.49,1018.412
1782698400000,2026-06-29 02:00:00,71.49,71.64,71.37,71.4,2748.699
1782698700000,2026-06-29 02:05:00,71.42,71.49,71.13,71.13,1645.408
1782699000000,2026-06-29 02:10:00,71.13,71.2,70.58,70.67,2659.212
1782699300000,2026-06-29 02:15:00,70.68,71.12,70.68,71.01,3035.848
1782699600000,2026-06-29 02:20:00,71.01,71.54,71.01,71.35,2102.502
1782699900000,2026-06-29 02:25:00,71.35,71.82,71.33,71.78,2440.258
1782700200000,2026-06-29 02:30:00,71.78,71.78,71.64,71.67,1118.579
1782700500000,2026-06-29 02:35:00,71.67,71.96,71.67,71.84,2082.714
1782700800000,2026-06-29 02:40:00,71.84,72.15,71.79,72.09,1187.949
1782701100000,2026-06-29 02:45:00,72.09,72.14,72.06,72.11,1322.13
1782701400000,2026-06-29 02:50:00,72.11,72.17,71.99,71.99,1572.58
1782701700000,2026-06-29 02:55:00,72.0,72.2,71.99,72.17,1242.148
1782702000000,2026-06-29 03:00:00,72.18,72.54,72.18,72.51,2506.129
1782702300000,2026-06-29 03:05:00,72.5,73.15,72.5,73.09,4719.367
1782702600000,2026-06-29 03:10:00,73.08,73.32,72.9,72.91,2754.576
1782702900000,2026-06-29 03:15:00,72.93,72.93,72.82,72.92,1033.456
1782703200000,2026-06-29 03:20:00,72.89,73.12,72.89,73.11,1191.303
1782703500000,2026-06-29 03:25:00,73.11,73.25,73.03,73.22,1596.217
1782703800000,2026-06-29 03:30:00,73.19,73.21,73.0,73.17,2003.578
1782704100000,2026-06-29 03:35:00,73.17,73.17,72.81,72.85,1523.146
1782704400000,2026-06-29 03:40:00,72.81,72.85,72.67,72.74,1340.483
1782704700000,2026-06-29 03:45:00,72.72,72.91,72.67,72.77,2674.141
1782705000000,2026-06-29 03:50:00,72.76,72.83,72.69,72.76,1430.78
1782705300000,2026-06-29 03:55:00,72.74,72.74,72.58,72.66,619.278
1782705600000,2026-06-29 04:00:00,72.69,72.69,72.58,72.6,1269.033
1782705900000,2026-06-29 04:05:00,72.58,72.65,72.5,72.58,634.106
1782706200000,2026-06-29 04:10:00,72.56,72.57,72.38,72.45,1170.095
1782706500000,2026-06-29 04:15:00,72.45,72.49,72.35,72.36,1492.706
1782706800000,2026-06-29 04:20:00,72.36,72.36,72.15,72.31,916.893
1782707100000,2026-06-29 04:25:00,72.34,72.43,72.34,72.37,577.109
1782707400000,2026-06-29 04:30:00,72.4,72.4,72.24,72.24,843.846
1782707700000,2026-06-29 04:35:00,72.2,72.2,71.98,71.98,1177.729
1782708000000,2026-06-29 04:40:00,71.97,71.97,71.82,71.9,1087.845
1782708300000,2026-06-29 04:45:00,71.86,71.87,71.64,71.73,674.42
1782708600000,2026-06-29 04:50:00,71.72,71.87,71.7,71.87,774.883
1782708900000,2026-06-29 04:55:00,71.86,71.86,71.66,71.67,751.509
1782709200000,2026-06-29 05:00:00,71.67,71.72,71.5,71.5,1959.775
1782709500000,2026-06-29 05:05:00,71.47,71.47,71.07,71.27,1702.219
1782709800000,2026-06-29 05:10:00,71.28,71.28,71.05,71.28,1768.785
1782710100000,2026-06-29 05:15:00,71.29,71.45,71.29,71.32,1919.676
1782710400000,2026-06-29 05:20:00,71.33,71.52,71.33,71.48,1334.798
1782710700000,2026-06-29 05:25:00,71.47,71.49,71.4,71.42,683.54
1782711000000,2026-06-29 05:30:00,71.44,71.58,71.32,71.58,1389.635
1782711300000,2026-06-29 05:35:00,71.61,71.64,71.47,71.54,1021.884
1782711600000,2026-06-29 05:40:00,71.56,71.83,71.42,71.82,1603.855
1782711900000,2026-06-29 05:45:00,71.82,71.83,71.72,71.72,858.287
1782712200000,2026-06-29 05:50:00,71.73,71.97,71.73,71.97,839.359
1782712500000,2026-06-29 05:55:00,71.98,72.3,71.98,72.29,1192.636
1782712800000,2026-06-29 06:00:00,72.3,72.53,72.23,72.29,2454.383
1782713100000,2026-06-29 06:05:00,72.3,72.51,72.27,72.5,1378.908
1782713400000,2026-06-29 06:10:00,72.5,72.53,72.42,72.44,571.399
1782713700000,2026-06-29 06:15:00,72.47,72.76,72.46,72.76,1669.761
1782714000000,2026-06-29 06:20:00,72.77,72.95,72.7,72.95,2012.034
1782714300000,2026-06-29 06:25:00,72.98,73.08,72.68,72.68,2258.484
1782714600000,2026-06-29 06:30:00,72.67,72.73,72.54,72.54,1370.712
1782714900000,2026-06-29 06:35:00,72.57,72.57,72.32,72.33,1519.579
1782715200000,2026-06-29 06:40:00,72.32,72.48,72.32,72.39,648.716
1782715500000,2026-06-29 06:45:00,72.39,72.44,72.32,72.32,1746.041
1782715800000,2026-06-29 06:50:00,72.29,72.44,72.29,72.42,605.015
1782716100000,2026-06-29 06:55:00,72.43,72.43,72.32,72.39,556.893
1782716400000,2026-06-29 07:00:00,72.39,72.39,72.11,72.32,1588.705
1782716700000,2026-06-29 07:05:00,72.31,72.31,72.24,72.26,1454.571
1782717000000,2026-06-29 07:10:00,72.25,72.33,72.17,72.33,902.922
1782717300000,2026-06-29 07:15:00,72.34,72.57,72.34,72.44,1895.235
1782717600000,2026-06-29 07:20:00,72.42,72.47,72.31,72.32,1187.662
1782717900000,2026-06-29 07:25:00,72.32,72.53,72.29,72.5,1021.263
1782718200000,2026-06-29 07:30:00,72.49,72.5,72.39,72.39,1228.935
1782718500000,2026-06-29 07:35:00,72.39,72.57,72.39,72.52,1518.445
1782718800000,2026-06-29 07:40:00,72.5,72.51,72.36,72.36,728.27
1782719100000,2026-06-29 07:45:00,72.38,72.54,72.31,72.54,1470.204
1782719400000,2026-06-29 07:50:00,72.55,72.92,72.54,72.72,2756.126
1782719700000,2026-06-29 07:55:00,72.71,72.81,72.71,72.73,1485.415
1782720000000,2026-06-29 08:00:00,72.73,72.93,72.7,72.92,2395.423
1782720300000,2026-06-29 08:05:00,72.92,72.93,72.54,72.76,2085.073
1782720600000,2026-06-29 08:10:00,72.76,72.77,72.61,72.76,1870.409
1782720900000,2026-06-29 08:15:00,72.76,72.93,72.75,72.75,2594.945
1782721200000,2026-06-29 08:20:00,72.74,72.81,72.65,72.7,1677.12
1782721500000,2026-06-29 08:25:00,72.69,72.72,72.42,72.47,2538.205
1782721800000,2026-06-29 08:30:00,72.47,72.64,72.4,72.63,1338.038
1782722100000,2026-06-29 08:35:00,72.64,72.77,72.56,72.71,1890.841
1782722400000,2026-06-29 08:40:00,72.72,72.77,72.62,72.76,1124.652
1782722700000,2026-06-29 08:45:00,72.74,72.91,72.73,72.86,1349.137
1782723000000,2026-06-29 08:50:00,72.86,73.0,72.82,72.83,1410.801
1782723300000,2026-06-29 08:55:00,72.81,72.81,72.69,72.74,852.056
1782723600000,2026-06-29 09:00:00,72.73,72.84,72.69,72.76,1639.714
1782723900000,2026-06-29 09:05:00,72.77,72.8,72.74,72.77,1282.578
1782724200000,2026-06-29 09:10:00,72.75,72.88,72.62,72.88,1063.438
1782724500000,2026-06-29 09:15:00,72.88,73.1,72.87,72.92,1541.664
1782724800000,2026-06-29 09:20:00,72.91,73.0,72.79,72.79,498.185
1782725100000,2026-06-29 09:25:00,72.78,72.98,72.63,72.92,1926.561
1782725400000,2026-06-29 09:30:00,72.95,72.99,72.91,72.94,878.153
1782725700000,2026-06-29 09:35:00,72.91,72.91,72.76,72.87,1088.772
1782726000000,2026-06-29 09:40:00,72.86,72.86,72.74,72.79,710.41
1782726300000,2026-06-29 09:45:00,72.78,72.92,72.78,72.87,568.14
1782726600000,2026-06-29 09:50:00,72.89,72.89,72.7,72.84,1458.848
1782726900000,2026-06-29 09:55:00,72.89,72.95,72.88,72.9,591.551
1782727200000,2026-06-29 10:00:00,72.93,73.09,72.93,73.02,836.913
1782727500000,2026-06-29 10:05:00,73.02,73.41,73.02,73.41,1400.265
1782727800000,2026-06-29 10:10:00,73.41,73.5,73.26,73.45,2129.26
1782728100000,2026-06-29 10:15:00,73.45,73.61,73.35,73.61,1127.072
1782728400000,2026-06-29 10:20:00,73.62,73.66,73.46,73.46,1814.987
1782728700000,2026-06-29 10:25:00,73.46,73.48,73.38,73.44,898.389
1782729000000,2026-06-29 10:30:00,73.43,73.43,73.19,73.26,739.348
1782729300000,2026-06-29 10:35:00,73.27,73.36,73.19,73.34,1387.336
1782729600000,2026-06-29 10:40:00,73.34,73.42,73.18,73.24,1207.413
1782729900000,2026-06-29 10:45:00,73.25,73.34,73.25,73.28,1480.603
1782730200000,2026-06-29 10:50:00,73.29,73.31,73.2,73.21,904.992
1782730500000,2026-06-29 10:55:00,73.22,73.26,73.21,73.26,63.458
1782730800000,2026-06-29 11:00:00,73.25,73.27,72.98,72.98,895.724
1782731100000,2026-06-29 11:05:00,73.02,73.02,72.83,72.89,1088.594
1782731400000,2026-06-29 11:10:00,72.89,72.89,72.62,72.65,1997.801
1782731700000,2026-06-29 11:15:00,72.62,72.65,72.5,72.55,1042.647
1782732000000,2026-06-29 11:20:00,72.48,72.56,72.47,72.56,499.534
1782732300000,2026-06-29 11:25:00,72.6,72.74,72.6,72.74,938.921
1782732600000,2026-06-29 11:30:00,72.74,73.08,72.64,72.75,1831.982
1782732900000,2026-06-29 11:35:00,72.75,72.75,72.46,72.46,1716.723
1782733200000,2026-06-29 11:40:00,72.44,72.52,72.39,72.4,1142.931
1782733500000,2026-06-29 11:45:00,72.44,72.5,72.37,72.37,1159.042
1782733800000,2026-06-29 11:50:00,72.37,72.46,72.27,72.27,707.886
1782734100000,2026-06-29 11:55:00,72.26,72.5,72.25,72.5,946.821
1782734400000,2026-06-29 12:00:00,72.5,72.97,72.19,72.95,3911.501
1782734700000,2026-06-29 12:05:00,72.95,73.43,72.95,73.33,4029.824
1782735000000,2026-06-29 12:10:00,73.32,74.08,73.31,74.08,3081.696
1782735300000,2026-06-29 12:15:00,74.08,74.09,73.85,73.99,3910.933
1782735600000,2026-06-29 12:20:00,73.98,74.03,73.71,73.71,1792.132
1782735900000,2026-06-29 12:25:00,73.71,73.99,73.7,73.99,787.982
1782736200000,2026-06-29 12:30:00,74.0,74.11,73.79,74.11,1398.101
1782736500000,2026-06-29 12:35:00,74.11,74.47,73.39,73.44,4083.844
1782736800000,2026-06-29 12:40:00,73.42,73.44,73.24,73.41,1958.055
1782737100000,2026-06-29 12:45:00,73.41,73.59,73.33,73.41,1611.528
1782737400000,2026-06-29 12:50:00,73.38,73.5,73.1,73.32,2228.223
1782737700000,2026-06-29 12:55:00,73.33,73.52,73.33,73.51,1723.109
1782738000000,2026-06-29 13:00:00,73.52,74.0,73.52,73.87,1897.518
1782738300000,2026-06-29 13:05:00,73.89,74.01,73.75,73.75,1593.697
1782738600000,2026-06-29 13:10:00,73.77,74.3,73.77,74.16,2778.003
1782738900000,2026-06-29 13:15:00,74.16,74.33,74.15,74.28,2683.033
1782739200000,2026-06-29 13:20:00,74.28,74.28,73.82,73.86,3999.721
1782739500000,2026-06-29 13:25:00,73.85,73.85,73.63,73.63,2912.854
1782739800000,2026-06-29 13:30:00,73.63,74.03,73.25,73.99,3767.202
1782740100000,2026-06-29 13:35:00,73.99,74.04,73.38,73.38,5633.183
1782740400000,2026-06-29 13:40:00,73.37,73.4,72.99,73.01,3692.188
1782740700000,2026-06-29 13:45:00,73.04,73.22,72.86,72.89,4964.698
1782741000000,2026-06-29 13:50:00,72.85,73.36,72.82,73.1,3689.226
1782741300000,2026-06-29 13:55:00,73.1,73.67,73.04,73.67,3522.742
1782741600000,2026-06-29 14:00:00,73.71,73.89,73.49,73.88,2613.3
1782741900000,2026-06-29 14:05:00,73.83,73.83,73.05,73.06,3629.912
1782742200000,2026-06-29 14:10:00,73.05,73.19,72.53,72.53,2727.14
1782742500000,2026-06-29 14:15:00,72.53,72.77,72.35,72.76,4421.611
1782742800000,2026-06-29 14:20:00,72.76,72.86,72.57,72.84,3525.803
1782743100000,2026-06-29 14:25:00,72.86,73.29,72.86,73.18,3987.063
1782743400000,2026-06-29 14:30:00,73.17,73.54,72.92,73.34,4344.625
1782743700000,2026-06-29 14:35:00,73.33,73.47,73.31,73.44,3206.91
1782744000000,2026-06-29 14:40:00,73.45,73.45,73.04,73.04,2328.901
1782744300000,2026-06-29 14:45:00,73.03,73.19,72.95,73.01,2007.373
1782744600000,2026-06-29 14:50:00,73.02,73.83,73.02,73.83,3499.248
1782744900000,2026-06-29 14:55:00,73.83,73.83,73.44,73.72,3302.523
1782745200000,2026-06-29 15:00:00,73.7,73.7,73.18,73.18,1551.909
1782745500000,2026-06-29 15:05:00,73.17,73.17,72.83,73.09,4089.697
1782745800000,2026-06-29 15:10:00,73.11,73.28,72.79,73.27,6038.682
1782746100000,2026-06-29 15:15:00,73.27,73.5,73.19,73.49,3002.1
1782746400000,2026-06-29 15:20:00,73.49,73.59,73.33,73.48,3142.853
1782746700000,2026-06-29 15:25:00,73.48,73.97,73.44,73.89,3490.51
1782747000000,2026-06-29 15:30:00,73.89,74.34,73.88,74.09,4459.609
1782747300000,2026-06-29 15:35:00,74.09,74.33,74.04,74.24,2052.123
1782747600000,2026-06-29 15:40:00,74.25,74.25,73.83,73.94,2825.807
1782747900000,2026-06-29 15:45:00,74.0,74.01,73.86,73.99,783.594
1782748200000,2026-06-29 15:50:00,73.99,74.16,73.95,74.16,3017.778
1782748500000,2026-06-29 15:55:00,74.13,74.13,73.81,73.91,2721.472
1782748800000,2026-06-29 16:00:00,73.92,73.92,73.79,73.83,1799.435
1782749100000,2026-06-29 16:05:00,73.83,74.06,73.66,73.66,5248.507
1782749400000,2026-06-29 16:10:00,73.67,73.74,73.53,73.56,2677.22
1782749700000,2026-06-29 16:15:00,73.57,73.71,73.56,73.56,1515.466
1782750000000,2026-06-29 16:20:00,73.56,73.56,73.43,73.46,2196.242
1782750300000,2026-06-29 16:25:00,73.44,73.44,72.89,72.96,3944.338
1782750600000,2026-06-29 16:30:00,72.96,73.16,72.96,73.16,2860.28
1782750900000,2026-06-29 16:35:00,73.16,73.58,73.16,73.57,2251.977
1782751200000,2026-06-29 16:40:00,73.58,73.76,73.52,73.75,1303.409
1782751500000,2026-06-29 16:45:00,73.74,74.14,73.68,74.14,2483.748
1782751800000,2026-06-29 16:50:00,74.13,74.13,73.76,73.9,1854.801
1782752100000,2026-06-29 16:55:00,73.89,74.04,73.87,74.03,1584.344
1782752400000,2026-06-29 17:00:00,74.02,74.4,74.02,74.36,1427.394
1782752700000,2026-06-29 17:05:00,74.39,74.77,74.39,74.56,2602.754
1782753000000,2026-06-29 17:10:00,74.57,75.42,74.57,75.3,3223.749
1782753300000,2026-06-29 17:15:00,75.3,76.34,75.3,75.93,5054.575
1782753600000,2026-06-29 17:20:00,75.93,76.01,75.34,75.4,2744.229
1782753900000,2026-06-29 17:25:00,75.4,75.99,75.37,75.93,2860.233
1782754200000,2026-06-29 17:30:00,75.93,76.07,75.65,75.72,2981.943
1782754500000,2026-06-29 17:35:00,75.65,75.72,75.56,75.58,2436.858
1782754800000,2026-06-29 17:40:00,75.58,75.77,75.57,75.77,1967.455
1782755100000,2026-06-29 17:45:00,75.78,75.83,75.53,75.56,2660.73
1782755400000,2026-06-29 17:50:00,75.55,75.55,75.26,75.3,1946.461
1782755700000,2026-06-29 17:55:00,75.29,75.4,75.27,75.3,1342.807
1782756000000,2026-06-29 18:00:00,75.31,75.38,75.17,75.34,2088.413
1782756300000,2026-06-29 18:05:00,75.34,75.74,75.34,75.66,1730.108
1782756600000,2026-06-29 18:10:00,75.67,75.74,75.61,75.63,861.187
1782756900000,2026-06-29 18:15:00,75.62,75.62,75.37,75.53,1537.597
1782757200000,2026-06-29 18:20:00,75.52,75.67,75.5,75.51,969.478
1782757500000,2026-06-29 18:25:00,75.5,75.5,75.23,75.24,950.669
1782757800000,2026-06-29 18:30:00,75.24,75.42,75.23,75.35,1589.397
1782758100000,2026-06-29 18:35:00,75.35,75.63,75.35,75.62,1524.678
1782758400000,2026-06-29 18:40:00,75.64,75.74,75.64,75.7,1506.58
1782758700000,2026-06-29 18:45:00,75.71,75.72,75.47,75.5,854.232
1782759000000,2026-06-29 18:50:00,75.48,75.54,75.41,75.51,478.761
1782759300000,2026-06-29 18:55:00,75.55,75.56,75.54,75.56,391.334
1782759600000,2026-06-29 19:00:00,75.59,75.59,75.42,75.51,1901.454
1782759900000,2026-06-29 19:05:00,75.52,75.67,75.5,75.63,1374.173
1782760200000,2026-06-29 19:10:00,75.63,75.77,75.49,75.49,1399.883
1782760500000,2026-06-29 19:15:00,75.51,75.85,75.5,75.82,1336.436
1782760800000,2026-06-29 19:20:00,75.83,76.0,75.83,76.0,1049.098
1782761100000,2026-06-29 19:25:00,76.0,76.2,75.86,76.06,2031.586
1782761400000,2026-06-29 19:30:00,76.05,76.07,75.67,75.73,1948.077
1782761700000,2026-06-29 19:35:00,75.75,75.91,75.74,75.91,935.744
1782762000000,2026-06-29 19:40:00,75.92,75.97,75.84,75.96,1458.637
1782762300000,2026-06-29 19:45:00,76.02,76.09,75.91,76.09,2125.04
1782762600000,2026-06-29 19:50:00,76.07,76.22,75.9,75.98,2422.602
1782762900000,2026-06-29 19:55:00,75.99,76.04,75.95,75.98,1542.367
1782763200000,2026-06-29 20:00:00,75.98,75.98,75.8,75.81,2319.468
1782763500000,2026-06-29 20:05:00,75.87,75.93,75.81,75.81,2641.886
1782763800000,2026-06-29 20:10:00,75.84,75.84,75.65,75.77,2120.962
1782764100000,2026-06-29 20:15:00,75.77,75.77,75.66,75.67,993.425
1782764400000,2026-06-29 20:20:00,75.71,75.71,75.58,75.6,445.909
1782764700000,2026-06-29 20:25:00,75.59,75.66,75.51,75.52,1362.28
1782765000000,2026-06-29 20:30:00,75.52,75.68,75.48,75.68,756.886
1782765300000,2026-06-29 20:35:00,75.67,75.69,75.48,75.5,1458.977
1782765600000,2026-06-29 20:40:00,75.51,75.51,75.4,75.42,1004.846
1782765900000,2026-06-29 20:45:00,75.42,75.48,75.27,75.48,1775.954
1782766200000,2026-06-29 20:50:00,75.48,75.53,75.39,75.39,1089.7
1782766500000,2026-06-29 20:55:00,75.39,75.42,75.33,75.38,693.93
1782766800000,2026-06-29 21:00:00,75.38,75.48,75.34,75.34,1046.538
1782767100000,2026-06-29 21:05:00,75.34,75.42,75.25,75.38,1932.025
1782767400000,2026-06-29 21:10:00,75.44,75.64,75.44,75.56,870.803
1782767700000,2026-06-29 21:15:00,75.57,75.57,75.48,75.54,877.412
1782768000000,2026-06-29 21:20:00,75.53,75.57,75.46,75.5,1273.682
1782768300000,2026-06-29 21:25:00,75.48,75.49,75.44,75.45,192.605
1782768600000,2026-06-29 21:30:00,75.45,75.66,75.45,75.63,490.932
1782768900000,2026-06-29 21:35:00,75.59,75.77,75.59,75.76,1099.133
1782769200000,2026-06-29 21:40:00,75.76,75.77,75.54,75.67,1313.479
1782769500000,2026-06-29 21:45:00,75.65,75.73,75.61,75.66,437.932
1782769800000,2026-06-29 21:50:00,75.65,75.66,75.59,75.64,347.81
1782770100000,2026-06-29 21:55:00,75.64,75.64,75.48,75.49,944.866
1782770400000,2026-06-29 22:00:00,75.52,75.57,75.47,75.55,1135.133
1782770700000,2026-06-29 22:05:00,75.56,75.65,75.49,75.65,1507.11
1782771000000,2026-06-29 22:10:00,75.64,75.65,75.5,75.56,620.584
1782771300000,2026-06-29 22:15:00,75.59,75.65,75.32,75.37,810.149
1782771600000,2026-06-29 22:20:00,75.48,75.48,75.33,75.34,486.891
1782771900000,2026-06-29 22:25:00,75.33,75.44,75.33,75.41,291.601
1782772200000,2026-06-29 22:30:00,75.41,75.41,75.26,75.27,739.133
1782772500000,2026-06-29 22:35:00,75.24,75.29,75.21,75.23,657.369
1782772800000,2026-06-29 22:40:00,75.22,75.35,75.22,75.33,232.471
1782773100000,2026-06-29 22:45:00,75.33,75.33,75.24,75.27,227.909
1782773400000,2026-06-29 22:50:00,75.27,75.46,75.1,75.46,1690.907
1782773700000,2026-06-29 22:55:00,75.49,75.49,75.25,75.28,940.862
1782774000000,2026-06-29 23:00:00,75.27,75.37,75.27,75.37,391.354
1782774300000,2026-06-29 23:05:00,75.33,75.43,75.3,75.43,1027.294
1782774600000,2026-06-29 23:10:00,75.42,75.43,75.33,75.4,1044.648
1782774900000,2026-06-29 23:15:00,75.39,75.4,75.29,75.31,747.569
1782775200000,2026-06-29 23:20:00,75.31,75.31,75.08,75.16,678.659
1782775500000,2026-06-29 23:25:00,75.17,75.23,75.17,75.2,280.861
1782775800000,2026-06-29 23:30:00,75.2,75.2,74.9,75.01,1166.913
1782776100000,2026-06-29 23:35:00,75.0,75.09,75.0,75.03,377.426
1782776400000,2026-06-29 23:40:00,75.03,75.04,74.97,75.0,1099.418
1782776700000,2026-06-29 23:45:00,75.03,75.16,75.03,75.16,1698.153
1782777000000,2026-06-29 23:50:00,75.18,75.21,75.04,75.04,1405.227
1782777300000,2026-06-29 23:55:00,75.04,75.16,75.03,75.16,656.091
1782777600000,2026-06-30 00:00:00,75.16,75.2,75.11,75.14,1425.927
1782777900000,2026-06-30 00:05:00,75.14,75.18,74.99,74.99,756.358
1782778200000,2026-06-30 00:10:00,75.0,75.1,74.95,74.99,1557.199
1782778500000,2026-06-30 00:15:00,75.02,75.07,74.89,74.89,1357.338
1782778800000,2026-06-30 00:20:00,74.89,74.89,74.8,74.81,431.621
1782779100000,2026-06-30 00:25:00,74.83,74.86,74.64,74.65,966.638
1782779400000,2026-06-30 00:30:00,74.63,74.64,74.33,74.47,1858.802
1782779700000,2026-06-30 00:35:00,74.47,74.51,74.26,74.28,2570.065
1782780000000,2026-06-30 00:40:00,74.3,74.39,74.21,74.39,1014.491
1782780300000,2026-06-30 00:45:00,74.38,74.59,74.37,74.59,925.99
1782780600000,2026-06-30 00:50:00,74.59,74.6,74.32,74.51,1241.488
1782780900000,2026-06-30 00:55:00,74.45,74.45,74.41,74.41,1336.77
1782781200000,2026-06-30 01:00:00,74.41,74.46,74.26,74.35,1653.351
1782781500000,2026-06-30 01:05:00,74.31,74.31,74.19,74.19,1526.208
1782781800000,2026-06-30 01:10:00,74.17,74.24,74.06,74.23,1642.533
1782782100000,2026-06-30 01:15:00,74.24,74.42,74.23,74.42,982.607
1782782400000,2026-06-30 01:20:00,74.4,74.4,74.27,74.34,1661.489
1782782700000,2026-06-30 01:25:00,74.34,74.66,74.32,74.66,2474.496
1782783000000,2026-06-30 01:30:00,74.65,74.65,74.56,74.56,594.935
1782783300000,2026-06-30 01:35:00,74.57,74.57,74.35,74.38,982.916
1782783600000,2026-06-30 01:40:00,74.32,74.32,74.2,74.3,589.294
1782783900000,2026-06-30 01:45:00,74.3,74.4,74.29,74.4,663.205
1782784200000,2026-06-30 01:50:00,74.4,74.4,74.33,74.36,495.353
1782784500000,2026-06-30 01:55:00,74.38,74.42,74.38,74.41,259.624
1782784800000,2026-06-30 02:00:00,74.41,74.42,74.24,74.24,308.68
1782785100000,2026-06-30 02:05:00,74.24,74.26,74.24,74.26,154.196
1782785400000,2026-06-30 02:10:00,74.26,74.26,74.06,74.1,886.374
1782785700000,2026-06-30 02:15:00,74.1,74.13,74.09,74.12,92.403
1782786000000,2026-06-30 02:20:00,74.15,74.28,74.15,74.28,85.914
1782786300000,2026-06-30 02:25:00,74.31,74.33,74.3,74.31,195.602
1782786600000,2026-06-30 02:30:00,74.34,74.34,74.21,74.22,420.898
1782786900000,2026-06-30 02:35:00,74.24,74.48,74.24,74.48,448.234
1782787200000,2026-06-30 02:40:00,74.48,74.53,74.48,74.53,254.239
1782787500000,2026-06-30 02:45:00,74.53,74.76,74.53,74.74,1025.597
1782787800000,2026-06-30 02:50:00,74.75,74.8,74.68,74.73,411.704
1782788100000,2026-06-30 02:55:00,74.74,74.74,74.59,74.59,206.482
1782788400000,2026-06-30 03:00:00,74.59,74.66,74.58,74.66,1036.325
1782788700000,2026-06-30 03:05:00,74.63,74.76,74.6,74.68,1288.108
1782789000000,2026-06-30 03:10:00,74.7,74.74,74.67,74.68,775.489
1782789300000,2026-06-30 03:15:00,74.67,74.84,74.67,74.84,523.428
1782789600000,2026-06-30 03:20:00,74.85,74.88,74.61,74.61,1208.616
1782789900000,2026-06-30 03:25:00,74.6,74.61,74.56,74.56,651.818
1782790200000,2026-06-30 03:30:00,74.61,74.65,74.35,74.38,1886.535
1782790500000,2026-06-30 03:35:00,74.37,74.5,74.37,74.49,273.244
1782790800000,2026-06-30 03:40:00,74.49,74.49,74.41,74.45,203.595
1782791100000,2026-06-30 03:45:00,74.44,74.46,74.35,74.35,431.688
1782791400000,2026-06-30 03:50:00,74.39,74.39,74.21,74.21,634.282
1782791700000,2026-06-30 03:55:00,74.19,74.22,74.14,74.19,831.176
1782792000000,2026-06-30 04:00:00,74.18,74.23,74.13,74.13,504.779
1782792300000,2026-06-30 04:05:00,74.13,74.13,73.93,73.93,1425.638
1782792600000,2026-06-30 04:10:00,73.93,74.15,73.8,74.13,1626.25
1782792900000,2026-06-30 04:15:00,74.17,74.17,73.77,73.77,1349.706
1782793200000,2026-06-30 04:20:00,73.73,73.93,73.71,73.74,1545.456
1782793500000,2026-06-30 04:25:00,73.77,73.97,73.77,73.97,457.905
1782793800000,2026-06-30 04:30:00,73.98,74.07,73.98,74.07,366.444
1782794100000,2026-06-30 04:35:00,74.07,74.16,74.07,74.11,552.238
1782794400000,2026-06-30 04:40:00,74.1,74.1,73.98,74.04,465.507
1782794700000,2026-06-30 04:45:00,74.04,74.08,74.02,74.05,431.625
1782795000000,2026-06-30 04:50:00,74.05,74.08,74.03,74.03,181.245
1782795300000,2026-06-30 04:55:00,74.02,74.06,74.0,74.04,789.686
1782795600000,2026-06-30 05:00:00,74.02,74.17,74.02,74.05,457.624
1782795900000,2026-06-30 05:05:00,74.05,74.09,74.05,74.08,450.462
1782796200000,2026-06-30 05:10:00,74.1,74.1,73.96,74.05,1232.28
1782796500000,2026-06-30 05:15:00,74.05,74.05,73.89,73.89,482.561
1782796800000,2026-06-30 05:20:00,73.86,74.06,73.86,74.06,693.983
1782797100000,2026-06-30 05:25:00,74.09,74.09,73.9,73.96,812.006
1782797400000,2026-06-30 05:30:00,73.96,74.01,73.91,73.92,600.829
1782797700000,2026-06-30 05:35:00,73.9,74.05,73.85,74.05,4680.491
1782798000000,2026-06-30 05:40:00,74.05,74.17,74.05,74.15,7274.747
1782798300000,2026-06-30 05:45:00,74.15,74.28,73.58,74.16,774.314
1782798600000,2026-06-30 05:50:00,74.17,74.17,74.12,74.16,626.497
1782798900000,2026-06-30 05:55:00,74.16,74.23,74.16,74.23,770.754
1782799200000,2026-06-30 06:00:00,74.22,74.24,74.11,74.12,606.135
1782799500000,2026-06-30 06:05:00,74.13,74.13,74.08,74.08,241.288
1782799800000,2026-06-30 06:10:00,74.04,74.07,74.0,74.07,378.763
1782800100000,2026-06-30 06:15:00,74.06,74.06,73.92,73.96,351.904
1782800400000,2026-06-30 06:20:00,73.96,74.1,73.93,74.06,796.278
1782800700000,2026-06-30 06:25:00,74.05,74.24,74.02,74.24,569.811
1782801000000,2026-06-30 06:30:00,74.24,74.25,74.07,74.07,429.129
1782801300000,2026-06-30 06:35:00,74.06,74.2,74.05,74.13,835.289
1782801600000,2026-06-30 06:40:00,74.09,74.14,74.09,74.1,374.055
1782801900000,2026-06-30 06:45:00,74.09,74.18,74.08,74.18,336.196
1782802200000,2026-06-30 06:50:00,74.2,74.2,74.12,74.12,97.44
1782802500000,2026-06-30 06:55:00,74.13,74.16,74.12,74.16,63.339
1782802800000,2026-06-30 07:00:00,74.17,74.24,74.12,74.19,540.805
1782803100000,2026-06-30 07:05:00,74.19,74.19,73.94,73.94,494.429
1782803400000,2026-06-30 07:10:00,73.96,73.96,73.86,73.95,797.776
1782803700000,2026-06-30 07:15:00,73.98,74.03,73.94,73.94,569.953
1782804000000,2026-06-30 07:20:00,73.94,73.96,73.9,73.96,94.667
1782804300000,2026-06-30 07:25:00,73.98,74.01,73.92,73.93,481.207
1782804600000,2026-06-30 07:30:00,73.93,74.0,73.93,73.96,281.302
1782804900000,2026-06-30 07:35:00,74.07,74.07,74.02,74.06,327.53
1782805200000,2026-06-30 07:40:00,74.05,74.1,74.05,74.1,24.729
1782805500000,2026-06-30 07:45:00,74.05,74.18,74.02,74.16,687.449
1782805800000,2026-06-30 07:50:00,74.15,74.15,74.08,74.13,784.305
1782806100000,2026-06-30 07:55:00,74.12,74.19,74.11,74.19,117.786
1782806400000,2026-06-30 08:00:00,74.17,74.18,74.07,74.1,394.476
1782806700000,2026-06-30 08:05:00,74.13,74.21,74.01,74.01,703.915
1782807000000,2026-06-30 08:10:00,74.0,74.08,73.91,73.94,868.394
1782807300000,2026-06-30 08:15:00,73.91,73.94,73.9,73.92,157.169
1782807600000,2026-06-30 08:20:00,73.95,73.98,73.95,73.97,121.091
1782807900000,2026-06-30 08:25:00,74.0,74.01,73.98,74.01,113.549
1782808200000,2026-06-30 08:30:00,74.0,74.02,73.9,73.9,254.156
1782808500000,2026-06-30 08:35:00,73.87,73.87,73.48,73.56,2818.402
1782808800000,2026-06-30 08:40:00,73.56,73.64,73.5,73.62,831.85
1782809100000,2026-06-30 08:45:00,73.58,73.58,73.33,73.35,1626.933
1782809400000,2026-06-30 08:50:00,73.35,73.49,73.35,73.49,1791.664
1782809700000,2026-06-30 08:55:00,73.56,73.67,73.52,73.64,1301.295
1782810000000,2026-06-30 09:00:00,73.64,73.75,73.6,73.74,1354.897
1782810300000,2026-06-30 09:05:00,73.7,73.7,73.63,73.63,227.394
1782810600000,2026-06-30 09:10:00,73.61,73.81,73.61,73.81,615.357
1782810900000,2026-06-30 09:15:00,73.81,73.83,73.68,73.75,962.135
1782811200000,2026-06-30 09:20:00,73.75,73.75,73.63,73.65,1163.286
1782811500000,2026-06-30 09:25:00,73.66,73.72,73.64,73.64,788.05
1782811800000,2026-06-30 09:30:00,73.64,73.64,73.56,73.63,442.235
1782812100000,2026-06-30 09:35:00,73.64,73.77,73.64,73.71,779.585
1782812400000,2026-06-30 09:40:00,73.72,73.79,73.71,73.72,165.664
1782812700000,2026-06-30 09:45:00,73.73,73.83,73.73,73.83,416.968
1782813000000,2026-06-30 09:50:00,73.82,73.88,73.81,73.84,288.866
1782813300000,2026-06-30 09:55:00,73.81,73.81,73.78,73.81,150.175
1782813600000,2026-06-30 10:00:00,73.81,73.88,73.76,73.79,298.076
1782813900000,2026-06-30 10:05:00,73.77,73.89,73.77,73.79,799.983
1782814200000,2026-06-30 10:10:00,73.76,73.76,73.63,73.74,636.127
1782814500000,2026-06-30 10:15:00,73.78,73.84,73.78,73.81,404.602
1782814800000,2026-06-30 10:20:00,73.8,73.8,73.66,73.67,863.447
1782815100000,2026-06-30 10:25:00,73.69,73.77,73.69,73.73,215.987
1782815400000,2026-06-30 10:30:00,73.67,73.67,73.55,73.62,829.32
1782815700000,2026-06-30 10:35:00,73.63,73.63,73.53,73.57,1269.523
1782816000000,2026-06-30 10:40:00,73.62,73.65,73.58,73.58,305.42
1782816300000,2026-06-30 10:45:00,73.6,73.75,73.57,73.75,599.833
1782816600000,2026-06-30 10:50:00,73.7,73.71,73.63,73.7,578.423
1782816900000,2026-06-30 10:55:00,73.7,73.8,73.63,73.71,556.538
1782817200000,2026-06-30 11:00:00,73.7,73.72,73.65,73.7,334.973
1782817500000,2026-06-30 11:05:00,73.73,73.76,73.67,73.71,623.288
1782817800000,2026-06-30 11:10:00,73.71,73.73,73.68,73.7,276.065
1782818100000,2026-06-30 11:15:00,73.72,73.72,73.44,73.46,500.708
1782818400000,2026-06-30 11:20:00,73.45,73.52,73.43,73.45,292.179
1782818700000,2026-06-30 11:25:00,73.43,73.48,73.41,73.41,1071.12
1782819000000,2026-06-30 11:30:00,73.46,73.49,73.38,73.41,1335.948
1782819300000,2026-06-30 11:35:00,73.46,73.55,73.46,73.49,645.454
1782819600000,2026-06-30 11:40:00,73.49,73.58,73.46,73.58,1097.01
1782819900000,2026-06-30 11:45:00,73.58,73.65,73.58,73.65,1056.824
1782820200000,2026-06-30 11:50:00,73.62,73.68,73.44,73.44,936.398
1782820500000,2026-06-30 11:55:00,73.47,73.47,73.35,73.4,1153.896
1782820800000,2026-06-30 12:00:00,73.41,73.41,73.2,73.2,1353.888
1782821100000,2026-06-30 12:05:00,73.19,73.2,73.07,73.1,1054.829
1782821400000,2026-06-30 12:10:00,73.07,73.14,72.97,72.97,590.217
1782821700000,2026-06-30 12:15:00,72.98,73.05,72.95,72.96,1475.126
1782822000000,2026-06-30 12:20:00,72.98,72.98,72.6,72.61,1563.71
1782822300000,2026-06-30 12:25:00,72.65,72.79,72.61,72.68,1511.785
1782822600000,2026-06-30 12:30:00,72.7,72.75,72.52,72.52,1751.508
1782822900000,2026-06-30 12:35:00,72.5,72.58,72.45,72.49,1752.026
1782823200000,2026-06-30 12:40:00,72.51,72.57,72.49,72.54,937.266
1782823500000,2026-06-30 12:45:00,72.53,72.53,72.28,72.3,1045.84
1782823800000,2026-06-30 12:50:00,72.29,72.37,72.27,72.3,1333.473
1782824100000,2026-06-30 12:55:00,72.3,72.36,72.13,72.14,1545.338
1782824400000,2026-06-30 13:00:00,72.11,72.27,71.97,72.15,3053.013
1782824700000,2026-06-30 13:05:00,72.18,72.43,72.16,72.43,1516.328
1782825000000,2026-06-30 13:10:00,72.47,72.47,72.27,72.36,1379.22
1782825300000,2026-06-30 13:15:00,72.37,72.56,72.37,72.52,848.46
1782825600000,2026-06-30 13:20:00,72.5,72.57,72.44,72.45,1991.269
1782825900000,2026-06-30 13:25:00,72.45,72.58,72.44,72.49,944.584
1782826200000,2026-06-30 13:30:00,72.59,72.84,72.06,72.16,4763.504
1782826500000,2026-06-30 13:35:00,72.16,72.21,72.03,72.12,2757.859
1782826800000,2026-06-30 13:40:00,72.12,72.49,72.12,72.49,3351.178
1782827100000,2026-06-30 13:45:00,72.49,72.51,72.32,72.4,1708.584
1782827400000,2026-06-30 13:50:00,72.41,72.79,72.41,72.72,1446.052
1782827700000,2026-06-30 13:55:00,72.73,72.92,72.7,72.89,2254.298
1782828000000,2026-06-30 14:00:00,72.89,73.55,72.84,73.36,4571.634
1782828300000,2026-06-30 14:05:00,73.36,73.44,73.26,73.41,2600.224
1782828600000,2026-06-30 14:10:00,73.43,73.44,73.23,73.35,3419.354
1782828900000,2026-06-30 14:15:00,73.35,73.44,73.27,73.35,2553.906
1782829200000,2026-06-30 14:20:00,73.33,73.72,73.27,73.62,3026.224
1782829500000,2026-06-30 14:25:00,73.63,73.76,73.55,73.74,2948.928
1782829800000,2026-06-30 14:30:00,73.74,73.9,73.65,73.81,2071.173
1782830100000,2026-06-30 14:35:00,73.8,73.81,73.18,73.27,1911.948
1782830400000,2026-06-30 14:40:00,73.26,73.59,73.22,73.59,1541.434
1782830700000,2026-06-30 14:45:00,73.59,73.59,73.13,73.14,2261.576
1782831000000,2026-06-30 14:50:00,73.14,73.15,72.8,72.83,1571.944
1782831300000,2026-06-30 14:55:00,72.83,73.04,72.76,72.97,2143.995
1782831600000,2026-06-30 15:00:00,72.96,73.16,72.72,72.73,2016.345
1782831900000,2026-06-30 15:05:00,72.73,72.9,72.62,72.85,2395.304
1782832200000,2026-06-30 15:10:00,72.86,73.08,72.86,72.99,2510.333
1782832500000,2026-06-30 15:15:00,73.0,73.02,72.71,73.01,2778.169
1782832800000,2026-06-30 15:20:00,73.02,73.39,73.02,73.37,2293.769
1782833100000,2026-06-30 15:25:00,73.36,73.39,73.22,73.27,925.408
1782833400000,2026-06-30 15:30:00,73.27,73.37,73.21,73.37,1166.636
1782833700000,2026-06-30 15:35:00,73.37,73.37,73.1,73.14,763.664
1782834000000,2026-06-30 15:40:00,73.17,73.38,73.1,73.32,1655.143
1782834300000,2026-06-30 15:45:00,73.36,74.09,73.36,73.73,2862.989
1782834600000,2026-06-30 15:50:00,73.74,73.75,73.48,73.49,1604.825
1782834900000,2026-06-30 15:55:00,73.47,73.56,73.09,73.13,2399.106
1782835200000,2026-06-30 16:00:00,73.15,73.3,73.15,73.24,2000.921
1782835500000,2026-06-30 16:05:00,73.29,73.54,73.29,73.38,1943.846
1782835800000,2026-06-30 16:10:00,73.42,73.47,72.9,72.91,2703.59
1782836100000,2026-06-30 16:15:00,72.91,73.06,72.8,72.95,1284.874
1782836400000,2026-06-30 16:20:00,72.99,73.02,72.85,72.86,1484.801
1782836700000,2026-06-30 16:25:00,72.85,72.85,72.75,72.79,1390.205
1782837000000,2026-06-30 16:30:00,72.82,73.02,72.78,73.02,1742.519
1782837300000,2026-06-30 16:35:00,73.03,73.2,72.85,73.16,2367.96
1782837600000,2026-06-30 16:40:00,73.16,73.27,73.08,73.1,1451.16
1782837900000,2026-06-30 16:45:00,73.1,73.37,73.1,73.37,1473.774
1782838200000,2026-06-30 16:50:00,73.35,73.65,73.26,73.61,1919.328
1782838500000,2026-06-30 16:55:00,73.61,73.71,73.46,73.52,1695.109
1782838800000,2026-06-30 17:00:00,73.53,73.71,73.48,73.67,1275.262
1782839100000,2026-06-30 17:05:00,73.67,73.91,73.64,73.83,1618.342
1782839400000,2026-06-30 17:10:00,73.79,73.79,73.46,73.47,1187.775
1782839700000,2026-06-30 17:15:00,73.47,73.6,73.47,73.55,1897.624
1782840000000,2026-06-30 17:20:00,73.54,73.56,73.38,73.43,1078.464
1782840300000,2026-06-30 17:25:00,73.44,73.5,73.39,73.44,992.777
1782840600000,2026-06-30 17:30:00,73.44,73.54,73.37,73.47,743.968
1782840900000,2026-06-30 17:35:00,73.47,73.53,73.39,73.42,1464.503
1782841200000,2026-06-30 17:40:00,73.41,73.46,73.36,73.36,760.737
1782841500000,2026-06-30 17:45:00,73.35,73.36,73.28,73.35,1401.836
1782841800000,2026-06-30 17:50:00,73.35,73.4,73.29,73.4,522.309
1782842100000,2026-06-30 17:55:00,73.36,73.47,73.16,73.18,1721.966
1782842400000,2026-06-30 18:00:00,73.19,73.25,73.18,73.18,948.122
1782842700000,2026-06-30 18:05:00,73.18,73.31,73.12,73.31,700.469
1782843000000,2026-06-30 18:10:00,73.29,73.34,73.21,73.32,577.008
1782843300000,2026-06-30 18:15:00,73.32,73.72,73.21,73.71,1688.902
1782843600000,2026-06-30 18:20:00,73.71,73.71,73.27,73.27,1875.539
1782843900000,2026-06-30 18:25:00,73.27,73.43,73.26,73.43,990.388
1782844200000,2026-06-30 18:30:00,73.43,73.44,73.19,73.19,1660.63
1782844500000,2026-06-30 18:35:00,73.23,73.23,73.0,73.06,499.811
1782844800000,2026-06-30 18:40:00,73.06,73.24,73.05,73.24,349.184
1782845100000,2026-06-30 18:45:00,73.31,73.63,73.31,73.62,1854.919
1782845400000,2026-06-30 18:50:00,73.63,73.68,73.55,73.58,980.039
1782845700000,2026-06-30 18:55:00,73.58,73.64,73.54,73.61,736.442
1782846000000,2026-06-30 19:00:00,73.58,73.71,73.53,73.53,1380.128
1782846300000,2026-06-30 19:05:00,73.53,73.66,73.46,73.63,430.702
1782846600000,2026-06-30 19:10:00,73.62,73.62,73.48,73.58,821.722
1782846900000,2026-06-30 19:15:00,73.57,73.57,73.49,73.5,114.703
1782847200000,2026-06-30 19:20:00,73.5,73.52,73.42,73.43,754.294
1782847500000,2026-06-30 19:25:00,73.41,73.46,73.36,73.46,580.417
1782847800000,2026-06-30 19:30:00,73.56,73.81,73.53,73.81,1438.678
1782848100000,2026-06-30 19:35:00,73.81,73.93,73.74,73.74,950.643
1782848400000,2026-06-30 19:40:00,73.76,73.81,73.67,73.81,869.99
1782848700000,2026-06-30 19:45:00,73.82,73.82,73.65,73.69,915.934
1782849000000,2026-06-30 19:50:00,73.59,73.65,73.55,73.55,1104.698
1782849300000,2026-06-30 19:55:00,73.62,73.79,73.6,73.7,662.759
1782849600000,2026-06-30 20:00:00,73.72,73.92,73.65,73.83,1057.054
1782849900000,2026-06-30 20:05:00,73.84,73.86,73.78,73.81,1145.537
1782850200000,2026-06-30 20:10:00,73.82,73.91,73.79,73.87,977.045
1782850500000,2026-06-30 20:15:00,73.85,73.85,73.73,73.76,675.335
1782850800000,2026-06-30 20:20:00,73.76,73.76,73.61,73.68,1285.023
1782851100000,2026-06-30 20:25:00,73.67,73.72,73.62,73.71,509.76
1782851400000,2026-06-30 20:30:00,73.7,73.71,73.58,73.64,1054.474
1782851700000,2026-06-30 20:35:00,73.66,73.74,73.63,73.71,494.053
1782852000000,2026-06-30 20:40:00,73.72,73.74,73.63,73.63,779.295
1782852300000,2026-06-30 20:45:00,73.63,73.91,73.63,73.76,2134.877
1782852600000,2026-06-30 20:50:00,73.74,73.74,73.58,73.63,563.109
1782852900000,2026-06-30 20:55:00,73.66,73.74,73.66,73.74,811.492
1782853200000,2026-06-30 21:00:00,73.69,73.76,73.65,73.65,485.503
1782853500000,2026-06-30 21:05:00,73.64,73.73,73.59,73.59,947.259
1782853800000,2026-06-30 21:10:00,73.57,73.57,73.24,73.35,1449.875
1782854100000,2026-06-30 21:15:00,73.35,73.4,73.33,73.37,960.263
1782854400000,2026-06-30 21:20:00,73.35,73.35,73.3,73.31,140.179
1782854700000,2026-06-30 21:25:00,73.25,73.37,73.25,73.35,566.999
1782855000000,2026-06-30 21:30:00,73.35,73.48,73.31,73.48,1994.762
1782855300000,2026-06-30 21:35:00,73.49,73.49,73.38,73.41,941.578
1782855600000,2026-06-30 21:40:00,73.46,73.48,73.36,73.36,1017.398
1782855900000,2026-06-30 21:45:00,73.36,73.4,73.33,73.34,434.711
1782856200000,2026-06-30 21:50:00,73.35,73.43,73.34,73.39,365.613
1782856500000,2026-06-30 21:55:00,73.39,73.48,73.38,73.48,1123.69
1782856800000,2026-06-30 22:00:00,73.48,73.69,73.48,73.64,1278.942
1782857100000,2026-06-30 22:05:00,73.63,73.69,73.62,73.62,156.142
1782857400000,2026-06-30 22:10:00,73.59,73.62,73.5,73.62,359.91
1782857700000,2026-06-30 22:15:00,73.64,73.69,73.6,73.67,1117.216
1782858000000,2026-06-30 22:20:00,73.68,73.69,73.58,73.65,394.639
1782858300000,2026-06-30 22:25:00,73.63,73.63,73.53,73.53,430.483
1782858600000,2026-06-30 22:30:00,73.51,73.51,73.31,73.36,955.259
1782858900000,2026-06-30 22:35:00,73.32,73.46,73.3,73.46,625.715
1782859200000,2026-06-30 22:40:00,73.47,73.47,73.43,73.44,179.855
1782859500000,2026-06-30 22:45:00,73.45,73.45,73.37,73.45,644.615
1782859800000,2026-06-30 22:50:00,73.43,73.45,73.35,73.39,179.562
1782860100000,2026-06-30 22:55:00,73.39,73.46,73.39,73.44,658.802
1782860400000,2026-06-30 23:00:00,73.39,73.43,73.34,73.34,893.802
1782860700000,2026-06-30 23:05:00,73.35,73.44,73.35,73.43,727.085
1782861000000,2026-06-30 23:10:00,73.41,73.41,73.36,73.36,91.778
1782861300000,2026-06-30 23:15:00,73.4,73.47,73.4,73.47,372.958
1782861600000,2026-06-30 23:20:00,73.46,73.56,73.46,73.56,656.769
1782861900000,2026-06-30 23:25:00,73.55,73.66,73.55,73.59,555.983
1782862200000,2026-06-30 23:30:00,73.6,73.69,73.52,73.69,1137.856
1782862500000,2026-06-30 23:35:00,73.69,73.71,73.57,73.57,1189.504
1782862800000,2026-06-30 23:40:00,73.57,73.6,73.5,73.6,206.789
1782863100000,2026-06-30 23:45:00,73.62,73.7,73.62,73.68,709.615
1782863400000,2026-06-30 23:50:00,73.65,73.67,73.58,73.62,611.851
1782863700000,2026-06-30 23:55:00,73.62,73.69,73.62,73.69,275.367
1782864000000,2026-07-01 00:00:00,73.67,73.72,73.58,73.64,1147.46
1782864300000,2026-07-01 00:05:00,73.66,73.72,73.66,73.68,415.876
1782864600000,2026-07-01 00:10:00,73.68,73.74,73.62,73.74,620.709
1782864900000,2026-07-01 00:15:00,73.73,73.76,73.58,73.58,1202.071
1782865200000,2026-07-01 00:20:00,73.57,73.62,73.44,73.45,808.785
1782865500000,2026-07-01 00:25:00,73.49,73.54,73.39,73.53,828.562
1782865800000,2026-07-01 00:30:00,73.52,73.77,73.51,73.74,1611.383
1782866100000,2026-07-01 00:35:00,73.69,73.69,73.58,73.62,413.245
1782866400000,2026-07-01 00:40:00,73.59,73.63,73.59,73.61,143.646
1782866700000,2026-07-01 00:45:00,73.6,73.66,73.6,73.64,924.209
1782867000000,2026-07-01 00:50:00,73.62,73.82,73.62,73.67,1386.739
1782867300000,2026-07-01 00:55:00,73.67,73.71,73.62,73.62,82.468
1782867600000,2026-07-01 01:00:00,73.64,73.65,73.39,73.39,783.618
1782867900000,2026-07-01 01:05:00,73.4,73.4,73.0,73.0,1715.711
1782868200000,2026-07-01 01:10:00,72.98,72.98,72.3,72.8,3207.091
1782868500000,2026-07-01 01:15:00,72.87,73.13,72.74,73.09,3114.84
1782868800000,2026-07-01 01:20:00,73.1,73.39,73.09,73.18,2476.64
1782869100000,2026-07-01 01:25:00,73.18,73.32,73.14,73.28,642.26
1782869400000,2026-07-01 01:30:00,73.22,73.44,73.22,73.32,1926.733
1782869700000,2026-07-01 01:35:00,73.32,74.16,73.32,74.11,2153.541
1782870000000,2026-07-01 01:40:00,74.11,74.33,73.92,74.22,2575.034
1782870300000,2026-07-01 01:45:00,74.2,74.23,73.92,73.94,2358.63
1782870600000,2026-07-01 01:50:00,73.92,74.05,73.82,74.05,1017.645
1782870900000,2026-07-01 01:55:00,74.05,74.12,73.95,73.99,1023.508
1782871200000,2026-07-01 02:00:00,73.96,74.1,73.94,74.01,1542.176
1782871500000,2026-07-01 02:05:00,73.99,73.99,73.81,73.9,820.715
1782871800000,2026-07-01 02:10:00,73.9,74.21,73.9,74.13,946.939
1782872100000,2026-07-01 02:15:00,74.15,74.35,74.12,74.18,1365.85
1782872400000,2026-07-01 02:20:00,74.17,74.49,74.14,74.43,1924.746
1782872700000,2026-07-01 02:25:00,74.41,74.58,74.4,74.52,1158.904
1782873000000,2026-07-01 02:30:00,74.51,74.76,74.46,74.68,2822.577
1782873300000,2026-07-01 02:35:00,74.68,74.98,74.68,74.89,1902.774
1782873600000,2026-07-01 02:40:00,74.89,74.99,74.76,74.99,1510.284
1782873900000,2026-07-01 02:45:00,75.0,75.01,74.7,74.75,1479.971
1782874200000,2026-07-01 02:50:00,74.75,74.91,74.74,74.91,783.689
1782874500000,2026-07-01 02:55:00,74.92,74.94,74.8,74.8,679.139
1782874800000,2026-07-01 03:00:00,74.82,74.83,74.58,74.58,1186.012
1782875100000,2026-07-01 03:05:00,74.58,74.92,74.58,74.71,915.305
1782875400000,2026-07-01 03:10:00,74.71,74.71,74.64,74.68,484.553
1782875700000,2026-07-01 03:15:00,74.67,74.67,74.45,74.47,664.011
1782876000000,2026-07-01 03:20:00,74.47,74.49,74.36,74.46,1322.112
1782876300000,2026-07-01 03:25:00,74.49,74.55,74.4,74.51,556.745
1782876600000,2026-07-01 03:30:00,74.57,74.6,74.43,74.53,1117.382
1782876900000,2026-07-01 03:35:00,74.54,75.19,74.54,75.01,3165.9
1782877200000,2026-07-01 03:40:00,75.01,75.02,74.81,74.83,662.808
1782877500000,2026-07-01 03:45:00,74.82,75.46,74.82,75.26,1840.949
1782877800000,2026-07-01 03:50:00,75.28,75.58,75.28,75.58,2021.942
1782878100000,2026-07-01 03:55:00,75.59,75.63,75.47,75.47,763.306
1782878400000,2026-07-01 04:00:00,75.47,75.53,75.36,75.52,1075.951
1782878700000,2026-07-01 04:05:00,75.53,75.62,75.47,75.48,1126.135
1782879000000,2026-07-01 04:10:00,75.46,75.48,75.38,75.38,273.798
1782879300000,2026-07-01 04:15:00,75.37,75.46,75.34,75.35,889.132
1782879600000,2026-07-01 04:20:00,75.32,75.38,75.25,75.28,1225.593
1782879900000,2026-07-01 04:25:00,75.27,75.46,75.27,75.44,863.39
1782880200000,2026-07-01 04:30:00,75.43,75.73,75.39,75.55,2171.994
1782880500000,2026-07-01 04:35:00,75.55,75.55,75.41,75.41,665.048
1782880800000,2026-07-01 04:40:00,75.45,75.62,75.45,75.6,1594.301
1782881100000,2026-07-01 04:45:00,75.6,75.79,75.6,75.76,1125.375
1782881400000,2026-07-01 04:50:00,75.76,75.77,75.61,75.64,3602.751
1782881700000,2026-07-01 04:55:00,75.63,75.64,75.63,75.64,202.773
1782882000000,2026-07-01 05:00:00,75.64,75.64,75.63,75.64,455.57
1782882300000,2026-07-01 05:05:00,75.63,75.64,75.63,75.63,1393.503
1782882600000,2026-07-01 05:10:00,75.63,75.64,75.63,75.63,1656.941
1782882900000,2026-07-01 05:15:00,75.63,75.64,73.68,75.56,1074.951
1782883200000,2026-07-01 05:20:00,75.51,75.51,75.29,75.35,565.37
1782883500000,2026-07-01 05:25:00,75.35,75.36,75.16,75.16,993.85
1782883800000,2026-07-01 05:30:00,75.16,75.31,75.16,75.24,1033.809
1782884100000,2026-07-01 05:35:00,75.28,75.3,75.17,75.23,433.626
1782884400000,2026-07-01 05:40:00,75.24,75.35,75.24,75.34,778.292
1782884700000,2026-07-01 05:45:00,75.35,75.4,75.23,75.23,1182.708
1782885000000,2026-07-01 05:50:00,75.23,75.28,75.18,75.18,273.09
1782885300000,2026-07-01 05:55:00,75.21,75.26,75.21,75.25,267.696
1782885600000,2026-07-01 06:00:00,75.26,75.27,75.06,75.08,603.712
1782885900000,2026-07-01 06:05:00,75.07,75.11,74.94,74.95,283.763
1782886200000,2026-07-01 06:10:00,74.95,75.04,74.95,75.01,419.465
1782886500000,2026-07-01 06:15:00,75.02,75.04,74.88,74.88,483.83
1782886800000,2026-07-01 06:20:00,74.87,74.87,74.57,74.7,2573.411
1782887100000,2026-07-01 06:25:00,74.72,74.74,74.65,74.74,408.531
1782887400000,2026-07-01 06:30:00,74.74,74.78,74.45,74.45,1398.447
1782887700000,2026-07-01 06:35:00,74.46,74.47,73.96,74.19,2241.636
1782888000000,2026-07-01 06:40:00,74.2,74.25,74.08,74.25,971.122
1782888300000,2026-07-01 06:45:00,74.23,74.23,74.04,74.18,1796.527
1782888600000,2026-07-01 06:50:00,74.19,74.35,74.19,74.31,513.1
1782888900000,2026-07-01 06:55:00,74.26,74.34,74.18,74.27,1063.534
1782889200000,2026-07-01 07:00:00,74.27,74.37,74.24,74.24,1296.685
1782889500000,2026-07-01 07:05:00,74.25,74.26,74.11,74.26,640.879
1782889800000,2026-07-01 07:10:00,74.27,74.41,74.18,74.41,1004.017
1782890100000,2026-07-01 07:15:00,74.4,74.53,74.4,74.47,808.6
1782890400000,2026-07-01 07:20:00,74.47,74.74,74.27,74.71,1782.063
1782890700000,2026-07-01 07:25:00,74.72,74.72,74.59,74.59,406.435
1782891000000,2026-07-01 07:30:00,74.59,74.67,74.41,74.65,1526.411
1782891300000,2026-07-01 07:35:00,74.66,74.71,74.56,74.63,1219.044
1782891600000,2026-07-01 07:40:00,74.67,74.84,74.62,74.7,1223.464
1782891900000,2026-07-01 07:45:00,74.7,74.9,74.64,74.89,526.651
1782892200000,2026-07-01 07:50:00,74.91,74.93,74.77,74.77,564.874
1782892500000,2026-07-01 07:55:00,74.78,74.91,74.78,74.85,747.54
1782892800000,2026-07-01 08:00:00,74.87,74.97,74.65,74.93,1205.438
1782893100000,2026-07-01 08:05:00,74.93,75.04,74.89,74.99,929.155
1782893400000,2026-07-01 08:10:00,75.0,75.0,74.85,74.9,1102.146
1782893700000,2026-07-01 08:15:00,74.85,74.91,74.79,74.81,453.531
1782894000000,2026-07-01 08:20:00,74.73,74.77,74.54,74.58,1026.665
1782894300000,2026-07-01 08:25:00,74.57,74.76,74.57,74.65,696.111
1782894600000,2026-07-01 08:30:00,74.68,74.76,74.51,74.72,1265.148
1782894900000,2026-07-01 08:35:00,74.72,74.73,74.58,74.71,1674.506
1782895200000,2026-07-01 08:40:00,74.72,74.86,74.66,74.86,692.661
1782895500000,2026-07-01 08:45:00,74.84,74.84,74.74,74.74,219.435
1782895800000,2026-07-01 08:50:00,74.7,74.86,74.7,74.84,197.521
1782896100000,2026-07-01 08:55:00,74.86,75.49,74.86,75.46,1708.917
1782896400000,2026-07-01 09:00:00,75.44,75.44,75.15,75.25,2013.803
1782896700000,2026-07-01 09:05:00,75.25,75.4,75.25,75.28,1058.405
1782897000000,2026-07-01 09:10:00,75.28,75.28,75.15,75.15,258.771
1782897300000,2026-07-01 09:15:00,75.16,75.4,75.15,75.25,1617.135
1782897600000,2026-07-01 09:20:00,75.21,75.21,75.12,75.18,236.908
1782897900000,2026-07-01 09:25:00,75.11,75.11,75.08,75.1,220.855
1782898200000,2026-07-01 09:30:00,75.11,75.31,75.11,75.29,1553.221
1782898500000,2026-07-01 09:35:00,75.29,75.33,75.24,75.24,1000.708
1782898800000,2026-07-01 09:40:00,75.25,75.28,75.17,75.17,842.978
1782899100000,2026-07-01 09:45:00,75.2,75.3,75.14,75.23,1015.605
1782899400000,2026-07-01 09:50:00,75.21,75.43,75.18,75.43,404.769
1782899700000,2026-07-01 09:55:00,75.42,75.54,75.33,75.49,1110.574
1782900000000,2026-07-01 10:00:00,75.49,75.52,75.27,75.49,1313.037
1782900300000,2026-07-01 10:05:00,75.48,75.54,75.37,75.49,561.386
1782900600000,2026-07-01 10:10:00,75.5,75.5,75.32,75.32,733.036
1782900900000,2026-07-01 10:15:00,75.3,75.46,75.26,75.46,1292.114
1782901200000,2026-07-01 10:20:00,75.46,75.51,75.31,75.31,277.18
1782901500000,2026-07-01 10:25:00,75.31,75.33,75.16,75.32,588.694
1782901800000,2026-07-01 10:30:00,75.33,75.34,75.25,75.27,557.578
1782902100000,2026-07-01 10:35:00,75.24,75.26,75.17,75.17,377.075
1782902400000,2026-07-01 10:40:00,75.14,75.17,75.03,75.07,499.492
1782902700000,2026-07-01 10:45:00,75.07,75.17,75.04,75.17,902.553
1782903000000,2026-07-01 10:50:00,75.2,75.23,75.09,75.09,256.727
1782903300000,2026-07-01 10:55:00,75.1,75.12,74.98,74.98,498.539
1782903600000,2026-07-01 11:00:00,75.01,75.03,74.7,74.88,1497.434
1782903900000,2026-07-01 11:05:00,74.89,74.99,74.8,74.82,1379.958
1782904200000,2026-07-01 11:10:00,74.81,75.15,74.81,75.14,801.967
1782904500000,2026-07-01 11:15:00,75.14,75.3,75.14,75.17,1906.888
1782904800000,2026-07-01 11:20:00,75.18,75.18,75.06,75.06,522.228
1782905100000,2026-07-01 11:25:00,75.04,75.17,75.04,75.06,867.517
1782905400000,2026-07-01 11:30:00,75.02,75.1,74.85,74.87,857.924
1782905700000,2026-07-01 11:35:00,74.91,75.0,74.87,74.91,1000.293
1782906000000,2026-07-01 11:40:00,74.92,74.96,74.87,74.95,460.495
1782906300000,2026-07-01 11:45:00,74.96,75.03,74.86,74.89,778.36
1782906600000,2026-07-01 11:50:00,74.89,74.89,74.78,74.78,568.73
1782906900000,2026-07-01 11:55:00,74.81,74.84,74.64,74.84,823.723
1782907200000,2026-07-01 12:00:00,74.89,74.94,74.68,74.68,1145.339
1782907500000,2026-07-01 12:05:00,74.75,74.78,74.58,74.78,1141.186
1782907800000,2026-07-01 12:10:00,74.81,74.82,74.4,74.47,2222.526
1782908100000,2026-07-01 12:15:00,74.47,74.62,74.47,74.58,1244.443
1782908400000,2026-07-01 12:20:00,74.58,74.66,74.55,74.66,480.901
1782908700000,2026-07-01 12:25:00,74.67,74.67,74.56,74.62,674.442
1782909000000,2026-07-01 12:30:00,74.62,74.66,74.43,74.43,1317.538
1782909300000,2026-07-01 12:35:00,74.43,74.5,74.38,74.47,1646.621
1782909600000,2026-07-01 12:40:00,74.43,74.54,74.41,74.48,861.216
1782909900000,2026-07-01 12:45:00,74.49,74.49,74.4,74.4,493.145
1782910200000,2026-07-01 12:50:00,74.4,74.56,74.29,74.39,1355.316
1782910500000,2026-07-01 12:55:00,74.39,74.63,74.39,74.63,931.964
1782910800000,2026-07-01 13:00:00,74.62,75.0,74.62,74.82,2590.529
1782911100000,2026-07-01 13:05:00,74.82,74.93,74.82,74.83,635.859
1782911400000,2026-07-01 13:10:00,74.83,75.05,74.83,74.96,861.113
1782911700000,2026-07-01 13:15:00,74.96,75.13,74.86,74.86,1468.469
1782912000000,2026-07-01 13:20:00,74.86,75.3,74.86,75.27,1116.135
1782912300000,2026-07-01 13:25:00,75.26,75.29,75.05,75.26,1221.444
1782912600000,2026-07-01 13:30:00,75.25,75.33,74.75,75.31,3710.546
1782912900000,2026-07-01 13:35:00,75.32,75.58,75.17,75.35,3228.36
1782913200000,2026-07-01 13:40:00,75.33,75.64,75.33,75.51,3852.939
1782913500000,2026-07-01 13:45:00,75.52,75.69,75.38,75.66,2665.974
1782913800000,2026-07-01 13:50:00,75.67,76.08,75.57,75.97,2602.414
1782914100000,2026-07-01 13:55:00,75.97,76.09,75.91,75.99,1830.708
1782914400000,2026-07-01 14:00:00,76.01,76.01,75.67,75.95,2979.851
1782914700000,2026-07-01 14:05:00,75.95,75.95,75.81,75.89,1767.156
1782915000000,2026-07-01 14:10:00,75.92,76.3,75.91,76.3,3381.688
1782915300000,2026-07-01 14:15:00,76.3,77.17,76.27,76.96,2742.443
1782915600000,2026-07-01 14:20:00,76.98,77.06,76.83,76.88,2652.734
1782915900000,2026-07-01 14:25:00,76.88,76.89,76.61,76.7,1959.081
1782916200000,2026-07-01 14:30:00,76.67,76.95,76.41,76.61,3090.644
1782916500000,2026-07-01 14:35:00,76.61,76.78,76.46,76.78,2465.225
1782916800000,2026-07-01 14:40:00,76.78,77.0,76.77,76.85,2189.158
1782917100000,2026-07-01 14:45:00,76.85,77.04,76.44,76.9,2598.845
1782917400000,2026-07-01 14:50:00,76.9,77.13,76.9,76.97,2212.585
1782917700000,2026-07-01 14:55:00,76.97,76.97,76.76,76.95,1080.77
1782918000000,2026-07-01 15:00:00,76.95,77.13,76.93,77.07,2166.976
1782918300000,2026-07-01 15:05:00,77.11,77.46,77.03,77.04,3688.267
1782918600000,2026-07-01 15:10:00,77.04,77.12,76.98,76.99,1230.249
1782918900000,2026-07-01 15:15:00,77.01,77.08,76.87,76.9,1157.987
1782919200000,2026-07-01 15:20:00,76.94,77.67,76.87,77.47,2164.827
1782919500000,2026-07-01 15:25:00,77.48,77.69,77.48,77.52,1965.718
1782919800000,2026-07-01 15:30:00,77.52,77.6,77.24,77.24,1985.834
1782920100000,2026-07-01 15:35:00,77.25,77.37,77.24,77.28,1533.182
1782920400000,2026-07-01 15:40:00,77.28,77.47,77.27,77.46,930.316
1782920700000,2026-07-01 15:45:00,77.46,77.46,77.15,77.15,991.964
1782921000000,2026-07-01 15:50:00,77.18,77.27,77.17,77.19,1088.79
1782921300000,2026-07-01 15:55:00,77.23,77.48,77.21,77.46,1731.681
1782921600000,2026-07-01 16:00:00,77.45,77.45,77.21,77.24,876.431
1782921900000,2026-07-01 16:05:00,77.25,77.48,77.23,77.39,1086.838
1782922200000,2026-07-01 16:10:00,77.37,77.49,77.29,77.29,1407.284
1782922500000,2026-07-01 16:15:00,77.29,77.6,77.28,77.6,1731.025
1782922800000,2026-07-01 16:20:00,77.59,77.59,77.32,77.38,1643.447
1782923100000,2026-07-01 16:25:00,77.37,78.08,77.36,77.81,3133.221
1782923400000,2026-07-01 16:30:00,77.82,77.82,77.61,77.64,1240.835
1782923700000,2026-07-01 16:35:00,77.65,77.65,77.49,77.49,542.834
1782924000000,2026-07-01 16:40:00,77.52,77.66,77.52,77.66,1213.227
1782924300000,2026-07-01 16:45:00,77.59,77.61,77.37,77.37,1323.036
1782924600000,2026-07-01 16:50:00,77.38,77.43,77.18,77.18,870.812
1782924900000,2026-07-01 16:55:00,77.17,77.17,76.93,77.12,1495.657
1782925200000,2026-07-01 17:00:00,77.13,77.19,76.87,76.95,1434.513
1782925500000,2026-07-01 17:05:00,76.99,77.12,76.92,77.12,719.735
1782925800000,2026-07-01 17:10:00,77.13,77.26,77.13,77.24,1435.436
1782926100000,2026-07-01 17:15:00,77.25,77.55,77.23,77.55,1590.143
1782926400000,2026-07-01 17:20:00,77.55,77.86,77.47,77.85,1744.258
1782926700000,2026-07-01 17:25:00,77.83,77.9,77.73,77.74,1064.385
1782927000000,2026-07-01 17:30:00,77.73,77.86,77.6,77.71,1762.656
1782927300000,2026-07-01 17:35:00,77.71,77.88,77.66,77.75,708.54
1782927600000,2026-07-01 17:40:00,77.77,77.84,77.67,77.67,1109.459
1782927900000,2026-07-01 17:45:00,77.66,77.88,77.66,77.8,1307.763
1782928200000,2026-07-01 17:50:00,77.81,77.86,77.74,77.86,782.404
1782928500000,2026-07-01 17:55:00,77.8,77.8,77.77,77.77,155.188
1782928800000,2026-07-01 18:00:00,77.7,77.88,77.69,77.88,1059.251
1782929100000,2026-07-01 18:05:00,77.89,77.89,77.66,77.69,1051.082
1782929400000,2026-07-01 18:10:00,77.68,77.78,77.54,77.78,1060.051
1782929700000,2026-07-01 18:15:00,77.78,77.82,77.6,77.82,1644.798
1782930000000,2026-07-01 18:20:00,77.82,77.82,77.54,77.65,974.399
1782930300000,2026-07-01 18:25:00,77.66,77.66,77.58,77.58,350.835
1782930600000,2026-07-01 18:30:00,77.61,77.62,77.43,77.62,1388.529
1782930900000,2026-07-01 18:35:00,77.62,77.77,77.61,77.76,1295.349
1782931200000,2026-07-01 18:40:00,77.76,77.77,77.68,77.72,518.888
1782931500000,2026-07-01 18:45:00,77.73,77.73,77.4,77.52,1239.505
1782931800000,2026-07-01 18:50:00,77.58,77.62,77.34,77.34,665.345
1782932100000,2026-07-01 18:55:00,77.35,77.44,77.34,77.43,1642.435
1782932400000,2026-07-01 19:00:00,77.42,77.65,77.4,77.6,903.036
1782932700000,2026-07-01 19:05:00,77.6,77.65,77.57,77.61,480.997
1782933000000,2026-07-01 19:10:00,77.67,77.67,77.43,77.49,827.627
1782933300000,2026-07-01 19:15:00,77.49,77.61,77.49,77.59,1688.367
1782933600000,2026-07-01 19:20:00,77.59,77.59,77.45,77.45,413.589
1782933900000,2026-07-01 19:25:00,77.45,77.45,77.21,77.22,829.511
1782934200000,2026-07-01 19:30:00,77.22,77.38,77.22,77.34,1222.69
1782934500000,2026-07-01 19:35:00,77.35,77.35,77.2,77.29,1204.365
1782934800000,2026-07-01 19:40:00,77.3,77.35,77.22,77.35,968.165
1782935100000,2026-07-01 19:45:00,77.3,77.3,77.15,77.16,793.253
1782935400000,2026-07-01 19:50:00,77.16,77.27,77.03,77.03,1759.438
1782935700000,2026-07-01 19:55:00,77.06,77.06,76.83,76.95,810.679
1782936000000,2026-07-01 20:00:00,76.96,76.98,76.76,76.85,1349.941
1782936300000,2026-07-01 20:05:00,76.84,76.92,76.72,76.72,1140.846
1782936600000,2026-07-01 20:10:00,76.72,76.91,76.72,76.85,516.935
1782936900000,2026-07-01 20:15:00,76.85,76.85,76.61,76.63,1194.545
1782937200000,2026-07-01 20:20:00,76.64,76.73,76.64,76.69,309.478
1782937500000,2026-07-01 20:25:00,76.73,76.92,76.73,76.89,1256.628
1782937800000,2026-07-01 20:30:00,76.89,76.99,76.86,76.97,518.051
1782938100000,2026-07-01 20:35:00,76.98,77.01,76.89,77.0,624.388
1782938400000,2026-07-01 20:40:00,77.01,77.23,77.0,77.23,1874.759
1782938700000,2026-07-01 20:45:00,77.24,77.47,77.23,77.44,688.662
1782939000000,2026-07-01 20:50:00,77.44,77.45,77.29,77.38,413.91
1782939300000,2026-07-01 20:55:00,77.38,77.44,77.37,77.42,550.576
1782939600000,2026-07-01 21:00:00,77.41,77.73,77.41,77.73,1062.214
1782939900000,2026-07-01 21:05:00,77.73,77.94,77.73,77.86,743.956
1782940200000,2026-07-01 21:10:00,77.86,78.0,77.78,77.85,2329.988
1782940500000,2026-07-01 21:15:00,77.88,77.9,77.76,77.82,1101.013
1782940800000,2026-07-01 21:20:00,77.83,77.87,77.78,77.79,903.526
1782941100000,2026-07-01 21:25:00,77.79,77.89,77.73,77.85,1589.826
1782941400000,2026-07-01 21:30:00,77.83,78.44,77.83,78.31,2204.795
1782941700000,2026-07-01 21:35:00,78.3,78.37,78.19,78.3,1375.267
1782942000000,2026-07-01 21:40:00,78.3,78.34,78.14,78.23,1275.767
1782942300000,2026-07-01 21:45:00,78.23,78.33,78.18,78.33,277.688
1782942600000,2026-07-01 21:50:00,78.34,78.68,78.26,78.41,1905.796
1782942900000,2026-07-01 21:55:00,78.41,78.57,78.4,78.46,568.174
1782943200000,2026-07-01 22:00:00,78.39,78.39,78.24,78.3,949.932
1782943500000,2026-07-01 22:05:00,78.26,78.32,78.24,78.29,385.169
1782943800000,2026-07-01 22:10:00,78.28,78.34,78.28,78.33,181.707
1782944100000,2026-07-01 22:15:00,78.32,78.42,78.31,78.39,522.14
1782944400000,2026-07-01 22:20:00,78.38,78.9,78.38,78.72,2469.157
1782944700000,2026-07-01 22:25:00,78.72,78.9,78.27,78.27,1868.183
1782945000000,2026-07-01 22:30:00,78.27,78.35,78.16,78.21,1566.81
1782945300000,2026-07-01 22:35:00,78.18,78.25,78.02,78.08,720.551
1782945600000,2026-07-01 22:40:00,78.12,78.23,78.05,78.05,653.333
1782945900000,2026-07-01 22:45:00,78.04,78.04,77.88,77.88,946.509
1782946200000,2026-07-01 22:50:00,77.88,77.92,77.84,77.92,196.263
1782946500000,2026-07-01 22:55:00,77.93,77.94,77.77,77.9,874.59
1782946800000,2026-07-01 23:00:00,77.89,77.89,77.58,77.63,1578.939
1782947100000,2026-07-01 23:05:00,77.64,77.74,77.61,77.74,386.199
1782947400000,2026-07-01 23:10:00,77.72,77.72,77.51,77.53,1238.941
1782947700000,2026-07-01 23:15:00,77.48,77.66,77.42,77.62,1028.064
1782948000000,2026-07-01 23:20:00,77.63,77.7,77.62,77.64,273.812
1782948300000,2026-07-01 23:25:00,77.66,77.71,77.61,77.68,503.175
1782948600000,2026-07-01 23:30:00,77.69,77.77,77.63,77.69,807.706
1782948900000,2026-07-01 23:35:00,77.69,77.69,77.52,77.55,1179.761
1782949200000,2026-07-01 23:40:00,77.56,77.6,77.48,77.53,1113.067
1782949500000,2026-07-01 23:45:00,77.51,77.62,77.27,77.38,1205.618
1782949800000,2026-07-01 23:50:00,77.38,77.49,77.38,77.49,486.718
1782950100000,2026-07-01 23:55:00,77.51,77.52,77.42,77.43,459.798
1782950400000,2026-07-02 00:00:00,77.46,77.46,77.19,77.27,1654.43
1782950700000,2026-07-02 00:05:00,77.27,77.44,77.27,77.39,1751.948
1782951000000,2026-07-02 00:10:00,77.4,77.4,77.33,77.33,888.93
1782951300000,2026-07-02 00:15:00,77.33,77.34,77.1,77.1,804.166
1782951600000,2026-07-02 00:20:00,77.09,77.35,77.09,77.3,872.48
1782951900000,2026-07-02 00:25:00,77.28,77.33,77.19,77.19,447.671
1782952200000,2026-07-02 00:30:00,77.19,77.19,77.07,77.08,742.6
1782952500000,2026-07-02 00:35:00,77.04,77.09,76.98,77.0,486.755
1782952800000,2026-07-02 00:40:00,76.99,77.02,76.9,76.98,339.234
1782953100000,2026-07-02 00:45:00,76.98,77.24,76.98,77.24,659.134
1782953400000,2026-07-02 00:50:00,77.25,77.34,77.24,77.24,972.415
1782953700000,2026-07-02 00:55:00,77.24,77.27,77.19,77.22,648.11
1782954000000,2026-07-02 01:00:00,77.21,77.39,77.2,77.31,625.424
1782954300000,2026-07-02 01:05:00,77.29,77.48,77.26,77.48,978.73
1782954600000,2026-07-02 01:10:00,77.47,77.65,77.42,77.62,964.235
1782954900000,2026-07-02 01:15:00,77.62,77.8,77.57,77.79,1197.429
1782955200000,2026-07-02 01:20:00,77.78,77.8,77.7,77.8,521.509
1782955500000,2026-07-02 01:25:00,77.82,77.92,77.8,77.92,1187.381
1782955800000,2026-07-02 01:30:00,77.92,78.31,77.92,78.31,2124.331
1782956100000,2026-07-02 01:35:00,78.26,78.45,78.26,78.45,1984.456
1782956400000,2026-07-02 01:40:00,78.46,78.67,78.32,78.32,995.134
1782956700000,2026-07-02 01:45:00,78.32,78.4,78.23,78.23,858.451
1782957000000,2026-07-02 01:50:00,78.16,78.16,78.04,78.09,498.348
1782957300000,2026-07-02 01:55:00,78.09,78.19,78.05,78.19,605.279
1782957600000,2026-07-02 02:00:00,78.18,78.18,77.99,78.07,1860.86
1782957900000,2026-07-02 02:05:00,78.09,78.12,77.94,77.95,682.554
1782958200000,2026-07-02 02:10:00,77.96,78.08,77.83,78.04,1080.438
1782958500000,2026-07-02 02:15:00,78.05,78.19,78.05,78.09,1600.5
1782958800000,2026-07-02 02:20:00,78.1,78.19,78.1,78.19,843.321
1782959100000,2026-07-02 02:25:00,78.2,78.24,78.17,78.17,395.255
1782959400000,2026-07-02 02:30:00,78.18,78.37,78.13,78.31,1661.874
1782959700000,2026-07-02 02:35:00,78.32,78.5,78.32,78.45,1204.932
1782960000000,2026-07-02 02:40:00,78.45,78.52,78.43,78.5,579.31
1782960300000,2026-07-02 02:45:00,78.5,78.59,78.4,78.4,746.024
1782960600000,2026-07-02 02:50:00,78.39,78.41,78.32,78.41,519.017
1782960900000,2026-07-02 02:55:00,78.44,78.48,78.43,78.43,222.44
1782961200000,2026-07-02 03:00:00,78.45,78.53,78.42,78.46,1047.96
1782961500000,2026-07-02 03:05:00,78.52,78.52,78.45,78.45,645.928
1782961800000,2026-07-02 03:10:00,78.42,78.49,78.37,78.48,884.332
1782962100000,2026-07-02 03:15:00,78.44,78.44,78.18,78.18,505.698
1782962400000,2026-07-02 03:20:00,78.16,78.16,77.95,77.98,1177.619
1782962700000,2026-07-02 03:25:00,77.99,78.66,77.95,78.46,1595.766
1782963000000,2026-07-02 03:30:00,78.46,78.47,78.29,78.44,862.073
1782963300000,2026-07-02 03:35:00,78.41,78.57,78.3,78.57,836.754
1782963600000,2026-07-02 03:40:00,78.57,78.57,78.51,78.55,291.579
1782963900000,2026-07-02 03:45:00,78.54,78.54,78.42,78.46,613.709
1782964200000,2026-07-02 03:50:00,78.51,78.94,78.51,78.77,2398.216
1782964500000,2026-07-02 03:55:00,78.77,78.84,78.68,78.73,826.292
1782964800000,2026-07-02 04:00:00,78.74,78.74,78.52,78.62,1415.195
1782965100000,2026-07-02 04:05:00,78.63,78.63,78.36,78.47,869.051
1782965400000,2026-07-02 04:10:00,78.46,78.55,78.43,78.51,1095.227
1782965700000,2026-07-02 04:15:00,78.49,78.49,78.36,78.37,623.493
1782966000000,2026-07-02 04:20:00,78.38,78.46,78.28,78.29,3634.853
1782966300000,2026-07-02 04:25:00,78.29,78.31,78.27,78.31,6255.972
1782966600000,2026-07-02 04:30:00,78.31,78.31,78.14,78.17,7677.388
1782966900000,2026-07-02 04:35:00,78.17,78.77,78.12,78.15,4235.039
1782967200000,2026-07-02 04:40:00,78.17,78.17,78.09,78.16,935.422
1782967500000,2026-07-02 04:45:00,78.2,78.29,78.18,78.26,452.368
1782967800000,2026-07-02 04:50:00,78.29,78.39,78.28,78.33,626.316
1782968100000,2026-07-02 04:55:00,78.32,78.34,78.27,78.28,553.858
1782968400000,2026-07-02 05:00:00,78.26,78.26,78.11,78.13,1038.603
1782968700000,2026-07-02 05:05:00,78.17,78.3,78.16,78.3,755.78
1782969000000,2026-07-02 05:10:00,78.31,78.34,78.25,78.26,259.422
1782969300000,2026-07-02 05:15:00,78.26,78.31,78.24,78.28,485.128
1782969600000,2026-07-02 05:20:00,78.28,78.28,78.15,78.15,499.32
1782969900000,2026-07-02 05:25:00,78.12,78.13,78.06,78.06,408.817
1782970200000,2026-07-02 05:30:00,78.04,78.09,77.99,78.09,569.647
1782970500000,2026-07-02 05:35:00,78.1,78.14,77.88,77.88,785.963
1782970800000,2026-07-02 05:40:00,77.87,77.9,77.8,77.85,674.752
1782971100000,2026-07-02 05:45:00,77.83,77.92,77.82,77.91,828.035
1782971400000,2026-07-02 05:50:00,77.91,78.1,77.91,78.1,704.967
1782971700000,2026-07-02 05:55:00,78.08,78.11,78.04,78.1,135.588
1782972000000,2026-07-02 06:00:00,78.11,78.2,78.04,78.04,683.809
1782972300000,2026-07-02 06:05:00,78.02,78.08,77.95,78.02,1347.021
1782972600000,2026-07-02 06:10:00,78.03,78.08,78.01,78.07,752.803
1782972900000,2026-07-02 06:15:00,78.08,78.22,78.07,78.22,754.915
1782973200000,2026-07-02 06:20:00,78.23,78.38,78.22,78.28,757.545
1782973500000,2026-07-02 06:25:00,78.28,78.4,78.26,78.26,851.196
1782973800000,2026-07-02 06:30:00,78.26,78.62,78.23,78.59,1028.541
1782974100000,2026-07-02 06:35:00,78.51,78.51,78.36,78.36,329.348
1782974400000,2026-07-02 06:40:00,78.37,78.39,78.1,78.13,791.02
1782974700000,2026-07-02 06:45:00,78.14,78.16,77.87,77.87,1183.965
1782975000000,2026-07-02 06:50:00,77.88,77.9,77.79,77.9,640.813
1782975300000,2026-07-02 06:55:00,77.91,77.99,77.89,77.91,511.416
1782975600000,2026-07-02 07:00:00,77.91,77.96,77.82,77.82,532.882
1782975900000,2026-07-02 07:05:00,77.81,77.82,77.68,77.81,1369.609
1782976200000,2026-07-02 07:10:00,77.85,77.89,77.74,77.77,374.721
1782976500000,2026-07-02 07:15:00,77.8,77.91,77.62,77.69,925.247
1782976800000,2026-07-02 07:20:00,77.69,77.84,77.69,77.84,521.512
1782977100000,2026-07-02 07:25:00,77.83,77.83,77.68,77.75,603.746
1782977400000,2026-07-02 07:30:00,77.73,77.8,77.66,77.79,587.649
1782977700000,2026-07-02 07:35:00,77.77,77.88,77.76,77.88,336.577
1782978000000,2026-07-02 07:40:00,77.86,77.97,77.85,77.97,133.181
1782978300000,2026-07-02 07:45:00,77.97,78.15,77.94,78.15,774.259
1782978600000,2026-07-02 07:50:00,78.14,78.18,78.0,78.0,1075.413
1782978900000,2026-07-02 07:55:00,78.01,78.01,77.92,77.97,271.041
1782979200000,2026-07-02 08:00:00,78.03,78.07,77.94,78.04,532.663
1782979500000,2026-07-02 08:05:00,78.06,78.22,78.05,78.17,1874.453
1782979800000,2026-07-02 08:10:00,78.17,78.18,78.03,78.14,836.972
1782980100000,2026-07-02 08:15:00,78.14,78.27,78.14,78.27,1002.2
1782980400000,2026-07-02 08:20:00,78.27,78.3,78.2,78.24,634.441
1782980700000,2026-07-02 08:25:00,78.25,78.27,78.2,78.22,135.705
1782981000000,2026-07-02 08:30:00,78.2,78.38,78.12,78.38,986.397
1782981300000,2026-07-02 08:35:00,78.38,78.46,78.31,78.36,462.034
1782981600000,2026-07-02 08:40:00,78.35,78.4,78.35,78.4,342.202
1782981900000,2026-07-02 08:45:00,78.4,78.5,78.36,78.43,1168.145
1782982200000,2026-07-02 08:50:00,78.43,78.44,78.39,78.44,205.217
1782982500000,2026-07-02 08:55:00,78.46,78.47,78.43,78.47,464.907
1782982800000,2026-07-02 09:00:00,78.47,78.53,78.39,78.45,766.706
1782983100000,2026-07-02 09:05:00,78.39,78.4,78.3,78.3,351.943
1782983400000,2026-07-02 09:10:00,78.31,78.61,78.31,78.44,782.801
1782983700000,2026-07-02 09:15:00,78.44,78.45,78.35,78.44,1174.879
1782984000000,2026-07-02 09:20:00,78.46,78.67,78.46,78.62,910.376
1782984300000,2026-07-02 09:25:00,78.61,78.88,78.57,78.85,1216.629
1782984600000,2026-07-02 09:30:00,78.81,79.43,78.8,79.42,3374.857
1782984900000,2026-07-02 09:35:00,79.42,79.66,79.33,79.66,2338.549
1782985200000,2026-07-02 09:40:00,79.65,79.75,79.46,79.55,2848.141
1782985500000,2026-07-02 09:45:00,79.55,79.55,79.27,79.47,2003.488
1782985800000,2026-07-02 09:50:00,79.48,79.65,79.37,79.59,927.452
1782986100000,2026-07-02 09:55:00,79.6,79.66,79.49,79.51,934.591
1782986400000,2026-07-02 10:00:00,79.5,79.58,79.45,79.57,715.774
1782986700000,2026-07-02 10:05:00,79.54,79.82,79.54,79.61,916.545
1782987000000,2026-07-02 10:10:00,79.56,79.73,79.56,79.7,1166.242
1782987300000,2026-07-02 10:15:00,79.7,79.73,79.49,79.73,1093.91
1782987600000,2026-07-02 10:20:00,79.73,80.21,79.73,80.17,3033.71
1782987900000,2026-07-02 10:25:00,80.16,80.56,80.16,80.27,3224.265
1782988200000,2026-07-02 10:30:00,80.26,80.62,80.21,80.62,2194.786
1782988500000,2026-07-02 10:35:00,80.62,80.92,80.58,80.81,3397.243
1782988800000,2026-07-02 10:40:00,80.81,81.28,80.73,81.05,2086.113
1782989100000,2026-07-02 10:45:00,81.06,81.35,80.92,81.32,3551.544
1782989400000,2026-07-02 10:50:00,81.32,81.9,81.31,81.78,2449.003
1782989700000,2026-07-02 10:55:00,81.76,82.03,81.48,82.02,3106.087
1782990000000,2026-07-02 11:00:00,82.02,82.03,81.52,81.6,2102.603
1782990300000,2026-07-02 11:05:00,81.59,81.91,81.59,81.72,1968.467
1782990600000,2026-07-02 11:10:00,81.73,82.64,81.73,82.3,3501.137
1782990900000,2026-07-02 11:15:00,82.3,82.3,81.96,82.09,2299.519
1782991200000,2026-07-02 11:20:00,82.11,82.62,81.98,82.62,3034.242
1782991500000,2026-07-02 11:25:00,82.62,82.76,82.36,82.41,2831.414
1782991800000,2026-07-02 11:30:00,82.52,82.69,82.21,82.24,1701.712
1782992100000,2026-07-02 11:35:00,82.25,82.51,82.22,82.29,612.356
1782992400000,2026-07-02 11:40:00,82.3,82.55,82.29,82.43,1232.016
1782992700000,2026-07-02 11:45:00,82.43,82.53,82.3,82.31,1247.764
1782993000000,2026-07-02 11:50:00,82.31,82.44,82.28,82.35,875.4
1782993300000,2026-07-02 11:55:00,82.29,82.46,82.02,82.45,1599.383
1782993600000,2026-07-02 12:00:00,82.44,82.44,82.2,82.27,1443.671
1782993900000,2026-07-02 12:05:00,82.28,82.42,82.28,82.31,1380.137
1782994200000,2026-07-02 12:10:00,82.31,82.4,82.2,82.3,1423.379
1782994500000,2026-07-02 12:15:00,82.28,82.39,81.75,81.75,2682.836
1782994800000,2026-07-02 12:20:00,81.75,81.86,81.71,81.79,697.938
1782995100000,2026-07-02 12:25:00,81.79,82.21,81.79,82.06,2171.502
1782995400000,2026-07-02 12:30:00,82.05,82.06,81.25,81.39,4253.782
1782995700000,2026-07-02 12:35:00,81.39,81.48,81.28,81.38,2431.696
1782996000000,2026-07-02 12:40:00,81.37,81.45,81.12,81.22,1127.076
1782996300000,2026-07-02 12:45:00,81.22,81.41,81.21,81.39,1319.785
1782996600000,2026-07-02 12:50:00,81.42,81.49,81.27,81.49,1746.919
1782996900000,2026-07-02 12:55:00,81.49,81.5,81.26,81.39,1385.574
1782997200000,2026-07-02 13:00:00,81.39,81.45,81.29,81.31,784.654
1782997500000,2026-07-02 13:05:00,81.31,81.64,81.31,81.62,2531.407
1782997800000,2026-07-02 13:10:00,81.62,81.64,81.44,81.44,1011.07
1782998100000,2026-07-02 13:15:00,81.46,81.52,81.2,81.33,1077.491
1782998400000,2026-07-02 13:20:00,81.33,81.58,81.28,81.55,1371.393
1782998700000,2026-07-02 13:25:00,81.52,81.61,80.82,80.83,2544.812
1782999000000,2026-07-02 13:30:00,80.83,81.47,80.82,81.47,2731.258
1782999300000,2026-07-02 13:35:00,81.48,81.74,81.48,81.62,2350.666
1782999600000,2026-07-02 13:40:00,81.63,81.77,81.59,81.75,1444.385
1782999900000,2026-07-02 13:45:00,81.75,81.97,81.59,81.75,2937.87
1783000200000,2026-07-02 13:50:00,81.75,81.75,81.49,81.58,1657.524
1783000500000,2026-07-02 13:55:00,81.58,81.6,81.36,81.5,866.738
1783000800000,2026-07-02 14:00:00,81.47,81.5,81.21,81.25,1247.959
1783001100000,2026-07-02 14:05:00,81.24,81.3,81.14,81.16,1062.051
1783001400000,2026-07-02 14:10:00,81.16,81.43,81.09,81.34,1502.591
1783001700000,2026-07-02 14:15:00,81.3,81.42,81.09,81.13,1430.7
1783002000000,2026-07-02 14:20:00,81.13,81.14,80.67,80.67,2189.149
1783002300000,2026-07-02 14:25:00,80.65,80.69,80.49,80.61,1965.375
1783002600000,2026-07-02 14:30:00,80.62,80.8,80.57,80.58,1477.102
1783002900000,2026-07-02 14:35:00,80.55,80.88,80.45,80.65,1864.465
1783003200000,2026-07-02 14:40:00,80.65,80.7,80.49,80.53,2117.998
1783003500000,2026-07-02 14:45:00,80.54,80.82,80.54,80.77,1368.312
1783003800000,2026-07-02 14:50:00,80.77,80.84,80.24,80.24,2055.63
1783004100000,2026-07-02 14:55:00,80.25,80.54,80.18,80.53,1664.395
1783004400000,2026-07-02 15:00:00,80.54,80.66,80.41,80.41,2490.337
1783004700000,2026-07-02 15:05:00,80.4,80.4,80.11,80.24,1258.221
1783005000000,2026-07-02 15:10:00,80.25,80.41,80.18,80.32,781.019
1783005300000,2026-07-02 15:15:00,80.36,80.48,80.29,80.38,1751.006
1783005600000,2026-07-02 15:20:00,80.38,80.68,80.37,80.67,1160.438
1783005900000,2026-07-02 15:25:00,80.7,80.78,80.61,80.65,1123.084
1783006200000,2026-07-02 15:30:00,80.68,80.78,80.67,80.71,1173.271
1783006500000,2026-07-02 15:35:00,80.77,80.86,80.55,80.64,1308.549
1783006800000,2026-07-02 15:40:00,80.65,80.83,80.65,80.82,749.958
1783007100000,2026-07-02 15:45:00,80.77,80.82,80.68,80.68,730.466
1783007400000,2026-07-02 15:50:00,80.66,80.74,80.57,80.74,502.302
1783007700000,2026-07-02 15:55:00,80.75,80.91,80.71,80.86,904.508
1783008000000,2026-07-02 16:00:00,80.86,80.92,80.72,80.9,1207.83
1783008300000,2026-07-02 16:05:00,80.91,81.06,80.89,80.94,755.795
1783008600000,2026-07-02 16:10:00,80.91,81.1,80.91,81.06,1214.698
1783008900000,2026-07-02 16:15:00,81.02,81.02,80.69,80.77,725.915
1783009200000,2026-07-02 16:20:00,80.77,80.77,80.64,80.74,784.251
1783009500000,2026-07-02 16:25:00,80.75,80.8,80.41,80.48,1639.23
1783009800000,2026-07-02 16:30:00,80.49,80.71,80.33,80.33,1230.207
1783010100000,2026-07-02 16:35:00,80.33,80.38,80.17,80.31,1115.677
1783010400000,2026-07-02 16:40:00,80.31,80.39,80.22,80.28,471.014
1783010700000,2026-07-02 16:45:00,80.24,80.55,80.23,80.55,877.205
1783011000000,2026-07-02 16:50:00,80.54,80.75,80.54,80.68,1337.662
1783011300000,2026-07-02 16:55:00,80.71,80.71,80.54,80.54,1044.185
1783011600000,2026-07-02 17:00:00,80.56,80.71,80.53,80.69,837.346
1783011900000,2026-07-02 17:05:00,80.71,80.9,80.59,80.75,2350.625
1783012200000,2026-07-02 17:10:00,80.75,80.97,80.67,80.97,1145.695
1783012500000,2026-07-02 17:15:00,80.94,81.05,80.93,81.01,558.923
1783012800000,2026-07-02 17:20:00,81.02,81.2,81.01,81.11,975.092
1783013100000,2026-07-02 17:25:00,81.09,81.18,81.06,81.11,402.08
1783013400000,2026-07-02 17:30:00,81.13,81.14,80.89,80.89,679.345
1783013700000,2026-07-02 17:35:00,80.88,80.89,80.69,80.77,3757.192
1783014000000,2026-07-02 17:40:00,80.77,80.93,80.77,80.86,852.73
1783014300000,2026-07-02 17:45:00,80.87,80.92,80.7,80.7,1095.323
1783014600000,2026-07-02 17:50:00,80.72,80.8,80.65,80.8,720.995
1783014900000,2026-07-02 17:55:00,80.83,80.83,80.63,80.63,821.572
1783015200000,2026-07-02 18:00:00,80.64,80.79,80.64,80.77,405.914
1783015500000,2026-07-02 18:05:00,80.78,81.0,80.78,81.0,2429.569
1783015800000,2026-07-02 18:10:00,81.0,81.1,80.99,81.09,692.344
1783016100000,2026-07-02 18:15:00,81.1,81.1,80.93,81.0,4557.322
1783016400000,2026-07-02 18:20:00,80.99,81.03,80.88,80.88,834.833
1783016700000,2026-07-02 18:25:00,80.88,80.97,80.87,80.96,790.204
1783017000000,2026-07-02 18:30:00,80.97,81.06,80.92,81.01,1134.914
1783017300000,2026-07-02 18:35:00,80.99,81.03,80.93,81.02,255.867
1783017600000,2026-07-02 18:40:00,81.03,81.09,81.0,81.09,187.178
1783017900000,2026-07-02 18:45:00,81.07,81.23,81.04,81.23,648.347
1783018200000,2026-07-02 18:50:00,81.24,81.24,81.01,81.01,832.283
1783018500000,2026-07-02 18:55:00,81.0,81.04,80.97,81.03,738.426
1783018800000,2026-07-02 19:00:00,81.02,81.1,80.94,81.1,1295.023
1783019100000,2026-07-02 19:05:00,81.03,81.06,80.97,81.0,669.204
1783019400000,2026-07-02 19:10:00,80.96,81.11,80.96,81.11,1437.925
1783019700000,2026-07-02 19:15:00,81.1,81.1,80.9,80.97,545.838
1783020000000,2026-07-02 19:20:00,80.98,80.98,80.83,80.87,798.803
1783020300000,2026-07-02 19:25:00,80.87,80.98,80.83,80.83,1106.724
1783020600000,2026-07-02 19:30:00,80.82,80.91,80.82,80.9,312.821
1783020900000,2026-07-02 19:35:00,80.9,80.97,80.9,80.97,662.259
1783021200000,2026-07-02 19:40:00,80.94,81.08,80.94,81.07,667.205
1783021500000,2026-07-02 19:45:00,81.09,81.15,81.07,81.09,739.927
1783021800000,2026-07-02 19:50:00,81.06,81.28,81.01,81.02,704.34
1783022100000,2026-07-02 19:55:00,81.03,81.04,80.85,80.85,931.639
1783022400000,2026-07-02 20:00:00,80.85,80.86,80.65,80.69,841.007
1783022700000,2026-07-02 20:05:00,80.67,80.74,80.61,80.73,1774.47
1783023000000,2026-07-02 20:10:00,80.73,80.79,80.67,80.78,234.408
1783023300000,2026-07-02 20:15:00,80.8,80.87,80.71,80.71,471.07
1783023600000,2026-07-02 20:20:00,80.71,80.73,80.66,80.66,172.819
1783023900000,2026-07-02 20:25:00,80.66,80.69,80.61,80.61,558.369
1783024200000,2026-07-02 20:30:00,80.63,80.73,80.61,80.73,281.912
1783024500000,2026-07-02 20:35:00,80.74,80.82,80.7,80.78,1546.277
1783024800000,2026-07-02 20:40:00,80.78,80.8,80.78,80.8,31.855
1783025100000,2026-07-02 20:45:00,80.78,80.96,80.78,80.96,455.263
1783025400000,2026-07-02 20:50:00,80.96,81.01,80.87,80.9,868.17
1783025700000,2026-07-02 20:55:00,80.89,81.07,80.89,81.03,391.818
1783026000000,2026-07-02 21:00:00,81.02,81.06,80.97,80.97,521.731
1783026300000,2026-07-02 21:05:00,80.97,81.01,80.94,80.98,270.366
1783026600000,2026-07-02 21:10:00,80.97,81.1,80.97,81.08,852.696
1783026900000,2026-07-02 21:15:00,81.09,81.12,81.06,81.07,198.155
1783027200000,2026-07-02 21:20:00,81.06,81.07,81.01,81.07,279.983
1783027500000,2026-07-02 21:25:00,81.07,81.07,80.94,80.95,885.633
1783027800000,2026-07-02 21:30:00,80.94,80.94,80.8,80.85,765.793
1783028100000,2026-07-02 21:35:00,80.85,81.0,80.85,80.91,483.526
1783028400000,2026-07-02 21:40:00,80.91,80.91,80.74,80.75,652.527
1783028700000,2026-07-02 21:45:00,80.75,80.75,80.52,80.56,1322.3
1783029000000,2026-07-02 21:50:00,80.55,80.77,80.55,80.76,382.118
1783029300000,2026-07-02 21:55:00,80.7,80.8,80.64,80.8,395.488
1783029600000,2026-07-02 22:00:00,80.8,80.8,80.58,80.58,896.014
1783029900000,2026-07-02 22:05:00,80.58,80.63,80.54,80.54,640.596
1783030200000,2026-07-02 22:10:00,80.54,80.55,80.46,80.46,654.125
1783030500000,2026-07-02 22:15:00,80.47,80.67,80.47,80.67,421.546
1783030800000,2026-07-02 22:20:00,80.67,80.68,80.49,80.62,630.126
1783031100000,2026-07-02 22:25:00,80.65,80.65,80.62,80.62,42.443
1783031400000,2026-07-02 22:30:00,80.62,80.72,80.62,80.64,807.583
1783031700000,2026-07-02 22:35:00,80.64,80.73,80.64,80.64,265.115
1783032000000,2026-07-02 22:40:00,80.63,80.63,80.55,80.57,330.41
1783032300000,2026-07-02 22:45:00,80.54,80.55,80.51,80.52,141.92
1783032600000,2026-07-02 22:50:00,80.54,80.75,80.54,80.75,670.243
1783032900000,2026-07-02 22:55:00,80.77,80.87,80.7,80.7,617.937
1783033200000,2026-07-02 23:00:00,80.69,80.7,80.55,80.57,1083.543
1783033500000,2026-07-02 23:05:00,80.54,80.6,80.52,80.6,197.095
1783033800000,2026-07-02 23:10:00,80.6,80.69,80.53,80.53,742.786
1783034100000,2026-07-02 23:15:00,80.53,80.67,80.51,80.61,771.931
1783034400000,2026-07-02 23:20:00,80.6,80.67,80.59,80.67,767.745
1783034700000,2026-07-02 23:25:00,80.68,80.74,80.67,80.69,985.305
1783035000000,2026-07-02 23:30:00,80.69,80.73,80.65,80.73,233.444
1783035300000,2026-07-02 23:35:00,80.73,80.74,80.52,80.56,360.772
1783035600000,2026-07-02 23:40:00,80.56,80.66,80.56,80.66,106.342
1783035900000,2026-07-02 23:45:00,80.63,80.72,80.63,80.67,301.127
1783036200000,2026-07-02 23:50:00,80.67,80.74,80.66,80.74,175.042
1783036500000,2026-07-02 23:55:00,80.74,80.78,80.66,80.67,181.322
1783036800000,2026-07-03 00:00:00,80.71,80.79,80.6,80.76,1748.617
1783037100000,2026-07-03 00:05:00,80.76,80.76,80.65,80.66,714.726
1783037400000,2026-07-03 00:10:00,80.66,80.83,80.61,80.79,519.839
1783037700000,2026-07-03 00:15:00,80.79,80.79,80.65,80.75,872.147
1783038000000,2026-07-03 00:20:00,80.75,80.81,80.66,80.68,778.469
1783038300000,2026-07-03 00:25:00,80.67,80.7,80.62,80.62,510.318
1783038600000,2026-07-03 00:30:00,80.62,80.7,80.55,80.6,1059.789
1783038900000,2026-07-03 00:35:00,80.55,80.78,80.53,80.78,1071.918
1783039200000,2026-07-03 00:40:00,80.79,80.86,80.78,80.85,1281.612
1783039500000,2026-07-03 00:45:00,80.82,80.87,80.78,80.82,1271.138
1783039800000,2026-07-03 00:50:00,80.84,80.88,80.74,80.76,870.472
1783040100000,2026-07-03 00:55:00,80.83,80.91,80.79,80.79,931.974
1783040400000,2026-07-03 01:00:00,80.79,80.99,80.72,80.99,470.583
1783040700000,2026-07-03 01:05:00,80.99,81.18,80.99,81.18,1118.907
1783041000000,2026-07-03 01:10:00,81.18,81.24,81.06,81.24,320.328
1783041300000,2026-07-03 01:15:00,81.24,81.24,81.02,81.14,1165.16
1783041600000,2026-07-03 01:20:00,81.12,81.24,81.12,81.2,950.652
1783041900000,2026-07-03 01:25:00,81.2,81.25,81.16,81.17,286.005
1783042200000,2026-07-03 01:30:00,81.19,81.35,81.1,81.35,3552.589
1783042500000,2026-07-03 01:35:00,81.39,81.59,81.39,81.58,1684.268
1783042800000,2026-07-03 01:40:00,81.57,81.58,81.47,81.47,337.844
1783043100000,2026-07-03 01:45:00,81.46,81.63,81.4,81.6,757.14
1783043400000,2026-07-03 01:50:00,81.61,81.68,81.61,81.66,289.74
1783043700000,2026-07-03 01:55:00,81.69,81.69,81.48,81.48,166.756
1783044000000,2026-07-03 02:00:00,81.47,81.57,81.41,81.45,516.912
1783044300000,2026-07-03 02:05:00,81.47,81.67,81.45,81.67,771.789
1783044600000,2026-07-03 02:10:00,81.67,81.67,81.32,81.32,593.662
1783044900000,2026-07-03 02:15:00,81.32,81.47,81.31,81.45,245.229
1783045200000,2026-07-03 02:20:00,81.45,81.52,81.44,81.48,342.097
1783045500000,2026-07-03 02:25:00,81.47,81.49,81.16,81.18,1031.24
1783045800000,2026-07-03 02:30:00,81.18,81.19,80.96,80.97,1420.096
1783046100000,2026-07-03 02:35:00,80.97,81.03,80.84,80.88,866.724
1783046400000,2026-07-03 02:40:00,80.88,80.92,80.79,80.82,286.168
1783046700000,2026-07-03 02:45:00,80.82,80.83,80.69,80.82,705.023
1783047000000,2026-07-03 02:50:00,80.79,80.85,80.77,80.84,1191.46
1783047300000,2026-07-03 02:55:00,80.82,80.83,80.72,80.82,229.453
1783047600000,2026-07-03 03:00:00,80.77,80.8,80.66,80.75,616.957
1783047900000,2026-07-03 03:05:00,80.71,80.71,80.49,80.53,969.521
1783048200000,2026-07-03 03:10:00,80.53,80.53,80.36,80.43,757.326
1783048500000,2026-07-03 03:15:00,80.42,80.65,80.42,80.65,754.82
1783048800000,2026-07-03 03:20:00,80.66,80.88,80.66,80.86,668.127
1783049100000,2026-07-03 03:25:00,80.84,80.97,80.83,80.9,486.033
1783049400000,2026-07-03 03:30:00,80.89,80.97,80.83,80.83,805.866
1783049700000,2026-07-03 03:35:00,80.83,80.87,80.74,80.74,212.142
1783050000000,2026-07-03 03:40:00,80.74,80.75,80.6,80.65,4714.444
1783050300000,2026-07-03 03:45:00,80.65,80.67,80.64,80.67,7463.907
1783050600000,2026-07-03 03:50:00,80.67,80.68,80.64,80.68,7502.481
1783050900000,2026-07-03 03:55:00,80.68,80.68,80.64,80.68,3952.239
1783051200000,2026-07-03 04:00:00,80.68,80.68,80.64,80.68,3261.684
1783051500000,2026-07-03 04:05:00,80.66,80.68,62.95,80.56,1771.771
1783051800000,2026-07-03 04:10:00,80.56,80.64,80.49,80.64,332.039
1783052100000,2026-07-03 04:15:00,80.65,80.66,80.51,80.54,601.449
1783052400000,2026-07-03 04:20:00,80.59,80.63,80.59,80.6,203.53
1783052700000,2026-07-03 04:25:00,80.6,80.63,80.55,80.63,181.467
1783053000000,2026-07-03 04:30:00,80.64,80.68,80.57,80.59,585.369
1783053300000,2026-07-03 04:35:00,80.61,80.79,80.61,80.76,1725.206
1783053600000,2026-07-03 04:40:00,80.76,80.8,80.74,80.74,878.625
1783053900000,2026-07-03 04:45:00,80.77,80.79,80.62,80.64,461.595
1783054200000,2026-07-03 04:50:00,80.62,80.63,80.51,80.55,272.453
1783054500000,2026-07-03 04:55:00,80.55,80.59,80.5,80.53,255.569
1783054800000,2026-07-03 05:00:00,80.51,80.66,80.5,80.65,1682.488
1783055100000,2026-07-03 05:05:00,80.67,80.67,80.62,80.62,246.769
1783055400000,2026-07-03 05:10:00,80.62,80.73,80.61,80.7,569.225
1783055700000,2026-07-03 05:15:00,80.72,80.8,80.61,80.8,576.663
1783056000000,2026-07-03 05:20:00,80.79,80.79,80.68,80.72,649.56
1783056300000,2026-07-03 05:25:00,80.77,80.9,80.74,80.87,721.469
1783056600000,2026-07-03 05:30:00,80.85,81.06,80.83,81.03,609.397
1783056900000,2026-07-03 05:35:00,81.04,81.18,81.03,81.15,701.017
1783057200000,2026-07-03 05:40:00,81.13,81.13,81.03,81.09,966.312
1783057500000,2026-07-03 05:45:00,81.08,81.23,81.03,81.23,927.028
1783057800000,2026-07-03 05:50:00,81.24,81.24,81.1,81.19,184.971
1783058100000,2026-07-03 05:55:00,81.2,81.22,81.16,81.17,335.677
1783058400000,2026-07-03 06:00:00,81.15,81.27,81.12,81.26,1203.358
1783058700000,2026-07-03 06:05:00,81.28,81.37,81.27,81.35,328.701
1783059000000,2026-07-03 06:10:00,81.35,81.35,81.15,81.17,499.715
1783059300000,2026-07-03 06:15:00,81.15,81.22,81.1,81.13,757.397
1783059600000,2026-07-03 06:20:00,81.13,81.14,80.95,80.98,463.06
1783059900000,2026-07-03 06:25:00,81.01,81.05,80.99,81.0,150.604
1783060200000,2026-07-03 06:30:00,81.09,81.11,81.04,81.04,687.968
1783060500000,2026-07-03 06:35:00,81.03,81.05,80.76,80.77,555.368
1783060800000,2026-07-03 06:40:00,80.8,80.89,80.76,80.84,833.324
1783061100000,2026-07-03 06:45:00,80.85,80.92,80.84,80.92,667.074
1783061400000,2026-07-03 06:50:00,80.93,81.09,80.91,81.08,685.792
1783061700000,2026-07-03 06:55:00,81.08,81.08,80.97,80.97,923.797
1783062000000,2026-07-03 07:00:00,80.97,81.01,80.94,80.94,1370.896
1783062300000,2026-07-03 07:05:00,80.87,81.02,80.85,80.99,733.548
1783062600000,2026-07-03 07:10:00,80.91,80.93,80.86,80.93,147.311
1783062900000,2026-07-03 07:15:00,80.94,81.06,80.94,81.03,345.409
1783063200000,2026-07-03 07:20:00,81.03,81.11,81.02,81.11,501.95
1783063500000,2026-07-03 07:25:00,81.1,81.11,81.07,81.1,84.607
1783063800000,2026-07-03 07:30:00,81.1,81.18,81.05,81.08,287.577
1783064100000,2026-07-03 07:35:00,81.15,81.22,81.13,81.15,1456.426
1783064400000,2026-07-03 07:40:00,81.17,81.32,81.17,81.28,824.041
1783064700000,2026-07-03 07:45:00,81.29,81.38,81.27,81.38,2175.773
1783065000000,2026-07-03 07:50:00,81.39,81.48,81.31,81.31,4162.604
1783065300000,2026-07-03 07:55:00,81.31,81.33,81.21,81.22,1230.14
1783065600000,2026-07-03 08:00:00,81.23,81.31,81.21,81.27,396.469
1783065900000,2026-07-03 08:05:00,81.28,81.32,81.13,81.14,762.318
1783066200000,2026-07-03 08:10:00,81.15,81.19,81.15,81.18,182.169
1783066500000,2026-07-03 08:15:00,81.18,81.22,81.15,81.16,298.513
1783066800000,2026-07-03 08:20:00,81.14,81.14,81.07,81.08,327.502
1783067100000,2026-07-03 08:25:00,81.14,81.25,81.03,81.03,1137.272
1783067400000,2026-07-03 08:30:00,81.04,81.13,80.95,81.07,534.52
1783067700000,2026-07-03 08:35:00,81.09,81.12,81.05,81.07,115.362
1783068000000,2026-07-03 08:40:00,81.09,81.48,81.07,81.39,770.073
1783068300000,2026-07-03 08:45:00,81.38,81.38,81.15,81.15,1937.14
1783068600000,2026-07-03 08:50:00,81.15,81.15,80.86,80.87,994.431
1783068900000,2026-07-03 08:55:00,80.85,80.95,80.84,80.92,1166.156
1783069200000,2026-07-03 09:00:00,80.9,80.99,80.82,80.94,1054.109
1783069500000,2026-07-03 09:05:00,80.97,81.05,80.97,81.02,423.067
1783069800000,2026-07-03 09:10:00,81.03,81.05,80.95,81.05,176.78
1783070100000,2026-07-03 09:15:00,81.09,81.1,80.97,80.97,244.006
1783070400000,2026-07-03 09:20:00,80.96,81.04,80.96,80.98,260.409
1783070700000,2026-07-03 09:25:00,80.94,80.96,80.89,80.96,175.472
1783071000000,2026-07-03 09:30:00,80.9,80.93,80.83,80.83,531.566
1783071300000,2026-07-03 09:35:00,80.81,80.81,80.68,80.73,576.929
1783071600000,2026-07-03 09:40:00,80.74,80.87,80.69,80.87,510.316
1783071900000,2026-07-03 09:45:00,80.86,81.2,80.86,81.09,1423.151
1783072200000,2026-07-03 09:50:00,81.11,81.11,81.04,81.05,311.376
1783072500000,2026-07-03 09:55:00,81.07,81.1,81.03,81.05,405.8
1783072800000,2026-07-03 10:00:00,81.04,81.1,81.03,81.1,1214.404
1783073100000,2026-07-03 10:05:00,81.1,81.14,81.06,81.07,305.766
1783073400000,2026-07-03 10:10:00,81.06,81.25,81.04,81.08,1313.601
1783073700000,2026-07-03 10:15:00,81.09,81.09,80.91,80.92,699.189
1783074000000,2026-07-03 10:20:00,80.92,81.07,80.91,81.0,234.021
1783074300000,2026-07-03 10:25:00,80.99,81.24,80.98,81.13,992.989
1783074600000,2026-07-03 10:30:00,81.17,81.18,81.05,81.11,1257.373
1783074900000,2026-07-03 10:35:00,81.11,81.28,81.11,81.28,130.563
1783075200000,2026-07-03 10:40:00,81.26,81.53,81.22,81.46,1249.638
1783075500000,2026-07-03 10:45:00,81.46,81.47,81.26,81.41,905.396
1783075800000,2026-07-03 10:50:00,81.4,81.85,81.33,81.78,1796.524
1783076100000,2026-07-03 10:55:00,81.78,81.82,81.53,81.54,954.311
1783076400000,2026-07-03 11:00:00,81.54,81.6,81.44,81.6,1042.208
1783076700000,2026-07-03 11:05:00,81.61,81.7,81.57,81.63,361.72
1783077000000,2026-07-03 11:10:00,81.61,81.68,81.49,81.53,1383.515
1783077300000,2026-07-03 11:15:00,81.59,81.62,81.41,81.41,839.4
1783077600000,2026-07-03 11:20:00,81.44,81.57,81.44,81.54,725.444
1783077900000,2026-07-03 11:25:00,81.53,81.53,81.39,81.4,421.239
1783078200000,2026-07-03 11:30:00,81.41,81.43,81.34,81.43,518.5
1783078500000,2026-07-03 11:35:00,81.43,81.43,81.34,81.34,236.024
1783078800000,2026-07-03 11:40:00,81.33,81.35,81.27,81.33,388.146
1783079100000,2026-07-03 11:45:00,81.35,81.53,81.34,81.53,413.007
1783079400000,2026-07-03 11:50:00,81.53,81.65,81.52,81.64,489.574
1783079700000,2026-07-03 11:55:00,81.63,81.66,81.55,81.58,290.928
1783080000000,2026-07-03 12:00:00,81.58,81.73,81.57,81.68,932.995
1783080300000,2026-07-03 12:05:00,81.67,81.68,81.47,81.52,635.25
1783080600000,2026-07-03 12:10:00,81.5,81.59,81.49,81.53,392.854
1783080900000,2026-07-03 12:15:00,81.51,81.52,81.26,81.26,1537.539
1783081200000,2026-07-03 12:20:00,81.27,81.33,81.22,81.33,381.698
1783081500000,2026-07-03 12:25:00,81.32,81.37,81.32,81.33,56.61
1783081800000,2026-07-03 12:30:00,81.31,81.39,81.27,81.38,1148.565
1783082100000,2026-07-03 12:35:00,81.4,81.4,81.27,81.27,310.714
1783082400000,2026-07-03 12:40:00,81.26,81.41,81.26,81.37,423.085
1783082700000,2026-07-03 12:45:00,81.36,81.44,81.36,81.42,153.21
1783083000000,2026-07-03 12:50:00,81.44,81.54,81.41,81.53,581.999
1783083300000,2026-07-03 12:55:00,81.53,81.55,81.48,81.52,190.57
1783083600000,2026-07-03 13:00:00,81.54,81.61,81.53,81.61,481.284
1783083900000,2026-07-03 13:05:00,81.61,81.66,81.55,81.6,999.464
1783084200000,2026-07-03 13:10:00,81.6,81.7,81.6,81.63,226.981
1783084500000,2026-07-03 13:15:00,81.63,81.7,81.6,81.6,134.199
1783084800000,2026-07-03 13:20:00,81.58,81.64,81.48,81.48,191.862
1783085100000,2026-07-03 13:25:00,81.45,81.66,81.45,81.66,233.103
1783085400000,2026-07-03 13:30:00,81.66,81.69,81.55,81.55,517.844
1783085700000,2026-07-03 13:35:00,81.53,81.55,81.46,81.48,197.299
1783086000000,2026-07-03 13:40:00,81.52,81.65,81.52,81.64,368.043
1783086300000,2026-07-03 13:45:00,81.66,81.66,81.48,81.53,830.802
1783086600000,2026-07-03 13:50:00,81.5,81.84,81.5,81.61,596.126
1783086900000,2026-07-03 13:55:00,81.63,81.71,81.61,81.61,314.334
1783087200000,2026-07-03 14:00:00,81.6,81.61,81.31,81.44,804.781
1783087500000,2026-07-03 14:05:00,81.44,81.48,81.36,81.47,585.869
1783087800000,2026-07-03 14:10:00,81.42,81.46,81.0,81.0,701.278
1783088100000,2026-07-03 14:15:00,81.0,81.24,81.0,81.1,699.491
1783088400000,2026-07-03 14:20:00,81.1,81.15,80.98,81.14,538.062
1783088700000,2026-07-03 14:25:00,81.11,81.29,81.1,81.29,252.072
1783089000000,2026-07-03 14:30:00,81.28,81.44,81.28,81.29,1685.682
1783089300000,2026-07-03 14:35:00,81.29,81.39,81.27,81.38,139.956
1783089600000,2026-07-03 14:40:00,81.32,81.58,81.32,81.53,508.56
1783089900000,2026-07-03 14:45:00,81.55,81.64,81.5,81.51,370.523
1783090200000,2026-07-03 14:50:00,81.53,81.67,81.51,81.67,872.392
1783090500000,2026-07-03 14:55:00,81.67,81.76,81.67,81.68,542.331
1783090800000,2026-07-03 15:00:00,81.68,81.8,81.65,81.66,1143.952
1783091100000,2026-07-03 15:05:00,81.63,82.0,81.62,81.9,2017.35
1783091400000,2026-07-03 15:10:00,81.9,81.91,81.62,81.62,819.183
1783091700000,2026-07-03 15:15:00,81.63,81.64,81.47,81.58,536.865
1783092000000,2026-07-03 15:20:00,81.58,81.58,81.26,81.28,1038.03
1783092300000,2026-07-03 15:25:00,81.28,81.37,81.27,81.27,401.925
1783092600000,2026-07-03 15:30:00,81.26,81.36,81.26,81.28,205.881
1783092900000,2026-07-03 15:35:00,81.3,81.37,81.3,81.31,838.769
1783093200000,2026-07-03 15:40:00,81.27,81.28,81.16,81.28,876.096
1783093500000,2026-07-03 15:45:00,81.27,81.27,81.19,81.19,218.461
1783093800000,2026-07-03 15:50:00,81.21,81.32,81.18,81.3,752.042
1783094100000,2026-07-03 15:55:00,81.3,81.3,81.15,81.22,343.926
1783094400000,2026-07-03 16:00:00,81.22,81.31,81.09,81.29,840.007
1783094700000,2026-07-03 16:05:00,81.29,81.36,81.27,81.3,280.806
1783095000000,2026-07-03 16:10:00,81.3,81.3,81.17,81.2,207.061
1783095300000,2026-07-03 16:15:00,81.2,81.35,81.18,81.34,264.764
1783095600000,2026-07-03 16:20:00,81.35,81.42,81.25,81.42,268.758
1783095900000,2026-07-03 16:25:00,81.36,81.39,81.26,81.34,372.662
1783096200000,2026-07-03 16:30:00,81.33,81.42,81.18,81.24,463.692
1783096500000,2026-07-03 16:35:00,81.3,81.37,81.29,81.36,301.702
1783096800000,2026-07-03 16:40:00,81.36,81.45,81.35,81.44,421.354
1783097100000,2026-07-03 16:45:00,81.45,81.46,81.35,81.36,56.458
1783097400000,2026-07-03 16:50:00,81.37,81.53,81.3,81.51,1299.076
1783097700000,2026-07-03 16:55:00,81.5,81.57,81.49,81.54,233.135
1783098000000,2026-07-03 17:00:00,81.54,81.58,81.49,81.55,483.375
1783098300000,2026-07-03 17:05:00,81.57,81.73,81.57,81.73,414.085
1783098600000,2026-07-03 17:10:00,81.69,81.71,81.65,81.65,313.51
1783098900000,2026-07-03 17:15:00,81.65,81.78,81.65,81.78,365.709
1783099200000,2026-07-03 17:20:00,81.78,81.96,81.77,81.77,1115.318
1783099500000,2026-07-03 17:25:00,81.76,81.83,81.7,81.82,333.701
1783099800000,2026-07-03 17:30:00,81.76,81.76,81.7,81.74,723.019
1783100100000,2026-07-03 17:35:00,81.79,81.84,81.67,81.67,1446.502
1783100400000,2026-07-03 17:40:00,81.66,81.76,81.59,81.7,870.453
1783100700000,2026-07-03 17:45:00,81.71,81.72,81.69,81.7,270.388
1783101000000,2026-07-03 17:50:00,81.67,81.78,81.65,81.78,545.005
1783101300000,2026-07-03 17:55:00,81.79,81.81,81.72,81.76,407.973
1783101600000,2026-07-03 18:00:00,81.76,81.82,81.71,81.71,657.605
1783101900000,2026-07-03 18:05:00,81.65,81.72,81.65,81.66,319.926
1783102200000,2026-07-03 18:10:00,81.63,81.72,81.63,81.69,257.626
1783102500000,2026-07-03 18:15:00,81.72,81.82,81.71,81.8,449.371
1783102800000,2026-07-03 18:20:00,81.84,81.9,81.8,81.82,531.895
1783103100000,2026-07-03 18:25:00,81.82,81.83,81.75,81.77,171.34
1783103400000,2026-07-03 18:30:00,81.77,81.84,81.76,81.83,207.868
1783103700000,2026-07-03 18:35:00,81.84,81.9,81.83,81.85,289.313
1783104000000,2026-07-03 18:40:00,81.84,81.96,81.82,81.96,386.1
1783104300000,2026-07-03 18:45:00,81.95,81.98,81.91,81.96,219.834
1783104600000,2026-07-03 18:50:00,81.94,82.0,81.91,81.99,99.449
1783104900000,2026-07-03 18:55:00,81.97,82.26,81.97,82.13,757.784
1783105200000,2026-07-03 19:00:00,82.11,82.29,82.1,82.22,1639.203
1783105500000,2026-07-03 19:05:00,82.22,82.23,82.09,82.2,461.769
1783105800000,2026-07-03 19:10:00,82.21,82.21,82.1,82.11,430.573
1783106100000,2026-07-03 19:15:00,82.14,82.37,82.14,82.29,709.21
1783106400000,2026-07-03 19:20:00,82.28,82.31,82.23,82.27,321.341
1783106700000,2026-07-03 19:25:00,82.29,82.33,82.22,82.33,190.749
1783107000000,2026-07-03 19:30:00,82.32,82.47,82.22,82.35,1611.333
1783107300000,2026-07-03 19:35:00,82.32,83.12,82.23,83.03,1735.684
1783107600000,2026-07-03 19:40:00,83.04,83.05,82.8,82.82,1214.658
1783107900000,2026-07-03 19:45:00,82.83,82.83,82.59,82.65,687.22
1783108200000,2026-07-03 19:50:00,82.65,82.65,82.48,82.48,1464.539
1783108500000,2026-07-03 19:55:00,82.51,82.54,82.43,82.49,858.763
1783108800000,2026-07-03 20:00:00,82.49,82.49,82.35,82.35,687.379
1783109100000,2026-07-03 20:05:00,82.35,82.66,82.25,82.57,878.592
1783109400000,2026-07-03 20:10:00,82.57,82.57,82.37,82.43,1243.056
1783109700000,2026-07-03 20:15:00,82.5,82.5,82.29,82.48,1185.147
1783110000000,2026-07-03 20:20:00,82.51,82.57,82.4,82.52,1002.183
1783110300000,2026-07-03 20:25:00,82.52,82.65,82.5,82.56,522.75
1783110600000,2026-07-03 20:30:00,82.54,82.54,82.39,82.47,702.382
1783110900000,2026-07-03 20:35:00,82.48,82.98,82.48,82.63,2046.994
1783111200000,2026-07-03 20:40:00,82.63,82.76,82.56,82.76,690.506
1783111500000,2026-07-03 20:45:00,82.75,82.93,82.72,82.81,1723.668
1783111800000,2026-07-03 20:50:00,82.8,82.83,82.72,82.81,678.144
1783112100000,2026-07-03 20:55:00,82.82,82.82,82.68,82.72,864.348
1783112400000,2026-07-03 21:00:00,82.72,82.88,82.7,82.82,647.539
1783112700000,2026-07-03 21:05:00,82.82,82.85,82.74,82.75,324.567
1783113000000,2026-07-03 21:10:00,82.74,82.92,82.65,82.66,1269.53
1783113300000,2026-07-03 21:15:00,82.65,82.71,82.53,82.55,712.762
1783113600000,2026-07-03 21:20:00,82.52,82.55,82.46,82.46,154.877
1783113900000,2026-07-03 21:25:00,82.52,82.53,82.35,82.39,362.658
1783114200000,2026-07-03 21:30:00,82.4,82.41,82.27,82.35,644.341
1783114500000,2026-07-03 21:35:00,82.36,82.45,82.29,82.32,627.761
1783114800000,2026-07-03 21:40:00,82.31,82.38,82.22,82.33,858.047
1783115100000,2026-07-03 21:45:00,82.38,82.66,82.38,82.65,717.562
1783115400000,2026-07-03 21:50:00,82.64,82.81,82.59,82.76,553.009
1783115700000,2026-07-03 21:55:00,82.76,82.8,82.66,82.67,495.642
1783116000000,2026-07-03 22:00:00,82.64,82.68,82.53,82.55,614.349
1783116300000,2026-07-03 22:05:00,82.51,82.51,82.37,82.43,638.47
1783116600000,2026-07-03 22:10:00,82.43,82.43,82.37,82.38,115.955
1783116900000,2026-07-03 22:15:00,82.36,82.55,82.36,82.54,304.496
1783117200000,2026-07-03 22:20:00,82.54,82.54,82.46,82.46,114.485
1783117500000,2026-07-03 22:25:00,82.47,82.55,82.39,82.39,583.795
1783117800000,2026-07-03 22:30:00,82.4,82.43,82.27,82.3,495.795
1783118100000,2026-07-03 22:35:00,82.38,82.43,82.35,82.35,182.225
1783118400000,2026-07-03 22:40:00,82.35,82.39,82.3,82.39,505.047
1783118700000,2026-07-03 22:45:00,82.41,82.41,82.26,82.29,463.642
1783119000000,2026-07-03 22:50:00,82.31,82.31,82.28,82.28,32.287
1783119300000,2026-07-03 22:55:00,82.28,82.38,82.28,82.36,6.147
1783119600000,2026-07-03 23:00:00,82.35,82.38,82.33,82.38,60.537
1783119900000,2026-07-03 23:05:00,82.37,82.37,82.19,82.22,393.221
1783120200000,2026-07-03 23:10:00,82.22,82.26,82.21,82.24,250.181
1783120500000,2026-07-03 23:15:00,82.23,82.34,82.19,82.25,354.004
1783120800000,2026-07-03 23:20:00,82.25,82.34,82.25,82.29,211.169
1783121100000,2026-07-03 23:25:00,82.28,82.3,82.18,82.25,102.323
1783121400000,2026-07-03 23:30:00,82.25,82.38,82.25,82.32,267.821
1783121700000,2026-07-03 23:35:00,82.35,82.43,82.33,82.43,369.591
1783122000000,2026-07-03 23:40:00,82.44,82.48,82.44,82.45,289.77
1783122300000,2026-07-03 23:45:00,82.45,82.45,82.35,82.35,350.252
1783122600000,2026-07-03 23:50:00,82.34,82.38,82.33,82.34,477.326
1783122900000,2026-07-03 23:55:00,82.35,82.37,82.35,82.37,3.399
1783123200000,2026-07-04 00:00:00,82.38,82.4,82.28,82.4,334.223
1783123500000,2026-07-04 00:05:00,82.41,82.69,82.41,82.67,1022.569
1783123800000,2026-07-04 00:10:00,82.7,82.7,82.56,82.62,992.427
1783124100000,2026-07-04 00:15:00,82.6,82.73,82.59,82.64,385.615
1783124400000,2026-07-04 00:20:00,82.63,82.63,82.44,82.47,418.186
1783124700000,2026-07-04 00:25:00,82.47,82.58,82.47,82.58,250.121
1783125000000,2026-07-04 00:30:00,82.59,82.66,82.5,82.52,744.09
1783125300000,2026-07-04 00:35:00,82.52,82.52,82.42,82.48,263.118
1783125600000,2026-07-04 00:40:00,82.48,82.55,82.41,82.48,540.098
1783125900000,2026-07-04 00:45:00,82.5,82.61,82.5,82.53,543.412
1783126200000,2026-07-04 00:50:00,82.52,82.52,82.41,82.41,198.744
1783126500000,2026-07-04 00:55:00,82.42,82.46,82.42,82.44,17.104
1783126800000,2026-07-04 01:00:00,82.4,82.41,82.0,82.03,6817.876
1783127100000,2026-07-04 01:05:00,81.98,82.11,81.97,82.0,5319.629
1783127400000,2026-07-04 01:10:00,82.0,82.08,81.92,82.01,1202.431
1783127700000,2026-07-04 01:15:00,82.02,82.18,82.0,82.17,599.518
1783128000000,2026-07-04 01:20:00,82.17,82.2,82.02,82.02,714.066
1783128300000,2026-07-04 01:25:00,82.01,82.02,81.95,82.0,270.754
1783128600000,2026-07-04 01:30:00,81.99,82.04,81.99,82.0,277.083
1783128900000,2026-07-04 01:35:00,81.99,81.99,81.9,81.92,900.289
1783129200000,2026-07-04 01:40:00,81.94,81.94,81.86,81.9,229.776
1783129500000,2026-07-04 01:45:00,81.92,81.93,81.83,81.83,265.203
1783129800000,2026-07-04 01:50:00,81.82,81.94,81.82,81.9,284.532
1783130100000,2026-07-04 01:55:00,81.89,81.98,81.88,81.97,167.743
1783130400000,2026-07-04 02:00:00,81.95,81.98,81.91,81.97,435.679
1783130700000,2026-07-04 02:05:00,81.95,82.04,81.94,82.02,260.938
1783131000000,2026-07-04 02:10:00,82.02,82.12,82.02,82.09,236.451
1783131300000,2026-07-04 02:15:00,82.04,82.04,81.96,81.97,375.87
1783131600000,2026-07-04 02:20:00,81.98,82.08,81.98,82.03,199.731
1783131900000,2026-07-04 02:25:00,82.03,82.07,82.03,82.04,153.664
1783132200000,2026-07-04 02:30:00,82.05,82.06,81.93,81.94,267.774
1783132500000,2026-07-04 02:35:00,81.99,82.11,81.98,81.99,272.548
1783132800000,2026-07-04 02:40:00,81.99,82.16,81.98,82.16,313.451
1783133100000,2026-07-04 02:45:00,82.17,82.21,82.14,82.14,509.791
1783133400000,2026-07-04 02:50:00,82.15,82.39,82.15,82.29,580.269
1783133700000,2026-07-04 02:55:00,82.28,82.29,82.18,82.19,167.454
1783134000000,2026-07-04 03:00:00,82.18,82.31,82.18,82.24,525.174
1783134300000,2026-07-04 03:05:00,82.23,82.23,82.08,82.08,201.557
1783134600000,2026-07-04 03:10:00,82.08,82.36,82.08,82.36,338.253
1783134900000,2026-07-04 03:15:00,82.35,82.36,82.35,82.35,231.507
1783135200000,2026-07-04 03:20:00,82.35,82.36,82.35,82.36,34.496
1783135500000,2026-07-04 03:25:00,82.35,84.16,81.79,82.29,362.856
1783135800000,2026-07-04 03:30:00,82.3,82.54,82.3,82.5,1191.83
1783136100000,2026-07-04 03:35:00,82.5,82.7,82.45,82.69,706.569
1783136400000,2026-07-04 03:40:00,82.69,82.81,82.69,82.73,539.225
1783136700000,2026-07-04 03:45:00,82.73,82.77,82.66,82.77,265.157
1783137000000,2026-07-04 03:50:00,82.77,82.78,82.64,82.64,586.78
1783137300000,2026-07-04 03:55:00,82.64,82.74,82.6,82.74,134.683
1783137600000,2026-07-04 04:00:00,82.74,82.85,82.67,82.82,694.92
1783137900000,2026-07-04 04:05:00,82.82,83.04,82.77,82.88,677.682
1783138200000,2026-07-04 04:10:00,82.91,82.98,82.89,82.89,95.738
1783138500000,2026-07-04 04:15:00,82.9,82.94,82.77,82.78,638.998
1783138800000,2026-07-04 04:20:00,82.79,83.05,82.79,83.02,704.885
1783139100000,2026-07-04 04:25:00,83.03,83.08,83.01,83.02,631.605
1783139400000,2026-07-04 04:30:00,82.97,83.43,82.97,83.29,1749.501
1783139700000,2026-07-04 04:35:00,83.29,83.83,83.27,83.79,1945.861
1783140000000,2026-07-04 04:40:00,83.78,83.92,83.7,83.73,2005.866
1783140300000,2026-07-04 04:45:00,83.71,83.94,83.71,83.92,1103.479
1783140600000,2026-07-04 04:50:00,83.92,83.92,83.69,83.69,1338.947
1783140900000,2026-07-04 04:55:00,83.71,83.72,83.43,83.47,827.484
1783141200000,2026-07-04 05:00:00,83.48,83.48,83.24,83.33,1116.331
1783141500000,2026-07-04 05:05:00,83.33,83.33,83.14,83.14,446.855
1783141800000,2026-07-04 05:10:00,83.13,83.25,83.13,83.23,390.385
1783142100000,2026-07-04 05:15:00,83.24,83.4,83.24,83.32,513.947
1783142400000,2026-07-04 05:20:00,83.3,83.31,82.96,82.96,701.73
1783142700000,2026-07-04 05:25:00,82.97,83.11,82.94,83.11,1350.139
1783143000000,2026-07-04 05:30:00,83.1,83.21,83.05,83.17,1310.603
1783143300000,2026-07-04 05:35:00,83.16,83.27,83.13,83.23,241.298
1783143600000,2026-07-04 05:40:00,83.24,83.37,83.24,83.35,445.926
1783143900000,2026-07-04 05:45:00,83.34,83.46,83.34,83.42,754.898
1783144200000,2026-07-04 05:50:00,83.46,83.46,83.24,83.24,745.664
1783144500000,2026-07-04 05:55:00,83.25,83.36,83.21,83.36,245.087
1783144800000,2026-07-04 06:00:00,83.38,83.43,83.37,83.39,437.925
1783145100000,2026-07-04 06:05:00,83.4,83.59,83.4,83.42,1229.999
1783145400000,2026-07-04 06:10:00,83.41,83.44,83.3,83.33,273.348
1783145700000,2026-07-04 06:15:00,83.3,83.3,83.04,83.04,827.576
1783146000000,2026-07-04 06:20:00,83.02,83.02,82.56,82.63,2205.136
1783146300000,2026-07-04 06:25:00,82.63,82.67,82.55,82.64,1459.87
1783146600000,2026-07-04 06:30:00,82.64,82.79,82.63,82.76,319.159
1783146900000,2026-07-04 06:35:00,82.75,82.75,82.69,82.75,276.243
1783147200000,2026-07-04 06:40:00,82.75,82.75,82.65,82.65,612.355
1783147500000,2026-07-04 06:45:00,82.68,82.7,82.63,82.64,340.724
1783147800000,2026-07-04 06:50:00,82.64,82.64,82.55,82.55,643.426
1783148100000,2026-07-04 06:55:00,82.55,82.57,82.5,82.56,168.446
1783148400000,2026-07-04 07:00:00,82.54,82.57,82.37,82.45,1239.695
1783148700000,2026-07-04 07:05:00,82.45,82.45,82.27,82.33,911.644
1783149000000,2026-07-04 07:10:00,82.37,82.47,82.36,82.41,685.992
1783149300000,2026-07-04 07:15:00,82.42,82.45,82.36,82.45,316.626
1783149600000,2026-07-04 07:20:00,82.47,82.54,82.44,82.54,263.646
1783149900000,2026-07-04 07:25:00,82.53,82.53,82.32,82.41,496.329
1783150200000,2026-07-04 07:30:00,82.4,82.56,82.4,82.47,764.747
1783150500000,2026-07-04 07:35:00,82.47,82.47,82.4,82.46,539.86
1783150800000,2026-07-04 07:40:00,82.46,82.51,82.44,82.51,126.978
1783151100000,2026-07-04 07:45:00,82.51,82.7,82.46,82.7,259.372
1783151400000,2026-07-04 07:50:00,82.72,82.79,82.7,82.76,411.459
1783151700000,2026-07-04 07:55:00,82.77,82.81,82.72,82.72,442.492
1783152000000,2026-07-04 08:00:00,82.71,82.77,82.59,82.61,476.776
1783152300000,2026-07-04 08:05:00,82.57,82.63,82.56,82.63,882.721
1783152600000,2026-07-04 08:10:00,82.64,82.71,82.6,82.64,686.589
1783152900000,2026-07-04 08:15:00,82.63,82.67,82.46,82.52,395.784
1783153200000,2026-07-04 08:20:00,82.52,82.57,82.49,82.49,195.636
1783153500000,2026-07-04 08:25:00,82.48,82.52,82.46,82.46,266.904
1783153800000,2026-07-04 08:30:00,82.45,82.6,82.43,82.59,557.468
1783154100000,2026-07-04 08:35:00,82.6,82.67,82.55,82.63,554.969
1783154400000,2026-07-04 08:40:00,82.62,82.63,82.47,82.48,279.795
1783154700000,2026-07-04 08:45:00,82.45,82.59,82.45,82.54,288.369
1783155000000,2026-07-04 08:50:00,82.54,82.54,82.33,82.34,374.529
1783155300000,2026-07-04 08:55:00,82.33,82.38,82.27,82.31,579.247
1783155600000,2026-07-04 09:00:00,82.31,82.32,81.88,81.89,1809.734
1783155900000,2026-07-04 09:05:00,81.88,82.07,81.88,82.04,281.837
1783156200000,2026-07-04 09:10:00,82.05,82.16,82.04,82.1,202.803
1783156500000,2026-07-04 09:15:00,82.1,82.15,82.0,82.14,626.209
1783156800000,2026-07-04 09:20:00,82.15,82.15,82.04,82.04,201.928
1783157100000,2026-07-04 09:25:00,82.03,82.07,81.97,82.01,296.599
1783157400000,2026-07-04 09:30:00,82.01,82.02,81.88,81.92,680.958
1783157700000,2026-07-04 09:35:00,81.93,81.95,81.64,81.71,908.902
1783158000000,2026-07-04 09:40:00,81.67,81.76,81.64,81.66,381.271
1783158300000,2026-07-04 09:45:00,81.67,81.8,81.65,81.75,206.279
1783158600000,2026-07-04 09:50:00,81.75,81.78,81.75,81.78,183.527
1783158900000,2026-07-04 09:55:00,81.76,81.84,81.73,81.74,323.859
1783159200000,2026-07-04 10:00:00,81.74,81.74,81.69,81.74,562.974
1783159500000,2026-07-04 10:05:00,81.7,81.82,81.7,81.82,170.196
1783159800000,2026-07-04 10:10:00,81.82,81.83,81.74,81.8,325.832
1783160100000,2026-07-04 10:15:00,81.79,81.85,81.79,81.85,36.668
1783160400000,2026-07-04 10:20:00,81.84,81.86,81.78,81.78,292.913
1783160700000,2026-07-04 10:25:00,81.78,81.93,81.7,81.74,643.181
1783161000000,2026-07-04 10:30:00,81.74,81.75,81.63,81.68,2147.354
1783161300000,2026-07-04 10:35:00,81.68,81.69,81.47,81.49,1450.399
1783161600000,2026-07-04 10:40:00,81.49,81.61,81.49,81.61,1434.234
1783161900000,2026-07-04 10:45:00,81.59,81.63,81.55,81.63,242.714
1783162200000,2026-07-04 10:50:00,81.62,81.68,81.62,81.68,421.778
1783162500000,2026-07-04 10:55:00,81.68,81.74,81.65,81.65,663.308
1783162800000,2026-07-04 11:00:00,81.65,81.65,81.57,81.58,591.731
1783163100000,2026-07-04 11:05:00,81.58,81.77,81.56,81.77,448.228
1783163400000,2026-07-04 11:10:00,81.75,81.75,81.63,81.65,1000.528
1783163700000,2026-07-04 11:15:00,81.66,81.74,81.66,81.69,1064.15
1783164000000,2026-07-04 11:20:00,81.71,81.79,81.7,81.79,1163.206
1783164300000,2026-07-04 11:25:00,81.78,81.78,81.69,81.71,447.365
1783164600000,2026-07-04 11:30:00,81.73,81.87,81.73,81.86,1506.815
1783164900000,2026-07-04 11:35:00,81.86,81.88,81.82,81.88,696.985
1783165200000,2026-07-04 11:40:00,81.91,81.92,81.76,81.85,2241.391
1783165500000,2026-07-04 11:45:00,81.86,81.89,81.8,81.84,1281.117
1783165800000,2026-07-04 11:50:00,81.85,81.86,81.78,81.84,1764.923
1783166100000,2026-07-04 11:55:00,81.84,81.91,81.82,81.83,1248.305
1783166400000,2026-07-04 12:00:00,81.82,81.99,81.81,81.91,781.207
1783166700000,2026-07-04 12:05:00,81.9,81.94,81.81,81.85,451.347
1783167000000,2026-07-04 12:10:00,81.83,81.86,81.83,81.83,39.562
1783167300000,2026-07-04 12:15:00,81.83,81.83,81.76,81.8,128.202
1783167600000,2026-07-04 12:20:00,81.79,81.8,81.61,81.61,749.52
1783167900000,2026-07-04 12:25:00,81.6,81.74,81.56,81.66,412.952
1783168200000,2026-07-04 12:30:00,81.65,81.68,81.56,81.58,1849.448
1783168500000,2026-07-04 12:35:00,81.57,81.59,81.39,81.45,532.387
1783168800000,2026-07-04 12:40:00,81.48,81.49,81.43,81.49,218.282
1783169100000,2026-07-04 12:45:00,81.48,81.48,81.38,81.4,326.026
1783169400000,2026-07-04 12:50:00,81.41,81.54,81.41,81.54,211.691
1783169700000,2026-07-04 12:55:00,81.56,81.65,81.55,81.6,130.379
1783170000000,2026-07-04 13:00:00,81.59,81.67,81.59,81.59,308.424
1783170300000,2026-07-04 13:05:00,81.59,81.59,81.49,81.53,624.412
1783170600000,2026-07-04 13:10:00,81.56,81.57,81.49,81.5,158.636
1783170900000,2026-07-04 13:15:00,81.52,81.72,81.52,81.72,449.342
1783171200000,2026-07-04 13:20:00,81.75,81.82,81.69,81.71,1084.521
1783171500000,2026-07-04 13:25:00,81.72,81.75,81.61,81.62,190.846
1783171800000,2026-07-04 13:30:00,81.64,81.64,81.44,81.52,647.355
1783172100000,2026-07-04 13:35:00,81.52,81.52,81.43,81.51,444.813
1783172400000,2026-07-04 13:40:00,81.49,81.59,81.4,81.59,821.151
1783172700000,2026-07-04 13:45:00,81.56,81.56,81.43,81.53,545.709
1783173000000,2026-07-04 13:50:00,81.54,81.59,81.53,81.53,283.839
1783173300000,2026-07-04 13:55:00,81.53,81.68,81.53,81.68,1985.922
1783173600000,2026-07-04 14:00:00,81.65,81.74,81.65,81.71,1398.322
1783173900000,2026-07-04 14:05:00,81.7,81.76,81.67,81.7,665.693
1783174200000,2026-07-04 14:10:00,81.7,81.85,81.69,81.79,646.86
1783174500000,2026-07-04 14:15:00,81.79,81.85,81.69,81.74,960.273
1783174800000,2026-07-04 14:20:00,81.74,81.74,81.57,81.6,1102.445
1783175100000,2026-07-04 14:25:00,81.62,81.69,81.61,81.69,242.916
1783175400000,2026-07-04 14:30:00,81.7,81.73,81.61,81.71,493.723
1783175700000,2026-07-04 14:35:00,81.68,81.73,81.65,81.67,473.858
1783176000000,2026-07-04 14:40:00,81.72,81.83,81.71,81.83,1365.497
1783176300000,2026-07-04 14:45:00,81.83,81.83,81.7,81.7,540.615
1783176600000,2026-07-04 14:50:00,81.7,81.74,81.69,81.7,214.61
1783176900000,2026-07-04 14:55:00,81.72,81.83,81.71,81.83,201.402
1783177200000,2026-07-04 15:00:00,81.81,81.86,81.73,81.85,1978.189
1783177500000,2026-07-04 15:05:00,81.85,82.08,81.81,82.08,1568.064
1783177800000,2026-07-04 15:10:00,82.07,82.31,81.97,82.05,2362.422
1783178100000,2026-07-04 15:15:00,82.06,82.12,81.98,82.05,1275.184
1783178400000,2026-07-04 15:20:00,82.02,82.18,82.01,82.18,568.552
1783178700000,2026-07-04 15:25:00,82.18,82.26,82.04,82.21,2057.555
1783179000000,2026-07-04 15:30:00,82.23,82.31,82.1,82.27,989.54
1783179300000,2026-07-04 15:35:00,82.32,82.32,82.1,82.2,1523.712
1783179600000,2026-07-04 15:40:00,82.23,82.25,82.18,82.23,491.918
1783179900000,2026-07-04 15:45:00,82.21,82.41,82.21,82.33,270.611
1783180200000,2026-07-04 15:50:00,82.32,82.32,82.1,82.23,595.344
1783180500000,2026-07-04 15:55:00,82.22,82.28,82.2,82.23,470.956
1783180800000,2026-07-04 16:00:00,82.24,82.29,82.1,82.28,1433.267
1783181100000,2026-07-04 16:05:00,82.28,82.29,82.11,82.11,2075.592
1783181400000,2026-07-04 16:10:00,82.1,82.11,82.0,82.04,1057.7
1783181700000,2026-07-04 16:15:00,82.03,82.2,82.03,82.16,651.463
1783182000000,2026-07-04 16:20:00,82.21,82.24,82.11,82.16,671.882
1783182300000,2026-07-04 16:25:00,82.16,82.27,82.1,82.26,1167.931
1783182600000,2026-07-04 16:30:00,82.24,82.37,82.24,82.31,807.671
1783182900000,2026-07-04 16:35:00,82.31,82.37,82.19,82.26,1308.825
1783183200000,2026-07-04 16:40:00,82.27,82.33,82.19,82.23,626.974
1783183500000,2026-07-04 16:45:00,82.19,82.29,82.17,82.28,468.267
1783183800000,2026-07-04 16:50:00,82.28,82.3,82.21,82.22,688.152
1783184100000,2026-07-04 16:55:00,82.21,82.22,82.19,82.22,103.227
1783184400000,2026-07-04 17:00:00,82.17,82.17,81.9,82.05,808.395
1783184700000,2026-07-04 17:05:00,82.04,82.2,82.0,82.19,1011.607
1783185000000,2026-07-04 17:10:00,82.15,82.15,82.03,82.03,1113.465
1783185300000,2026-07-04 17:15:00,82.02,82.22,82.02,82.16,2161.214
1783185600000,2026-07-04 17:20:00,82.17,82.21,82.15,82.18,93.484
1783185900000,2026-07-04 17:25:00,82.2,82.31,82.2,82.28,251.388
1783186200000,2026-07-04 17:30:00,82.32,82.58,82.32,82.45,5047.836
1783186500000,2026-07-04 17:35:00,82.45,82.58,82.4,82.57,575.433
1783186800000,2026-07-04 17:40:00,82.53,82.53,82.41,82.48,331.137
1783187100000,2026-07-04 17:45:00,82.47,82.58,82.41,82.58,657.586
1783187400000,2026-07-04 17:50:00,82.55,82.81,82.55,82.7,2250.591
1783187700000,2026-07-04 17:55:00,82.69,82.73,82.54,82.54,459.993
1783188000000,2026-07-04 18:00:00,82.53,82.54,82.43,82.43,531.626
1783188300000,2026-07-04 18:05:00,82.43,82.59,82.43,82.47,1548.667
1783188600000,2026-07-04 18:10:00,82.44,82.57,82.44,82.57,301.757
1783188900000,2026-07-04 18:15:00,82.57,82.59,82.36,82.38,1158.06
1783189200000,2026-07-04 18:20:00,82.36,82.38,82.13,82.13,801.025
1783189500000,2026-07-04 18:25:00,82.13,82.3,82.13,82.3,1070.183
1783189800000,2026-07-04 18:30:00,82.3,82.3,82.17,82.17,268.181
1783190100000,2026-07-04 18:35:00,82.16,82.23,82.16,82.21,393.693
1783190400000,2026-07-04 18:40:00,82.19,82.25,82.19,82.2,153.784
1783190700000,2026-07-04 18:45:00,82.19,82.27,82.15,82.19,713.476
1783191000000,2026-07-04 18:50:00,82.19,82.35,82.19,82.3,891.379
1783191300000,2026-07-04 18:55:00,82.3,82.35,82.25,82.26,899.527
1783191600000,2026-07-04 19:00:00,82.26,82.33,82.26,82.31,398.292
1783191900000,2026-07-04 19:05:00,82.3,82.3,82.05,82.08,668.795
1783192200000,2026-07-04 19:10:00,82.04,82.04,81.71,81.79,3032.76
1783192500000,2026-07-04 19:15:00,81.82,81.88,81.78,81.85,2040.668
1783192800000,2026-07-04 19:20:00,81.85,81.96,81.81,81.92,470.548
1783193100000,2026-07-04 19:25:00,81.93,81.93,81.86,81.89,498.718
1783193400000,2026-07-04 19:30:00,81.9,82.0,81.79,82.0,967.005
1783193700000,2026-07-04 19:35:00,82.0,82.03,81.87,81.9,798.402
1783194000000,2026-07-04 19:40:00,81.91,82.02,81.89,82.0,543.85
1783194300000,2026-07-04 19:45:00,82.01,82.01,81.89,81.91,541.117
1783194600000,2026-07-04 19:50:00,81.88,81.89,81.76,81.76,680.758
1783194900000,2026-07-04 19:55:00,81.77,81.91,81.77,81.91,221.121
1783195200000,2026-07-04 20:00:00,81.89,81.95,81.81,81.89,1196.28
1783195500000,2026-07-04 20:05:00,81.89,81.9,81.84,81.87,609.931
1783195800000,2026-07-04 20:10:00,81.87,81.92,81.85,81.92,483.119
1783196100000,2026-07-04 20:15:00,81.92,81.97,81.61,81.65,1333.02
1783196400000,2026-07-04 20:20:00,81.67,81.68,81.6,81.63,806.584
1783196700000,2026-07-04 20:25:00,81.63,81.7,81.61,81.7,461.317
1783197000000,2026-07-04 20:30:00,81.74,81.87,81.73,81.85,1090.235
1783197300000,2026-07-04 20:35:00,81.85,81.96,81.85,81.95,1759.811
1783197600000,2026-07-04 20:40:00,81.94,82.08,81.94,82.08,1804.944
1783197900000,2026-07-04 20:45:00,82.08,82.13,82.02,82.03,558.904
1783198200000,2026-07-04 20:50:00,82.04,82.06,81.93,81.96,468.706
1783198500000,2026-07-04 20:55:00,81.97,82.01,81.96,81.99,142.809
1783198800000,2026-07-04 21:00:00,81.99,81.99,81.86,81.98,1763.372
1783199100000,2026-07-04 21:05:00,81.96,81.98,81.92,81.92,312.71
1783199400000,2026-07-04 21:10:00,81.9,82.01,81.9,82.0,269.663
1783199700000,2026-07-04 21:15:00,81.99,82.07,81.99,82.07,207.137
1783200000000,2026-07-04 21:20:00,82.07,82.14,82.07,82.1,151.005
1783200300000,2026-07-04 21:25:00,82.1,82.12,82.02,82.11,648.027
1783200600000,2026-07-04 21:30:00,82.1,82.23,82.09,82.09,679.93
1783200900000,2026-07-04 21:35:00,82.08,82.12,82.06,82.12,209.624
1783201200000,2026-07-04 21:40:00,82.11,82.12,81.98,82.02,404.831
1783201500000,2026-07-04 21:45:00,82.03,82.03,81.98,82.0,284.459
1783201800000,2026-07-04 21:50:00,81.99,82.01,81.92,82.01,966.58
1783202100000,2026-07-04 21:55:00,81.97,82.05,81.95,81.99,473.13
1783202400000,2026-07-04 22:00:00,81.99,82.0,81.92,81.92,564.784
1783202700000,2026-07-04 22:05:00,81.96,81.96,81.9,81.91,190.884
1783203000000,2026-07-04 22:10:00,81.94,81.96,81.81,81.93,380.086
1783203300000,2026-07-04 22:15:00,81.9,81.98,81.9,81.98,91.401
1783203600000,2026-07-04 22:20:00,81.95,81.96,81.84,81.84,107.841
1783203900000,2026-07-04 22:25:00,81.82,81.83,81.8,81.83,166.43
1783204200000,2026-07-04 22:30:00,81.83,81.87,81.83,81.84,146.151
1783204500000,2026-07-04 22:35:00,81.83,81.9,81.83,81.89,173.784
1783204800000,2026-07-04 22:40:00,81.85,81.88,81.84,81.84,146.836
1783205100000,2026-07-04 22:45:00,81.84,81.89,81.8,81.81,874.024
1783205400000,2026-07-04 22:50:00,81.85,81.9,81.83,81.9,228.497
1783205700000,2026-07-04 22:55:00,81.9,81.92,81.87,81.92,126.986
1783206000000,2026-07-04 23:00:00,81.94,81.94,81.75,81.8,761.768
1783206300000,2026-07-04 23:05:00,81.81,81.89,81.77,81.89,310.781
1783206600000,2026-07-04 23:10:00,81.87,81.87,81.55,81.55,1066.553
1783206900000,2026-07-04 23:15:00,81.56,81.61,81.45,81.61,1190.784
1783207200000,2026-07-04 23:20:00,81.62,81.72,81.61,81.7,477.35
1783207500000,2026-07-04 23:25:00,81.72,81.74,81.68,81.69,757.482
1783207800000,2026-07-04 23:30:00,81.69,81.83,81.69,81.75,994.178
1783208100000,2026-07-04 23:35:00,81.77,81.8,81.71,81.71,404.291
1783208400000,2026-07-04 23:40:00,81.73,81.76,81.72,81.75,443.781
1783208700000,2026-07-04 23:45:00,81.8,81.85,81.7,81.7,430.635
1783209000000,2026-07-04 23:50:00,81.75,81.76,81.65,81.71,275.414
1783209300000,2026-07-04 23:55:00,81.71,81.8,81.7,81.8,426.805
1783209600000,2026-07-05 00:00:00,81.8,81.82,81.57,81.66,828.674
1783209900000,2026-07-05 00:05:00,81.65,81.67,81.53,81.55,475.828
1783210200000,2026-07-05 00:10:00,81.53,81.6,81.53,81.58,543.882
1783210500000,2026-07-05 00:15:00,81.6,81.61,81.57,81.6,375.564
1783210800000,2026-07-05 00:20:00,81.6,81.6,81.33,81.33,772.438
1783211100000,2026-07-05 00:25:00,81.33,81.4,81.32,81.39,641.578
1783211400000,2026-07-05 00:30:00,81.44,81.44,81.14,81.19,1474.534
1783211700000,2026-07-05 00:35:00,81.17,81.38,81.16,81.38,363.722
1783212000000,2026-07-05 00:40:00,81.39,81.46,81.39,81.39,339.577
1783212300000,2026-07-05 00:45:00,81.39,81.41,81.3,81.3,147.318
1783212600000,2026-07-05 00:50:00,81.31,81.34,81.31,81.34,42.071
1783212900000,2026-07-05 00:55:00,81.35,81.35,81.16,81.29,924.983
1783213200000,2026-07-05 01:00:00,81.31,81.45,81.31,81.41,419.051
1783213500000,2026-07-05 01:05:00,81.43,81.43,81.22,81.26,1132.747
1783213800000,2026-07-05 01:10:00,81.24,81.29,81.19,81.19,454.352
1783214100000,2026-07-05 01:15:00,81.18,81.2,80.78,80.78,1781.884
1783214400000,2026-07-05 01:20:00,80.76,80.92,80.76,80.92,1758.07
1783214700000,2026-07-05 01:25:00,80.93,81.08,80.92,81.05,607.738
1783215000000,2026-07-05 01:30:00,81.05,81.05,80.6,80.69,2184.519
1783215300000,2026-07-05 01:35:00,80.72,80.84,80.72,80.83,729.821
1783215600000,2026-07-05 01:40:00,80.84,80.91,80.81,80.84,559.941
1783215900000,2026-07-05 01:45:00,80.84,80.94,80.76,80.76,1182.887
1783216200000,2026-07-05 01:50:00,80.78,80.86,80.78,80.81,510.729
1783216500000,2026-07-05 01:55:00,80.81,80.82,80.76,80.82,247.575
1783216800000,2026-07-05 02:00:00,80.84,80.89,80.68,80.69,805.29
1783217100000,2026-07-05 02:05:00,80.67,80.68,80.59,80.61,660.6
1783217400000,2026-07-05 02:10:00,80.58,80.6,80.48,80.54,932.473
1783217700000,2026-07-05 02:15:00,80.53,80.64,80.43,80.61,1993.018
1783218000000,2026-07-05 02:20:00,80.61,80.69,80.44,80.44,2115.326
1783218300000,2026-07-05 02:25:00,80.44,80.52,80.42,80.52,909.029
1783218600000,2026-07-05 02:30:00,80.54,80.64,80.48,80.64,2042.189
1783218900000,2026-07-05 02:35:00,80.64,80.64,80.46,80.47,1449.87
1783219200000,2026-07-05 02:40:00,80.47,80.49,80.34,80.43,7459.36
1783219500000,2026-07-05 02:45:00,80.43,80.64,67.33,80.27,7431.455
1783219800000,2026-07-05 02:50:00,80.28,80.31,80.21,80.25,349.075
1783220100000,2026-07-05 02:55:00,80.23,80.38,80.23,80.36,284.045
1783220400000,2026-07-05 03:00:00,80.37,80.51,80.36,80.5,552.386
1783220700000,2026-07-05 03:05:00,80.51,80.57,80.48,80.57,262.207
1783221000000,2026-07-05 03:10:00,80.57,80.58,80.54,80.57,232.164
1783221300000,2026-07-05 03:15:00,80.58,80.59,80.54,80.54,389.086
1783221600000,2026-07-05 03:20:00,80.53,80.53,80.43,80.49,573.668
1783221900000,2026-07-05 03:25:00,80.53,80.55,80.35,80.35,1394.114
1783222200000,2026-07-05 03:30:00,80.38,80.5,80.38,80.41,970.519
1783222500000,2026-07-05 03:35:00,80.4,80.54,80.4,80.52,29.693
1783222800000,2026-07-05 03:40:00,80.54,80.55,80.43,80.43,243.661
1783223100000,2026-07-05 03:45:00,80.46,80.52,80.45,80.5,129.89
1783223400000,2026-07-05 03:50:00,80.51,80.57,80.5,80.54,94.051
1783223700000,2026-07-05 03:55:00,80.53,80.56,80.52,80.55,72.213
1783224000000,2026-07-05 04:00:00,80.56,80.57,80.41,80.47,365.029
1783224300000,2026-07-05 04:05:00,80.47,80.59,80.44,80.56,390.213
1783224600000,2026-07-05 04:10:00,80.58,80.58,80.52,80.54,498.166
1783224900000,2026-07-05 04:15:00,80.53,80.6,80.53,80.59,386.345
1783225200000,2026-07-05 04:20:00,80.61,80.67,80.58,80.64,593.119
1783225500000,2026-07-05 04:25:00,80.66,80.69,80.64,80.68,630.549
1783225800000,2026-07-05 04:30:00,80.69,80.83,80.68,80.76,570.489
1783226100000,2026-07-05 04:35:00,80.75,80.78,80.72,80.77,65.61
1783226400000,2026-07-05 04:40:00,80.77,80.87,80.77,80.85,373.93
1783226700000,2026-07-05 04:45:00,80.85,80.85,80.75,80.77,444.067
1783227000000,2026-07-05 04:50:00,80.79,80.8,80.61,80.61,335.054
1783227300000,2026-07-05 04:55:00,80.62,80.62,80.58,80.58,223.986
1783227600000,2026-07-05 05:00:00,80.57,80.58,80.49,80.5,221.892
1783227900000,2026-07-05 05:05:00,80.5,80.57,80.44,80.49,407.154
1783228200000,2026-07-05 05:10:00,80.49,80.55,80.49,80.51,179.055
1783228500000,2026-07-05 05:15:00,80.5,80.57,80.5,80.56,184.446
1783228800000,2026-07-05 05:20:00,80.55,80.57,80.43,80.46,121.217
1783229100000,2026-07-05 05:25:00,80.46,80.53,80.46,80.5,84.575
1783229400000,2026-07-05 05:30:00,80.5,80.58,80.45,80.54,320.832
1783229700000,2026-07-05 05:35:00,80.55,80.55,80.45,80.45,265.028
1783230000000,2026-07-05 05:40:00,80.45,80.45,80.26,80.26,455.616
1783230300000,2026-07-05 05:45:00,80.28,80.39,80.27,80.39,383.512
1783230600000,2026-07-05 05:50:00,80.38,80.47,80.37,80.47,532.924
1783230900000,2026-07-05 05:55:00,80.46,80.51,80.45,80.45,641.25
1783231200000,2026-07-05 06:00:00,80.46,80.48,80.34,80.38,1838.383
1783231500000,2026-07-05 06:05:00,80.39,80.43,80.39,80.42,672.276
1783231800000,2026-07-05 06:10:00,80.42,80.44,80.38,80.44,770.531
1783232100000,2026-07-05 06:15:00,80.44,80.49,80.38,80.49,1256.358
1783232400000,2026-07-05 06:20:00,80.5,80.5,80.45,80.45,389.717
1783232700000,2026-07-05 06:25:00,80.47,80.5,80.46,80.5,247.244
1783233000000,2026-07-05 06:30:00,80.52,80.63,80.52,80.62,964.527
1783233300000,2026-07-05 06:35:00,80.64,80.64,80.51,80.52,1184.992
1783233600000,2026-07-05 06:40:00,80.53,80.57,80.5,80.54,416.542
1783233900000,2026-07-05 06:45:00,80.52,80.59,80.49,80.57,369.425
1783234200000,2026-07-05 06:50:00,80.56,80.6,80.52,80.6,515.641
1783234500000,2026-07-05 06:55:00,80.59,80.62,80.56,80.62,104.118
1783234800000,2026-07-05 07:00:00,80.62,80.63,80.58,80.58,905.325
1783235100000,2026-07-05 07:05:00,80.58,80.62,80.53,80.53,760.321
1783235400000,2026-07-05 07:10:00,80.52,80.52,80.44,80.47,621.78
1783235700000,2026-07-05 07:15:00,80.46,80.51,80.39,80.51,252.306
1783236000000,2026-07-05 07:20:00,80.51,80.52,80.39,80.46,846.365
1783236300000,2026-07-05 07:25:00,80.47,80.48,80.38,80.41,646.662
1783236600000,2026-07-05 07:30:00,80.42,80.54,80.41,80.52,371.44
1783236900000,2026-07-05 07:35:00,80.53,80.62,80.52,80.62,155.033
1783237200000,2026-07-05 07:40:00,80.61,80.64,80.58,80.59,401.886
1783237500000,2026-07-05 07:45:00,80.58,80.65,80.57,80.65,341.904
1783237800000,2026-07-05 07:50:00,80.64,80.74,80.64,80.72,513.727
1783238100000,2026-07-05 07:55:00,80.74,80.76,80.71,80.76,104.653
1783238400000,2026-07-05 08:00:00,80.75,80.87,80.69,80.69,1053.551
1783238700000,2026-07-05 08:05:00,80.68,80.69,80.6,80.62,1628.434
1783239000000,2026-07-05 08:10:00,80.61,80.67,80.53,80.64,940.185
1783239300000,2026-07-05 08:15:00,80.64,80.7,80.55,80.55,521.638
1783239600000,2026-07-05 08:20:00,80.54,80.54,80.51,80.51,92.812
1783239900000,2026-07-05 08:25:00,80.5,80.53,80.46,80.49,254.083
1783240200000,2026-07-05 08:30:00,80.48,80.61,80.48,80.59,344.193
1783240500000,2026-07-05 08:35:00,80.6,80.6,80.51,80.56,339.647
1783240800000,2026-07-05 08:40:00,80.55,80.58,80.54,80.58,109.435
1783241100000,2026-07-05 08:45:00,80.59,80.61,80.59,80.61,180.893
1783241400000,2026-07-05 08:50:00,80.59,80.59,80.48,80.53,151.957
1783241700000,2026-07-05 08:55:00,80.51,80.53,80.47,80.52,784.55
1783242000000,2026-07-05 09:00:00,80.52,80.52,80.45,80.45,983.931
1783242300000,2026-07-05 09:05:00,80.45,80.53,80.45,80.53,602.218
1783242600000,2026-07-05 09:10:00,80.53,80.55,80.42,80.42,1245.183
1783242900000,2026-07-05 09:15:00,80.41,80.45,80.4,80.42,1071.772
1783243200000,2026-07-05 09:20:00,80.41,80.42,80.17,80.23,1440.935
1783243500000,2026-07-05 09:25:00,80.24,80.25,80.16,80.19,868.139
1783243800000,2026-07-05 09:30:00,80.19,80.24,80.14,80.14,1611.376
1783244100000,2026-07-05 09:35:00,80.13,80.17,79.95,79.95,919.973
1783244400000,2026-07-05 09:40:00,79.95,79.99,79.73,79.8,2328.656
1783244700000,2026-07-05 09:45:00,79.8,79.89,79.75,79.86,1328.238
1783245000000,2026-07-05 09:50:00,79.86,79.88,79.79,79.79,1556.16
1783245300000,2026-07-05 09:55:00,79.79,79.92,79.78,79.91,1632.323
1783245600000,2026-07-05 10:00:00,79.91,79.94,79.76,79.94,1423.698
1783245900000,2026-07-05 10:05:00,79.98,80.0,79.88,80.0,804.596
1783246200000,2026-07-05 10:10:00,79.99,80.1,79.99,80.02,521.724
1783246500000,2026-07-05 10:15:00,80.01,80.1,80.0,80.09,489.588
1783246800000,2026-07-05 10:20:00,80.09,80.24,80.09,80.18,567.444
1783247100000,2026-07-05 10:25:00,80.18,80.2,80.15,80.2,344.821
1783247400000,2026-07-05 10:30:00,80.19,80.29,80.19,80.22,1005.919
1783247700000,2026-07-05 10:35:00,80.23,80.28,80.23,80.25,77.362
1783248000000,2026-07-05 10:40:00,80.22,80.26,80.22,80.24,84.833
1783248300000,2026-07-05 10:45:00,80.24,80.4,80.24,80.4,394.677
1783248600000,2026-07-05 10:50:00,80.39,80.43,80.39,80.43,406.651
1783248900000,2026-07-05 10:55:00,80.44,80.44,80.4,80.43,490.125
1783249200000,2026-07-05 11:00:00,80.43,80.55,80.38,80.39,2843.258
1783249500000,2026-07-05 11:05:00,80.4,80.5,80.39,80.5,2118.865
1783249800000,2026-07-05 11:10:00,80.49,80.55,80.48,80.5,1509.304
1783250100000,2026-07-05 11:15:00,80.53,80.53,80.46,80.53,1977.822
1783250400000,2026-07-05 11:20:00,80.53,80.56,80.43,80.43,1571.082
1783250700000,2026-07-05 11:25:00,80.44,80.49,80.38,80.49,591.033
1783251000000,2026-07-05 11:30:00,80.48,80.63,80.41,80.63,1137.664
1783251300000,2026-07-05 11:35:00,80.62,80.66,80.62,80.65,1384.354
1783251600000,2026-07-05 11:40:00,80.64,80.64,80.55,80.58,627.04
1783251900000,2026-07-05 11:45:00,80.59,80.66,80.55,80.55,533.826
1783252200000,2026-07-05 11:50:00,80.55,80.6,80.55,80.55,302.025
1783252500000,2026-07-05 11:55:00,80.57,80.61,80.57,80.6,154.563
1783252800000,2026-07-05 12:00:00,80.61,80.61,80.38,80.41,749.724
1783253100000,2026-07-05 12:05:00,80.4,80.49,80.4,80.44,448.288
1783253400000,2026-07-05 12:10:00,80.46,80.55,80.46,80.54,343.03
1783253700000,2026-07-05 12:15:00,80.53,80.63,80.53,80.61,580.366
1783254000000,2026-07-05 12:20:00,80.64,80.84,80.62,80.84,750.214
1783254300000,2026-07-05 12:25:00,80.85,81.05,80.84,81.05,1843.456
1783254600000,2026-07-05 12:30:00,81.09,81.28,80.98,80.98,2829.303
1783254900000,2026-07-05 12:35:00,80.98,81.06,80.92,80.93,1016.166
1783255200000,2026-07-05 12:40:00,80.93,80.93,80.81,80.82,1288.33
1783255500000,2026-07-05 12:45:00,80.82,80.91,80.79,80.9,1039.949
1783255800000,2026-07-05 12:50:00,80.91,80.91,80.8,80.88,248.455
1783256100000,2026-07-05 12:55:00,80.87,80.87,80.78,80.78,115.829
1783256400000,2026-07-05 13:00:00,80.77,80.85,80.72,80.81,388.506
1783256700000,2026-07-05 13:05:00,80.85,81.02,80.84,80.94,1335.973
1783257000000,2026-07-05 13:10:00,80.93,80.93,80.9,80.91,337.248
1783257300000,2026-07-05 13:15:00,80.9,80.9,80.84,80.89,752.309
1783257600000,2026-07-05 13:20:00,80.91,80.91,80.86,80.91,341.141
1783257900000,2026-07-05 13:25:00,80.91,80.91,80.71,80.8,454.331
1783258200000,2026-07-05 13:30:00,80.79,80.9,80.79,80.86,661.707
1783258500000,2026-07-05 13:35:00,80.88,81.0,80.87,80.99,857.375
1783258800000,2026-07-05 13:40:00,81.0,81.13,81.0,81.13,3420.677
1783259100000,2026-07-05 13:45:00,81.13,81.23,81.09,81.13,2485.782
1783259400000,2026-07-05 13:50:00,81.11,81.18,81.1,81.14,1228.179
1783259700000,2026-07-05 13:55:00,81.12,81.24,81.12,81.24,1932.325
1783260000000,2026-07-05 14:00:00,81.25,81.33,81.15,81.17,3334.109
1783260300000,2026-07-05 14:05:00,81.18,81.29,81.15,81.22,1445.32
1783260600000,2026-07-05 14:10:00,81.22,81.27,81.16,81.19,1216.892
1783260900000,2026-07-05 14:15:00,81.21,81.24,81.07,81.07,1282.94
1783261200000,2026-07-05 14:20:00,81.04,81.14,81.04,81.12,178.355
1783261500000,2026-07-05 14:25:00,81.12,81.15,81.1,81.1,172.67
1783261800000,2026-07-05 14:30:00,81.1,81.22,81.1,81.12,1076.038
1783262100000,2026-07-05 14:35:00,81.08,81.32,81.06,81.31,1329.701
1783262400000,2026-07-05 14:40:00,81.33,81.53,81.26,81.39,3608.051
1783262700000,2026-07-05 14:45:00,81.39,81.39,81.27,81.33,1408.256
1783263000000,2026-07-05 14:50:00,81.33,81.33,81.28,81.32,455.552
1783263300000,2026-07-05 14:55:00,81.31,81.46,81.31,81.45,1624.172
1783263600000,2026-07-05 15:00:00,81.45,81.64,81.34,81.59,1982.885
1783263900000,2026-07-05 15:05:00,81.59,81.65,81.46,81.46,982.628
1783264200000,2026-07-05 15:10:00,81.45,81.45,81.32,81.32,511.655
1783264500000,2026-07-05 15:15:00,81.31,81.37,81.29,81.3,905.127
1783264800000,2026-07-05 15:20:00,81.33,81.35,81.19,81.23,549.844
1783265100000,2026-07-05 15:25:00,81.24,81.3,81.24,81.27,477.827
1783265400000,2026-07-05 15:30:00,81.26,81.4,81.26,81.38,784.636
1783265700000,2026-07-05 15:35:00,81.38,81.53,81.35,81.35,616.637
1783266000000,2026-07-05 15:40:00,81.35,81.35,81.17,81.17,623.51
1783266300000,2026-07-05 15:45:00,81.17,81.35,81.14,81.33,385.982
1783266600000,2026-07-05 15:50:00,81.33,81.43,81.33,81.39,543.009
1783266900000,2026-07-05 15:55:00,81.4,81.45,81.34,81.34,132.064
1783267200000,2026-07-05 16:00:00,81.35,81.48,81.34,81.42,1892.558
1783267500000,2026-07-05 16:05:00,81.42,81.51,81.29,81.31,2502.923
1783267800000,2026-07-05 16:10:00,81.29,81.35,81.28,81.28,348.473
1783268100000,2026-07-05 16:15:00,81.26,81.27,81.16,81.2,822.545
1783268400000,2026-07-05 16:20:00,81.21,81.21,81.09,81.13,1721.238
1783268700000,2026-07-05 16:25:00,81.13,81.18,81.05,81.06,1797.203
1783269000000,2026-07-05 16:30:00,81.05,81.19,81.05,81.18,315.98
1783269300000,2026-07-05 16:35:00,81.19,81.19,81.03,81.03,994.318
1783269600000,2026-07-05 16:40:00,81.06,81.06,80.97,80.98,139.751
1783269900000,2026-07-05 16:45:00,80.98,80.99,80.91,80.98,723.398
1783270200000,2026-07-05 16:50:00,81.02,81.09,81.02,81.08,108.524
1783270500000,2026-07-05 16:55:00,81.11,81.15,81.08,81.11,320.246
1783270800000,2026-07-05 17:00:00,81.1,81.22,81.1,81.22,875.372
1783271100000,2026-07-05 17:05:00,81.23,81.26,81.11,81.11,1172.718
1783271400000,2026-07-05 17:10:00,81.1,81.11,81.06,81.1,73.886
1783271700000,2026-07-05 17:15:00,81.12,81.21,81.12,81.16,355.023
1783272000000,2026-07-05 17:20:00,81.15,81.37,81.1,81.35,569.218
1783272300000,2026-07-05 17:25:00,81.36,81.36,81.07,81.07,751.696
1783272600000,2026-07-05 17:30:00,81.07,81.19,81.05,81.14,425.848
1783272900000,2026-07-05 17:35:00,81.13,81.21,81.12,81.2,311.186
1783273200000,2026-07-05 17:40:00,81.17,81.17,81.03,81.03,90.39
1783273500000,2026-07-05 17:45:00,81.05,81.18,81.04,81.13,1252.356
1783273800000,2026-07-05 17:50:00,81.13,81.13,81.05,81.08,197.149
1783274100000,2026-07-05 17:55:00,81.09,81.17,81.08,81.15,757.503
1783274400000,2026-07-05 18:00:00,81.14,81.19,81.13,81.14,341.796
1783274700000,2026-07-05 18:05:00,81.18,81.21,81.12,81.17,810.408
1783275000000,2026-07-05 18:10:00,81.17,81.21,81.14,81.16,2879.555
1783275300000,2026-07-05 18:15:00,81.15,81.26,81.15,81.2,1089.115
1783275600000,2026-07-05 18:20:00,81.23,81.24,81.18,81.2,142.883
1783275900000,2026-07-05 18:25:00,81.2,81.25,81.18,81.18,92.32
1783276200000,2026-07-05 18:30:00,81.15,81.17,81.14,81.14,775.934
1783276500000,2026-07-05 18:35:00,81.14,81.15,81.08,81.15,355.961
1783276800000,2026-07-05 18:40:00,81.13,81.22,81.13,81.19,112.946
1783277100000,2026-07-05 18:45:00,81.19,81.19,81.1,81.16,291.264
1783277400000,2026-07-05 18:50:00,81.13,81.26,81.11,81.18,1701.525
1783277700000,2026-07-05 18:55:00,81.17,81.17,81.0,81.0,473.986
1783278000000,2026-07-05 19:00:00,81.01,81.07,80.95,81.02,941.144
1783278300000,2026-07-05 19:05:00,81.0,81.03,80.98,81.03,804.001
1783278600000,2026-07-05 19:10:00,80.99,81.09,80.99,81.05,1142.278
1783278900000,2026-07-05 19:15:00,81.06,81.09,81.0,81.0,376.349
1783279200000,2026-07-05 19:20:00,81.0,81.0,80.93,80.95,337.351
1783279500000,2026-07-05 19:25:00,80.93,80.96,80.82,80.91,1471.861
1783279800000,2026-07-05 19:30:00,80.95,81.07,80.93,81.01,926.061
1783280100000,2026-07-05 19:35:00,81.01,81.05,80.96,81.05,135.336
1783280400000,2026-07-05 19:40:00,81.05,81.05,80.9,81.03,690.705
1783280700000,2026-07-05 19:45:00,81.03,81.13,81.03,81.08,488.318
1783281000000,2026-07-05 19:50:00,81.08,81.08,80.97,80.99,183.129
1783281300000,2026-07-05 19:55:00,80.99,81.05,80.99,81.05,333.007
1783281600000,2026-07-05 20:00:00,81.04,81.05,81.0,81.05,184.815
1783281900000,2026-07-05 20:05:00,81.02,81.17,81.02,81.12,591.881
1783282200000,2026-07-05 20:10:00,81.12,81.15,81.08,81.08,856.147
1783282500000,2026-07-05 20:15:00,81.09,81.1,81.0,81.0,2177.274
1783282800000,2026-07-05 20:20:00,81.01,81.1,81.01,81.08,859.558
1783283100000,2026-07-05 20:25:00,81.09,81.09,80.96,81.0,378.524
1783283400000,2026-07-05 20:30:00,81.01,81.02,80.96,80.97,464.798
1783283700000,2026-07-05 20:35:00,80.99,81.0,80.96,80.96,194.326
1783284000000,2026-07-05 20:40:00,80.98,80.99,80.96,80.99,28.842
1783284300000,2026-07-05 20:45:00,81.0,81.05,81.0,81.03,1267.393
1783284600000,2026-07-05 20:50:00,81.03,81.03,80.99,81.01,297.712
1783284900000,2026-07-05 20:55:00,80.99,81.08,80.98,81.07,643.208
1783285200000,2026-07-05 21:00:00,81.06,81.1,80.95,81.02,929.353
1783285500000,2026-07-05 21:05:00,81.01,81.01,80.81,80.81,691.592
1783285800000,2026-07-05 21:10:00,80.82,80.95,80.82,80.95,542.39
1783286100000,2026-07-05 21:15:00,80.95,81.3,80.94,81.27,4673.999
1783286400000,2026-07-05 21:20:00,81.27,81.47,81.27,81.38,4597.713
1783286700000,2026-07-05 21:25:00,81.39,81.53,81.35,81.52,1117.573
1783287000000,2026-07-05 21:30:00,81.51,82.03,81.51,81.66,2087.737
1783287300000,2026-07-05 21:35:00,81.66,81.66,81.58,81.61,520.081
1783287600000,2026-07-05 21:40:00,81.63,81.64,81.52,81.64,878.909
1783287900000,2026-07-05 21:45:00,81.66,81.66,81.52,81.52,207.825
1783288200000,2026-07-05 21:50:00,81.55,81.64,81.5,81.64,304.767
1783288500000,2026-07-05 21:55:00,81.65,81.98,81.65,81.83,1749.397
1783288800000,2026-07-05 22:00:00,81.83,82.09,81.72,81.78,2819.007
1783289100000,2026-07-05 22:05:00,81.82,81.88,81.72,81.74,1207.371
1783289400000,2026-07-05 22:10:00,81.75,82.08,81.75,82.03,889.997
1783289700000,2026-07-05 22:15:00,82.04,82.14,81.92,82.11,3268.122
1783290000000,2026-07-05 22:20:00,82.11,82.41,82.05,82.3,4507.407
1783290300000,2026-07-05 22:25:00,82.29,82.29,82.06,82.12,1528.547
1783290600000,2026-07-05 22:30:00,82.12,82.33,81.8,81.81,1534.092
1783290900000,2026-07-05 22:35:00,81.82,81.89,81.7,81.86,1347.03
1783291200000,2026-07-05 22:40:00,81.86,81.86,81.67,81.68,806.596
1783291500000,2026-07-05 22:45:00,81.69,81.86,81.66,81.73,1147.551
1783291800000,2026-07-05 22:50:00,81.69,81.75,81.67,81.75,241.859
1783292100000,2026-07-05 22:55:00,81.76,81.84,81.68,81.84,889.919
1783292400000,2026-07-05 23:00:00,81.83,81.83,81.76,81.83,602.582
1783292700000,2026-07-05 23:05:00,81.82,81.9,81.74,81.74,809.847
1783293000000,2026-07-05 23:10:00,81.73,81.96,81.73,81.96,294.796
1783293300000,2026-07-05 23:15:00,81.96,82.07,81.87,82.01,674.007
1783293600000,2026-07-05 23:20:00,82.0,82.0,81.63,81.63,3405.99
1783293900000,2026-07-05 23:25:00,81.62,81.72,81.59,81.63,1413.213
1783294200000,2026-07-05 23:30:00,81.65,81.78,81.65,81.69,905.144
1783294500000,2026-07-05 23:35:00,81.69,81.69,81.55,81.55,537.732
1783294800000,2026-07-05 23:40:00,81.59,81.76,81.56,81.68,828.157
1783295100000,2026-07-05 23:45:00,81.68,81.69,81.45,81.53,1321.262
1783295400000,2026-07-05 23:50:00,81.55,81.59,81.49,81.53,456.45
1783295700000,2026-07-05 23:55:00,81.5,81.58,81.45,81.58,159.492
1783296000000,2026-07-06 00:00:00,81.58,81.59,81.37,81.47,1856.202
1783296300000,2026-07-06 00:05:00,81.51,81.54,81.42,81.52,1304.404
1783296600000,2026-07-06 00:10:00,81.49,81.53,81.32,81.52,1302.596
1783296900000,2026-07-06 00:15:00,81.54,81.71,81.41,81.41,1438.538
1783297200000,2026-07-06 00:20:00,81.41,81.45,81.26,81.29,1203.44
1783297500000,2026-07-06 00:25:00,81.29,81.34,81.22,81.25,1163.897
1783297800000,2026-07-06 00:30:00,81.25,81.39,81.13,81.39,2145.875
1783298100000,2026-07-06 00:35:00,81.39,81.64,81.34,81.56,1693.597
1783298400000,2026-07-06 00:40:00,81.56,81.91,81.56,81.86,1234.271
1783298700000,2026-07-06 00:45:00,81.87,82.06,81.85,82.02,910.935
1783299000000,2026-07-06 00:50:00,82.02,82.18,82.02,82.06,1217.948
1783299300000,2026-07-06 00:55:00,82.06,82.23,82.06,82.22,684.94
1783299600000,2026-07-06 01:00:00,82.22,82.25,82.11,82.11,618.288
1783299900000,2026-07-06 01:05:00,82.13,82.24,82.08,82.18,766.347
1783300200000,2026-07-06 01:10:00,82.17,82.18,81.98,81.98,1378.577
1783300500000,2026-07-06 01:15:00,82.02,82.07,81.91,82.01,1456.972
1783300800000,2026-07-06 01:20:00,82.02,82.08,81.93,81.94,307.025
1783301100000,2026-07-06 01:25:00,81.92,81.93,81.69,81.83,2370.48
1783301400000,2026-07-06 01:30:00,81.84,82.05,81.81,82.05,2013.883
1783301700000,2026-07-06 01:35:00,82.08,82.1,81.95,81.97,823.875
1783302000000,2026-07-06 01:40:00,81.97,82.02,81.94,82.0,583.759
1783302300000,2026-07-06 01:45:00,81.97,81.97,81.7,81.71,1669.408
1783302600000,2026-07-06 01:50:00,81.67,81.68,81.66,81.67,69.96
1783302900000,2026-07-06 01:55:00,81.68,81.68,81.67,81.67,3188.27
1783303200000,2026-07-06 02:00:00,81.67,81.68,81.64,81.64,6280.683
1783303500000,2026-07-06 02:05:00,81.64,81.68,81.11,81.29,4822.381
1783303800000,2026-07-06 02:10:00,81.28,81.28,81.18,81.25,517.781
1783304100000,2026-07-06 02:15:00,81.24,81.35,81.23,81.27,484.888
1783304400000,2026-07-06 02:20:00,81.26,81.67,81.26,81.64,851.104
1783304700000,2026-07-06 02:25:00,81.66,81.66,81.36,81.37,2397.946
1783305000000,2026-07-06 02:30:00,81.37,81.44,81.28,81.28,4167.59
1783305300000,2026-07-06 02:35:00,81.3,81.42,81.3,81.42,1236.065
1783305600000,2026-07-06 02:40:00,81.39,81.39,81.17,81.17,1135.457
1783305900000,2026-07-06 02:45:00,81.16,81.24,81.15,81.16,348.128
1783306200000,2026-07-06 02:50:00,81.15,81.15,80.98,81.01,841.16
1783306500000,2026-07-06 02:55:00,81.02,81.04,80.89,81.01,506.921
1783306800000,2026-07-06 03:00:00,81.05,81.05,80.95,80.98,502.799
1783307100000,2026-07-06 03:05:00,80.99,80.99,80.86,80.89,534.695
1783307400000,2026-07-06 03:10:00,80.93,81.04,80.88,80.88,911.002
1783307700000,2026-07-06 03:15:00,80.91,80.99,80.87,80.9,1214.875
1783308000000,2026-07-06 03:20:00,80.9,80.91,80.48,80.61,1207.706
1783308300000,2026-07-06 03:25:00,80.58,80.67,80.55,80.64,1309.511
1783308600000,2026-07-06 03:30:00,80.66,80.69,80.49,80.63,1110.296
1783308900000,2026-07-06 03:35:00,80.63,80.8,80.63,80.72,1989.937
1783309200000,2026-07-06 03:40:00,80.71,80.72,80.59,80.6,1585.179
1783309500000,2026-07-06 03:45:00,80.59,80.64,80.58,80.63,326.29
1783309800000,2026-07-06 03:50:00,80.63,80.7,80.62,80.67,1005.435
1783310100000,2026-07-06 03:55:00,80.67,80.76,80.63,80.76,1188.9
1783310400000,2026-07-06 04:00:00,80.79,80.87,80.71,80.87,882.262
1783310700000,2026-07-06 04:05:00,80.86,80.89,80.75,80.75,509.295
1783311000000,2026-07-06 04:10:00,80.75,80.91,80.75,80.91,445.42
1783311300000,2026-07-06 04:15:00,80.93,80.97,80.88,80.97,229.486
1783311600000,2026-07-06 04:20:00,80.97,80.99,80.96,80.97,203.948
1783311900000,2026-07-06 04:25:00,80.96,80.97,80.74,80.78,1038.509
1783312200000,2026-07-06 04:30:00,80.77,80.88,80.75,80.8,2136.34
1783312500000,2026-07-06 04:35:00,80.79,80.89,80.77,80.89,1125.132
1783312800000,2026-07-06 04:40:00,80.9,80.97,80.89,80.89,884.908
1783313100000,2026-07-06 04:45:00,80.89,80.97,80.87,80.94,611.618
1783313400000,2026-07-06 04:50:00,80.94,80.97,80.88,80.94,563.895
1783313700000,2026-07-06 04:55:00,80.93,80.94,80.81,80.81,383.108
1783314000000,2026-07-06 05:00:00,80.82,80.82,80.64,80.64,906.286
1783314300000,2026-07-06 05:05:00,80.63,80.7,80.57,80.57,378.447
1783314600000,2026-07-06 05:10:00,80.57,80.72,80.57,80.6,749.206
1783314900000,2026-07-06 05:15:00,80.59,80.64,80.5,80.59,468.707
1783315200000,2026-07-06 05:20:00,80.59,80.63,80.52,80.53,375.585
1783315500000,2026-07-06 05:25:00,80.54,80.55,80.23,80.24,779.653
1783315800000,2026-07-06 05:30:00,80.27,80.29,80.21,80.27,978.067
1783316100000,2026-07-06 05:35:00,80.27,80.48,80.26,80.45,1651.336
1783316400000,2026-07-06 05:40:00,80.45,80.55,80.43,80.44,804.469
1783316700000,2026-07-06 05:45:00,80.44,80.47,80.41,80.44,963.37
1783317000000,2026-07-06 05:50:00,80.42,80.55,80.42,80.55,538.607
1783317300000,2026-07-06 05:55:00,80.54,80.56,80.43,80.44,973.997
1783317600000,2026-07-06 06:00:00,80.43,80.51,80.42,80.45,823.365
1783317900000,2026-07-06 06:05:00,80.46,80.47,80.33,80.4,991.311
1783318200000,2026-07-06 06:10:00,80.4,80.47,80.39,80.46,1762.617
1783318500000,2026-07-06 06:15:00,80.47,80.53,80.36,80.36,3664.438
1783318800000,2026-07-06 06:20:00,80.37,80.4,80.31,80.37,683.29
1783319100000,2026-07-06 06:25:00,80.38,80.42,80.36,80.39,923.606
1783319400000,2026-07-06 06:30:00,80.39,80.39,80.3,80.3,278.989
1783319700000,2026-07-06 06:35:00,80.26,80.37,80.26,80.33,625.923
1783320000000,2026-07-06 06:40:00,80.34,80.44,80.34,80.44,1048.412
1783320300000,2026-07-06 06:45:00,80.44,80.45,80.34,80.36,1310.665
1783320600000,2026-07-06 06:50:00,80.37,80.37,80.29,80.29,244.209
1783320900000,2026-07-06 06:55:00,80.28,80.4,80.28,80.4,1313.55
1783321200000,2026-07-06 07:00:00,80.38,80.4,80.28,80.33,2370.229
1783321500000,2026-07-06 07:05:00,80.33,80.5,80.33,80.46,2000.352
1783321800000,2026-07-06 07:10:00,80.46,80.46,80.35,80.4,1641.524
1783322100000,2026-07-06 07:15:00,80.39,80.45,80.39,80.4,410.686
1783322400000,2026-07-06 07:20:00,80.4,80.69,80.4,80.64,1623.523
1783322700000,2026-07-06 07:25:00,80.64,80.75,80.64,80.69,667.208
1783323000000,2026-07-06 07:30:00,80.67,80.8,80.64,80.78,1748.911
1783323300000,2026-07-06 07:35:00,80.77,80.88,80.75,80.83,932.868
1783323600000,2026-07-06 07:40:00,80.83,80.93,80.83,80.93,2378.133
1783323900000,2026-07-06 07:45:00,80.93,80.93,80.82,80.86,420.495
1783324200000,2026-07-06 07:50:00,80.85,80.86,80.82,80.83,174.944
1783324500000,2026-07-06 07:55:00,80.83,80.98,80.81,80.82,1879.468
1783324800000,2026-07-06 08:00:00,80.83,80.95,80.83,80.91,970.769
1783325100000,2026-07-06 08:05:00,80.93,81.08,80.93,80.98,1335.594
1783325400000,2026-07-06 08:10:00,80.97,80.97,80.77,80.78,566.442
1783325700000,2026-07-06 08:15:00,80.81,80.84,80.65,80.66,1175.609
1783326000000,2026-07-06 08:20:00,80.69,80.77,80.66,80.66,576.831
1783326300000,2026-07-06 08:25:00,80.69,80.71,80.67,80.71,258.826
1783326600000,2026-07-06 08:30:00,80.73,80.73,80.56,80.56,600.393
1783326900000,2026-07-06 08:35:00,80.49,80.5,80.31,80.32,519.422
1783327200000,2026-07-06 08:40:00,80.31,80.43,80.31,80.4,819.101
1783327500000,2026-07-06 08:45:00,80.4,80.46,80.35,80.46,922.197
1783327800000,2026-07-06 08:50:00,80.45,80.47,80.43,80.45,754.308
1783328100000,2026-07-06 08:55:00,80.45,80.5,80.42,80.48,1158.304
1783328400000,2026-07-06 09:00:00,80.5,80.5,80.45,80.47,495.381
1783328700000,2026-07-06 09:05:00,80.43,80.47,80.41,80.45,1571.735
1783329000000,2026-07-06 09:10:00,80.46,80.47,80.38,80.38,932.54
1783329300000,2026-07-06 09:15:00,80.38,80.46,80.37,80.4,1314.71
1783329600000,2026-07-06 09:20:00,80.4,80.43,80.34,80.41,2310.656
1783329900000,2026-07-06 09:25:00,80.41,80.41,80.33,80.35,68.122
1783330200000,2026-07-06 09:30:00,80.38,80.41,80.25,80.27,1928.385
1783330500000,2026-07-06 09:35:00,80.27,80.27,80.19,80.19,272.516
1783330800000,2026-07-06 09:40:00,80.17,80.29,80.17,80.28,359.911
1783331100000,2026-07-06 09:45:00,80.26,80.26,80.06,80.15,1082.87
1783331400000,2026-07-06 09:50:00,80.14,80.22,80.14,80.21,402.274
1783331700000,2026-07-06 09:55:00,80.2,80.21,80.07,80.08,1180.681
1783332000000,2026-07-06 10:00:00,80.07,80.19,80.06,80.19,1249.383
1783332300000,2026-07-06 10:05:00,80.21,80.23,80.16,80.21,1273.983
1783332600000,2026-07-06 10:10:00,80.24,80.25,80.2,80.24,408.036
1783332900000,2026-07-06 10:15:00,80.23,80.38,80.23,80.33,1652.076
1783333200000,2026-07-06 10:20:00,80.33,80.41,80.31,80.39,1524.601
1783333500000,2026-07-06 10:25:00,80.39,80.43,80.39,80.41,28.845
1783333800000,2026-07-06 10:30:00,80.41,80.55,80.39,80.54,425.517
1783334100000,2026-07-06 10:35:00,80.54,80.68,80.51,80.68,252.794
1783334400000,2026-07-06 10:40:00,80.67,80.67,80.57,80.58,496.565
1783334700000,2026-07-06 10:45:00,80.6,80.67,80.59,80.59,5217.616
1783335000000,2026-07-06 10:50:00,80.58,80.64,80.57,80.6,268.899
1783335300000,2026-07-06 10:55:00,80.6,80.66,80.6,80.65,525.647
1783335600000,2026-07-06 11:00:00,80.67,80.79,80.67,80.79,811.834
1783335900000,2026-07-06 11:05:00,80.77,80.78,80.7,80.7,603.053
1783336200000,2026-07-06 11:10:00,80.7,80.7,80.66,80.66,586.845
1783336500000,2026-07-06 11:15:00,80.66,80.7,80.65,80.7,835.515
1783336800000,2026-07-06 11:20:00,80.7,80.94,80.7,80.89,2008.77
1783337100000,2026-07-06 11:25:00,80.84,80.88,80.81,80.81,529.364
1783337400000,2026-07-06 11:30:00,80.77,80.98,80.76,80.95,1417.309
1783337700000,2026-07-06 11:35:00,80.96,80.98,80.87,80.87,623.143
1783338000000,2026-07-06 11:40:00,80.89,80.94,80.87,80.94,524.448
1783338300000,2026-07-06 11:45:00,80.95,80.97,80.9,80.92,2841.141
1783338600000,2026-07-06 11:50:00,80.9,80.91,80.86,80.89,1231.106
1783338900000,2026-07-06 11:55:00,80.88,80.93,80.44,80.45,2314.328
1783339200000,2026-07-06 12:00:00,80.44,80.52,79.43,79.53,7158.26
1783339500000,2026-07-06 12:05:00,79.52,79.98,79.44,79.98,2872.684
1783339800000,2026-07-06 12:10:00,79.98,80.47,79.98,80.25,6240.747
1783340100000,2026-07-06 12:15:00,80.25,80.61,80.24,80.58,4023.057
1783340400000,2026-07-06 12:20:00,80.58,80.62,80.28,80.3,5327.776
1783340700000,2026-07-06 12:25:00,80.3,80.39,80.26,80.26,3323.629
1783341000000,2026-07-06 12:30:00,80.27,80.45,80.22,80.45,3341.804
1783341300000,2026-07-06 12:35:00,80.5,80.52,80.33,80.4,4736.868
1783341600000,2026-07-06 12:40:00,80.37,80.38,79.9,79.97,4612.245
1783341900000,2026-07-06 12:45:00,79.97,79.97,79.72,79.8,5719.902
1783342200000,2026-07-06 12:50:00,79.79,79.97,79.79,79.87,1864.599
1783342500000,2026-07-06 12:55:00,79.9,79.91,79.51,79.52,1734.427
1783342800000,2026-07-06 13:00:00,79.51,79.56,79.27,79.28,2848.363
1783343100000,2026-07-06 13:05:00,79.34,79.49,79.26,79.46,1733.137
1783343400000,2026-07-06 13:10:00,79.45,79.64,79.45,79.46,1227.792
1783343700000,2026-07-06 13:15:00,79.46,79.58,79.25,79.33,2327.446
1783344000000,2026-07-06 13:20:00,79.33,79.53,79.28,79.52,1680.481
1783344300000,2026-07-06 13:25:00,79.51,79.52,79.34,79.44,2603.536
1783344600000,2026-07-06 13:30:00,79.43,79.84,79.43,79.84,4725.244
1783344900000,2026-07-06 13:35:00,79.85,79.85,79.55,79.79,2771.617
1783345200000,2026-07-06 13:40:00,79.8,80.39,79.78,80.32,2979.763
1783345500000,2026-07-06 13:45:00,80.32,80.85,80.3,80.84,3441.979
1783345800000,2026-07-06 13:50:00,80.83,80.87,80.48,80.48,1272.788
1783346100000,2026-07-06 13:55:00,80.46,80.47,80.19,80.19,1206.364
1783346400000,2026-07-06 14:00:00,80.18,80.28,80.11,80.17,1747.207
1783346700000,2026-07-06 14:05:00,80.19,80.27,80.09,80.27,1257.015
1783347000000,2026-07-06 14:10:00,80.28,80.29,80.06,80.11,1754.147
1783347300000,2026-07-06 14:15:00,80.15,80.18,79.89,79.92,1515.648
1783347600000,2026-07-06 14:20:00,79.92,80.42,79.86,80.19,2057.981
1783347900000,2026-07-06 14:25:00,80.19,80.69,80.19,80.41,2606.746
1783348200000,2026-07-06 14:30:00,80.37,80.5,80.26,80.26,1443.264
1783348500000,2026-07-06 14:35:00,80.27,80.38,80.17,80.34,1217.155
1783348800000,2026-07-06 14:40:00,80.35,80.45,80.31,80.39,912.145
1783349100000,2026-07-06 14:45:00,80.35,80.37,80.17,80.17,1443.126
1783349400000,2026-07-06 14:50:00,80.17,80.27,80.09,80.27,1133.776
1783349700000,2026-07-06 14:55:00,80.27,80.35,80.24,80.28,1039.661
1783350000000,2026-07-06 15:00:00,80.28,80.56,80.28,80.56,1409.229
1783350300000,2026-07-06 15:05:00,80.5,80.82,80.49,80.62,2520.287
1783350600000,2026-07-06 15:10:00,80.62,80.68,80.52,80.68,1139.316
1783350900000,2026-07-06 15:15:00,80.68,80.72,80.53,80.53,1790.247
1783351200000,2026-07-06 15:20:00,80.55,80.55,80.44,80.46,461.484
1783351500000,2026-07-06 15:25:00,80.45,80.79,80.41,80.79,1196.306
1783351800000,2026-07-06 15:30:00,80.78,80.8,80.68,80.69,670.41
1783352100000,2026-07-06 15:35:00,80.69,80.71,80.46,80.71,1497.912
1783352400000,2026-07-06 15:40:00,80.68,81.36,80.68,81.23,2818.658
1783352700000,2026-07-06 15:45:00,81.23,81.35,81.1,81.16,2097.823
1783353000000,2026-07-06 15:50:00,81.16,81.51,81.16,81.49,1936.008
1783353300000,2026-07-06 15:55:00,81.49,81.49,81.36,81.47,1065.914
1783353600000,2026-07-06 16:00:00,81.48,81.57,81.3,81.49,2442.227
1783353900000,2026-07-06 16:05:00,81.55,82.07,81.52,82.0,2254.813
1783354200000,2026-07-06 16:10:00,81.96,82.19,81.95,82.09,1674.004
1783354500000,2026-07-06 16:15:00,82.09,82.3,82.0,82.08,3052.505
1783354800000,2026-07-06 16:20:00,82.12,82.12,81.83,81.83,1119.639
1783355100000,2026-07-06 16:25:00,81.84,81.87,81.7,81.84,1077.13
1783355400000,2026-07-06 16:30:00,81.83,82.01,81.81,81.95,965.984
1783355700000,2026-07-06 16:35:00,82.0,82.16,81.91,81.92,1534.941
1783356000000,2026-07-06 16:40:00,81.9,82.05,81.9,82.05,612.889
1783356300000,2026-07-06 16:45:00,82.03,82.1,81.97,82.02,496.416
1783356600000,2026-07-06 16:50:00,82.0,82.1,82.0,82.02,1014.024
1783356900000,2026-07-06 16:55:00,82.04,82.1,81.99,82.08,781.928
1783357200000,2026-07-06 17:00:00,82.09,82.16,81.96,82.01,1768.616
1783357500000,2026-07-06 17:05:00,82.03,82.09,81.91,82.03,804.701
1783357800000,2026-07-06 17:10:00,82.05,82.05,81.81,81.98,1304.543
1783358100000,2026-07-06 17:15:00,81.96,81.98,81.92,81.97,1531.997
1783358400000,2026-07-06 17:20:00,81.96,82.05,81.89,82.01,879.377
1783358700000,2026-07-06 17:25:00,82.04,82.13,82.02,82.02,674.954
1783359000000,2026-07-06 17:30:00,82.0,82.04,81.89,81.89,1031.713
1783359300000,2026-07-06 17:35:00,81.88,81.89,81.59,81.62,2284.393
1783359600000,2026-07-06 17:40:00,81.64,81.69,81.55,81.6,1353.788
1783359900000,2026-07-06 17:45:00,81.6,81.66,81.48,81.61,1485.312
1783360200000,2026-07-06 17:50:00,81.62,81.85,81.62,81.66,978.362
1783360500000,2026-07-06 17:55:00,81.64,81.67,81.63,81.64,750.838
1783360800000,2026-07-06 18:00:00,81.64,81.8,81.58,81.76,1872.126
1783361100000,2026-07-06 18:05:00,81.76,81.77,81.53,81.53,1660.051
1783361400000,2026-07-06 18:10:00,81.51,81.59,81.36,81.4,472.441
1783361700000,2026-07-06 18:15:00,81.39,81.47,81.32,81.41,1030.657
1783362000000,2026-07-06 18:20:00,81.42,81.62,81.42,81.61,765.073
1783362300000,2026-07-06 18:25:00,81.62,81.72,81.54,81.54,1042.377
1783362600000,2026-07-06 18:30:00,81.56,81.67,81.56,81.62,1246.294
1783362900000,2026-07-06 18:35:00,81.61,81.93,81.59,81.82,2553.01
1783363200000,2026-07-06 18:40:00,81.81,81.89,81.78,81.84,1028.974
1783363500000,2026-07-06 18:45:00,81.85,81.92,81.83,81.92,1754.778
1783363800000,2026-07-06 18:50:00,81.91,82.31,81.91,82.1,2334.768
1783364100000,2026-07-06 18:55:00,82.11,82.11,81.96,81.98,813.546
1783364400000,2026-07-06 19:00:00,81.99,81.99,81.88,81.91,1471.972
1783364700000,2026-07-06 19:05:00,81.91,81.97,81.83,81.9,534.5
1783365000000,2026-07-06 19:10:00,81.92,81.97,81.87,81.93,503.335
1783365300000,2026-07-06 19:15:00,81.96,82.01,81.9,82.0,889.896
1783365600000,2026-07-06 19:20:00,81.97,82.07,81.94,82.07,994.545
1783365900000,2026-07-06 19:25:00,82.06,82.1,82.02,82.08,981.265
1783366200000,2026-07-06 19:30:00,82.08,82.1,81.97,82.1,1520.958
1783366500000,2026-07-06 19:35:00,82.03,82.08,82.02,82.06,979.927
1783366800000,2026-07-06 19:40:00,82.06,82.19,82.0,82.1,1233.474
1783367100000,2026-07-06 19:45:00,82.08,82.12,82.05,82.11,351.105
1783367400000,2026-07-06 19:50:00,82.06,82.06,81.88,81.98,559.465
1783367700000,2026-07-06 19:55:00,81.97,82.11,81.94,82.07,1461.2
1783368000000,2026-07-06 20:00:00,82.09,82.09,81.74,81.79,964.59
1783368300000,2026-07-06 20:05:00,81.76,81.87,81.76,81.8,584.299
1783368600000,2026-07-06 20:10:00,81.74,81.8,81.71,81.79,518.931
1783368900000,2026-07-06 20:15:00,81.77,81.81,81.77,81.79,355.694
1783369200000,2026-07-06 20:20:00,81.78,81.91,81.78,81.83,771.145
1783369500000,2026-07-06 20:25:00,81.83,81.98,81.83,81.98,416.394
1783369800000,2026-07-06 20:30:00,81.95,82.15,81.95,82.14,1032.826
1783370100000,2026-07-06 20:35:00,82.16,82.17,82.05,82.05,621.321
1783370400000,2026-07-06 20:40:00,82.06,82.06,82.0,82.0,167.863
1783370700000,2026-07-06 20:45:00,82.0,82.01,81.91,81.99,547.408
1783371000000,2026-07-06 20:50:00,81.99,82.2,81.97,82.2,960.116
1783371300000,2026-07-06 20:55:00,82.24,82.24,82.04,82.08,1333.373
1783371600000,2026-07-06 21:00:00,82.09,82.21,82.07,82.17,1023.238
1783371900000,2026-07-06 21:05:00,82.19,83.19,82.19,83.19,1914.278
1783372200000,2026-07-06 21:10:00,83.19,83.59,83.0,83.02,4309.923
1783372500000,2026-07-06 21:15:00,83.03,83.05,82.81,82.86,1012.273
1783372800000,2026-07-06 21:20:00,82.81,82.88,82.78,82.81,861.529
1783373100000,2026-07-06 21:25:00,82.81,82.81,82.6,82.66,968.61
1783373400000,2026-07-06 21:30:00,82.67,82.82,82.5,82.72,1706.571
1783373700000,2026-07-06 21:35:00,82.71,82.71,82.48,82.54,1283.231
1783374000000,2026-07-06 21:40:00,82.55,82.61,82.55,82.61,210.514
1783374300000,2026-07-06 21:45:00,82.62,82.62,82.48,82.57,967.856
1783374600000,2026-07-06 21:50:00,82.61,82.89,82.61,82.77,1177.688
1783374900000,2026-07-06 21:55:00,82.79,82.88,82.73,82.79,1324.327
1783375200000,2026-07-06 22:00:00,82.8,82.85,82.73,82.77,1109.202
1783375500000,2026-07-06 22:05:00,82.77,82.77,82.62,82.65,575.56
1783375800000,2026-07-06 22:10:00,82.65,82.68,82.63,82.68,402.287
1783376100000,2026-07-06 22:15:00,82.68,82.71,82.59,82.63,813.103
1783376400000,2026-07-06 22:20:00,82.61,82.61,82.49,82.49,257.028
1783376700000,2026-07-06 22:25:00,82.49,82.52,82.39,82.39,439.187
1783377000000,2026-07-06 22:30:00,82.38,82.46,82.35,82.45,408.585
1783377300000,2026-07-06 22:35:00,82.48,82.5,82.46,82.49,446.505
1783377600000,2026-07-06 22:40:00,82.5,82.53,82.39,82.39,655.008
1783377900000,2026-07-06 22:45:00,82.4,82.46,82.33,82.46,493.258
1783378200000,2026-07-06 22:50:00,82.47,82.47,82.32,82.32,447.315
1783378500000,2026-07-06 22:55:00,82.33,82.34,82.28,82.28,208.342
1783378800000,2026-07-06 23:00:00,82.3,82.39,82.29,82.37,664.354
1783379100000,2026-07-06 23:05:00,82.36,82.4,82.29,82.29,266.394
1783379400000,2026-07-06 23:10:00,82.26,82.32,82.25,82.32,254.517
1783379700000,2026-07-06 23:15:00,82.3,82.31,82.11,82.14,984.285
1783380000000,2026-07-06 23:20:00,82.13,82.13,82.0,82.03,855.811
1783380300000,2026-07-06 23:25:00,82.01,82.18,82.01,82.16,483.647
1783380600000,2026-07-06 23:30:00,82.14,82.16,82.09,82.12,211.166
1783380900000,2026-07-06 23:35:00,82.12,82.16,82.05,82.05,727.124
1783381200000,2026-07-06 23:40:00,82.03,82.08,82.01,82.04,319.221
1783381500000,2026-07-06 23:45:00,82.05,82.05,81.93,82.01,450.342
1783381800000,2026-07-06 23:50:00,82.01,82.03,81.97,82.02,134.743
1783382100000,2026-07-06 23:55:00,81.97,81.97,81.92,81.93,52.399
1783382400000,2026-07-07 00:00:00,81.93,82.0,81.91,81.91,905.607
1783382700000,2026-07-07 00:05:00,81.91,81.98,81.89,81.89,276.954
1783383000000,2026-07-07 00:10:00,81.88,81.92,81.83,81.88,490.3
1783383300000,2026-07-07 00:15:00,81.88,82.04,81.87,82.04,771.899
1783383600000,2026-07-07 00:20:00,82.05,82.27,82.05,82.26,2111.183
1783383900000,2026-07-07 00:25:00,82.27,82.39,82.27,82.33,924.904
1783384200000,2026-07-07 00:30:00,82.34,82.47,82.3,82.42,916.776
1783384500000,2026-07-07 00:35:00,82.42,82.46,82.18,82.22,614.515
1783384800000,2026-07-07 00:40:00,82.22,82.35,82.22,82.35,448.555
1783385100000,2026-07-07 00:45:00,82.33,82.47,82.25,82.33,1964.647
1783385400000,2026-07-07 00:50:00,82.34,82.44,82.24,82.39,794.449
1783385700000,2026-07-07 00:55:00,82.39,82.46,82.32,82.37,786.948
1783386000000,2026-07-07 01:00:00,82.37,82.37,81.98,81.99,870.264
1783386300000,2026-07-07 01:05:00,81.93,82.08,81.87,82.08,2596.676
1783386600000,2026-07-07 01:10:00,82.1,82.21,82.09,82.19,744.36
1783386900000,2026-07-07 01:15:00,82.21,82.21,82.19,82.19,1130.989
1783387200000,2026-07-07 01:20:00,82.19,82.21,82.18,82.18,6354.077
1783387500000,2026-07-07 01:25:00,82.18,82.2,82.18,82.18,7298.09
1783387800000,2026-07-07 01:30:00,82.18,82.2,82.17,82.17,7362.031
1783388100000,2026-07-07 01:35:00,82.17,82.21,82.17,82.17,5256.794
1783388400000,2026-07-07 01:40:00,81.9,82.01,81.85,82.01,2339.619
1783388700000,2026-07-07 01:45:00,82.01,82.16,82.01,82.16,1045.461
1783389000000,2026-07-07 01:50:00,82.13,82.14,81.98,82.03,1001.693
1783389300000,2026-07-07 01:55:00,82.01,82.01,81.89,81.89,893.326
1783389600000,2026-07-07 02:00:00,81.89,81.98,81.86,81.93,447.838
1783389900000,2026-07-07 02:05:00,81.93,81.94,81.78,81.78,761.47
1783390200000,2026-07-07 02:10:00,81.78,81.86,81.78,81.84,287.982
1783390500000,2026-07-07 02:15:00,81.84,81.89,81.74,81.76,1310.005
1783390800000,2026-07-07 02:20:00,81.75,81.76,81.59,81.59,1000.834
1783391100000,2026-07-07 02:25:00,81.59,81.64,81.58,81.59,567.051
1783391400000,2026-07-07 02:30:00,81.59,81.6,81.44,81.45,1398.65
1783391700000,2026-07-07 02:35:00,81.46,81.6,81.44,81.58,839.752
1783392000000,2026-07-07 02:40:00,81.57,81.62,81.55,81.6,290.911
1783392300000,2026-07-07 02:45:00,81.59,81.67,81.44,81.44,515.883
1783392600000,2026-07-07 02:50:00,81.44,81.48,81.31,81.32,1113.431
1783392900000,2026-07-07 02:55:00,81.33,81.37,81.3,81.32,452.914
1783393200000,2026-07-07 03:00:00,81.34,81.42,81.26,81.42,990.671
1783393500000,2026-07-07 03:05:00,81.42,81.47,81.4,81.45,468.156
1783393800000,2026-07-07 03:10:00,81.44,81.45,81.32,81.32,316.61
1783394100000,2026-07-07 03:15:00,81.3,81.32,81.2,81.28,1228.858
1783394400000,2026-07-07 03:20:00,81.27,81.32,81.19,81.25,1143.937
1783394700000,2026-07-07 03:25:00,81.26,81.28,81.15,81.19,648.807
1783395000000,2026-07-07 03:30:00,81.18,81.26,81.18,81.23,567.067
1783395300000,2026-07-07 03:35:00,81.23,81.28,81.21,81.23,285.384
1783395600000,2026-07-07 03:40:00,81.22,81.23,81.13,81.17,568.96
1783395900000,2026-07-07 03:45:00,81.17,81.18,80.97,80.97,641.916
1783396200000,2026-07-07 03:50:00,80.97,81.09,80.97,81.05,435.564
1783396500000,2026-07-07 03:55:00,81.04,81.08,81.04,81.08,145.21
1783396800000,2026-07-07 04:00:00,81.06,81.07,80.94,81.02,541.257
1783397100000,2026-07-07 04:05:00,80.98,81.02,80.92,81.0,731.544
1783397400000,2026-07-07 04:10:00,80.98,81.01,80.94,80.94,736.773
1783397700000,2026-07-07 04:15:00,80.92,80.95,80.81,80.82,825.817
1783398000000,2026-07-07 04:20:00,80.82,80.92,80.8,80.84,1141.832
1783398300000,2026-07-07 04:25:00,80.82,81.02,80.82,81.01,2282.615
1783398600000,2026-07-07 04:30:00,81.01,81.02,80.96,80.98,864.851
1783398900000,2026-07-07 04:35:00,80.97,80.98,80.84,80.86,447.508
1783399200000,2026-07-07 04:40:00,80.86,80.89,80.83,80.83,171.954
1783399500000,2026-07-07 04:45:00,80.8,80.85,80.71,80.73,291.537
1783399800000,2026-07-07 04:50:00,80.72,80.86,80.66,80.83,490.055
1783400100000,2026-07-07 04:55:00,80.82,80.94,80.8,80.93,492.72
1783400400000,2026-07-07 05:00:00,80.91,80.92,80.83,80.88,558.164
1783400700000,2026-07-07 05:05:00,80.89,80.91,80.78,80.78,575.938
1783401000000,2026-07-07 05:10:00,80.78,80.83,80.51,80.53,847.433
1783401300000,2026-07-07 05:15:00,80.53,80.61,80.52,80.52,272.769
1783401600000,2026-07-07 05:20:00,80.51,80.63,80.48,80.63,274.952
1783401900000,2026-07-07 05:25:00,80.62,80.63,80.51,80.55,369.871
1783402200000,2026-07-07 05:30:00,80.6,80.9,80.6,80.9,538.358
1783402500000,2026-07-07 05:35:00,80.89,81.05,80.86,81.05,648.798
1783402800000,2026-07-07 05:40:00,81.05,81.06,80.97,80.99,485.115
1783403100000,2026-07-07 05:45:00,80.99,81.08,80.98,80.98,610.693
1783403400000,2026-07-07 05:50:00,80.99,81.21,80.99,81.2,768.101
1783403700000,2026-07-07 05:55:00,81.19,81.22,81.04,81.09,439.773
1783404000000,2026-07-07 06:00:00,81.1,81.22,81.01,81.01,666.859
1783404300000,2026-07-07 06:05:00,81.0,81.05,80.93,80.99,368.753
1783404600000,2026-07-07 06:10:00,80.99,81.02,80.84,80.91,703.91
1783404900000,2026-07-07 06:15:00,80.93,81.04,80.93,80.96,620.453
1783405200000,2026-07-07 06:20:00,80.96,81.02,80.96,80.99,94.069
1783405500000,2026-07-07 06:25:00,81.02,81.05,80.98,81.05,496.422
1783405800000,2026-07-07 06:30:00,81.1,81.24,81.01,81.24,1124.768
1783406100000,2026-07-07 06:35:00,81.24,81.41,81.24,81.36,789.635
1783406400000,2026-07-07 06:40:00,81.36,81.38,81.3,81.34,474.538
1783406700000,2026-07-07 06:45:00,81.36,81.49,81.36,81.48,195.992
1783407000000,2026-07-07 06:50:00,81.48,81.62,81.44,81.53,1644.426
1783407300000,2026-07-07 06:55:00,81.54,81.56,81.51,81.54,245.343
1783407600000,2026-07-07 07:00:00,81.51,81.68,81.46,81.61,1440.021
1783407900000,2026-07-07 07:05:00,81.59,81.59,81.53,81.53,195.594
1783408200000,2026-07-07 07:10:00,81.54,81.73,81.54,81.72,572.21
1783408500000,2026-07-07 07:15:00,81.72,81.75,81.62,81.64,449.898
1783408800000,2026-07-07 07:20:00,81.64,81.66,81.62,81.62,862.571
1783409100000,2026-07-07 07:25:00,81.59,81.64,81.59,81.6,518.911
1783409400000,2026-07-07 07:30:00,81.61,81.65,81.5,81.5,661.713
1783409700000,2026-07-07 07:35:00,81.49,81.49,81.37,81.39,902.362
1783410000000,2026-07-07 07:40:00,81.38,81.68,81.38,81.66,648.749
1783410300000,2026-07-07 07:45:00,81.64,81.66,81.58,81.63,603.694
1783410600000,2026-07-07 07:50:00,81.66,81.7,81.53,81.54,678.064
1783410900000,2026-07-07 07:55:00,81.55,81.56,81.5,81.5,238.358
1783411200000,2026-07-07 08:00:00,81.5,81.52,81.34,81.35,1935.402
1783411500000,2026-07-07 08:05:00,81.37,81.37,81.21,81.33,1319.385
1783411800000,2026-07-07 08:10:00,81.34,81.57,81.34,81.42,565.172
1783412100000,2026-07-07 08:15:00,81.44,81.51,81.37,81.51,238.904
1783412400000,2026-07-07 08:20:00,81.47,81.56,81.46,81.56,409.139
1783412700000,2026-07-07 08:25:00,81.53,81.53,81.4,81.48,1476.113
1783413000000,2026-07-07 08:30:00,81.5,81.5,81.33,81.36,970.575
1783413300000,2026-07-07 08:35:00,81.36,81.45,81.31,81.42,277.009
1783413600000,2026-07-07 08:40:00,81.44,81.47,81.33,81.34,515.163
1783413900000,2026-07-07 08:45:00,81.34,81.59,81.34,81.42,2319.675
1783414200000,2026-07-07 08:50:00,81.44,81.49,81.37,81.37,388.066
1783414500000,2026-07-07 08:55:00,81.38,81.42,81.25,81.25,1646.615
1783414800000,2026-07-07 09:00:00,81.27,81.38,81.21,81.37,741.132
1783415100000,2026-07-07 09:05:00,81.42,81.44,81.34,81.34,798.65
1783415400000,2026-07-07 09:10:00,81.34,81.49,81.34,81.49,156.844
1783415700000,2026-07-07 09:15:00,81.48,81.48,81.4,81.4,143.934
1783416000000,2026-07-07 09:20:00,81.41,81.41,81.24,81.24,684.663
1783416300000,2026-07-07 09:25:00,81.26,81.29,81.19,81.19,419.53
1783416600000,2026-07-07 09:30:00,81.18,81.23,81.16,81.21,1140.706
1783416900000,2026-07-07 09:35:00,81.2,81.23,81.17,81.19,730.717
1783417200000,2026-07-07 09:40:00,81.2,81.36,81.2,81.32,454.851
1783417500000,2026-07-07 09:45:00,81.36,81.39,81.23,81.36,1106.747
1783417800000,2026-07-07 09:50:00,81.37,81.4,81.28,81.28,486.672
1783418100000,2026-07-07 09:55:00,81.27,81.37,81.27,81.33,504.088
1783418400000,2026-07-07 10:00:00,81.31,81.56,81.29,81.51,1479.82
1783418700000,2026-07-07 10:05:00,81.51,81.57,81.43,81.43,1281.796
1783419000000,2026-07-07 10:10:00,81.43,81.44,81.34,81.34,637.275
1783419300000,2026-07-07 10:15:00,81.32,81.44,81.32,81.4,462.598
1783419600000,2026-07-07 10:20:00,81.4,81.41,81.26,81.26,1528.747
1783419900000,2026-07-07 10:25:00,81.26,81.28,81.15,81.15,1252.535
1783420200000,2026-07-07 10:30:00,81.14,81.15,80.93,81.02,1901.092
1783420500000,2026-07-07 10:35:00,81.02,81.16,80.98,81.15,917.196
1783420800000,2026-07-07 10:40:00,81.15,81.16,81.11,81.12,866.959
1783421100000,2026-07-07 10:45:00,81.12,81.13,81.09,81.09,798.52
1783421400000,2026-07-07 10:50:00,81.09,81.1,81.01,81.01,488.446
1783421700000,2026-07-07 10:55:00,81.01,81.02,80.96,80.98,550.958
1783422000000,2026-07-07 11:00:00,80.98,80.98,80.77,80.88,1474.613
1783422300000,2026-07-07 11:05:00,80.94,80.99,80.93,80.93,1638.775
1783422600000,2026-07-07 11:10:00,80.92,80.93,80.85,80.85,1492.475
1783422900000,2026-07-07 11:15:00,80.87,80.95,80.87,80.95,360.9
1783423200000,2026-07-07 11:20:00,80.93,81.01,80.93,80.98,1219.89
1783423500000,2026-07-07 11:25:00,80.98,81.06,80.96,80.97,449.431
1783423800000,2026-07-07 11:30:00,80.98,80.99,80.87,80.91,986.836
1783424100000,2026-07-07 11:35:00,80.89,81.05,80.88,81.04,1505.45
1783424400000,2026-07-07 11:40:00,81.02,81.15,81.02,81.15,629.339
1783424700000,2026-07-07 11:45:00,81.16,81.33,81.15,81.33,982.34
1783425000000,2026-07-07 11:50:00,81.33,81.38,81.2,81.24,404.644
1783425300000,2026-07-07 11:55:00,81.25,81.3,81.24,81.3,576.452
1783425600000,2026-07-07 12:00:00,81.32,81.51,81.32,81.51,1095.786
1783425900000,2026-07-07 12:05:00,81.51,81.88,81.51,81.87,1462.306
1783426200000,2026-07-07 12:10:00,81.88,81.89,81.79,81.81,882.722
1783426500000,2026-07-07 12:15:00,81.83,81.83,81.73,81.77,550.478
1783426800000,2026-07-07 12:20:00,81.78,81.98,81.78,81.95,971.565
1783427100000,2026-07-07 12:25:00,81.96,81.97,81.86,81.89,349.146
1783427400000,2026-07-07 12:30:00,81.9,81.91,81.73,81.79,697.337
1783427700000,2026-07-07 12:35:00,81.8,81.8,81.61,81.64,547.98
1783428000000,2026-07-07 12:40:00,81.64,81.71,81.63,81.71,147.792
1783428300000,2026-07-07 12:45:00,81.7,81.71,81.48,81.48,642.588
1783428600000,2026-07-07 12:50:00,81.47,81.53,81.46,81.51,387.506
1783428900000,2026-07-07 12:55:00,81.49,81.51,81.45,81.45,92.154
1783429200000,2026-07-07 13:00:00,81.45,81.61,81.34,81.34,1352.122
1783429500000,2026-07-07 13:05:00,81.34,81.39,81.32,81.37,497.563
1783429800000,2026-07-07 13:10:00,81.36,81.36,81.19,81.29,311.962
1783430100000,2026-07-07 13:15:00,81.29,81.33,81.21,81.28,635.361
1783430400000,2026-07-07 13:20:00,81.28,81.28,81.07,81.07,788.236
1783430700000,2026-07-07 13:25:00,81.05,81.05,80.9,80.94,591.429
1783431000000,2026-07-07 13:30:00,80.95,81.15,80.95,81.0,2283.154
1783431300000,2026-07-07 13:35:00,81.0,81.07,80.69,80.82,2602.049
1783431600000,2026-07-07 13:40:00,80.81,80.94,80.78,80.87,1865.174
1783431900000,2026-07-07 13:45:00,80.94,81.37,80.94,81.29,2833.131
1783432200000,2026-07-07 13:50:00,81.3,81.3,80.79,80.92,1443.873
1783432500000,2026-07-07 13:55:00,80.93,80.93,80.72,80.84,2238.72
1783432800000,2026-07-07 14:00:00,80.83,80.95,80.66,80.89,2347.17
1783433100000,2026-07-07 14:05:00,80.89,81.2,80.89,81.01,2426.39
1783433400000,2026-07-07 14:10:00,81.01,81.05,80.87,80.87,1381.161
1783433700000,2026-07-07 14:15:00,80.87,81.07,80.8,81.02,2238.602
1783434000000,2026-07-07 14:20:00,81.07,81.07,80.89,80.97,1272.099
1783434300000,2026-07-07 14:25:00,80.96,81.15,80.83,81.13,2204.397
1783434600000,2026-07-07 14:30:00,81.14,81.34,81.06,81.29,1649.218
1783434900000,2026-07-07 14:35:00,81.29,81.29,80.57,80.92,2196.769
1783435200000,2026-07-07 14:40:00,80.91,80.99,80.79,80.9,1137.318
1783435500000,2026-07-07 14:45:00,80.94,81.38,80.94,81.27,2414.502
1783435800000,2026-07-07 14:50:00,81.27,81.73,81.27,81.58,1934.768
1783436100000,2026-07-07 14:55:00,81.58,81.85,81.58,81.84,1208.331
1783436400000,2026-07-07 15:00:00,81.82,81.9,81.64,81.68,1663.913
1783436700000,2026-07-07 15:05:00,81.68,81.69,81.51,81.69,1195.2
1783437000000,2026-07-07 15:10:00,81.7,81.7,81.56,81.61,1076.947
1783437300000,2026-07-07 15:15:00,81.57,81.71,81.54,81.7,1426.946
1783437600000,2026-07-07 15:20:00,81.7,81.97,81.68,81.88,1851.566
1783437900000,2026-07-07 15:25:00,81.87,82.02,81.85,81.98,1047.649
1783438200000,2026-07-07 15:30:00,81.99,82.03,81.94,82.02,334.827
1783438500000,2026-07-07 15:35:00,82.01,82.31,81.94,82.15,1429.933
1783438800000,2026-07-07 15:40:00,82.16,82.16,81.88,81.97,1238.277
1783439100000,2026-07-07 15:45:00,81.98,82.29,81.98,82.21,2060.758
1783439400000,2026-07-07 15:50:00,82.21,82.34,82.2,82.2,1765.506
1783439700000,2026-07-07 15:55:00,82.2,82.2,82.08,82.12,459.673
1783440000000,2026-07-07 16:00:00,82.13,82.13,81.97,81.97,1262.076
1783440300000,2026-07-07 16:05:00,81.96,82.07,81.91,81.91,726.566
1783440600000,2026-07-07 16:10:00,81.95,82.0,81.82,81.92,1909.16
1783440900000,2026-07-07 16:15:00,81.91,82.05,81.86,81.92,1774.4
1783441200000,2026-07-07 16:20:00,81.93,82.38,81.93,82.33,1970.538
1783441500000,2026-07-07 16:25:00,82.34,82.43,82.26,82.26,1329.259
1783441800000,2026-07-07 16:30:00,82.25,82.29,82.1,82.1,875.679
1783442100000,2026-07-07 16:35:00,82.17,82.24,82.07,82.24,733.794
1783442400000,2026-07-07 16:40:00,82.25,82.29,82.15,82.22,1291.816
1783442700000,2026-07-07 16:45:00,82.24,82.27,82.2,82.27,358.511
1783443000000,2026-07-07 16:50:00,82.27,82.56,82.26,82.43,2263.206
1783443300000,2026-07-07 16:55:00,82.43,82.43,82.21,82.21,1033.646
1783443600000,2026-07-07 17:00:00,82.21,82.25,82.14,82.2,690.123
1783443900000,2026-07-07 17:05:00,82.26,82.42,82.26,82.42,347.966
1783444200000,2026-07-07 17:10:00,82.41,82.45,82.3,82.32,1326.24
1783444500000,2026-07-07 17:15:00,82.35,82.4,82.16,82.24,1148.725
1783444800000,2026-07-07 17:20:00,82.24,82.4,82.22,82.37,2003.086
1783445100000,2026-07-07 17:25:00,82.35,82.63,82.34,82.59,1917.93
1783445400000,2026-07-07 17:30:00,82.58,82.58,82.43,82.5,1359.384
1783445700000,2026-07-07 17:35:00,82.52,82.63,82.48,82.53,1649.033
1783446000000,2026-07-07 17:40:00,82.55,82.77,82.55,82.77,1067.817
1783446300000,2026-07-07 17:45:00,82.77,82.79,82.62,82.65,1312.863
1783446600000,2026-07-07 17:50:00,82.65,82.71,82.55,82.66,947.852
1783446900000,2026-07-07 17:55:00,82.7,82.73,82.68,82.71,544.101
1783447200000,2026-07-07 18:00:00,82.69,82.69,82.47,82.47,978.684
1783447500000,2026-07-07 18:05:00,82.46,82.47,82.32,82.43,788.512
1783447800000,2026-07-07 18:10:00,82.43,82.43,82.3,82.32,1443.31
1783448100000,2026-07-07 18:15:00,82.31,82.31,82.15,82.2,755.348
1783448400000,2026-07-07 18:20:00,82.29,82.36,82.27,82.29,1137.158
1783448700000,2026-07-07 18:25:00,82.29,82.29,82.0,82.04,699.573
1783449000000,2026-07-07 18:30:00,82.04,82.14,81.96,82.03,1300.751
1783449300000,2026-07-07 18:35:00,82.03,82.13,82.02,82.13,823.058
1783449600000,2026-07-07 18:40:00,82.16,82.21,82.12,82.21,387.979
1783449900000,2026-07-07 18:45:00,82.21,82.29,81.75,81.82,1191.562
1783450200000,2026-07-07 18:50:00,81.82,81.83,81.51,81.57,1126.952
1783450500000,2026-07-07 18:55:00,81.51,81.54,81.26,81.27,821.559
1783450800000,2026-07-07 19:00:00,81.28,81.41,81.08,81.3,1421.829
1783451100000,2026-07-07 19:05:00,81.26,81.35,81.02,81.02,2138.683
1783451400000,2026-07-07 19:10:00,81.03,81.14,80.92,81.08,1465.474
1783451700000,2026-07-07 19:15:00,81.1,81.1,80.81,80.96,1506.241
1783452000000,2026-07-07 19:20:00,80.96,81.04,80.91,81.03,1506.513
1783452300000,2026-07-07 19:25:00,81.05,81.17,80.92,81.11,1390.696
1783452600000,2026-07-07 19:30:00,81.1,81.39,81.1,81.39,500.63
1783452900000,2026-07-07 19:35:00,81.4,81.42,81.3,81.39,1314.984
1783453200000,2026-07-07 19:40:00,81.41,81.48,81.39,81.43,1041.298
1783453500000,2026-07-07 19:45:00,81.42,81.57,81.39,81.39,989.288
1783453800000,2026-07-07 19:50:00,81.39,81.45,81.34,81.36,1041.683
1783454100000,2026-07-07 19:55:00,81.35,81.39,81.28,81.34,563.324
1783454400000,2026-07-07 20:00:00,81.34,81.48,81.32,81.4,906.671
1783454700000,2026-07-07 20:05:00,81.39,81.39,81.17,81.2,605.192
1783455000000,2026-07-07 20:10:00,81.2,81.42,81.2,81.42,460.797
1783455300000,2026-07-07 20:15:00,81.41,81.47,81.28,81.32,591.864
1783455600000,2026-07-07 20:20:00,81.31,81.36,81.25,81.36,468.67
1783455900000,2026-07-07 20:25:00,81.36,81.43,81.32,81.32,501.795
1783456200000,2026-07-07 20:30:00,81.34,81.35,81.2,81.2,520.338
1783456500000,2026-07-07 20:35:00,81.22,81.26,81.17,81.18,599.201
1783456800000,2026-07-07 20:40:00,81.19,81.24,81.17,81.17,185.734
1783457100000,2026-07-07 20:45:00,81.15,81.16,81.06,81.07,754.907
1783457400000,2026-07-07 20:50:00,81.05,81.08,81.04,81.07,31.284
1783457700000,2026-07-07 20:55:00,81.06,81.15,81.03,81.15,313.37
1783458000000,2026-07-07 21:00:00,81.16,81.37,81.16,81.37,897.742
1783458300000,2026-07-07 21:05:00,81.36,81.4,81.22,81.22,1557.933
1783458600000,2026-07-07 21:10:00,81.22,81.32,81.22,81.31,245.185
1783458900000,2026-07-07 21:15:00,81.31,81.31,80.9,80.9,2046.667
1783459200000,2026-07-07 21:20:00,80.89,80.9,80.74,80.74,562.388
1783459500000,2026-07-07 21:25:00,80.73,80.88,80.71,80.88,561.533
1783459800000,2026-07-07 21:30:00,80.88,80.89,80.77,80.82,726.898
1783460100000,2026-07-07 21:35:00,80.81,80.82,80.61,80.68,1381.95
1783460400000,2026-07-07 21:40:00,80.69,80.69,80.58,80.66,647.72
1783460700000,2026-07-07 21:45:00,80.66,80.88,80.62,80.88,631.077
1783461000000,2026-07-07 21:50:00,80.88,80.89,80.79,80.8,560.373
1783461300000,2026-07-07 21:55:00,80.79,80.86,80.78,80.8,430.589
1783461600000,2026-07-07 22:00:00,80.83,80.84,80.37,80.64,1919.502
1783461900000,2026-07-07 22:05:00,80.63,80.83,80.62,80.77,956.072
1783462200000,2026-07-07 22:10:00,80.77,80.85,80.75,80.81,574.881
1783462500000,2026-07-07 22:15:00,80.81,80.99,80.81,80.9,925.904
1783462800000,2026-07-07 22:20:00,80.89,80.91,80.79,80.79,1236.494
1783463100000,2026-07-07 22:25:00,80.79,80.82,80.73,80.82,810.418
1783463400000,2026-07-07 22:30:00,80.81,80.93,80.78,80.93,605.988
1783463700000,2026-07-07 22:35:00,80.93,81.09,80.93,81.04,1266.384
1783464000000,2026-07-07 22:40:00,81.03,81.05,81.0,81.02,177.489
1783464300000,2026-07-07 22:45:00,81.02,81.02,80.82,80.83,1200.834
1783464600000,2026-07-07 22:50:00,80.87,80.95,80.86,80.91,740.542
1783464900000,2026-07-07 22:55:00,80.9,80.91,80.86,80.86,382.218
1783465200000,2026-07-07 23:00:00,80.89,80.97,80.86,80.91,862.099
1783465500000,2026-07-07 23:05:00,80.96,81.05,80.94,80.99,463.046
1783465800000,2026-07-07 23:10:00,80.98,81.01,80.92,81.0,896.424
1783466100000,2026-07-07 23:15:00,80.99,81.13,80.99,81.12,382.184
1783466400000,2026-07-07 23:20:00,81.12,81.15,81.08,81.08,675.774
1783466700000,2026-07-07 23:25:00,81.07,81.11,81.05,81.11,356.303
1783467000000,2026-07-07 23:30:00,81.11,81.13,80.99,81.0,504.105
1783467300000,2026-07-07 23:35:00,80.98,80.98,80.88,80.91,562.663
1783467600000,2026-07-07 23:40:00,80.91,80.92,80.72,80.73,560.382
1783467900000,2026-07-07 23:45:00,80.73,80.76,80.66,80.76,506.195
1783468200000,2026-07-07 23:50:00,80.76,80.81,80.74,80.75,325.001
1783468500000,2026-07-07 23:55:00,80.74,80.76,80.51,80.52,482.668
1783468800000,2026-07-08 00:00:00,80.52,80.71,80.51,80.68,1657.081
1783469100000,2026-07-08 00:05:00,80.66,80.77,80.65,80.73,1209.208
1783469400000,2026-07-08 00:10:00,80.73,80.75,80.64,80.65,924.646
1783469700000,2026-07-08 00:15:00,80.65,80.72,80.5,80.57,783.265
1783470000000,2026-07-08 00:20:00,80.57,80.68,80.55,80.66,751.835
1783470300000,2026-07-08 00:25:00,80.64,80.78,80.62,80.63,891.923
1783470600000,2026-07-08 00:30:00,80.62,80.66,80.51,80.53,880.027
1783470900000,2026-07-08 00:35:00,80.5,80.65,80.42,80.65,714.348
1783471200000,2026-07-08 00:40:00,80.65,80.66,80.65,80.65,1398.041
1783471500000,2026-07-08 00:45:00,80.65,80.66,80.64,80.64,6867.927
1783471800000,2026-07-08 00:50:00,80.64,80.65,80.63,80.63,7454.639
1783472100000,2026-07-08 00:55:00,80.63,80.67,80.36,80.5,5463.012
1783472400000,2026-07-08 01:00:00,80.36,80.41,80.26,80.29,660.967
1783472700000,2026-07-08 01:05:00,80.28,80.31,80.2,80.24,734.623
1783473000000,2026-07-08 01:10:00,80.22,80.38,80.22,80.38,204.666
1783473300000,2026-07-08 01:15:00,80.37,80.38,80.15,80.15,479.57
1783473600000,2026-07-08 01:20:00,80.16,80.26,80.16,80.21,220.769
1783473900000,2026-07-08 01:25:00,80.18,80.22,80.08,80.09,324.415
1783474200000,2026-07-08 01:30:00,80.07,80.08,79.92,79.92,515.098
1783474500000,2026-07-08 01:35:00,79.92,79.92,78.9,78.99,2355.865
1783474800000,2026-07-08 01:40:00,79.01,79.36,78.98,79.36,1958.282
1783475100000,2026-07-08 01:45:00,79.36,79.43,79.27,79.43,1027.67
1783475400000,2026-07-08 01:50:00,79.42,79.44,79.2,79.2,901.43
1783475700000,2026-07-08 01:55:00,79.2,79.23,78.96,79.1,2237.023
1783476000000,2026-07-08 02:00:00,79.09,79.1,78.77,78.95,1553.773
1783476300000,2026-07-08 02:05:00,78.98,79.18,78.93,78.98,1111.796
1783476600000,2026-07-08 02:10:00,78.95,79.06,78.92,78.96,1389.617
1783476900000,2026-07-08 02:15:00,78.97,79.0,78.82,78.93,1716.872
1783477200000,2026-07-08 02:20:00,78.93,78.94,78.78,78.85,2002.427
1783477500000,2026-07-08 02:25:00,78.86,78.97,78.85,78.94,713.441
1783477800000,2026-07-08 02:30:00,78.91,78.91,78.39,78.41,1525.201
1783478100000,2026-07-08 02:35:00,78.41,78.57,78.27,78.53,1649.363
1783478400000,2026-07-08 02:40:00,78.53,78.95,78.53,78.93,1806.246
1783478700000,2026-07-08 02:45:00,78.95,79.15,78.95,79.11,1633.233
1783479000000,2026-07-08 02:50:00,79.13,79.13,78.95,78.97,1040.872
1783479300000,2026-07-08 02:55:00,78.96,79.05,78.95,79.03,577.881
1783479600000,2026-07-08 03:00:00,79.06,79.3,79.06,79.23,1129.686
1783479900000,2026-07-08 03:05:00,79.22,79.25,79.11,79.15,465.906
1783480200000,2026-07-08 03:10:00,79.16,79.32,79.16,79.27,335.837
1783480500000,2026-07-08 03:15:00,79.26,79.3,79.21,79.24,511.943
1783480800000,2026-07-08 03:20:00,79.27,79.29,79.22,79.22,287.054
1783481100000,2026-07-08 03:25:00,79.23,79.26,79.19,79.23,729.646
1783481400000,2026-07-08 03:30:00,79.24,79.25,79.01,79.01,491.143
1783481700000,2026-07-08 03:35:00,79.01,79.06,79.01,79.05,608.921
1783482000000,2026-07-08 03:40:00,79.05,79.06,78.96,79.03,435.213
1783482300000,2026-07-08 03:45:00,79.02,79.04,78.94,78.94,513.062
1783482600000,2026-07-08 03:50:00,78.93,78.94,78.64,78.64,926.158
1783482900000,2026-07-08 03:55:00,78.63,78.71,78.63,78.71,342.362
1783483200000,2026-07-08 04:00:00,78.72,78.73,78.58,78.66,1031.007
1783483500000,2026-07-08 04:05:00,78.67,78.76,78.64,78.75,1230.152
1783483800000,2026-07-08 04:10:00,78.76,78.78,78.7,78.7,1325.843
1783484100000,2026-07-08 04:15:00,78.72,78.76,78.7,78.71,1256.64
1783484400000,2026-07-08 04:20:00,78.71,78.89,78.71,78.89,992.345
1783484700000,2026-07-08 04:25:00,78.9,78.91,78.83,78.87,324.467
1783485000000,2026-07-08 04:30:00,78.87,78.92,78.75,78.75,640.054
1783485300000,2026-07-08 04:35:00,78.76,78.85,78.68,78.7,986.885
1783485600000,2026-07-08 04:40:00,78.71,78.8,78.67,78.68,447.837
1783485900000,2026-07-08 04:45:00,78.67,78.7,78.43,78.43,1093.797
1783486200000,2026-07-08 04:50:00,78.43,78.56,78.42,78.54,319.073
1783486500000,2026-07-08 04:55:00,78.52,78.64,78.47,78.64,760.563
1783486800000,2026-07-08 05:00:00,78.64,78.65,78.54,78.56,584.029
1783487100000,2026-07-08 05:05:00,78.59,78.78,78.59,78.75,402.056
1783487400000,2026-07-08 05:10:00,78.75,78.75,78.67,78.73,297.886
1783487700000,2026-07-08 05:15:00,78.72,78.8,78.68,78.76,373.378
1783488000000,2026-07-08 05:20:00,78.76,78.81,78.66,78.66,775.187
1783488300000,2026-07-08 05:25:00,78.68,78.69,78.57,78.6,1040.022
1783488600000,2026-07-08 05:30:00,78.62,78.63,78.5,78.61,366.538
1783488900000,2026-07-08 05:35:00,78.64,78.65,78.51,78.51,289.008
1783489200000,2026-07-08 05:40:00,78.51,78.53,78.43,78.43,486.467
1783489500000,2026-07-08 05:45:00,78.42,78.44,78.37,78.42,644.35
1783489800000,2026-07-08 05:50:00,78.43,78.44,78.36,78.43,225.955
1783490100000,2026-07-08 05:55:00,78.44,78.5,78.4,78.41,767.84
1783490400000,2026-07-08 06:00:00,78.42,78.43,78.28,78.43,663.152
1783490700000,2026-07-08 06:05:00,78.43,78.43,78.33,78.38,430.001
1783491000000,2026-07-08 06:10:00,78.39,78.4,78.25,78.36,832.878
1783491300000,2026-07-08 06:15:00,78.35,78.37,78.33,78.33,182.893
1783491600000,2026-07-08 06:20:00,78.35,78.37,78.15,78.37,1572.462
1783491900000,2026-07-08 06:25:00,78.37,78.38,78.26,78.29,934.203
1783492200000,2026-07-08 06:30:00,78.28,78.31,78.18,78.18,777.506
1783492500000,2026-07-08 06:35:00,78.17,78.17,77.95,78.04,937.442
1783492800000,2026-07-08 06:40:00,78.05,78.13,78.03,78.05,502.785
1783493100000,2026-07-08 06:45:00,78.04,78.23,78.04,78.23,2467.283
1783493400000,2026-07-08 06:50:00,78.24,78.36,78.24,78.32,321.378
1783493700000,2026-07-08 06:55:00,78.3,78.31,78.17,78.21,540.722
1783494000000,2026-07-08 07:00:00,78.22,78.23,78.02,78.02,447.235
1783494300000,2026-07-08 07:05:00,78.01,78.03,77.82,77.84,998.836
1783494600000,2026-07-08 07:10:00,77.88,78.16,77.87,78.15,767.415
1783494900000,2026-07-08 07:15:00,78.15,78.22,77.97,78.05,1308.328
1783495200000,2026-07-08 07:20:00,78.05,78.05,77.98,78.0,1375.826
1783495500000,2026-07-08 07:25:00,78.05,78.16,78.05,78.12,1383.274
1783495800000,2026-07-08 07:30:00,78.13,78.22,78.11,78.22,394.465
1783496100000,2026-07-08 07:35:00,78.21,78.23,78.06,78.06,528.161
1783496400000,2026-07-08 07:40:00,78.05,78.12,78.05,78.12,372.43
1783496700000,2026-07-08 07:45:00,78.14,78.18,78.1,78.16,802.094
1783497000000,2026-07-08 07:50:00,78.17,78.3,78.13,78.3,620.046
1783497300000,2026-07-08 07:55:00,78.31,78.32,78.21,78.29,244.691
1783497600000,2026-07-08 08:00:00,78.29,78.42,78.25,78.27,1065.614
1783497900000,2026-07-08 08:05:00,78.29,78.4,78.26,78.4,709.817
1783498200000,2026-07-08 08:10:00,78.39,78.4,78.31,78.33,536.745
1783498500000,2026-07-08 08:15:00,78.32,78.38,77.53,77.79,3651.306
1783498800000,2026-07-08 08:20:00,77.74,77.81,77.34,77.4,2696.578
1783499100000,2026-07-08 08:25:00,77.4,77.45,77.2,77.24,2643.878
1783499400000,2026-07-08 08:30:00,77.21,77.32,77.07,77.22,2399.806
1783499700000,2026-07-08 08:35:00,77.22,77.26,76.96,77.01,1520.132
1783500000000,2026-07-08 08:40:00,77.01,77.13,76.94,77.13,983.891
1783500300000,2026-07-08 08:45:00,77.13,77.67,77.13,77.51,1369.034
1783500600000,2026-07-08 08:50:00,77.48,77.6,77.45,77.45,384.544
1783500900000,2026-07-08 08:55:00,77.45,77.56,77.26,77.26,535.471
1783501200000,2026-07-08 09:00:00,77.25,77.35,77.19,77.3,1175.108
1783501500000,2026-07-08 09:05:00,77.27,77.36,77.24,77.26,769.283
1783501800000,2026-07-08 09:10:00,77.28,77.31,77.19,77.29,4115.603
1783502100000,2026-07-08 09:15:00,77.29,77.29,77.06,77.07,1494.048
1783502400000,2026-07-08 09:20:00,77.08,77.17,77.03,77.09,574.851
1783502700000,2026-07-08 09:25:00,77.08,77.18,77.08,77.18,580.089
1783503000000,2026-07-08 09:30:00,77.23,77.42,77.23,77.42,973.399
1783503300000,2026-07-08 09:35:00,77.44,77.44,77.24,77.28,1014.077
1783503600000,2026-07-08 09:40:00,77.29,77.32,77.23,77.32,333.972
1783503900000,2026-07-08 09:45:00,77.32,77.36,77.28,77.33,349.415
1783504200000,2026-07-08 09:50:00,77.31,77.32,77.22,77.3,506.659
1783504500000,2026-07-08 09:55:00,77.3,77.31,77.19,77.19,375.942
1783504800000,2026-07-08 10:00:00,77.18,77.26,77.11,77.11,633.41
1783505100000,2026-07-08 10:05:00,77.12,77.16,77.05,77.05,324.968
1783505400000,2026-07-08 10:10:00,77.03,77.05,76.96,77.05,264.961
1783505700000,2026-07-08 10:15:00,77.07,77.18,77.01,77.18,817.096
1783506000000,2026-07-08 10:20:00,77.2,77.27,77.19,77.25,181.929
1783506300000,2026-07-08 10:25:00,77.27,77.37,77.27,77.37,34.074
1783506600000,2026-07-08 10:30:00,77.39,77.46,77.34,77.44,589.392
1783506900000,2026-07-08 10:35:00,77.44,77.45,77.39,77.42,238.748
1783507200000,2026-07-08 10:40:00,77.42,77.43,77.35,77.35,366.884
1783507500000,2026-07-08 10:45:00,77.34,77.4,77.26,77.3,374.313
1783507800000,2026-07-08 10:50:00,77.3,77.36,77.3,77.32,1034.098
1783508100000,2026-07-08 10:55:00,77.3,77.33,77.3,77.31,52.259
1783508400000,2026-07-08 11:00:00,77.32,77.36,77.26,77.3,771.213
1783508700000,2026-07-08 11:05:00,77.29,77.35,77.28,77.28,432.083
1783509000000,2026-07-08 11:10:00,77.27,77.28,77.2,77.23,292.494
1783509300000,2026-07-08 11:15:00,77.22,77.24,77.14,77.23,270.728
1783509600000,2026-07-08 11:20:00,77.23,77.23,77.09,77.1,1329.61
1783509900000,2026-07-08 11:25:00,77.11,77.14,77.1,77.13,373.271
1783510200000,2026-07-08 11:30:00,77.15,77.3,77.13,77.3,592.182
1783510500000,2026-07-08 11:35:00,77.29,77.31,77.2,77.22,538.187
1783510800000,2026-07-08 11:40:00,77.21,77.66,77.2,77.56,609.729
1783511100000,2026-07-08 11:45:00,77.58,77.6,77.46,77.6,781.836
1783511400000,2026-07-08 11:50:00,77.58,77.64,77.47,77.63,1074.702
1783511700000,2026-07-08 11:55:00,77.63,77.64,77.54,77.55,468.235
1783512000000,2026-07-08 12:00:00,77.55,77.56,77.44,77.45,311.064
1783512300000,2026-07-08 12:05:00,77.45,77.63,77.45,77.57,773.833
1783512600000,2026-07-08 12:10:00,77.64,77.64,77.54,77.54,446.181
1783512900000,2026-07-08 12:15:00,77.54,77.59,77.51,77.57,415.349
1783513200000,2026-07-08 12:20:00,77.57,77.58,77.48,77.48,131.287
1783513500000,2026-07-08 12:25:00,77.45,77.52,77.45,77.51,457.454
1783513800000,2026-07-08 12:30:00,77.52,77.52,77.35,77.35,708.951
1783514100000,2026-07-08 12:35:00,77.35,77.39,77.35,77.39,287.971
1783514400000,2026-07-08 12:40:00,77.4,77.41,77.31,77.32,297.281
1783514700000,2026-07-08 12:45:00,77.31,77.33,77.22,77.22,237.238
1783515000000,2026-07-08 12:50:00,77.22,77.26,77.21,77.26,189.404
1783515300000,2026-07-08 12:55:00,77.25,77.31,77.05,77.05,628.111
1783515600000,2026-07-08 13:00:00,77.03,77.1,77.01,77.01,1079.873
1783515900000,2026-07-08 13:05:00,77.02,77.03,76.8,76.91,1015.685
1783516200000,2026-07-08 13:10:00,76.94,76.98,76.88,76.94,440.304
1783516500000,2026-07-08 13:15:00,76.94,76.94,76.84,76.89,270.162
1783516800000,2026-07-08 13:20:00,76.89,76.9,76.76,76.78,294.199
1783517100000,2026-07-08 13:25:00,76.78,76.88,76.66,76.84,932.248
1783517400000,2026-07-08 13:30:00,76.86,77.24,76.86,77.16,2116.085
1783517700000,2026-07-08 13:35:00,77.17,77.4,77.14,77.4,1104.751
1783518000000,2026-07-08 13:40:00,77.36,77.45,77.28,77.31,969.394
1783518300000,2026-07-08 13:45:00,77.3,77.35,77.09,77.14,831.681
1783518600000,2026-07-08 13:50:00,77.14,77.17,77.02,77.05,1630.3
1783518900000,2026-07-08 13:55:00,77.04,77.46,76.95,77.3,2476.446
1783519200000,2026-07-08 14:00:00,77.3,77.41,77.26,77.26,892.116
1783519500000,2026-07-08 14:05:00,77.25,77.25,77.14,77.24,1209.846
1783519800000,2026-07-08 14:10:00,77.24,77.33,77.19,77.26,987.701
1783520100000,2026-07-08 14:15:00,77.26,77.26,76.89,77.06,2280.583
1783520400000,2026-07-08 14:20:00,77.06,77.38,77.06,77.22,1208.039
1783520700000,2026-07-08 14:25:00,77.21,77.3,77.1,77.1,750.163
1783521000000,2026-07-08 14:30:00,77.1,77.11,76.96,77.1,1509.93
1783521300000,2026-07-08 14:35:00,77.1,77.1,76.97,76.99,1294.737
1783521600000,2026-07-08 14:40:00,76.98,77.1,76.92,76.99,716.019
1783521900000,2026-07-08 14:45:00,76.98,76.99,76.81,76.85,1286.859
1783522200000,2026-07-08 14:50:00,76.85,77.23,76.75,77.18,3299.33
1783522500000,2026-07-08 14:55:00,77.17,77.18,77.05,77.14,853.388
1783522800000,2026-07-08 15:00:00,77.11,77.12,76.98,77.02,612.864
1783523100000,2026-07-08 15:05:00,77.02,77.06,76.9,76.9,566.472
1783523400000,2026-07-08 15:10:00,76.89,76.89,76.74,76.74,940.995
1783523700000,2026-07-08 15:15:00,76.74,76.77,76.51,76.77,1150.299
1783524000000,2026-07-08 15:20:00,76.78,76.78,76.4,76.41,1789.671
1783524300000,2026-07-08 15:25:00,76.4,76.5,76.31,76.47,1643.261
1783524600000,2026-07-08 15:30:00,76.43,76.55,76.38,76.48,693.142
1783524900000,2026-07-08 15:35:00,76.51,76.66,76.51,76.54,625.534
1783525200000,2026-07-08 15:40:00,76.55,76.62,76.48,76.5,1499.669
1783525500000,2026-07-08 15:45:00,76.51,76.61,76.48,76.61,1137.424
1783525800000,2026-07-08 15:50:00,76.62,76.65,76.58,76.62,259.433
1783526100000,2026-07-08 15:55:00,76.63,76.78,76.6,76.75,830.953
1783526400000,2026-07-08 16:00:00,76.75,76.85,76.75,76.79,821.778
1783526700000,2026-07-08 16:05:00,76.79,76.99,76.79,76.99,922.11
1783527000000,2026-07-08 16:10:00,76.98,76.99,76.96,76.97,545.192
1783527300000,2026-07-08 16:15:00,76.95,76.96,76.9,76.92,321.52
1783527600000,2026-07-08 16:20:00,76.91,77.04,76.9,76.98,847.311
1783527900000,2026-07-08 16:25:00,76.98,77.15,76.95,77.04,772.616
1783528200000,2026-07-08 16:30:00,77.04,77.04,76.96,76.97,566.36
1783528500000,2026-07-08 16:35:00,76.96,77.0,76.84,76.92,914.42
1783528800000,2026-07-08 16:40:00,77.0,77.31,77.0,77.29,2278.272
1783529100000,2026-07-08 16:45:00,77.29,77.3,77.22,77.23,256.269
1783529400000,2026-07-08 16:50:00,77.23,77.3,77.22,77.3,375.715
1783529700000,2026-07-08 16:55:00,77.3,77.35,77.24,77.3,788.943
1783530000000,2026-07-08 17:00:00,77.28,77.31,77.18,77.21,663.182
1783530300000,2026-07-08 17:05:00,77.23,77.29,77.15,77.25,718.925
1783530600000,2026-07-08 17:10:00,77.24,77.25,77.12,77.12,688.573
1783530900000,2026-07-08 17:15:00,77.11,77.19,77.11,77.19,297.951
1783531200000,2026-07-08 17:20:00,77.21,77.42,77.2,77.39,734.918
1783531500000,2026-07-08 17:25:00,77.39,77.59,77.39,77.59,542.324
1783531800000,2026-07-08 17:30:00,77.6,77.66,77.52,77.6,1426.337
1783532100000,2026-07-08 17:35:00,77.58,77.61,77.57,77.58,186.086
1783532400000,2026-07-08 17:40:00,77.57,77.57,77.4,77.4,440.978
1783532700000,2026-07-08 17:45:00,77.41,77.42,77.29,77.31,277.207
1783533000000,2026-07-08 17:50:00,77.34,77.36,77.1,77.14,758.341
1783533300000,2026-07-08 17:55:00,77.08,77.13,77.05,77.13,350.264
1783533600000,2026-07-08 18:00:00,77.13,77.36,77.11,77.29,1537.763
1783533900000,2026-07-08 18:05:00,77.3,77.32,77.21,77.22,219.541
1783534200000,2026-07-08 18:10:00,77.2,77.29,77.2,77.29,176.126
1783534500000,2026-07-08 18:15:00,77.3,77.31,77.2,77.25,309.73
1783534800000,2026-07-08 18:20:00,77.24,77.24,77.16,77.16,589.068
1783535100000,2026-07-08 18:25:00,77.16,77.16,77.13,77.14,370.873
1783535400000,2026-07-08 18:30:00,77.1,77.1,76.92,76.93,345.939
1783535700000,2026-07-08 18:35:00,76.93,76.97,76.83,76.95,991.291
1783536000000,2026-07-08 18:40:00,76.94,76.99,76.9,76.99,631.86
1783536300000,2026-07-08 18:45:00,76.98,77.1,76.97,77.1,209.417
1783536600000,2026-07-08 18:50:00,77.16,77.32,77.16,77.19,1602.471
1783536900000,2026-07-08 18:55:00,77.18,77.18,77.12,77.16,453.8
1783537200000,2026-07-08 19:00:00,77.14,77.25,77.1,77.11,956.129
1783537500000,2026-07-08 19:05:00,77.1,77.11,77.01,77.1,595.246
1783537800000,2026-07-08 19:10:00,77.1,77.1,77.02,77.02,342.2
1783538100000,2026-07-08 19:15:00,77.01,77.09,76.96,76.96,911.966
1783538400000,2026-07-08 19:20:00,76.96,77.05,76.95,77.04,489.997
1783538700000,2026-07-08 19:25:00,77.04,77.16,77.03,77.14,732.624
1783539000000,2026-07-08 19:30:00,77.14,77.23,77.13,77.21,325.027
1783539300000,2026-07-08 19:35:00,77.22,77.31,77.22,77.28,554.326
1783539600000,2026-07-08 19:40:00,77.27,77.34,77.27,77.34,738.564
1783539900000,2026-07-08 19:45:00,77.33,77.35,77.2,77.26,827.988
1783540200000,2026-07-08 19:50:00,77.2,77.28,77.2,77.28,1043.736
1783540500000,2026-07-08 19:55:00,77.28,77.49,77.28,77.43,1903.598
1783540800000,2026-07-08 20:00:00,77.43,77.46,77.34,77.46,464.373
1783541100000,2026-07-08 20:05:00,77.46,77.55,77.45,77.54,985.822
1783541400000,2026-07-08 20:10:00,77.54,77.55,77.37,77.45,717.246
1783541700000,2026-07-08 20:15:00,77.46,77.46,77.31,77.31,444.296
1783542000000,2026-07-08 20:20:00,77.32,77.44,77.3,77.36,616.603
1783542300000,2026-07-08 20:25:00,77.35,77.37,77.35,77.37,40.803
1783542600000,2026-07-08 20:30:00,77.39,77.4,77.26,77.27,1264.366
1783542900000,2026-07-08 20:35:00,77.27,77.27,77.09,77.13,458.588
1783543200000,2026-07-08 20:40:00,77.14,77.21,77.14,77.16,205.212
1783543500000,2026-07-08 20:45:00,77.15,77.15,77.13,77.13,247.881
1783543800000,2026-07-08 20:50:00,77.18,77.22,77.06,77.08,640.67
1783544100000,2026-07-08 20:55:00,77.08,77.2,77.06,77.18,488.789
1783544400000,2026-07-08 21:00:00,77.18,77.18,77.11,77.13,245.054
1783544700000,2026-07-08 21:05:00,77.12,77.18,77.06,77.06,492.508
1783545000000,2026-07-08 21:10:00,77.07,77.11,76.96,77.01,513.214
1783545300000,2026-07-08 21:15:00,77.01,77.06,76.94,77.01,556.692
1783545600000,2026-07-08 21:20:00,77.01,77.09,77.0,77.06,294.336
1783545900000,2026-07-08 21:25:00,77.06,77.12,77.01,77.11,519.099
1783546200000,2026-07-08 21:30:00,77.12,77.18,77.1,77.1,898.921
1783546500000,2026-07-08 21:35:00,77.1,77.25,77.04,77.2,852.107
1783546800000,2026-07-08 21:40:00,77.2,77.24,77.18,77.18,374.455
1783547100000,2026-07-08 21:45:00,77.18,77.29,77.18,77.28,186.065
1783547400000,2026-07-08 21:50:00,77.27,77.29,77.26,77.29,600.766
1783547700000,2026-07-08 21:55:00,77.3,77.32,77.25,77.25,1095.506
1783548000000,2026-07-08 22:00:00,77.26,77.36,77.22,77.34,565.355
1783548300000,2026-07-08 22:05:00,77.33,77.48,77.3,77.31,1224.408
1783548600000,2026-07-08 22:10:00,77.31,77.33,77.26,77.27,2286.873
1783548900000,2026-07-08 22:15:00,77.27,77.31,77.21,77.23,2404.229
1783549200000,2026-07-08 22:20:00,77.24,77.35,77.2,77.35,558.358
1783549500000,2026-07-08 22:25:00,77.35,77.4,77.31,77.4,155.331
1783549800000,2026-07-08 22:30:00,77.4,77.45,77.31,77.33,876.428
1783550100000,2026-07-08 22:35:00,77.34,77.38,77.32,77.38,158.941
1783550400000,2026-07-08 22:40:00,77.37,77.45,77.37,77.45,8.395
1783550700000,2026-07-08 22:45:00,77.45,77.51,77.45,77.5,80.447
1783551000000,2026-07-08 22:50:00,77.5,77.52,77.46,77.46,201.638
1783551300000,2026-07-08 22:55:00,77.44,77.53,77.44,77.53,55.629
1783551600000,2026-07-08 23:00:00,77.54,77.57,77.49,77.52,417.124
1783551900000,2026-07-08 23:05:00,77.53,77.62,77.53,77.56,477.76
1783552200000,2026-07-08 23:10:00,77.57,77.65,77.57,77.59,316.807
1783552500000,2026-07-08 23:15:00,77.59,77.62,77.48,77.5,1237.042
1783552800000,2026-07-08 23:20:00,77.5,77.61,77.49,77.6,1329.393
1783553100000,2026-07-08 23:25:00,77.58,77.58,77.5,77.56,252.794
1783553400000,2026-07-08 23:30:00,77.56,77.61,77.46,77.51,1319.577
1783553700000,2026-07-08 23:35:00,77.52,77.56,77.49,77.56,1414.576
1783554000000,2026-07-08 23:40:00,77.53,77.62,77.53,77.62,467.576
1783554300000,2026-07-08 23:45:00,77.62,77.64,77.56,77.62,767.559
1783554600000,2026-07-08 23:50:00,77.63,77.9,77.63,77.83,747.36
1783554900000,2026-07-08 23:55:00,77.83,77.86,77.81,77.82,494.906
1783555200000,2026-07-09 00:00:00,77.81,77.88,77.73,77.77,2030.512
1783555500000,2026-07-09 00:05:00,77.77,77.77,77.76,77.76,874.46
1783555800000,2026-07-09 00:10:00,77.76,77.77,77.76,77.76,4792.297
1783556100000,2026-07-09 00:15:00,77.76,77.77,77.66,77.66,2749.505
1783556400000,2026-07-09 00:20:00,77.65,77.68,77.56,77.56,426.105
1783556700000,2026-07-09 00:25:00,77.59,77.68,77.56,77.68,839.677
1783557000000,2026-07-09 00:30:00,77.67,77.79,77.62,77.66,1113.259
1783557300000,2026-07-09 00:35:00,77.64,77.72,77.6,77.63,907.592
1783557600000,2026-07-09 00:40:00,77.61,77.64,77.56,77.63,784.863
1783557900000,2026-07-09 00:45:00,77.63,77.75,77.6,77.67,2441.8
1783558200000,2026-07-09 00:50:00,77.67,77.67,77.53,77.57,438.419
1783558500000,2026-07-09 00:55:00,77.57,77.75,77.57,77.7,923.975
1783558800000,2026-07-09 01:00:00,77.7,77.96,77.67,77.83,1094.093
1783559100000,2026-07-09 01:05:00,77.84,78.61,77.82,78.59,1458.163
1783559400000,2026-07-09 01:10:00,78.61,78.63,78.33,78.37,1153.976
1783559700000,2026-07-09 01:15:00,78.37,78.47,78.3,78.42,1041.858
1783560000000,2026-07-09 01:20:00,78.44,78.48,78.31,78.31,729.306
1783560300000,2026-07-09 01:25:00,78.3,78.33,78.15,78.18,717.674
1783560600000,2026-07-09 01:30:00,78.2,78.21,77.96,77.97,2524.776
1783560900000,2026-07-09 01:35:00,77.97,78.0,77.92,77.94,205.301
1783561200000,2026-07-09 01:40:00,77.92,77.92,77.6,77.64,1337.814
1783561500000,2026-07-09 01:45:00,77.63,77.76,77.44,77.76,2740.051
1783561800000,2026-07-09 01:50:00,77.77,77.78,77.5,77.5,1561.195
1783562100000,2026-07-09 01:55:00,77.51,77.52,77.35,77.37,455.218
1783562400000,2026-07-09 02:00:00,77.37,77.49,77.25,77.49,2141.626
1783562700000,2026-07-09 02:05:00,77.48,77.77,77.46,77.72,1140.867
1783563000000,2026-07-09 02:10:00,77.73,77.84,77.73,77.82,544.774
1783563300000,2026-07-09 02:15:00,77.82,77.82,77.64,77.73,967.74
1783563600000,2026-07-09 02:20:00,77.74,77.82,77.67,77.67,546.356
1783563900000,2026-07-09 02:25:00,77.67,77.74,77.59,77.63,651.14
1783564200000,2026-07-09 02:30:00,77.66,77.67,77.36,77.36,444.59
1783564500000,2026-07-09 02:35:00,77.38,77.44,77.3,77.43,686.283
1783564800000,2026-07-09 02:40:00,77.43,77.44,77.34,77.34,894.623
1783565100000,2026-07-09 02:45:00,77.33,77.34,77.07,77.12,1058.363
1783565400000,2026-07-09 02:50:00,77.13,77.15,77.0,77.11,1934.853
1783565700000,2026-07-09 02:55:00,77.11,77.12,77.06,77.06,553.117
1783566000000,2026-07-09 03:00:00,77.07,77.11,76.97,76.98,624.786
1783566300000,2026-07-09 03:05:00,76.96,77.05,76.92,76.98,718.113
1783566600000,2026-07-09 03:10:00,76.95,76.99,76.87,76.99,325.595
1783566900000,2026-07-09 03:15:00,76.98,77.04,76.72,76.74,2231.649
1783567200000,2026-07-09 03:20:00,76.74,77.05,76.72,77.05,708.965
1783567500000,2026-07-09 03:25:00,77.06,77.16,77.0,77.02,875.977
1783567800000,2026-07-09 03:30:00,77.02,77.32,77.02,77.28,1108.124
1783568100000,2026-07-09 03:35:00,77.29,77.34,77.21,77.23,1100.955
1783568400000,2026-07-09 03:40:00,77.22,77.23,77.06,77.22,526.666
1783568700000,2026-07-09 03:45:00,77.22,77.26,77.17,77.23,699.855
1783569000000,2026-07-09 03:50:00,77.23,77.31,77.22,77.31,576.768
1783569300000,2026-07-09 03:55:00,77.3,77.36,77.29,77.29,302.53
1783569600000,2026-07-09 04:00:00,77.29,77.39,77.29,77.34,645.293
1783569900000,2026-07-09 04:05:00,77.35,77.42,77.3,77.38,1616.839
1783570200000,2026-07-09 04:10:00,77.37,77.38,77.26,77.27,529.716
1783570500000,2026-07-09 04:15:00,77.26,77.37,77.26,77.29,1075.141
1783570800000,2026-07-09 04:20:00,77.29,77.31,77.24,77.24,149.724
1783571100000,2026-07-09 04:25:00,77.24,77.37,77.23,77.37,281.971
1783571400000,2026-07-09 04:30:00,77.37,77.6,77.36,77.58,663.636
1783571700000,2026-07-09 04:35:00,77.57,77.81,77.57,77.77,1378.35
1783572000000,2026-07-09 04:40:00,77.78,77.8,77.72,77.77,800.345
1783572300000,2026-07-09 04:45:00,77.81,77.81,77.71,77.77,378.638
1783572600000,2026-07-09 04:50:00,77.78,77.92,77.78,77.89,371.179
1783572900000,2026-07-09 04:55:00,77.88,78.01,77.85,77.99,723.679
1783573200000,2026-07-09 05:00:00,77.97,77.97,77.83,77.92,1093.657
1783573500000,2026-07-09 05:05:00,77.93,77.96,77.87,77.95,766.494
1783573800000,2026-07-09 05:10:00,77.95,78.26,77.95,78.14,887.788
1783574100000,2026-07-09 05:15:00,78.16,78.17,77.97,77.98,825.598
1783574400000,2026-07-09 05:20:00,77.97,78.02,77.84,77.9,776.202
1783574700000,2026-07-09 05:25:00,77.9,77.95,77.87,77.91,591.199
1783575000000,2026-07-09 05:30:00,77.91,77.93,77.75,77.89,1320.215
1783575300000,2026-07-09 05:35:00,77.89,78.02,77.85,78.01,622.006
1783575600000,2026-07-09 05:40:00,78.02,78.07,77.97,77.99,952.724
1783575900000,2026-07-09 05:45:00,78.01,78.18,78.01,78.18,874.897
1783576200000,2026-07-09 05:50:00,78.19,78.36,78.18,78.31,1306.448
1783576500000,2026-07-09 05:55:00,78.31,78.4,78.3,78.4,380.187
1783576800000,2026-07-09 06:00:00,78.41,78.44,78.33,78.33,1790.01
1783577100000,2026-07-09 06:05:00,78.34,78.35,78.21,78.22,203.351
1783577400000,2026-07-09 06:10:00,78.2,78.2,78.13,78.18,186.097
1783577700000,2026-07-09 06:15:00,78.18,78.26,78.18,78.21,572.079
1783578000000,2026-07-09 06:20:00,78.17,78.38,78.17,78.32,750.115
1783578300000,2026-07-09 06:25:00,78.34,78.58,78.32,78.44,751.254
1783578600000,2026-07-09 06:30:00,78.44,78.46,78.34,78.46,655.093
1783578900000,2026-07-09 06:35:00,78.43,78.5,78.42,78.42,1261.224
1783579200000,2026-07-09 06:40:00,78.41,78.42,78.37,78.41,293.255
1783579500000,2026-07-09 06:45:00,78.45,78.48,78.37,78.37,2314.189
1783579800000,2026-07-09 06:50:00,78.38,78.43,78.38,78.41,742.249
1783580100000,2026-07-09 06:55:00,78.4,78.48,78.4,78.45,737.037
1783580400000,2026-07-09 07:00:00,78.47,78.8,78.47,78.53,1636.159
1783580700000,2026-07-09 07:05:00,78.55,78.55,78.4,78.42,560.204
1783581000000,2026-07-09 07:10:00,78.42,78.42,78.32,78.4,593.537
1783581300000,2026-07-09 07:15:00,78.37,78.43,78.27,78.4,610.242
1783581600000,2026-07-09 07:20:00,78.4,78.44,78.29,78.29,328.585
1783581900000,2026-07-09 07:25:00,78.28,78.33,78.22,78.32,344.859
1783582200000,2026-07-09 07:30:00,78.31,78.31,78.23,78.25,793.49
1783582500000,2026-07-09 07:35:00,78.24,78.24,78.15,78.2,162.193
1783582800000,2026-07-09 07:40:00,78.2,78.32,78.17,78.3,1002.643
1783583100000,2026-07-09 07:45:00,78.33,78.52,78.32,78.36,661.361
1783583400000,2026-07-09 07:50:00,78.36,78.36,78.28,78.29,778.273
1783583700000,2026-07-09 07:55:00,78.29,78.29,78.16,78.21,457.011
1783584000000,2026-07-09 08:00:00,78.22,78.22,78.08,78.16,683.705
1783584300000,2026-07-09 08:05:00,78.17,78.22,78.11,78.18,416.741
1783584600000,2026-07-09 08:10:00,78.17,78.22,78.14,78.15,186.734
1783584900000,2026-07-09 08:15:00,78.15,78.15,78.02,78.12,873.166
1783585200000,2026-07-09 08:20:00,78.12,78.25,78.12,78.2,1309.116
1783585500000,2026-07-09 08:25:00,78.21,78.36,78.21,78.35,648.117
1783585800000,2026-07-09 08:30:00,78.37,78.39,78.25,78.25,845.387
1783586100000,2026-07-09 08:35:00,78.26,78.32,78.23,78.3,844.412
1783586400000,2026-07-09 08:40:00,78.29,78.3,78.25,78.3,458.809
1783586700000,2026-07-09 08:45:00,78.3,78.3,78.18,78.19,1026.455
1783587000000,2026-07-09 08:50:00,78.18,78.18,78.07,78.14,742.839
1783587300000,2026-07-09 08:55:00,78.16,78.16,78.08,78.14,736.695
1783587600000,2026-07-09 09:00:00,78.12,78.19,78.05,78.11,664.747
1783587900000,2026-07-09 09:05:00,78.1,78.11,77.99,77.99,662.126
1783588200000,2026-07-09 09:10:00,78.02,78.05,77.99,77.99,263.464
1783588500000,2026-07-09 09:15:00,77.99,78.05,77.94,77.96,1002.384
1783588800000,2026-07-09 09:20:00,77.95,78.0,77.93,77.93,532.222
1783589100000,2026-07-09 09:25:00,77.93,78.06,77.92,78.02,1273.76
1783589400000,2026-07-09 09:30:00,78.02,78.09,77.98,78.04,625.635
1783589700000,2026-07-09 09:35:00,78.03,78.1,78.0,78.09,824.918
1783590000000,2026-07-09 09:40:00,78.08,78.1,77.87,77.88,605.512
1783590300000,2026-07-09 09:45:00,77.88,78.01,77.87,77.99,446.994
1783590600000,2026-07-09 09:50:00,78.0,78.1,77.99,78.09,645.421
1783590900000,2026-07-09 09:55:00,78.1,78.16,78.09,78.12,728.558
1783591200000,2026-07-09 10:00:00,78.13,78.14,78.06,78.1,1223.741
1783591500000,2026-07-09 10:05:00,78.1,78.19,78.09,78.13,565.987
1783591800000,2026-07-09 10:10:00,78.14,78.19,78.07,78.08,411.466
1783592100000,2026-07-09 10:15:00,78.1,78.12,78.06,78.09,607.954
1783592400000,2026-07-09 10:20:00,78.09,78.1,78.02,78.02,748.858
1783592700000,2026-07-09 10:25:00,78.02,78.05,77.96,78.04,1078.444
1783593000000,2026-07-09 10:30:00,78.04,78.09,77.98,78.09,456.37
1783593300000,2026-07-09 10:35:00,78.07,78.07,77.99,78.04,1466.657
1783593600000,2026-07-09 10:40:00,78.05,78.05,77.98,78.01,1192.52
1783593900000,2026-07-09 10:45:00,78.01,78.02,77.82,77.82,967.607
1783594200000,2026-07-09 10:50:00,77.78,77.83,77.54,77.57,1315.637
1783594500000,2026-07-09 10:55:00,77.58,77.66,77.57,77.66,976.046
1783594800000,2026-07-09 11:00:00,77.69,77.75,77.67,77.68,2563.683
1783595100000,2026-07-09 11:05:00,77.67,77.7,77.63,77.65,2134.481
1783595400000,2026-07-09 11:10:00,77.66,77.74,77.6,77.71,468.155
1783595700000,2026-07-09 11:15:00,77.72,77.73,77.48,77.49,1591.293
1783596000000,2026-07-09 11:20:00,77.48,77.53,77.39,77.39,1038.79
1783596300000,2026-07-09 11:25:00,77.39,77.48,77.39,77.43,2329.217
1783596600000,2026-07-09 11:30:00,77.43,77.44,77.33,77.36,774.025
1783596900000,2026-07-09 11:35:00,77.35,77.41,77.35,77.41,387.34
1783597200000,2026-07-09 11:40:00,77.42,77.43,77.37,77.42,880.701
1783597500000,2026-07-09 11:45:00,77.4,77.52,77.37,77.41,1315.231
1783597800000,2026-07-09 11:50:00,77.43,77.58,77.43,77.58,1397.561
1783598100000,2026-07-09 11:55:00,77.57,77.69,77.57,77.62,1211.417
1783598400000,2026-07-09 12:00:00,77.62,77.63,77.51,77.51,524.025
1783598700000,2026-07-09 12:05:00,77.52,77.77,77.44,77.74,1687.555
1783599000000,2026-07-09 12:10:00,77.74,77.74,77.64,77.64,2937.306
1783599300000,2026-07-09 12:15:00,77.63,77.7,77.58,77.63,2067.662
1783599600000,2026-07-09 12:20:00,77.62,77.69,77.6,77.68,1193.319
1783599900000,2026-07-09 12:25:00,77.68,77.78,77.66,77.7,1454.556
1783600200000,2026-07-09 12:30:00,77.71,77.9,77.71,77.86,979.203
1783600500000,2026-07-09 12:35:00,77.86,78.14,77.85,78.09,1645.748
1783600800000,2026-07-09 12:40:00,78.1,78.13,77.72,77.78,2362.332
1783601100000,2026-07-09 12:45:00,77.78,77.79,77.48,77.63,1149.042
1783601400000,2026-07-09 12:50:00,77.62,77.77,77.62,77.76,858.731
1783601700000,2026-07-09 12:55:00,77.76,77.76,77.63,77.64,874.539
1783602000000,2026-07-09 13:00:00,77.63,77.96,77.63,77.92,1664.83
1783602300000,2026-07-09 13:05:00,77.93,78.01,77.92,78.01,549.011
1783602600000,2026-07-09 13:10:00,78.01,78.05,77.98,78.02,387.01
1783602900000,2026-07-09 13:15:00,78.01,78.02,77.86,77.86,1754.913
1783603200000,2026-07-09 13:20:00,77.86,77.87,77.76,77.81,1385.493
1783603500000,2026-07-09 13:25:00,77.82,77.87,77.68,77.7,1423.855
1783603800000,2026-07-09 13:30:00,77.71,77.72,77.44,77.57,2221.494
1783604100000,2026-07-09 13:35:00,77.59,77.93,77.54,77.76,2158.736
1783604400000,2026-07-09 13:40:00,77.76,78.06,77.74,78.06,1838.939
1783604700000,2026-07-09 13:45:00,78.06,78.07,77.82,77.91,877.532
1783605000000,2026-07-09 13:50:00,77.93,78.49,77.93,78.34,2005.679
1783605300000,2026-07-09 13:55:00,78.31,78.32,78.16,78.23,1128.377
1783605600000,2026-07-09 14:00:00,78.23,78.34,78.13,78.25,936.813
1783605900000,2026-07-09 14:05:00,78.24,78.26,78.04,78.12,1670.582
1783606200000,2026-07-09 14:10:00,78.11,78.11,77.96,78.06,1218.414
1783606500000,2026-07-09 14:15:00,78.07,78.07,77.71,77.82,2756.332
1783606800000,2026-07-09 14:20:00,77.83,77.89,77.72,77.78,3138.833
1783607100000,2026-07-09 14:25:00,77.79,77.98,77.78,77.9,1286.077
1783607400000,2026-07-09 14:30:00,77.91,77.91,77.6,77.65,953.157
1783607700000,2026-07-09 14:35:00,77.65,77.83,77.58,77.83,1846.898
1783608000000,2026-07-09 14:40:00,77.84,77.9,77.75,77.76,1724.307
1783608300000,2026-07-09 14:45:00,77.75,77.97,77.74,77.79,1659.438
1783608600000,2026-07-09 14:50:00,77.8,77.8,77.67,77.76,783.786
1783608900000,2026-07-09 14:55:00,77.76,77.91,77.76,77.87,567.638
1783609200000,2026-07-09 15:00:00,77.92,77.93,77.67,77.72,1275.261
1783609500000,2026-07-09 15:05:00,77.72,77.95,77.69,77.91,958.837
1783609800000,2026-07-09 15:10:00,77.93,78.07,77.92,78.02,1769.276
1783610100000,2026-07-09 15:15:00,78.01,78.11,77.92,78.0,2425.967
1783610400000,2026-07-09 15:20:00,77.98,78.14,77.95,78.03,1801.238
1783610700000,2026-07-09 15:25:00,78.04,78.1,77.79,77.82,2141.72
1783611000000,2026-07-09 15:30:00,77.83,77.91,77.77,77.77,2691.336
1783611300000,2026-07-09 15:35:00,77.76,77.77,77.65,77.73,553.001
1783611600000,2026-07-09 15:40:00,77.72,77.8,77.66,77.66,1731.966
1783611900000,2026-07-09 15:45:00,77.66,77.73,77.63,77.73,796.622
1783612200000,2026-07-09 15:50:00,77.73,77.73,77.64,77.64,361.531
1783612500000,2026-07-09 15:55:00,77.64,77.65,77.54,77.64,797.043
1783612800000,2026-07-09 16:00:00,77.62,77.79,77.62,77.78,357.63
1783613100000,2026-07-09 16:05:00,77.79,77.79,77.58,77.58,1523.514
1783613400000,2026-07-09 16:10:00,77.57,77.63,77.55,77.63,360.741
1783613700000,2026-07-09 16:15:00,77.59,77.6,77.42,77.49,1015.761
1783614000000,2026-07-09 16:20:00,77.49,77.58,77.44,77.45,1159.504
1783614300000,2026-07-09 16:25:00,77.44,77.45,77.26,77.43,1460.399
1783614600000,2026-07-09 16:30:00,77.43,77.57,77.43,77.51,1026.214
1783614900000,2026-07-09 16:35:00,77.51,77.67,77.51,77.67,1341.202
1783615200000,2026-07-09 16:40:00,77.66,77.71,77.66,77.67,457.468
1783615500000,2026-07-09 16:45:00,77.66,77.69,77.52,77.55,919.851
1783615800000,2026-07-09 16:50:00,77.57,77.66,77.53,77.66,825.832
1783616100000,2026-07-09 16:55:00,77.7,77.7,77.61,77.66,600.725
1783616400000,2026-07-09 17:00:00,77.68,77.79,77.68,77.71,1167.778
1783616700000,2026-07-09 17:05:00,77.7,77.83,77.69,77.75,878.077
1783617000000,2026-07-09 17:10:00,77.74,77.85,77.69,77.69,1052.054
1783617300000,2026-07-09 17:15:00,77.69,78.0,77.69,77.92,1739.647
1783617600000,2026-07-09 17:20:00,77.91,77.94,77.79,77.8,597.936
1783617900000,2026-07-09 17:25:00,77.79,77.79,77.75,77.77,449.886
1783618200000,2026-07-09 17:30:00,77.77,77.85,77.63,77.7,1235.039
1783618500000,2026-07-09 17:35:00,77.71,78.07,77.65,78.07,935.032
1783618800000,2026-07-09 17:40:00,78.07,78.13,78.05,78.11,902.752
1783619100000,2026-07-09 17:45:00,78.11,78.11,78.07,78.07,342.017
1783619400000,2026-07-09 17:50:00,78.03,78.1,78.02,78.06,316.655
1783619700000,2026-07-09 17:55:00,78.06,78.08,77.99,78.05,538.352
1783620000000,2026-07-09 18:00:00,78.08,78.16,78.04,78.04,1163.917
1783620300000,2026-07-09 18:05:00,78.05,78.37,78.02,78.23,1511.338
1783620600000,2026-07-09 18:10:00,78.22,78.31,78.19,78.27,1624.942
1783620900000,2026-07-09 18:15:00,78.28,78.4,78.25,78.39,954.296
1783621200000,2026-07-09 18:20:00,78.39,78.39,78.21,78.21,515.933
1783621500000,2026-07-09 18:25:00,78.17,78.26,78.1,78.26,965.679
1783621800000,2026-07-09 18:30:00,78.27,78.27,78.18,78.18,971.721
1783622100000,2026-07-09 18:35:00,78.18,78.2,78.08,78.08,644.212
1783622400000,2026-07-09 18:40:00,78.09,78.16,78.09,78.13,590.954
1783622700000,2026-07-09 18:45:00,78.15,78.24,78.15,78.17,617.06
1783623000000,2026-07-09 18:50:00,78.16,78.19,78.02,78.07,634.645
1783623300000,2026-07-09 18:55:00,78.11,78.24,78.1,78.23,1079.086
1783623600000,2026-07-09 19:00:00,78.23,78.23,78.1,78.18,562.499
1783623900000,2026-07-09 19:05:00,78.19,78.19,78.06,78.1,974.107
1783624200000,2026-07-09 19:10:00,78.1,78.11,78.01,78.01,633.887
1783624500000,2026-07-09 19:15:00,78.01,78.06,77.92,78.04,699.107
1783624800000,2026-07-09 19:20:00,78.04,78.05,77.98,78.02,348.593
1783625100000,2026-07-09 19:25:00,78.02,78.14,78.0,78.14,515.193
1783625400000,2026-07-09 19:30:00,78.13,78.21,78.1,78.12,878.247
1783625700000,2026-07-09 19:35:00,78.11,78.28,78.11,78.25,310.591
1783626000000,2026-07-09 19:40:00,78.22,78.3,78.19,78.3,336.38
1783626300000,2026-07-09 19:45:00,78.3,78.31,78.2,78.2,168.2
1783626600000,2026-07-09 19:50:00,78.2,78.2,78.07,78.07,1047.361
1783626900000,2026-07-09 19:55:00,78.11,78.15,78.11,78.12,736.583
1783627200000,2026-07-09 20:00:00,78.17,78.18,78.02,78.02,959.978
1783627500000,2026-07-09 20:05:00,78.02,78.15,78.01,78.1,956.329
1783627800000,2026-07-09 20:10:00,78.09,78.11,78.02,78.05,489.907
1783628100000,2026-07-09 20:15:00,78.04,78.08,77.99,78.06,417.36
1783628400000,2026-07-09 20:20:00,78.05,78.12,78.05,78.11,285.138
1783628700000,2026-07-09 20:25:00,78.1,78.2,78.1,78.15,442.131
1783629000000,2026-07-09 20:30:00,78.16,78.3,78.12,78.28,425.998
1783629300000,2026-07-09 20:35:00,78.27,78.3,78.22,78.22,10.717
1783629600000,2026-07-09 20:40:00,78.21,78.28,78.18,78.28,546.733
1783629900000,2026-07-09 20:45:00,78.27,78.27,78.19,78.21,543.116
1783630200000,2026-07-09 20:50:00,78.17,78.17,78.09,78.09,315.401
1783630500000,2026-07-09 20:55:00,78.1,78.11,78.09,78.09,27.917
1783630800000,2026-07-09 21:00:00,78.16,78.26,78.16,78.26,418.072
1783631100000,2026-07-09 21:05:00,78.27,78.27,78.18,78.2,587.985
1783631400000,2026-07-09 21:10:00,78.21,78.21,78.07,78.13,857.039
1783631700000,2026-07-09 21:15:00,78.12,78.17,78.1,78.17,139.909
1783632000000,2026-07-09 21:20:00,78.17,78.18,78.07,78.07,670.208
1783632300000,2026-07-09 21:25:00,78.07,78.08,78.01,78.01,298.795
1783632600000,2026-07-09 21:30:00,78.03,78.07,78.03,78.06,277.666
1783632900000,2026-07-09 21:35:00,78.03,78.09,78.02,78.08,1695.866
1783633200000,2026-07-09 21:40:00,78.09,78.09,77.92,77.92,745.682
1783633500000,2026-07-09 21:45:00,77.92,78.03,77.92,77.99,737.298
1783633800000,2026-07-09 21:50:00,78.01,78.03,78.0,78.02,153.974
1783634100000,2026-07-09 21:55:00,78.03,78.08,78.03,78.05,149.89
1783634400000,2026-07-09 22:00:00,78.04,78.15,78.02,78.05,1419.961
1783634700000,2026-07-09 22:05:00,78.05,78.17,78.01,78.11,866.348
1783635000000,2026-07-09 22:10:00,78.11,78.11,78.06,78.09,447.344
1783635300000,2026-07-09 22:15:00,78.09,78.21,78.08,78.16,1988.339
1783635600000,2026-07-09 22:20:00,78.16,78.21,78.15,78.2,782.009
1783635900000,2026-07-09 22:25:00,78.2,78.2,78.16,78.19,256.839
1783636200000,2026-07-09 22:30:00,78.19,78.22,78.13,78.13,460.289
1783636500000,2026-07-09 22:35:00,78.13,78.2,78.07,78.17,1716.358
1783636800000,2026-07-09 22:40:00,78.17,78.28,78.16,78.24,814.181
1783637100000,2026-07-09 22:45:00,78.24,78.28,78.24,78.28,154.924
1783637400000,2026-07-09 22:50:00,78.27,78.27,78.15,78.17,1409.431
1783637700000,2026-07-09 22:55:00,78.18,78.18,78.13,78.13,579.142
1783638000000,2026-07-09 23:00:00,78.11,78.18,78.05,78.18,1549.499
1783638300000,2026-07-09 23:05:00,78.17,78.21,78.05,78.05,1600.984
1783638600000,2026-07-09 23:10:00,78.06,78.11,78.03,78.03,673.492
1783638900000,2026-07-09 23:15:00,78.02,78.03,77.83,77.87,965.787
1783639200000,2026-07-09 23:20:00,77.87,78.01,77.78,78.01,3183.996
1783639500000,2026-07-09 23:25:00,78.01,78.04,78.0,78.04,7619.571
1783639800000,2026-07-09 23:30:00,78.01,78.04,78.01,78.04,3362.747
1783640100000,2026-07-09 23:35:00,78.04,78.04,78.04,78.04,1111.793
1783640400000,2026-07-09 23:40:00,78.02,78.04,78.02,78.04,475.024
1783640700000,2026-07-09 23:45:00,78.04,80.77,66.0,78.04,1314.737
1783641000000,2026-07-09 23:50:00,78.04,78.14,78.04,78.14,551.267
1783641300000,2026-07-09 23:55:00,78.14,78.15,78.06,78.06,616.122
1783641600000,2026-07-10 00:00:00,78.04,78.06,77.93,78.03,1168.994
1783641900000,2026-07-10 00:05:00,78.02,78.03,77.93,77.96,793.29
1783642200000,2026-07-10 00:10:00,77.95,78.0,77.83,78.0,1524.517
1783642500000,2026-07-10 00:15:00,78.0,78.06,77.96,78.06,1619.668
1783642800000,2026-07-10 00:20:00,78.06,78.16,77.93,77.94,1521.02
1783643100000,2026-07-10 00:25:00,77.95,78.01,77.93,77.96,1621.213
1783643400000,2026-07-10 00:30:00,77.95,78.05,77.84,77.84,1379.155
1783643700000,2026-07-10 00:35:00,77.87,78.06,77.83,78.06,1385.755
1783644000000,2026-07-10 00:40:00,78.06,78.12,77.95,77.98,1517.18
1783644300000,2026-07-10 00:45:00,77.99,78.01,77.96,77.97,479.096
1783644600000,2026-07-10 00:50:00,77.97,78.03,77.86,77.91,1256.859
1783644900000,2026-07-10 00:55:00,77.9,78.09,77.9,78.09,941.835
1783645200000,2026-07-10 01:00:00,78.1,78.14,77.98,77.98,785.297
1783645500000,2026-07-10 01:05:00,77.97,78.13,77.96,78.12,1680.101
1783645800000,2026-07-10 01:10:00,78.12,78.18,78.06,78.18,1045.856
1783646100000,2026-07-10 01:15:00,78.18,78.56,78.17,78.51,1125.37
1783646400000,2026-07-10 01:20:00,78.5,78.66,78.37,78.42,1437.793
1783646700000,2026-07-10 01:25:00,78.41,78.48,78.34,78.48,1208.373
1783647000000,2026-07-10 01:30:00,78.49,78.49,78.32,78.33,1814.617
1783647300000,2026-07-10 01:35:00,78.32,78.51,78.32,78.44,383.775
1783647600000,2026-07-10 01:40:00,78.44,78.45,78.4,78.41,324.216
1783647900000,2026-07-10 01:45:00,78.42,79.3,78.41,79.16,1126.782
1783648200000,2026-07-10 01:50:00,79.16,79.44,79.16,79.16,1799.656
1783648500000,2026-07-10 01:55:00,79.13,79.2,79.0,79.04,817.179
1783648800000,2026-07-10 02:00:00,79.05,79.1,78.88,78.98,1546.89
1783649100000,2026-07-10 02:05:00,78.96,78.96,78.84,78.91,1682.175
1783649400000,2026-07-10 02:10:00,78.9,79.04,78.85,78.97,1202.076
1783649700000,2026-07-10 02:15:00,79.0,79.0,78.9,78.97,530.517
1783650000000,2026-07-10 02:20:00,78.99,78.99,78.87,78.87,1323.677
1783650300000,2026-07-10 02:25:00,78.86,78.93,78.84,78.92,544.642
1783650600000,2026-07-10 02:30:00,78.91,78.96,78.85,78.89,898.229
1783650900000,2026-07-10 02:35:00,78.89,79.03,78.88,79.02,1635.015
1783651200000,2026-07-10 02:40:00,78.99,78.99,78.92,78.94,486.069
1783651500000,2026-07-10 02:45:00,78.96,79.07,78.93,79.07,420.933
1783651800000,2026-07-10 02:50:00,79.06,79.14,79.04,79.06,726.536
1783652100000,2026-07-10 02:55:00,79.07,79.1,79.04,79.05,467.13
1783652400000,2026-07-10 03:00:00,79.05,79.05,78.87,78.87,603.728
1783652700000,2026-07-10 03:05:00,78.85,78.86,78.8,78.8,421.18
1783653000000,2026-07-10 03:10:00,78.81,78.86,78.74,78.84,360.867
1783653300000,2026-07-10 03:15:00,78.83,78.83,78.73,78.78,724.61
1783653600000,2026-07-10 03:20:00,78.77,78.84,78.77,78.82,416.525
1783653900000,2026-07-10 03:25:00,78.81,78.94,78.81,78.85,1402.182
1783654200000,2026-07-10 03:30:00,78.85,78.87,78.74,78.83,1734.025
1783654500000,2026-07-10 03:35:00,78.85,78.97,78.85,78.92,2572.015
1783654800000,2026-07-10 03:40:00,78.91,79.02,78.91,78.99,1075.498
1783655100000,2026-07-10 03:45:00,78.98,79.1,78.98,79.07,816.963
1783655400000,2026-07-10 03:50:00,79.06,79.07,78.95,78.95,918.206
1783655700000,2026-07-10 03:55:00,78.95,78.97,78.92,78.95,523.008
1783656000000,2026-07-10 04:00:00,78.95,79.1,78.95,79.09,703.626
1783656300000,2026-07-10 04:05:00,79.07,79.1,79.04,79.07,117.319
1783656600000,2026-07-10 04:10:00,79.04,79.05,79.01,79.04,85.661
1783656900000,2026-07-10 04:15:00,79.05,79.1,79.03,79.07,178.461
1783657200000,2026-07-10 04:20:00,79.08,79.08,78.95,78.95,321.875
1783657500000,2026-07-10 04:25:00,78.95,78.97,78.91,78.91,585.612
1783657800000,2026-07-10 04:30:00,78.89,78.96,78.85,78.96,810.874
1783658100000,2026-07-10 04:35:00,79.0,79.05,78.98,79.01,835.002
1783658400000,2026-07-10 04:40:00,79.0,79.02,78.97,78.99,857.916
1783658700000,2026-07-10 04:45:00,78.98,79.07,78.98,79.03,514.028
1783659000000,2026-07-10 04:50:00,79.02,79.04,78.96,79.02,1349.738
1783659300000,2026-07-10 04:55:00,79.04,79.04,78.97,78.98,710.65
1783659600000,2026-07-10 05:00:00,78.97,78.97,78.88,78.93,848.214
1783659900000,2026-07-10 05:05:00,78.94,79.05,78.93,78.94,1181.135
1783660200000,2026-07-10 05:10:00,78.94,79.01,78.94,78.94,658.899
1783660500000,2026-07-10 05:15:00,78.94,79.04,78.93,79.04,675.385
1783660800000,2026-07-10 05:20:00,79.02,79.04,78.94,79.04,809.253
1783661100000,2026-07-10 05:25:00,79.04,79.09,79.04,79.08,282.286
1783661400000,2026-07-10 05:30:00,79.1,79.34,79.04,79.32,1382.815
1783661700000,2026-07-10 05:35:00,79.29,79.29,79.22,79.22,204.085
1783662000000,2026-07-10 05:40:00,79.16,79.22,79.13,79.22,373.25
1783662300000,2026-07-10 05:45:00,79.22,79.23,79.13,79.22,3734.084
1783662600000,2026-07-10 05:50:00,79.23,79.23,79.18,79.18,754.968
1783662900000,2026-07-10 05:55:00,79.17,79.19,79.15,79.17,358.186
1783663200000,2026-07-10 06:00:00,79.19,79.24,79.13,79.13,673.93
1783663500000,2026-07-10 06:05:00,79.13,79.17,79.1,79.16,547.257
1783663800000,2026-07-10 06:10:00,79.15,79.16,79.15,79.15,179.071
1783664100000,2026-07-10 06:15:00,79.11,79.11,78.97,78.97,966.185
1783664400000,2026-07-10 06:20:00,78.99,79.03,78.95,78.95,336.496
1783664700000,2026-07-10 06:25:00,78.94,78.95,78.88,78.95,452.524
1783665000000,2026-07-10 06:30:00,78.95,79.03,78.94,78.94,912.198
1783665300000,2026-07-10 06:35:00,78.96,79.02,78.95,78.95,780.064
1783665600000,2026-07-10 06:40:00,78.97,79.01,78.96,78.96,470.377
1783665900000,2026-07-10 06:45:00,78.95,79.01,78.93,78.94,247.119
1783666200000,2026-07-10 06:50:00,78.94,78.97,78.93,78.93,46.738
1783666500000,2026-07-10 06:55:00,78.92,78.92,78.89,78.89,111.912
1783666800000,2026-07-10 07:00:00,78.92,78.94,78.87,78.89,236.332
1783667100000,2026-07-10 07:05:00,78.93,78.94,78.93,78.93,6.467
1783667400000,2026-07-10 07:10:00,78.95,79.08,78.95,79.08,481.872
1783667700000,2026-07-10 07:15:00,79.07,79.07,78.99,79.02,356.842
1783668000000,2026-07-10 07:20:00,79.04,79.07,79.02,79.07,160.243
1783668300000,2026-07-10 07:25:00,79.05,79.05,78.98,78.98,337.06
1783668600000,2026-07-10 07:30:00,78.96,78.96,78.92,78.92,58.258
1783668900000,2026-07-10 07:35:00,78.92,78.92,78.83,78.84,107.2
1783669200000,2026-07-10 07:40:00,78.84,78.84,78.8,78.8,157.043
1783669500000,2026-07-10 07:45:00,78.8,78.8,78.76,78.78,67.622
1783669800000,2026-07-10 07:50:00,78.83,78.87,78.83,78.83,152.623
1783670100000,2026-07-10 07:55:00,78.84,78.85,78.8,78.84,58.779
1783670400000,2026-07-10 08:00:00,78.88,78.88,78.83,78.86,666.818
1783670700000,2026-07-10 08:05:00,78.87,78.93,78.86,78.93,176.085
1783671000000,2026-07-10 08:10:00,78.96,79.0,78.94,78.95,436.37
1783671300000,2026-07-10 08:15:00,78.99,79.32,78.99,79.28,1384.469
1783671600000,2026-07-10 08:20:00,79.32,79.36,79.27,79.31,249.332
1783671900000,2026-07-10 08:25:00,79.32,79.39,79.24,79.36,750.25
1783672200000,2026-07-10 08:30:00,79.36,79.41,79.34,79.34,1191.677
1783672500000,2026-07-10 08:35:00,79.38,79.41,79.28,79.31,529.543
1783672800000,2026-07-10 08:40:00,79.32,79.33,79.29,79.33,173.314
1783673100000,2026-07-10 08:45:00,79.33,79.39,79.31,79.36,853.93
1783673400000,2026-07-10 08:50:00,79.34,79.36,79.3,79.3,627.464
1783673700000,2026-07-10 08:55:00,79.29,79.3,79.2,79.2,838.358
1783674000000,2026-07-10 09:00:00,79.2,79.21,79.01,79.14,1840.717
1783674300000,2026-07-10 09:05:00,79.17,79.2,79.14,79.19,135.195
1783674600000,2026-07-10 09:10:00,79.2,79.2,78.95,79.01,830.438
1783674900000,2026-07-10 09:15:00,79.0,79.13,79.0,79.1,389.821
1783675200000,2026-07-10 09:20:00,79.11,79.16,79.11,79.13,177.622
1783675500000,2026-07-10 09:25:00,79.17,79.23,79.1,79.22,664.319
1783675800000,2026-07-10 09:30:00,79.22,79.32,79.17,79.29,1277.458
1783676100000,2026-07-10 09:35:00,79.29,79.33,79.28,79.3,709.462
1783676400000,2026-07-10 09:40:00,79.31,79.35,79.28,79.35,208.374
1783676700000,2026-07-10 09:45:00,79.34,79.37,79.28,79.28,538.5
1783677000000,2026-07-10 09:50:00,79.29,79.29,79.23,79.24,298.313
1783677300000,2026-07-10 09:55:00,79.27,79.27,79.22,79.22,499.482
1783677600000,2026-07-10 10:00:00,79.23,79.26,79.15,79.15,590.029
1783677900000,2026-07-10 10:05:00,79.16,79.25,79.16,79.19,744.776
1783678200000,2026-07-10 10:10:00,79.21,79.21,79.17,79.17,4.266
1783678500000,2026-07-10 10:15:00,79.22,79.31,79.22,79.28,286.968
1783678800000,2026-07-10 10:20:00,79.28,79.56,79.26,79.55,1536.626
1783679100000,2026-07-10 10:25:00,79.56,79.63,79.53,79.63,607.333
1783679400000,2026-07-10 10:30:00,79.62,79.62,79.55,79.55,107.026
1783679700000,2026-07-10 10:35:00,79.54,79.55,79.43,79.5,384.539
1783680000000,2026-07-10 10:40:00,79.49,79.52,79.42,79.51,348.709
1783680300000,2026-07-10 10:45:00,79.53,79.54,79.47,79.52,633.673
1783680600000,2026-07-10 10:50:00,79.53,79.57,79.44,79.44,376.665
1783680900000,2026-07-10 10:55:00,79.45,79.47,79.41,79.41,535.866
1783681200000,2026-07-10 11:00:00,79.4,79.41,79.33,79.39,383.0
1783681500000,2026-07-10 11:05:00,79.39,79.47,79.35,79.39,487.974
1783681800000,2026-07-10 11:10:00,79.4,79.45,79.39,79.42,11.682
1783682100000,2026-07-10 11:15:00,79.44,79.52,79.38,79.38,147.888
1783682400000,2026-07-10 11:20:00,79.38,79.42,79.32,79.42,631.845
1783682700000,2026-07-10 11:25:00,79.41,79.43,79.33,79.38,201.252
1783683000000,2026-07-10 11:30:00,79.39,79.39,79.24,79.24,567.272
1783683300000,2026-07-10 11:35:00,79.27,79.3,79.22,79.22,638.748
1783683600000,2026-07-10 11:40:00,79.23,79.34,79.19,79.33,421.77
1783683900000,2026-07-10 11:45:00,79.32,79.42,79.3,79.42,189.577
1783684200000,2026-07-10 11:50:00,79.42,79.42,79.3,79.3,282.666
1783684500000,2026-07-10 11:55:00,79.3,79.35,79.27,79.35,374.098
1783684800000,2026-07-10 12:00:00,79.39,79.39,79.21,79.26,647.203
1783685100000,2026-07-10 12:05:00,79.26,79.28,79.18,79.28,449.831
1783685400000,2026-07-10 12:10:00,79.28,79.52,79.28,79.43,589.883
1783685700000,2026-07-10 12:15:00,79.44,79.44,79.27,79.31,1030.515
1783686000000,2026-07-10 12:20:00,79.31,79.32,79.24,79.32,347.178
1783686300000,2026-07-10 12:25:00,79.32,79.39,79.3,79.36,601.13
1783686600000,2026-07-10 12:30:00,79.36,79.36,79.22,79.27,754.176
1783686900000,2026-07-10 12:35:00,79.24,79.3,79.21,79.21,309.627
1783687200000,2026-07-10 12:40:00,79.22,79.22,79.02,79.02,512.545
1783687500000,2026-07-10 12:45:00,79.01,79.02,78.98,78.99,494.905
1783687800000,2026-07-10 12:50:00,78.98,79.02,78.96,78.98,334.521
1783688100000,2026-07-10 12:55:00,78.98,79.05,78.91,78.94,731.496
1783688400000,2026-07-10 13:00:00,78.91,79.0,78.91,78.92,733.491
1783688700000,2026-07-10 13:05:00,78.92,79.0,78.92,78.94,661.351
1783689000000,2026-07-10 13:10:00,78.94,78.97,78.86,78.88,335.449
1783689300000,2026-07-10 13:15:00,78.89,78.92,78.85,78.91,476.616
1783689600000,2026-07-10 13:20:00,78.9,78.97,78.9,78.96,212.182
1783689900000,2026-07-10 13:25:00,78.97,78.97,78.88,78.88,323.552
1783690200000,2026-07-10 13:30:00,78.88,79.02,78.84,78.96,987.6
1783690500000,2026-07-10 13:35:00,78.96,79.08,78.92,78.96,2395.947
1783690800000,2026-07-10 13:40:00,79.0,79.02,78.8,78.97,943.119
1783691100000,2026-07-10 13:45:00,78.97,79.19,78.96,79.19,563.471
1783691400000,2026-07-10 13:50:00,79.19,79.33,79.09,79.14,1137.317
1783691700000,2026-07-10 13:55:00,79.14,79.16,78.98,79.02,932.382
1783692000000,2026-07-10 14:00:00,79.0,79.0,78.61,78.61,1419.677
1783692300000,2026-07-10 14:05:00,78.6,78.67,78.44,78.44,1047.387
1783692600000,2026-07-10 14:10:00,78.44,78.52,78.27,78.27,1509.048
1783692900000,2026-07-10 14:15:00,78.25,78.33,77.92,78.02,3446.548
1783693200000,2026-07-10 14:20:00,78.03,78.03,77.6,77.73,1718.578
1783693500000,2026-07-10 14:25:00,77.72,77.83,77.59,77.77,2800.474
1783693800000,2026-07-10 14:30:00,77.76,77.94,77.23,77.47,3300.004
1783694100000,2026-07-10 14:35:00,77.57,77.72,77.49,77.67,2587.689
1783694400000,2026-07-10 14:40:00,77.69,77.77,77.54,77.76,1759.679
1783694700000,2026-07-10 14:45:00,77.74,78.25,77.64,78.23,2045.963
1783695000000,2026-07-10 14:50:00,78.23,78.26,77.96,77.98,3147.877
1783695300000,2026-07-10 14:55:00,77.98,78.16,77.93,77.93,2803.12
1783695600000,2026-07-10 15:00:00,77.93,78.05,77.82,77.98,2656.497
1783695900000,2026-07-10 15:05:00,77.99,78.15,77.93,78.06,1512.044
1783696200000,2026-07-10 15:10:00,78.05,78.07,77.91,77.93,1356.62
1783696500000,2026-07-10 15:15:00,77.94,78.26,77.93,78.02,2078.819
1783696800000,2026-07-10 15:20:00,78.02,78.23,78.02,78.21,1554.793
1783697100000,2026-07-10 15:25:00,78.2,78.35,78.19,78.29,1198.103
1783697400000,2026-07-10 15:30:00,78.3,78.35,78.22,78.32,1399.548
1783697700000,2026-07-10 15:35:00,78.33,78.33,78.16,78.16,1749.397
1783698000000,2026-07-10 15:40:00,78.15,78.22,78.02,78.14,1068.296
1783698300000,2026-07-10 15:45:00,78.14,78.23,78.06,78.06,2111.261
1783698600000,2026-07-10 15:50:00,78.07,78.15,77.98,78.14,1555.698
1783698900000,2026-07-10 15:55:00,78.15,78.18,78.08,78.11,2285.623
1783699200000,2026-07-10 16:00:00,78.1,78.17,77.93,77.99,1852.938
1783699500000,2026-07-10 16:05:00,77.99,78.08,77.9,77.99,2179.094
1783699800000,2026-07-10 16:10:00,78.0,78.16,78.0,78.14,1265.225
1783700100000,2026-07-10 16:15:00,78.14,78.25,78.07,78.1,1086.184
1783700400000,2026-07-10 16:20:00,78.1,78.13,77.97,77.99,1754.35
1783700700000,2026-07-10 16:25:00,78.0,78.01,77.9,77.93,784.147
1783701000000,2026-07-10 16:30:00,77.94,77.97,77.92,77.96,215.869
1783701300000,2026-07-10 16:35:00,77.97,77.98,77.67,77.74,1188.44
1783701600000,2026-07-10 16:40:00,77.75,77.89,77.73,77.87,466.732
1783701900000,2026-07-10 16:45:00,77.85,77.88,77.82,77.87,111.116
1783702200000,2026-07-10 16:50:00,77.86,78.05,77.86,77.98,860.096
1783702500000,2026-07-10 16:55:00,78.0,78.21,77.96,78.14,770.008
1783702800000,2026-07-10 17:00:00,78.14,78.16,78.05,78.16,936.493
1783703100000,2026-07-10 17:05:00,78.14,78.14,77.88,77.95,2225.739
1783703400000,2026-07-10 17:10:00,77.95,77.96,77.8,77.82,551.508
1783703700000,2026-07-10 17:15:00,77.8,77.86,77.78,77.79,703.802
1783704000000,2026-07-10 17:20:00,77.74,77.81,77.71,77.81,465.392
1783704300000,2026-07-10 17:25:00,77.83,77.87,77.82,77.84,251.88
1783704600000,2026-07-10 17:30:00,77.84,77.85,77.68,77.75,440.79
1783704900000,2026-07-10 17:35:00,77.76,77.8,77.72,77.79,527.049
1783705200000,2026-07-10 17:40:00,77.78,77.82,77.71,77.72,275.325
1783705500000,2026-07-10 17:45:00,77.73,77.8,77.7,77.79,217.483
1783705800000,2026-07-10 17:50:00,77.79,77.8,77.6,77.6,448.768
1783706100000,2026-07-10 17:55:00,77.62,77.73,77.58,77.58,526.158
1783706400000,2026-07-10 18:00:00,77.58,77.75,77.58,77.72,380.751
1783706700000,2026-07-10 18:05:00,77.72,77.79,77.72,77.75,411.545
1783707000000,2026-07-10 18:10:00,77.75,77.86,77.69,77.69,1419.06
1783707300000,2026-07-10 18:15:00,77.67,77.68,77.6,77.68,649.496
1783707600000,2026-07-10 18:20:00,77.7,77.74,77.68,77.69,295.919
1783707900000,2026-07-10 18:25:00,77.71,77.75,77.64,77.68,602.596
1783708200000,2026-07-10 18:30:00,77.69,77.73,77.64,77.7,734.737
1783708500000,2026-07-10 18:35:00,77.71,77.71,77.61,77.62,479.86
1783708800000,2026-07-10 18:40:00,77.63,77.63,77.48,77.48,341.804
1783709100000,2026-07-10 18:45:00,77.48,77.49,77.37,77.4,1040.971
1783709400000,2026-07-10 18:50:00,77.4,77.44,77.38,77.38,363.548
1783709700000,2026-07-10 18:55:00,77.36,77.53,77.36,77.53,1193.564
1783710000000,2026-07-10 19:00:00,77.53,77.61,77.46,77.61,964.37
1783710300000,2026-07-10 19:05:00,77.61,77.61,77.53,77.6,711.103
1783710600000,2026-07-10 19:10:00,77.62,77.72,77.62,77.69,273.292
1783710900000,2026-07-10 19:15:00,77.68,77.77,77.68,77.75,318.71
1783711200000,2026-07-10 19:20:00,77.7,77.75,77.61,77.74,1909.485
1783711500000,2026-07-10 19:25:00,77.74,77.83,77.73,77.81,826.572
1783711800000,2026-07-10 19:30:00,77.8,78.01,77.79,77.95,1321.148
1783712100000,2026-07-10 19:35:00,77.93,78.02,77.92,77.99,348.451
1783712400000,2026-07-10 19:40:00,78.01,78.05,77.96,77.96,690.87
1783712700000,2026-07-10 19:45:00,77.96,77.97,77.94,77.95,208.973
1783713000000,2026-07-10 19:50:00,77.95,78.0,77.94,77.96,607.836
1783713300000,2026-07-10 19:55:00,77.95,78.03,77.89,77.92,1462.573
1783713600000,2026-07-10 20:00:00,77.92,77.93,77.79,77.79,567.213
1783713900000,2026-07-10 20:05:00,77.79,77.88,77.79,77.88,702.81
1783714200000,2026-07-10 20:10:00,77.89,77.94,77.89,77.94,83.246
1783714500000,2026-07-10 20:15:00,77.93,77.99,77.87,77.89,737.811
1783714800000,2026-07-10 20:20:00,77.88,77.89,77.75,77.8,1278.667
1783715100000,2026-07-10 20:25:00,77.79,77.8,77.72,77.79,148.961
1783715400000,2026-07-10 20:30:00,77.81,77.89,77.79,77.85,1389.874
1783715700000,2026-07-10 20:35:00,77.85,77.94,77.85,77.93,2214.375
1783716000000,2026-07-10 20:40:00,77.94,77.94,77.86,77.89,2457.936
1783716300000,2026-07-10 20:45:00,77.88,77.89,77.85,77.89,3170.077
1783716600000,2026-07-10 20:50:00,77.88,77.9,77.84,77.88,2548.909
1783716900000,2026-07-10 20:55:00,77.88,77.89,77.76,77.76,2111.773
1783717200000,2026-07-10 21:00:00,77.73,77.85,77.72,77.85,2124.618
1783717500000,2026-07-10 21:05:00,77.86,77.9,77.83,77.88,2564.593
1783717800000,2026-07-10 21:10:00,77.87,77.95,77.86,77.89,2261.984
1783718100000,2026-07-10 21:15:00,77.91,77.96,77.9,77.96,965.436
1783718400000,2026-07-10 21:20:00,77.95,77.97,77.86,77.96,134.126
1783718700000,2026-07-10 21:25:00,77.96,77.99,77.96,77.96,280.795
1783719000000,2026-07-10 21:30:00,77.97,78.06,77.97,78.05,645.141
1783719300000,2026-07-10 21:35:00,78.03,78.09,78.03,78.03,411.508
1783719600000,2026-07-10 21:40:00,78.05,78.05,78.0,78.02,196.583
1783719900000,2026-07-10 21:45:00,78.02,78.04,77.98,77.98,680.08
1783720200000,2026-07-10 21:50:00,77.93,77.98,77.93,77.98,343.639
1783720500000,2026-07-10 21:55:00,77.99,77.99,77.96,77.99,3.974
1783720800000,2026-07-10 22:00:00,77.99,78.18,77.97,78.03,1128.395
1783721100000,2026-07-10 22:05:00,78.02,78.09,78.0,78.06,900.841
1783721400000,2026-07-10 22:10:00,78.06,78.09,78.04,78.08,146.197
1783721700000,2026-07-10 22:15:00,78.08,78.09,78.01,78.02,197.125
1783722000000,2026-07-10 22:20:00,78.04,78.04,77.98,78.04,241.718
1783722300000,2026-07-10 22:25:00,78.05,78.11,78.02,78.09,177.115
1783722600000,2026-07-10 22:30:00,78.08,78.1,78.03,78.08,544.791
1783722900000,2026-07-10 22:35:00,78.05,78.1,78.05,78.1,18.729
1783723200000,2026-07-10 22:40:00,78.1,78.12,78.1,78.11,604.74
1783723500000,2026-07-10 22:45:00,78.08,78.11,78.08,78.11,7.424
1783723800000,2026-07-10 22:50:00,78.12,78.13,78.05,78.11,755.839
1783724100000,2026-07-10 22:55:00,78.11,78.22,78.11,78.18,1467.669
1783724400000,2026-07-10 23:00:00,78.19,78.19,78.0,78.01,4770.536
1783724700000,2026-07-10 23:05:00,78.01,78.02,78.0,78.02,6630.261
1783725000000,2026-07-10 23:10:00,78.0,78.02,78.0,78.0,16.766
1783725300000,2026-07-10 23:15:00,78.0,78.14,77.98,77.98,1427.299
1783725600000,2026-07-10 23:20:00,78.05,78.1,78.02,78.1,211.405
1783725900000,2026-07-10 23:25:00,78.1,78.14,78.1,78.1,337.297
1783726200000,2026-07-10 23:30:00,78.1,78.1,78.05,78.09,151.308
1783726500000,2026-07-10 23:35:00,78.08,78.11,78.06,78.09,22.466
1783726800000,2026-07-10 23:40:00,78.09,78.12,78.06,78.11,172.929
1783727100000,2026-07-10 23:45:00,78.11,78.12,78.08,78.08,321.761
1783727400000,2026-07-10 23:50:00,78.08,78.11,78.08,78.1,23.444
1783727700000,2026-07-10 23:55:00,78.07,78.15,78.07,78.13,1008.551
1783728000000,2026-07-11 00:00:00,78.13,78.13,78.0,78.0,2861.479
1783728300000,2026-07-11 00:05:00,78.0,78.06,77.99,77.99,1736.858
1783728600000,2026-07-11 00:10:00,78.0,78.0,77.9,77.91,1037.313
1783728900000,2026-07-11 00:15:00,77.92,77.94,77.85,77.87,1263.02
1783729200000,2026-07-11 00:20:00,77.86,77.96,77.85,77.96,131.189
1783729500000,2026-07-11 00:25:00,77.96,78.03,77.95,77.95,195.023
1783729800000,2026-07-11 00:30:00,77.97,77.98,77.89,77.92,191.918
1783730100000,2026-07-11 00:35:00,77.89,77.9,77.8,77.83,158.174
1783730400000,2026-07-11 00:40:00,77.83,77.95,77.83,77.94,387.774
1783730700000,2026-07-11 00:45:00,77.94,77.95,77.81,77.81,1702.059
1783731000000,2026-07-11 00:50:00,77.81,77.85,77.8,77.85,191.926
1783731300000,2026-07-11 00:55:00,77.88,77.89,77.84,77.88,139.246
1783731600000,2026-07-11 01:00:00,77.87,77.87,77.82,77.82,132.019
1783731900000,2026-07-11 01:05:00,77.84,77.86,77.79,77.8,233.281
1783732200000,2026-07-11 01:10:00,77.79,77.81,77.79,77.81,29.325
1783732500000,2026-07-11 01:15:00,77.79,77.93,77.79,77.9,645.018
1783732800000,2026-07-11 01:20:00,77.93,78.03,77.92,77.97,338.851
1783733100000,2026-07-11 01:25:00,77.97,78.01,77.96,78.0,272.854
1783733400000,2026-07-11 01:30:00,78.01,78.06,77.98,77.98,254.95
1783733700000,2026-07-11 01:35:00,77.96,77.97,77.65,77.65,610.174
1783734000000,2026-07-11 01:40:00,77.64,77.66,77.48,77.57,757.171
1783734300000,2026-07-11 01:45:00,77.54,77.69,77.54,77.67,435.112
1783734600000,2026-07-11 01:50:00,77.65,77.68,77.63,77.65,310.659
1783734900000,2026-07-11 01:55:00,77.65,77.66,77.57,77.57,584.36
1783735200000,2026-07-11 02:00:00,77.54,77.61,77.51,77.61,279.517
1783735500000,2026-07-11 02:05:00,77.61,77.65,77.58,77.64,231.556
1783735800000,2026-07-11 02:10:00,77.66,77.68,77.56,77.56,409.051
1783736100000,2026-07-11 02:15:00,77.56,77.7,77.56,77.67,106.412
1783736400000,2026-07-11 02:20:00,77.68,77.68,77.57,77.57,251.984
1783736700000,2026-07-11 02:25:00,77.6,77.65,77.58,77.65,208.723
1783737000000,2026-07-11 02:30:00,77.66,77.7,77.65,77.66,242.65
1783737300000,2026-07-11 02:35:00,77.65,77.69,77.62,77.69,148.368
1783737600000,2026-07-11 02:40:00,77.69,77.78,77.68,77.76,970.835
1783737900000,2026-07-11 02:45:00,77.76,77.8,77.75,77.75,1559.472
1783738200000,2026-07-11 02:50:00,77.75,77.79,77.74,77.75,150.862
1783738500000,2026-07-11 02:55:00,77.76,77.82,77.76,77.78,135.816
1783738800000,2026-07-11 03:00:00,77.77,77.81,77.67,77.67,278.343
1783739100000,2026-07-11 03:05:00,77.68,77.74,77.68,77.74,160.328
1783739400000,2026-07-11 03:10:00,77.74,77.77,77.74,77.75,45.89
1783739700000,2026-07-11 03:15:00,77.77,77.82,77.63,77.77,519.587
1783740000000,2026-07-11 03:20:00,77.77,77.78,77.75,77.77,24.398
1783740300000,2026-07-11 03:25:00,77.74,77.75,77.7,77.7,118.943
1783740600000,2026-07-11 03:30:00,77.7,77.72,77.68,77.72,194.114
1783740900000,2026-07-11 03:35:00,77.72,77.83,77.72,77.82,1277.5
1783741200000,2026-07-11 03:40:00,77.83,77.86,77.82,77.82,181.594
1783741500000,2026-07-11 03:45:00,77.84,77.85,77.79,77.79,275.527
1783741800000,2026-07-11 03:50:00,77.8,77.85,77.8,77.85,189.96
1783742100000,2026-07-11 03:55:00,77.86,77.86,77.81,77.81,201.282
1783742400000,2026-07-11 04:00:00,77.79,77.81,77.72,77.78,795.436
1783742700000,2026-07-11 04:05:00,77.78,77.79,77.67,77.68,779.119
1783743000000,2026-07-11 04:10:00,77.68,77.76,77.68,77.74,710.465
1783743300000,2026-07-11 04:15:00,77.75,77.79,77.65,77.66,426.226
1783743600000,2026-07-11 04:20:00,77.66,77.75,77.65,77.73,218.371
1783743900000,2026-07-11 04:25:00,77.74,77.75,77.67,77.7,279.82
1783744200000,2026-07-11 04:30:00,77.71,77.78,77.7,77.78,167.857
1783744500000,2026-07-11 04:35:00,77.79,77.86,77.78,77.85,275.68
1783744800000,2026-07-11 04:40:00,77.83,77.83,77.77,77.78,90.95
1783745100000,2026-07-11 04:45:00,77.78,77.8,77.75,77.8,520.024
1783745400000,2026-07-11 04:50:00,77.79,77.8,77.67,77.67,698.428
1783745700000,2026-07-11 04:55:00,77.67,77.72,77.67,77.72,216.355
1783746000000,2026-07-11 05:00:00,77.73,77.73,77.61,77.62,262.732
1783746300000,2026-07-11 05:05:00,77.65,77.74,77.65,77.72,134.981
1783746600000,2026-07-11 05:10:00,77.73,77.79,77.72,77.77,265.298
1783746900000,2026-07-11 05:15:00,77.76,77.77,77.72,77.76,386.998
1783747200000,2026-07-11 05:20:00,77.77,77.86,77.76,77.85,400.205
1783747500000,2026-07-11 05:25:00,77.86,77.87,77.82,77.84,164.478
1783747800000,2026-07-11 05:30:00,77.84,77.93,77.82,77.92,221.683
1783748100000,2026-07-11 05:35:00,77.92,77.96,77.91,77.93,25.585
1783748400000,2026-07-11 05:40:00,77.94,77.94,77.85,77.87,202.779
1783748700000,2026-07-11 05:45:00,77.86,77.87,77.83,77.83,112.819
1783749000000,2026-07-11 05:50:00,77.81,77.87,77.81,77.86,245.694
1783749300000,2026-07-11 05:55:00,77.86,77.91,77.86,77.9,455.733
1783749600000,2026-07-11 06:00:00,77.91,77.91,77.8,77.83,675.022
1783749900000,2026-07-11 06:05:00,77.82,77.86,77.82,77.85,896.963
1783750200000,2026-07-11 06:10:00,77.86,77.87,77.85,77.87,242.884
1783750500000,2026-07-11 06:15:00,77.83,77.91,77.82,77.91,358.929
1783750800000,2026-07-11 06:20:00,77.92,78.03,77.92,78.02,140.828
1783751100000,2026-07-11 06:25:00,78.03,78.03,77.93,77.97,268.63
1783751400000,2026-07-11 06:30:00,77.97,78.11,77.97,78.09,1739.094
1783751700000,2026-07-11 06:35:00,78.08,78.1,78.08,78.08,177.33
1783752000000,2026-07-11 06:40:00,78.06,78.12,78.06,78.08,457.131
1783752300000,2026-07-11 06:45:00,78.08,78.11,78.04,78.07,907.074
1783752600000,2026-07-11 06:50:00,78.06,78.07,78.0,78.07,653.404
1783752900000,2026-07-11 06:55:00,78.07,78.08,78.06,78.06,311.617
1783753200000,2026-07-11 07:00:00,78.07,78.1,78.03,78.03,780.841
1783753500000,2026-07-11 07:05:00,78.03,78.03,77.96,77.96,1348.654
1783753800000,2026-07-11 07:10:00,77.97,78.03,77.97,78.0,542.107
1783754100000,2026-07-11 07:15:00,77.99,78.03,77.98,78.02,128.789
1783754400000,2026-07-11 07:20:00,78.03,78.04,78.01,78.01,84.368
1783754700000,2026-07-11 07:25:00,78.02,78.1,78.02,78.04,158.301
1783755000000,2026-07-11 07:30:00,78.03,78.1,78.01,78.01,172.813
1783755300000,2026-07-11 07:35:00,78.01,78.07,78.0,78.06,610.0
1783755600000,2026-07-11 07:40:00,78.07,78.09,78.0,78.0,290.269
1783755900000,2026-07-11 07:45:00,78.0,78.03,78.0,78.0,542.904
1783756200000,2026-07-11 07:50:00,77.99,78.02,77.98,77.99,349.886
1783756500000,2026-07-11 07:55:00,78.0,78.0,77.98,77.98,239.568
1783756800000,2026-07-11 08:00:00,77.98,78.04,77.98,78.0,372.936
1783757100000,2026-07-11 08:05:00,78.01,78.03,77.95,77.99,364.536
1783757400000,2026-07-11 08:10:00,77.99,78.08,77.99,78.04,603.896
1783757700000,2026-07-11 08:15:00,78.04,78.05,78.02,78.03,127.53
1783758000000,2026-07-11 08:20:00,78.04,78.08,78.03,78.06,69.639
1783758300000,2026-07-11 08:25:00,78.08,78.09,78.03,78.03,660.167
1783758600000,2026-07-11 08:30:00,78.03,78.07,78.01,78.06,311.895
1783758900000,2026-07-11 08:35:00,78.06,78.1,78.06,78.1,304.619
1783759200000,2026-07-11 08:40:00,78.1,78.14,78.06,78.09,2271.815
1783759500000,2026-07-11 08:45:00,78.08,78.09,78.04,78.04,2587.217
1783759800000,2026-07-11 08:50:00,78.04,78.12,78.03,78.11,469.778
1783760100000,2026-07-11 08:55:00,78.12,78.17,78.11,78.16,5095.186
1783760400000,2026-07-11 09:00:00,78.17,78.33,78.17,78.27,996.429
1783760700000,2026-07-11 09:05:00,78.26,78.27,78.2,78.2,296.041
1783761000000,2026-07-11 09:10:00,78.21,78.21,78.14,78.14,361.529
1783761300000,2026-07-11 09:15:00,78.14,78.19,78.14,78.17,1066.299
1783761600000,2026-07-11 09:20:00,78.16,78.17,78.11,78.11,305.001
1783761900000,2026-07-11 09:25:00,78.11,78.11,78.05,78.06,876.957
1783762200000,2026-07-11 09:30:00,78.06,78.06,77.94,77.94,1065.229
1783762500000,2026-07-11 09:35:00,77.97,78.02,77.96,78.02,114.763
1783762800000,2026-07-11 09:40:00,78.06,78.07,77.99,77.99,577.466
1783763100000,2026-07-11 09:45:00,77.99,77.99,77.89,77.93,723.261
1783763400000,2026-07-11 09:50:00,77.92,77.95,77.88,77.88,123.717
1783763700000,2026-07-11 09:55:00,77.89,77.91,77.83,77.83,442.663
1783764000000,2026-07-11 10:00:00,77.84,77.85,77.79,77.83,679.451
1783764300000,2026-07-11 10:05:00,77.86,77.89,77.82,77.88,272.291
1783764600000,2026-07-11 10:10:00,77.89,77.93,77.88,77.92,664.943
1783764900000,2026-07-11 10:15:00,77.93,77.93,77.8,77.81,1150.924
1783765200000,2026-07-11 10:20:00,77.81,77.89,77.81,77.89,260.642
1783765500000,2026-07-11 10:25:00,77.91,77.93,77.9,77.92,247.997
1783765800000,2026-07-11 10:30:00,77.93,77.93,77.86,77.87,657.151
1783766100000,2026-07-11 10:35:00,77.88,77.96,77.86,77.95,685.16
1783766400000,2026-07-11 10:40:00,77.95,78.02,77.94,77.98,578.307
1783766700000,2026-07-11 10:45:00,77.96,78.08,77.95,78.08,586.008
1783767000000,2026-07-11 10:50:00,78.07,78.1,78.06,78.07,95.328
1783767300000,2026-07-11 10:55:00,78.06,78.08,78.04,78.05,717.781
1783767600000,2026-07-11 11:00:00,78.04,78.05,77.99,78.01,534.789
1783767900000,2026-07-11 11:05:00,78.01,78.09,78.01,78.03,662.199
1783768200000,2026-07-11 11:10:00,78.03,78.05,78.03,78.05,536.528
1783768500000,2026-07-11 11:15:00,78.07,78.07,78.02,78.04,378.974
1783768800000,2026-07-11 11:20:00,78.03,78.04,78.02,78.02,43.979
1783769100000,2026-07-11 11:25:00,78.02,78.04,78.0,78.04,504.913
1783769400000,2026-07-11 11:30:00,78.04,78.04,78.0,78.02,133.415
1783769700000,2026-07-11 11:35:00,78.04,78.11,78.04,78.1,144.112
1783770000000,2026-07-11 11:40:00,78.1,78.1,78.06,78.08,197.204
1783770300000,2026-07-11 11:45:00,78.07,78.13,78.07,78.13,462.537
1783770600000,2026-07-11 11:50:00,78.15,78.15,78.07,78.1,634.734
1783770900000,2026-07-11 11:55:00,78.11,78.11,78.07,78.1,629.849
1783771200000,2026-07-11 12:00:00,78.1,78.21,78.08,78.2,614.69
1783771500000,2026-07-11 12:05:00,78.18,78.18,77.99,78.0,2761.487
1783771800000,2026-07-11 12:10:00,78.0,78.1,77.99,78.09,868.234
1783772100000,2026-07-11 12:15:00,78.1,78.11,78.07,78.07,2276.205
1783772400000,2026-07-11 12:20:00,78.06,78.07,78.03,78.04,578.99
1783772700000,2026-07-11 12:25:00,78.05,78.09,78.03,78.09,2397.113
1783773000000,2026-07-11 12:30:00,78.09,78.09,78.06,78.06,1295.071
1783773300000,2026-07-11 12:35:00,78.06,78.07,77.96,77.97,1605.729
1783773600000,2026-07-11 12:40:00,77.96,77.97,77.96,77.97,2767.147
1783773900000,2026-07-11 12:45:00,77.98,78.06,77.97,78.06,275.645
1783774200000,2026-07-11 12:50:00,78.06,78.11,78.05,78.08,1093.115
1783774500000,2026-07-11 12:55:00,78.07,78.09,78.07,78.09,1078.155
1783774800000,2026-07-11 13:00:00,78.08,78.09,78.05,78.05,3977.84
1783775100000,2026-07-11 13:05:00,78.08,78.08,78.04,78.07,1767.123
1783775400000,2026-07-11 13:10:00,78.07,78.11,78.04,78.11,3526.517
1783775700000,2026-07-11 13:15:00,78.1,78.17,78.07,78.17,2305.512
1783776000000,2026-07-11 13:20:00,78.17,78.24,78.17,78.21,384.397
1783776300000,2026-07-11 13:25:00,78.22,78.27,78.22,78.23,275.623
1783776600000,2026-07-11 13:30:00,78.23,78.42,78.23,78.26,610.659
1783776900000,2026-07-11 13:35:00,78.29,78.29,78.17,78.18,932.749
1783777200000,2026-07-11 13:40:00,78.17,78.18,78.15,78.17,119.757
1783777500000,2026-07-11 13:45:00,78.18,78.25,78.17,78.25,218.383
1783777800000,2026-07-11 13:50:00,78.24,78.24,78.21,78.21,166.047
1783778100000,2026-07-11 13:55:00,78.21,78.21,78.17,78.17,337.854
1783778400000,2026-07-11 14:00:00,78.17,78.27,78.17,78.27,545.632
1783778700000,2026-07-11 14:05:00,78.25,78.31,78.24,78.31,72.334
1783779000000,2026-07-11 14:10:00,78.3,78.31,78.26,78.26,234.7
1783779300000,2026-07-11 14:15:00,78.25,78.38,78.25,78.37,548.407
1783779600000,2026-07-11 14:20:00,78.36,78.47,78.34,78.46,217.126
1783779900000,2026-07-11 14:25:00,78.46,78.5,78.38,78.38,912.81
1783780200000,2026-07-11 14:30:00,78.38,78.47,78.37,78.43,808.691
1783780500000,2026-07-11 14:35:00,78.44,78.65,78.44,78.65,1685.764
1783780800000,2026-07-11 14:40:00,78.6,78.61,78.55,78.55,694.145
1783781100000,2026-07-11 14:45:00,78.57,78.59,78.5,78.55,763.87
1783781400000,2026-07-11 14:50:00,78.53,78.58,78.48,78.58,968.838
1783781700000,2026-07-11 14:55:00,78.57,78.57,78.49,78.49,809.229
1783782000000,2026-07-11 15:00:00,78.49,78.59,78.49,78.59,964.662
1783782300000,2026-07-11 15:05:00,78.59,78.6,78.52,78.52,294.059
1783782600000,2026-07-11 15:10:00,78.52,78.7,78.52,78.63,1457.579
1783782900000,2026-07-11 15:15:00,78.64,78.64,78.53,78.56,443.754
1783783200000,2026-07-11 15:20:00,78.55,78.81,78.55,78.81,805.63
1783783500000,2026-07-11 15:25:00,78.81,78.81,78.71,78.73,782.814
1783783800000,2026-07-11 15:30:00,78.73,78.73,78.66,78.67,685.983
1783784100000,2026-07-11 15:35:00,78.68,78.68,78.21,78.28,2402.517
1783784400000,2026-07-11 15:40:00,78.28,78.36,78.21,78.23,1360.99
1783784700000,2026-07-11 15:45:00,78.22,78.27,77.99,78.13,1334.738
1783785000000,2026-07-11 15:50:00,78.13,78.26,78.08,78.26,201.717
1783785300000,2026-07-11 15:55:00,78.27,78.4,78.27,78.38,534.715
1783785600000,2026-07-11 16:00:00,78.38,78.4,78.23,78.23,1296.722
1783785900000,2026-07-11 16:05:00,78.24,78.29,78.15,78.15,878.202
1783786200000,2026-07-11 16:10:00,78.16,78.33,78.15,78.32,288.548
1783786500000,2026-07-11 16:15:00,78.33,78.33,78.19,78.25,377.867
1783786800000,2026-07-11 16:20:00,78.22,78.32,78.1,78.15,464.158
1783787100000,2026-07-11 16:25:00,78.16,78.18,78.09,78.11,691.859
1783787400000,2026-07-11 16:30:00,78.14,78.26,78.09,78.09,1940.504
1783787700000,2026-07-11 16:35:00,78.08,78.08,77.76,77.83,1931.798
1783788000000,2026-07-11 16:40:00,77.82,77.83,77.77,77.77,297.92
1783788300000,2026-07-11 16:45:00,77.77,77.85,77.68,77.85,1249.547
1783788600000,2026-07-11 16:50:00,77.86,77.87,77.85,77.86,114.543
1783788900000,2026-07-11 16:55:00,77.85,77.94,77.85,77.93,327.163
1783789200000,2026-07-11 17:00:00,77.93,77.94,77.83,77.84,479.949
1783789500000,2026-07-11 17:05:00,77.83,77.96,77.83,77.94,832.386
1783789800000,2026-07-11 17:10:00,77.94,77.95,77.93,77.94,46.159
1783790100000,2026-07-11 17:15:00,77.93,77.95,77.9,77.94,214.731
1783790400000,2026-07-11 17:20:00,77.91,77.92,77.83,77.87,552.125
1783790700000,2026-07-11 17:25:00,77.88,78.02,77.87,78.02,522.175
1783791000000,2026-07-11 17:30:00,78.01,78.09,78.0,78.06,492.362
1783791300000,2026-07-11 17:35:00,78.09,78.14,78.05,78.14,923.807
1783791600000,2026-07-11 17:40:00,78.13,78.16,78.09,78.13,510.159
1783791900000,2026-07-11 17:45:00,78.13,78.17,78.02,78.04,417.572
1783792200000,2026-07-11 17:50:00,78.03,78.08,78.03,78.07,315.936
1783792500000,2026-07-11 17:55:00,78.07,78.09,78.03,78.08,488.324
1783792800000,2026-07-11 18:00:00,78.09,78.09,78.01,78.05,353.211
1783793100000,2026-07-11 18:05:00,78.02,78.05,78.02,78.03,655.958
1783793400000,2026-07-11 18:10:00,78.03,78.1,78.01,78.08,834.668
1783793700000,2026-07-11 18:15:00,78.1,78.21,78.06,78.2,575.044
1783794000000,2026-07-11 18:20:00,78.2,78.27,78.18,78.2,493.485
1783794300000,2026-07-11 18:25:00,78.2,78.22,78.17,78.2,178.067
1783794600000,2026-07-11 18:30:00,78.21,78.21,78.16,78.18,139.228
1783794900000,2026-07-11 18:35:00,78.17,78.18,78.12,78.12,1337.148
1783795200000,2026-07-11 18:40:00,78.13,78.16,78.12,78.13,1207.686
1783795500000,2026-07-11 18:45:00,78.14,78.15,78.11,78.11,259.968
1783795800000,2026-07-11 18:50:00,78.09,78.1,78.04,78.07,2389.041
1783796100000,2026-07-11 18:55:00,78.07,78.08,78.06,78.08,2139.617
1783796400000,2026-07-11 19:00:00,78.08,78.1,78.03,78.06,1493.929
1783796700000,2026-07-11 19:05:00,78.05,78.08,78.04,78.04,1292.246
1783797000000,2026-07-11 19:10:00,78.07,78.11,78.05,78.05,331.398
1783797300000,2026-07-11 19:15:00,78.05,78.07,78.04,78.07,148.463
1783797600000,2026-07-11 19:20:00,78.08,78.08,78.01,78.02,2457.728
1783797900000,2026-07-11 19:25:00,78.01,78.02,77.9,77.91,2423.845
1783798200000,2026-07-11 19:30:00,77.91,77.95,77.9,77.95,2191.41
1783798500000,2026-07-11 19:35:00,77.93,78.01,77.92,77.98,765.347
1783798800000,2026-07-11 19:40:00,77.97,78.05,77.97,78.01,1302.151
1783799100000,2026-07-11 19:45:00,78.01,78.07,77.98,77.98,1446.381
1783799400000,2026-07-11 19:50:00,77.98,78.09,77.98,78.09,508.602
1783799700000,2026-07-11 19:55:00,78.09,78.15,78.09,78.14,103.194
1783800000000,2026-07-11 20:00:00,78.15,78.18,78.14,78.14,195.929
1783800300000,2026-07-11 20:05:00,78.17,78.18,78.12,78.13,317.408
1783800600000,2026-07-11 20:10:00,78.13,78.16,78.11,78.16,327.649
1783800900000,2026-07-11 20:15:00,78.18,78.22,78.15,78.2,140.257
1783801200000,2026-07-11 20:20:00,78.2,78.2,78.16,78.18,137.266
1783801500000,2026-07-11 20:25:00,78.19,78.2,78.19,78.2,24.432
1783801800000,2026-07-11 20:30:00,78.23,78.24,78.21,78.24,56.596
1783802100000,2026-07-11 20:35:00,78.22,78.22,78.17,78.18,192.169
1783802400000,2026-07-11 20:40:00,78.2,78.28,78.2,78.21,178.399
1783802700000,2026-07-11 20:45:00,78.21,78.25,78.18,78.18,200.176
1783803000000,2026-07-11 20:50:00,78.19,78.21,78.15,78.15,674.784
1783803300000,2026-07-11 20:55:00,78.16,78.19,78.15,78.18,667.762
1783803600000,2026-07-11 21:00:00,78.17,78.25,78.16,78.25,543.923
1783803900000,2026-07-11 21:05:00,78.25,78.26,78.22,78.25,118.931
1783804200000,2026-07-11 21:10:00,78.24,78.3,78.23,78.26,779.573
1783804500000,2026-07-11 21:15:00,78.27,78.32,78.24,78.24,523.939
1783804800000,2026-07-11 21:20:00,78.24,78.28,78.24,78.26,538.263
1783805100000,2026-07-11 21:25:00,78.24,78.27,78.21,78.26,570.959
1783805400000,2026-07-11 21:30:00,78.24,78.28,78.23,78.23,200.551
1783805700000,2026-07-11 21:35:00,78.24,78.24,78.22,78.24,185.177
1783806000000,2026-07-11 21:40:00,78.23,78.23,78.14,78.19,1007.275
1783806300000,2026-07-11 21:45:00,78.18,78.27,78.17,78.25,454.504
1783806600000,2026-07-11 21:50:00,78.27,78.29,78.25,78.25,613.556
1783806900000,2026-07-11 21:55:00,78.24,78.24,78.18,78.22,864.007
1783807200000,2026-07-11 22:00:00,78.23,78.23,78.17,78.17,751.866
1783807500000,2026-07-11 22:05:00,78.18,78.19,78.1,78.17,1185.266
1783807800000,2026-07-11 22:10:00,78.2,78.27,78.19,78.23,961.033
1783808100000,2026-07-11 22:15:00,78.22,78.22,78.09,78.1,980.177
1783808400000,2026-07-11 22:20:00,78.09,78.1,77.88,77.9,1254.095
1783808700000,2026-07-11 22:25:00,77.89,78.78,77.64,77.94,456.955
1783809000000,2026-07-11 22:30:00,77.95,78.02,77.94,78.02,726.873
1783809300000,2026-07-11 22:35:00,78.0,78.05,77.89,77.9,1241.736
1783809600000,2026-07-11 22:40:00,77.89,77.98,77.89,77.98,1667.23
1783809900000,2026-07-11 22:45:00,77.97,78.0,77.88,77.88,1139.765
1783810200000,2026-07-11 22:50:00,77.85,77.86,77.81,77.84,1079.486
1783810500000,2026-07-11 22:55:00,77.85,77.93,77.84,77.88,1037.421
1783810800000,2026-07-11 23:00:00,77.88,77.92,77.85,77.92,611.551
1783811100000,2026-07-11 23:05:00,77.92,77.92,77.61,77.61,669.502
1783811400000,2026-07-11 23:10:00,77.59,77.65,77.48,77.6,1603.378
1783811700000,2026-07-11 23:15:00,77.6,77.61,77.55,77.55,606.115
1783812000000,2026-07-11 23:20:00,77.55,77.56,77.15,77.21,2002.438
1783812300000,2026-07-11 23:25:00,77.2,77.2,76.91,77.01,1764.434
1783812600000,2026-07-11 23:30:00,77.0,77.01,76.84,76.92,1002.577
1783812900000,2026-07-11 23:35:00,76.91,76.98,76.81,76.91,819.227
1783813200000,2026-07-11 23:40:00,76.91,77.07,76.9,77.06,1229.205
1783813500000,2026-07-11 23:45:00,77.02,77.13,77.0,77.13,874.788
1783813800000,2026-07-11 23:50:00,77.12,77.13,76.93,76.93,872.687
1783814100000,2026-07-11 23:55:00,76.91,76.91,76.78,76.79,752.495
1783814400000,2026-07-12 00:00:00,76.79,76.85,76.69,76.72,1664.829
1783814700000,2026-07-12 00:05:00,76.72,76.75,76.41,76.41,2343.386
1783815000000,2026-07-12 00:10:00,76.43,76.63,76.43,76.47,557.853
1783815300000,2026-07-12 00:15:00,76.47,76.49,76.36,76.47,1445.545
1783815600000,2026-07-12 00:20:00,76.47,76.58,76.45,76.51,2461.691
1783815900000,2026-07-12 00:25:00,76.5,76.51,76.35,76.35,836.425
1783816200000,2026-07-12 00:30:00,76.35,76.35,75.64,76.06,6415.883
1783816500000,2026-07-12 00:35:00,76.07,76.08,75.92,75.96,3551.847
1783816800000,2026-07-12 00:40:00,75.89,76.08,75.83,76.07,3402.508
1783817100000,2026-07-12 00:45:00,76.06,76.15,75.91,75.96,3976.677
1783817400000,2026-07-12 00:50:00,75.96,76.15,75.96,76.12,2556.276
1783817700000,2026-07-12 00:55:00,76.12,76.16,76.08,76.08,2887.442
1783818000000,2026-07-12 01:00:00,76.08,76.24,76.04,76.2,1804.882
1783818300000,2026-07-12 01:05:00,76.19,76.24,76.16,76.23,1422.964
1783818600000,2026-07-12 01:10:00,76.23,76.34,76.21,76.25,1617.985
1783818900000,2026-07-12 01:15:00,76.25,76.52,76.15,76.49,2003.229
1783819200000,2026-07-12 01:20:00,76.49,76.69,76.42,76.61,1832.112
1783819500000,2026-07-12 01:25:00,76.62,76.64,76.56,76.63,883.81
1783819800000,2026-07-12 01:30:00,76.63,76.72,76.59,76.7,1739.635
1783820100000,2026-07-12 01:35:00,76.69,76.77,76.67,76.75,999.491
1783820400000,2026-07-12 01:40:00,76.74,76.86,76.74,76.82,643.772
1783820700000,2026-07-12 01:45:00,76.82,76.87,76.79,76.82,1366.928
1783821000000,2026-07-12 01:50:00,76.82,76.85,76.76,76.81,1364.385
1783821300000,2026-07-12 01:55:00,76.8,76.83,76.78,76.83,438.367
1783821600000,2026-07-12 02:00:00,76.84,76.84,76.69,76.72,1052.343
1783821900000,2026-07-12 02:05:00,76.71,76.85,76.7,76.78,1495.906
1783822200000,2026-07-12 02:10:00,76.77,76.78,76.64,76.72,1259.179
1783822500000,2026-07-12 02:15:00,76.7,76.84,76.69,76.75,1388.248
1783822800000,2026-07-12 02:20:00,76.74,76.89,76.74,76.88,1780.998
1783823100000,2026-07-12 02:25:00,76.88,76.89,76.84,76.86,760.887
1783823400000,2026-07-12 02:30:00,76.85,76.87,76.74,76.76,1874.101
1783823700000,2026-07-12 02:35:00,76.76,76.85,76.76,76.78,967.186
1783824000000,2026-07-12 02:40:00,76.78,76.82,76.73,76.75,317.218
1783824300000,2026-07-12 02:45:00,76.75,76.81,76.73,76.8,1394.963
1783824600000,2026-07-12 02:50:00,76.8,76.84,76.77,76.82,332.449
1783824900000,2026-07-12 02:55:00,76.8,76.92,76.8,76.86,330.307
1783825200000,2026-07-12 03:00:00,76.87,76.94,76.85,76.89,418.441
1783825500000,2026-07-12 03:05:00,76.89,76.9,76.82,76.82,143.612
1783825800000,2026-07-12 03:10:00,76.82,76.96,76.76,76.94,1787.855
1783826100000,2026-07-12 03:15:00,76.93,76.95,76.84,76.92,672.048
1783826400000,2026-07-12 03:20:00,76.92,76.95,76.92,76.93,234.909
1783826700000,2026-07-12 03:25:00,76.94,76.99,76.89,76.99,452.0
1783827000000,2026-07-12 03:30:00,76.99,77.08,76.94,77.06,1134.329
1783827300000,2026-07-12 03:35:00,77.04,77.04,76.94,76.95,274.055
1783827600000,2026-07-12 03:40:00,76.91,76.97,76.91,76.93,410.999
1783827900000,2026-07-12 03:45:00,76.96,77.04,76.94,76.99,378.34
1783828200000,2026-07-12 03:50:00,77.01,77.01,76.92,76.93,359.15
1783828500000,2026-07-12 03:55:00,76.95,77.03,76.95,77.03,206.299
1783828800000,2026-07-12 04:00:00,77.04,77.06,76.97,77.03,496.889
1783829100000,2026-07-12 04:05:00,76.99,77.04,76.95,76.95,478.974
1783829400000,2026-07-12 04:10:00,76.95,76.96,76.9,76.9,1279.399
1783829700000,2026-07-12 04:15:00,76.91,77.06,76.84,76.86,1215.621
1783830000000,2026-07-12 04:20:00,76.87,76.93,76.86,76.93,248.518
1783830300000,2026-07-12 04:25:00,76.93,76.98,76.87,76.87,277.618
1783830600000,2026-07-12 04:30:00,76.89,76.9,76.72,76.72,819.958
1783830900000,2026-07-12 04:35:00,76.72,76.72,76.64,76.71,956.479
1783831200000,2026-07-12 04:40:00,76.71,76.82,76.7,76.8,1272.117
1783831500000,2026-07-12 04:45:00,76.79,76.8,76.66,76.66,1003.37
1783831800000,2026-07-12 04:50:00,76.64,76.67,76.63,76.63,436.802
1783832100000,2026-07-12 04:55:00,76.65,76.71,76.62,76.7,354.169
1783832400000,2026-07-12 05:00:00,76.71,76.74,76.68,76.74,1924.952
1783832700000,2026-07-12 05:05:00,76.74,76.81,76.72,76.76,188.509
1783833000000,2026-07-12 05:10:00,76.77,76.78,76.7,76.72,504.816
1783833300000,2026-07-12 05:15:00,76.71,76.72,76.56,76.6,1439.585
1783833600000,2026-07-12 05:20:00,76.61,76.61,76.41,76.41,1300.465
1783833900000,2026-07-12 05:25:00,76.42,76.49,76.42,76.45,680.449
1783834200000,2026-07-12 05:30:00,76.44,76.52,76.4,76.43,1119.432
1783834500000,2026-07-12 05:35:00,76.44,76.54,76.43,76.54,1139.147
1783834800000,2026-07-12 05:40:00,76.54,76.54,76.48,76.51,156.948
1783835100000,2026-07-12 05:45:00,76.52,76.53,76.47,76.49,523.391
1783835400000,2026-07-12 05:50:00,76.5,76.51,76.46,76.46,412.813
1783835700000,2026-07-12 05:55:00,76.46,76.49,76.45,76.45,782.643
1783836000000,2026-07-12 06:00:00,76.45,76.45,76.17,76.17,1629.867
1783836300000,2026-07-12 06:05:00,76.21,76.23,76.09,76.09,755.258
1783836600000,2026-07-12 06:10:00,76.09,76.1,76.04,76.04,715.511
1783836900000,2026-07-12 06:15:00,76.04,76.11,76.04,76.05,438.279
1783837200000,2026-07-12 06:20:00,76.09,76.12,76.08,76.11,119.306
1783837500000,2026-07-12 06:25:00,76.1,76.14,75.88,75.88,912.689
1783837800000,2026-07-12 06:30:00,75.92,76.07,75.91,76.07,1118.328
1783838100000,2026-07-12 06:35:00,76.07,76.2,76.07,76.16,1516.853
1783838400000,2026-07-12 06:40:00,76.16,76.23,76.16,76.2,355.432
1783838700000,2026-07-12 06:45:00,76.2,76.31,76.2,76.31,421.031
1783839000000,2026-07-12 06:50:00,76.31,76.32,76.21,76.29,819.179
1783839300000,2026-07-12 06:55:00,76.3,76.39,76.29,76.36,272.782
1783839600000,2026-07-12 07:00:00,76.37,76.49,76.32,76.48,1315.458
1783839900000,2026-07-12 07:05:00,76.48,76.56,76.45,76.56,699.643
1783840200000,2026-07-12 07:10:00,76.57,76.57,76.52,76.55,351.3
1783840500000,2026-07-12 07:15:00,76.54,76.62,76.52,76.6,1243.79
1783840800000,2026-07-12 07:20:00,76.61,76.7,76.6,76.65,1154.839
1783841100000,2026-07-12 07:25:00,76.64,76.64,76.53,76.54,735.824
1783841400000,2026-07-12 07:30:00,76.54,76.55,76.51,76.55,694.522
1783841700000,2026-07-12 07:35:00,76.56,76.56,76.5,76.5,1608.375
1783842000000,2026-07-12 07:40:00,76.51,76.52,76.49,76.49,298.677
1783842300000,2026-07-12 07:45:00,76.52,76.54,76.51,76.52,74.416
1783842600000,2026-07-12 07:50:00,76.54,76.55,76.45,76.48,1458.04
1783842900000,2026-07-12 07:55:00,76.51,76.54,76.51,76.51,503.033
1783843200000,2026-07-12 08:00:00,76.51,76.6,76.47,76.59,985.548
1783843500000,2026-07-12 08:05:00,76.57,76.83,76.54,76.71,1723.422
1783843800000,2026-07-12 08:10:00,76.71,76.74,76.64,76.71,718.009
1783844100000,2026-07-12 08:15:00,76.71,76.79,76.65,76.65,509.963
1783844400000,2026-07-12 08:20:00,76.66,76.68,76.63,76.68,2235.896
1783844700000,2026-07-12 08:25:00,76.67,76.68,76.63,76.63,2400.479
1783845000000,2026-07-12 08:30:00,76.63,76.68,76.61,76.68,683.746
1783845300000,2026-07-12 08:35:00,76.68,76.69,76.61,76.62,581.792
1783845600000,2026-07-12 08:40:00,76.63,76.68,76.62,76.68,541.205
1783845900000,2026-07-12 08:45:00,76.68,76.69,76.61,76.64,572.644
1783846200000,2026-07-12 08:50:00,76.64,76.71,76.64,76.7,399.19
1783846500000,2026-07-12 08:55:00,76.69,76.72,76.69,76.7,14.99
1783846800000,2026-07-12 09:00:00,76.71,76.75,76.68,76.69,747.899
1783847100000,2026-07-12 09:05:00,76.7,76.72,76.68,76.72,259.74
1783847400000,2026-07-12 09:10:00,76.72,76.72,76.58,76.59,463.726
1783847700000,2026-07-12 09:15:00,76.57,76.57,76.51,76.56,1834.352
1783848000000,2026-07-12 09:20:00,76.56,76.56,76.4,76.42,637.176
1783848300000,2026-07-12 09:25:00,76.43,76.54,76.43,76.53,567.882
1783848600000,2026-07-12 09:30:00,76.53,76.65,76.53,76.63,1884.057
1783848900000,2026-07-12 09:35:00,76.63,76.76,76.63,76.76,908.569
1783849200000,2026-07-12 09:40:00,76.77,76.88,76.76,76.86,1056.629
1783849500000,2026-07-12 09:45:00,76.84,76.9,76.81,76.81,305.701
1783849800000,2026-07-12 09:50:00,76.8,76.8,76.74,76.74,491.929
1783850100000,2026-07-12 09:55:00,76.76,76.76,76.74,76.76,1524.408
1783850400000,2026-07-12 10:00:00,76.76,76.76,76.7,76.72,856.094
1783850700000,2026-07-12 10:05:00,76.7,76.77,76.67,76.69,583.425
1783851000000,2026-07-12 10:10:00,76.67,76.74,76.67,76.74,113.762
1783851300000,2026-07-12 10:15:00,76.74,76.74,76.67,76.74,702.839
1783851600000,2026-07-12 10:20:00,76.76,76.84,76.76,76.78,1028.833
1783851900000,2026-07-12 10:25:00,76.78,76.8,76.75,76.8,422.473
1783852200000,2026-07-12 10:30:00,76.78,76.81,76.76,76.81,456.544
1783852500000,2026-07-12 10:35:00,76.81,76.82,76.78,76.78,1215.796
1783852800000,2026-07-12 10:40:00,76.77,76.78,76.71,76.74,586.398
1783853100000,2026-07-12 10:45:00,76.76,76.76,76.72,76.72,618.388
1783853400000,2026-07-12 10:50:00,76.72,76.76,76.71,76.73,582.371
1783853700000,2026-07-12 10:55:00,76.73,76.79,76.7,76.7,588.055
1783854000000,2026-07-12 11:00:00,76.71,76.74,76.71,76.74,409.767
1783854300000,2026-07-12 11:05:00,76.75,76.76,76.68,76.69,662.098
1783854600000,2026-07-12 11:10:00,76.68,76.68,76.54,76.68,1045.409
1783854900000,2026-07-12 11:15:00,76.67,76.83,76.67,76.82,1001.218
1783855200000,2026-07-12 11:20:00,76.83,76.84,76.75,76.8,186.437
1783855500000,2026-07-12 11:25:00,76.82,76.86,76.8,76.84,154.135
1783855800000,2026-07-12 11:30:00,76.84,76.95,76.84,76.9,222.87
1783856100000,2026-07-12 11:35:00,76.96,76.99,76.95,76.95,151.183
1783856400000,2026-07-12 11:40:00,76.96,76.96,76.91,76.93,98.998
1783856700000,2026-07-12 11:45:00,76.98,77.25,76.98,77.11,1092.385
1783857000000,2026-07-12 11:50:00,77.12,77.12,77.09,77.11,184.069
1783857300000,2026-07-12 11:55:00,77.11,77.16,76.95,76.96,820.491
1783857600000,2026-07-12 12:00:00,76.96,76.96,76.79,76.81,586.589
1783857900000,2026-07-12 12:05:00,76.8,76.87,76.8,76.86,182.879
1783858200000,2026-07-12 12:10:00,76.89,77.05,76.86,77.03,219.855
1783858500000,2026-07-12 12:15:00,77.04,77.12,77.02,77.04,322.323
1783858800000,2026-07-12 12:20:00,77.05,77.09,77.02,77.09,88.327
1783859100000,2026-07-12 12:25:00,77.05,77.11,77.05,77.1,16.702
1783859400000,2026-07-12 12:30:00,77.11,77.17,77.1,77.16,764.245
1783859700000,2026-07-12 12:35:00,77.18,77.2,77.14,77.16,744.055
1783860000000,2026-07-12 12:40:00,77.16,77.17,77.07,77.16,1223.215
1783860300000,2026-07-12 12:45:00,77.18,77.24,77.14,77.19,1327.823
1783860600000,2026-07-12 12:50:00,77.18,77.19,77.06,77.19,889.549
1783860900000,2026-07-12 12:55:00,77.15,77.17,77.12,77.17,562.345
1783861200000,2026-07-12 13:00:00,77.17,77.25,77.13,77.25,1113.79
1783861500000,2026-07-12 13:05:00,77.25,77.48,77.25,77.37,736.705
1783861800000,2026-07-12 13:10:00,77.36,77.39,77.29,77.29,553.441
1783862100000,2026-07-12 13:15:00,77.3,77.34,77.27,77.34,941.683
1783862400000,2026-07-12 13:20:00,77.34,77.34,77.22,77.22,915.208
1783862700000,2026-07-12 13:25:00,77.22,77.31,77.22,77.28,613.55
1783863000000,2026-07-12 13:30:00,77.29,77.3,77.25,77.25,263.198
1783863300000,2026-07-12 13:35:00,77.26,77.34,77.25,77.26,597.986
1783863600000,2026-07-12 13:40:00,77.26,77.35,77.25,77.26,908.102
1783863900000,2026-07-12 13:45:00,77.26,77.31,77.21,77.23,1185.809
1783864200000,2026-07-12 13:50:00,77.23,77.23,77.19,77.19,138.371
1783864500000,2026-07-12 13:55:00,77.19,77.2,77.14,77.16,1004.741
1783864800000,2026-07-12 14:00:00,77.15,77.16,77.09,77.12,296.015
1783865100000,2026-07-12 14:05:00,77.14,77.16,77.03,77.03,719.18
1783865400000,2026-07-12 14:10:00,77.05,77.09,77.01,77.01,1031.38
1783865700000,2026-07-12 14:15:00,77.01,77.05,76.98,76.98,1029.776
1783866000000,2026-07-12 14:20:00,76.99,77.04,76.98,77.03,857.908
1783866300000,2026-07-12 14:25:00,77.02,77.05,77.02,77.04,717.485
1783866600000,2026-07-12 14:30:00,77.04,77.18,77.04,77.14,1130.096
1783866900000,2026-07-12 14:35:00,77.17,77.2,77.15,77.18,121.04
1783867200000,2026-07-12 14:40:00,77.18,77.23,77.14,77.23,533.455
1783867500000,2026-07-12 14:45:00,77.2,77.48,77.19,77.41,3113.178
1783867800000,2026-07-12 14:50:00,77.38,77.74,77.37,77.59,2515.931
1783868100000,2026-07-12 14:55:00,77.59,77.62,77.55,77.55,630.139
1783868400000,2026-07-12 15:00:00,77.54,77.55,77.39,77.43,1789.812
1783868700000,2026-07-12 15:05:00,77.43,77.62,77.43,77.51,795.627
1783869000000,2026-07-12 15:10:00,77.51,77.54,77.47,77.52,1222.915
1783869300000,2026-07-12 15:15:00,77.52,77.53,77.4,77.4,1803.115
1783869600000,2026-07-12 15:20:00,77.41,77.52,77.4,77.5,1765.777
1783869900000,2026-07-12 15:25:00,77.5,77.57,77.48,77.53,2224.703
1783870200000,2026-07-12 15:30:00,77.55,77.57,77.42,77.42,528.294
1783870500000,2026-07-12 15:35:00,77.41,77.41,77.28,77.34,1058.37
1783870800000,2026-07-12 15:40:00,77.35,77.35,77.29,77.33,303.663
1783871100000,2026-07-12 15:45:00,77.34,77.45,77.34,77.38,411.156
1783871400000,2026-07-12 15:50:00,77.4,77.5,77.39,77.49,760.539
1783871700000,2026-07-12 15:55:00,77.51,77.51,77.4,77.45,656.694
1783872000000,2026-07-12 16:00:00,77.47,77.52,77.41,77.44,1671.395
1783872300000,2026-07-12 16:05:00,77.45,77.53,77.45,77.51,492.833
1783872600000,2026-07-12 16:10:00,77.51,77.66,77.41,77.41,1152.084
1783872900000,2026-07-12 16:15:00,77.41,77.49,77.39,77.45,1748.669
1783873200000,2026-07-12 16:20:00,77.46,77.57,77.45,77.57,363.998
1783873500000,2026-07-12 16:25:00,77.57,77.6,77.53,77.56,229.755
1783873800000,2026-07-12 16:30:00,77.56,77.56,77.44,77.44,711.609
1783874100000,2026-07-12 16:35:00,77.45,77.48,77.38,77.4,1554.704
1783874400000,2026-07-12 16:40:00,77.41,77.51,77.41,77.51,311.003
1783874700000,2026-07-12 16:45:00,77.52,77.62,77.52,77.62,819.903
1783875000000,2026-07-12 16:50:00,77.64,77.66,77.5,77.53,335.972
1783875300000,2026-07-12 16:55:00,77.54,77.61,77.53,77.55,1068.352
1783875600000,2026-07-12 17:00:00,77.55,77.55,77.5,77.51,1449.335
1783875900000,2026-07-12 17:05:00,77.5,77.56,77.47,77.56,1948.882
1783876200000,2026-07-12 17:10:00,77.58,77.58,77.48,77.49,2554.786
1783876500000,2026-07-12 17:15:00,77.49,77.49,77.46,77.49,923.663
1783876800000,2026-07-12 17:20:00,77.47,77.47,77.42,77.42,778.228
1783877100000,2026-07-12 17:25:00,77.42,77.48,77.42,77.43,339.539
1783877400000,2026-07-12 17:30:00,77.42,77.5,77.42,77.48,304.04
1783877700000,2026-07-12 17:35:00,77.49,77.57,77.48,77.55,1628.893
1783878000000,2026-07-12 17:40:00,77.56,77.61,77.55,77.56,550.93
1783878300000,2026-07-12 17:45:00,77.55,77.55,77.47,77.49,3351.279
1783878600000,2026-07-12 17:50:00,77.47,77.47,77.26,77.33,3629.628
1783878900000,2026-07-12 17:55:00,77.32,77.4,77.32,77.36,604.791
1783879200000,2026-07-12 18:00:00,77.36,77.48,77.36,77.4,1644.318
1783879500000,2026-07-12 18:05:00,77.39,77.4,77.31,77.31,2668.375
1783879800000,2026-07-12 18:10:00,77.31,77.35,77.3,77.35,711.911
1783880100000,2026-07-12 18:15:00,77.35,77.37,77.28,77.28,273.823
1783880400000,2026-07-12 18:20:00,77.28,77.31,77.25,77.31,922.654
1783880700000,2026-07-12 18:25:00,77.31,77.38,77.26,77.38,680.238
1783881000000,2026-07-12 18:30:00,77.38,77.39,77.38,77.38,333.207
1783881300000,2026-07-12 18:35:00,77.39,77.47,77.36,77.47,679.704
1783881600000,2026-07-12 18:40:00,77.45,77.54,77.45,77.51,965.672
1783881900000,2026-07-12 18:45:00,77.54,77.64,77.53,77.62,443.206
1783882200000,2026-07-12 18:50:00,77.63,77.64,77.58,77.61,405.865
1783882500000,2026-07-12 18:55:00,77.6,77.6,77.54,77.57,982.324
1783882800000,2026-07-12 19:00:00,77.57,77.61,77.57,77.57,450.236
1783883100000,2026-07-12 19:05:00,77.59,77.63,77.58,77.63,259.283
1783883400000,2026-07-12 19:10:00,77.64,77.64,77.53,77.53,585.91
1783883700000,2026-07-12 19:15:00,77.53,77.56,77.53,77.54,501.665
1783884000000,2026-07-12 19:20:00,77.54,77.58,77.54,77.58,135.829
1783884300000,2026-07-12 19:25:00,77.59,77.63,77.57,77.58,161.46
1783884600000,2026-07-12 19:30:00,77.58,77.58,77.44,77.45,734.974
1783884900000,2026-07-12 19:35:00,77.46,77.48,77.46,77.48,13.216
1783885200000,2026-07-12 19:40:00,77.48,77.5,77.48,77.49,234.812
1783885500000,2026-07-12 19:45:00,77.49,77.61,77.49,77.6,1338.763
1783885800000,2026-07-12 19:50:00,77.61,77.75,77.6,77.71,1505.908
1783886100000,2026-07-12 19:55:00,77.71,77.73,77.68,77.68,177.823
1783886400000,2026-07-12 20:00:00,77.69,77.71,77.6,77.6,508.857
1783886700000,2026-07-12 20:05:00,77.6,77.61,77.56,77.58,1205.046
1783887000000,2026-07-12 20:10:00,77.6,77.62,77.55,77.58,1151.887
1783887300000,2026-07-12 20:15:00,77.58,77.58,77.52,77.53,1654.588
1783887600000,2026-07-12 20:20:00,77.56,77.56,77.55,77.56,325.054
1783887900000,2026-07-12 20:25:00,77.55,77.55,77.49,77.51,925.966
1783888200000,2026-07-12 20:30:00,77.52,77.57,77.45,77.49,2218.274
1783888500000,2026-07-12 20:35:00,77.49,77.53,77.47,77.53,1267.802
1783888800000,2026-07-12 20:40:00,77.54,77.6,77.51,77.6,1193.382
1783889100000,2026-07-12 20:45:00,77.59,77.61,77.54,77.61,2119.845
1783889400000,2026-07-12 20:50:00,77.61,77.61,77.53,77.56,2791.714
1783889700000,2026-07-12 20:55:00,77.56,77.56,77.44,77.46,1848.921
1783890000000,2026-07-12 21:00:00,77.45,77.63,77.45,77.62,1501.461
1783890300000,2026-07-12 21:05:00,77.63,77.69,77.58,77.59,1189.03
1783890600000,2026-07-12 21:10:00,77.59,77.6,77.55,77.56,745.704
1783890900000,2026-07-12 21:15:00,77.55,77.57,77.41,77.41,598.721
1783891200000,2026-07-12 21:20:00,77.41,77.41,77.27,77.31,1038.744
1783891500000,2026-07-12 21:25:00,77.31,77.31,77.23,77.26,970.772
1783891800000,2026-07-12 21:30:00,77.27,77.27,77.1,77.1,2606.203
1783892100000,2026-07-12 21:35:00,77.1,77.11,77.1,77.11,33.287
1783892400000,2026-07-12 21:40:00,77.11,77.26,77.1,77.24,4664.632
1783892700000,2026-07-12 21:45:00,77.24,77.28,77.15,77.15,5888.151
1783893000000,2026-07-12 21:50:00,77.18,77.18,77.15,77.15,48.3
1783893300000,2026-07-12 21:55:00,77.15,78.39,76.86,77.1,148.044
1783893600000,2026-07-12 22:00:00,77.1,77.11,76.63,76.7,1705.757
1783893900000,2026-07-12 22:05:00,76.69,76.79,76.63,76.77,1221.308
1783894200000,2026-07-12 22:10:00,76.76,76.83,76.72,76.74,692.131
1783894500000,2026-07-12 22:15:00,76.68,76.76,76.53,76.56,1119.227
1783894800000,2026-07-12 22:20:00,76.54,76.71,76.53,76.7,1631.579
1783895100000,2026-07-12 22:25:00,76.7,76.71,76.66,76.71,420.78
1783895400000,2026-07-12 22:30:00,76.7,76.78,76.64,76.65,1493.869
1783895700000,2026-07-12 22:35:00,76.64,76.71,76.59,76.65,927.234
1783896000000,2026-07-12 22:40:00,76.66,76.67,76.61,76.62,332.631
1783896300000,2026-07-12 22:45:00,76.62,76.62,76.51,76.54,756.479
1783896600000,2026-07-12 22:50:00,76.55,76.7,76.5,76.7,925.788
1783896900000,2026-07-12 22:55:00,76.71,76.81,76.7,76.77,1178.649
1783897200000,2026-07-12 23:00:00,76.76,76.77,76.66,76.67,592.172
1783897500000,2026-07-12 23:05:00,76.69,76.82,76.69,76.71,876.153
1783897800000,2026-07-12 23:10:00,76.69,76.78,76.65,76.78,1429.064
1783898100000,2026-07-12 23:15:00,76.77,76.8,76.72,76.72,1052.568
1783898400000,2026-07-12 23:20:00,76.71,76.77,76.71,76.77,554.943
1783898700000,2026-07-12 23:25:00,76.76,76.81,76.73,76.81,145.13
1783899000000,2026-07-12 23:30:00,76.8,76.82,76.76,76.82,703.202
1783899300000,2026-07-12 23:35:00,76.81,76.86,76.68,76.76,1292.103
1783899600000,2026-07-12 23:40:00,76.78,76.8,76.74,76.8,649.208
1783899900000,2026-07-12 23:45:00,76.81,76.81,76.68,76.74,1002.506
1783900200000,2026-07-12 23:50:00,76.73,76.93,76.73,76.93,1087.666
1783900500000,2026-07-12 23:55:00,76.93,76.94,76.9,76.9,624.777
1783900800000,2026-07-13 00:00:00,76.92,77.22,76.85,77.21,2828.385
1783901100000,2026-07-13 00:05:00,77.23,77.57,77.21,77.54,1962.393
1783901400000,2026-07-13 00:10:00,77.51,78.13,77.51,78.0,3610.619
1783901700000,2026-07-13 00:15:00,78.0,78.09,77.93,77.93,1458.493
1783902000000,2026-07-13 00:20:00,77.95,78.0,77.8,77.8,1139.247
1783902300000,2026-07-13 00:25:00,77.8,77.81,77.7,77.73,2418.75
1783902600000,2026-07-13 00:30:00,77.71,77.77,77.51,77.51,2098.746
1783902900000,2026-07-13 00:35:00,77.51,77.57,77.19,77.19,2723.951
1783903200000,2026-07-13 00:40:00,77.19,77.19,76.98,77.15,1697.071
1783903500000,2026-07-13 00:45:00,77.18,77.6,77.18,77.42,3107.901
1783903800000,2026-07-13 00:50:00,77.41,77.49,77.34,77.46,1054.284
1783904100000,2026-07-13 00:55:00,77.44,77.59,77.44,77.54,1104.464
1783904400000,2026-07-13 01:00:00,77.54,77.64,77.4,77.43,1980.635
1783904700000,2026-07-13 01:05:00,77.42,77.47,77.16,77.16,1056.974
1783905000000,2026-07-13 01:10:00,77.15,77.32,77.02,77.3,791.47
1783905300000,2026-07-13 01:15:00,77.31,77.5,77.12,77.15,1887.654
1783905600000,2026-07-13 01:20:00,77.16,77.27,77.1,77.12,925.019
1783905900000,2026-07-13 01:25:00,77.12,77.15,77.01,77.04,1209.127
1783906200000,2026-07-13 01:30:00,77.05,77.07,76.85,76.87,2178.973
1783906500000,2026-07-13 01:35:00,76.87,77.0,76.83,76.99,1677.014
1783906800000,2026-07-13 01:40:00,77.02,77.12,76.99,77.01,541.29
1783907100000,2026-07-13 01:45:00,76.99,77.0,76.76,76.79,1548.656
1783907400000,2026-07-13 01:50:00,76.77,76.8,76.59,76.59,1137.202
1783907700000,2026-07-13 01:55:00,76.62,76.62,76.31,76.36,1612.45
1783908000000,2026-07-13 02:00:00,76.31,76.45,76.17,76.33,1648.902
1783908300000,2026-07-13 02:05:00,76.33,76.45,76.21,76.29,1729.965
1783908600000,2026-07-13 02:10:00,76.3,76.45,76.16,76.45,1022.881
1783908900000,2026-07-13 02:15:00,76.46,76.56,76.37,76.52,1586.845
1783909200000,2026-07-13 02:20:00,76.54,76.63,76.45,76.46,816.994
1783909500000,2026-07-13 02:25:00,76.46,76.61,76.45,76.59,820.895
1783909800000,2026-07-13 02:30:00,76.58,76.62,76.51,76.58,444.627
1783910100000,2026-07-13 02:35:00,76.63,76.67,76.54,76.54,571.968
1783910400000,2026-07-13 02:40:00,76.51,76.61,76.42,76.59,578.063
1783910700000,2026-07-13 02:45:00,76.59,76.6,76.47,76.55,515.005
1783911000000,2026-07-13 02:50:00,76.58,76.64,76.53,76.54,349.128
1783911300000,2026-07-13 02:55:00,76.56,76.62,76.44,76.5,985.318
1783911600000,2026-07-13 03:00:00,76.48,76.49,76.32,76.32,1140.348
1783911900000,2026-07-13 03:05:00,76.3,76.32,75.92,75.92,1723.019
1783912200000,2026-07-13 03:10:00,75.91,75.95,75.78,75.95,1558.744
1783912500000,2026-07-13 03:15:00,75.94,76.07,75.69,75.77,2502.004
1783912800000,2026-07-13 03:20:00,75.78,75.88,75.68,75.88,950.501
1783913100000,2026-07-13 03:25:00,75.88,76.11,75.88,76.1,935.242
1783913400000,2026-07-13 03:30:00,76.08,76.08,75.49,75.49,1270.012
1783913700000,2026-07-13 03:35:00,75.49,75.77,75.47,75.77,496.673
1783914000000,2026-07-13 03:40:00,75.81,75.82,75.72,75.72,503.044
1783914300000,2026-07-13 03:45:00,75.72,75.87,75.71,75.85,1211.026
1783914600000,2026-07-13 03:50:00,75.86,75.91,75.8,75.87,730.86
1783914900000,2026-07-13 03:55:00,75.87,75.91,75.83,75.84,479.871
1783915200000,2026-07-13 04:00:00,75.86,75.89,75.79,75.83,1467.671
1783915500000,2026-07-13 04:05:00,75.8,75.9,75.73,75.9,617.458
1783915800000,2026-07-13 04:10:00,75.89,75.97,75.89,75.95,1091.564
1783916100000,2026-07-13 04:15:00,75.94,76.05,75.94,76.04,440.901
1783916400000,2026-07-13 04:20:00,76.06,76.13,76.06,76.08,829.277
1783916700000,2026-07-13 04:25:00,76.07,76.1,76.06,76.09,324.262
1783917000000,2026-07-13 04:30:00,76.11,76.12,75.94,75.98,2540.622
1783917300000,2026-07-13 04:35:00,75.95,76.03,75.93,76.01,633.913
1783917600000,2026-07-13 04:40:00,76.02,76.03,75.93,75.96,529.862
1783917900000,2026-07-13 04:45:00,75.96,76.09,75.96,76.08,304.918
1783918200000,2026-07-13 04:50:00,76.08,76.12,76.06,76.06,594.683
1783918500000,2026-07-13 04:55:00,76.07,76.09,75.93,75.94,385.468
1783918800000,2026-07-13 05:00:00,75.94,76.16,75.81,76.16,1525.937
1783919100000,2026-07-13 05:05:00,76.13,76.35,76.13,76.33,609.442
1783919400000,2026-07-13 05:10:00,76.32,76.39,76.3,76.3,851.748
1783919700000,2026-07-13 05:15:00,76.3,76.42,76.25,76.37,662.931
1783920000000,2026-07-13 05:20:00,76.37,76.39,76.13,76.19,1325.097
1783920300000,2026-07-13 05:25:00,76.18,76.19,76.1,76.12,191.295
1783920600000,2026-07-13 05:30:00,76.13,76.3,75.98,76.29,1277.558
1783920900000,2026-07-13 05:35:00,76.29,76.44,76.29,76.41,676.574
1783921200000,2026-07-13 05:40:00,76.42,76.46,76.33,76.4,4610.101
1783921500000,2026-07-13 05:45:00,76.4,76.41,76.31,76.34,232.213
1783921800000,2026-07-13 05:50:00,76.35,76.41,76.34,76.37,84.684
1783922100000,2026-07-13 05:55:00,76.38,76.41,76.33,76.38,445.383
1783922400000,2026-07-13 06:00:00,76.38,76.56,76.38,76.45,833.698
1783922700000,2026-07-13 06:05:00,76.47,76.5,76.42,76.47,81.859
1783923000000,2026-07-13 06:10:00,76.48,76.49,76.33,76.33,435.553
1783923300000,2026-07-13 06:15:00,76.31,76.38,76.31,76.36,831.116
1783923600000,2026-07-13 06:20:00,76.35,76.38,76.28,76.33,432.785
1783923900000,2026-07-13 06:25:00,76.35,76.49,76.32,76.48,738.783
1783924200000,2026-07-13 06:30:00,76.51,76.58,76.32,76.38,2041.899
1783924500000,2026-07-13 06:35:00,76.37,76.47,76.37,76.47,574.392
1783924800000,2026-07-13 06:40:00,76.48,76.51,76.44,76.51,55.28
1783925100000,2026-07-13 06:45:00,76.52,76.54,76.43,76.47,1407.828
1783925400000,2026-07-13 06:50:00,76.47,76.47,76.36,76.39,566.973
1783925700000,2026-07-13 06:55:00,76.39,76.39,76.31,76.35,218.677
1783926000000,2026-07-13 07:00:00,76.35,76.39,76.23,76.33,1123.859
1783926300000,2026-07-13 07:05:00,76.33,76.53,76.31,76.53,219.536
1783926600000,2026-07-13 07:10:00,76.49,76.51,76.46,76.47,508.57
1783926900000,2026-07-13 07:15:00,76.47,76.51,76.38,76.38,441.785
1783927200000,2026-07-13 07:20:00,76.37,76.55,76.34,76.55,851.563
1783927500000,2026-07-13 07:25:00,76.56,76.65,76.55,76.62,971.248
1783927800000,2026-07-13 07:30:00,76.62,76.67,76.55,76.67,496.817
1783928100000,2026-07-13 07:35:00,76.66,76.68,76.61,76.62,486.221
1783928400000,2026-07-13 07:40:00,76.61,76.61,76.48,76.48,455.575
1783928700000,2026-07-13 07:45:00,76.46,76.49,76.41,76.45,416.019
1783929000000,2026-07-13 07:50:00,76.43,76.44,76.39,76.4,339.209
1783929300000,2026-07-13 07:55:00,76.42,76.49,76.41,76.45,671.825
1783929600000,2026-07-13 08:00:00,76.44,76.55,76.4,76.52,1551.979
1783929900000,2026-07-13 08:05:00,76.53,76.53,76.39,76.43,1638.85
1783930200000,2026-07-13 08:10:00,76.42,76.51,76.4,76.51,1330.99
1783930500000,2026-07-13 08:15:00,76.51,76.56,76.42,76.43,757.195
1783930800000,2026-07-13 08:20:00,76.44,76.46,76.41,76.41,113.754
1783931100000,2026-07-13 08:25:00,76.43,76.54,76.43,76.47,506.8
1783931400000,2026-07-13 08:30:00,76.47,76.54,76.47,76.49,465.956
1783931700000,2026-07-13 08:35:00,76.49,76.49,76.36,76.46,500.44
1783932000000,2026-07-13 08:40:00,76.46,76.64,76.46,76.64,536.26
1783932300000,2026-07-13 08:45:00,76.68,76.74,76.63,76.74,705.318
1783932600000,2026-07-13 08:50:00,76.74,76.89,76.71,76.71,1114.836
1783932900000,2026-07-13 08:55:00,76.71,76.74,76.68,76.73,898.748
1783933200000,2026-07-13 09:00:00,76.74,76.74,76.65,76.67,678.793
1783933500000,2026-07-13 09:05:00,76.67,76.71,76.65,76.65,291.381
1783933800000,2026-07-13 09:10:00,76.69,76.73,76.68,76.68,389.526
1783934100000,2026-07-13 09:15:00,76.71,76.71,76.63,76.63,559.405
1783934400000,2026-07-13 09:20:00,76.63,76.68,76.6,76.68,410.103
1783934700000,2026-07-13 09:25:00,76.66,76.66,76.63,76.63,20.085
1783935000000,2026-07-13 09:30:00,76.66,76.67,76.63,76.65,238.524
1783935300000,2026-07-13 09:35:00,76.65,76.73,76.64,76.68,182.535
1783935600000,2026-07-13 09:40:00,76.69,76.7,76.65,76.7,41.793
1783935900000,2026-07-13 09:45:00,76.7,76.71,76.64,76.67,60.839
1783936200000,2026-07-13 09:50:00,76.67,76.69,76.64,76.66,39.779
1783936500000,2026-07-13 09:55:00,76.65,76.66,76.62,76.63,74.994
1783936800000,2026-07-13 10:00:00,76.63,76.63,76.43,76.43,1006.322
1783937100000,2026-07-13 10:05:00,76.43,76.45,76.34,76.35,204.345
1783937400000,2026-07-13 10:10:00,76.34,76.34,76.25,76.26,281.655
1783937700000,2026-07-13 10:15:00,76.26,76.34,76.2,76.34,1302.969
1783938000000,2026-07-13 10:20:00,76.37,76.45,76.31,76.32,957.669
1783938300000,2026-07-13 10:25:00,76.31,76.32,76.26,76.31,70.872
1783938600000,2026-07-13 10:30:00,76.31,76.4,76.31,76.32,344.659
1783938900000,2026-07-13 10:35:00,76.32,76.38,76.32,76.37,52.747
1783939200000,2026-07-13 10:40:00,76.38,76.4,76.18,76.19,947.109
1783939500000,2026-07-13 10:45:00,76.17,76.24,76.12,76.23,902.818
1783939800000,2026-07-13 10:50:00,76.22,76.33,76.18,76.33,441.21
1783940100000,2026-07-13 10:55:00,76.33,76.33,76.24,76.26,616.262
1783940400000,2026-07-13 11:00:00,76.27,76.41,76.27,76.37,739.548
1783940700000,2026-07-13 11:05:00,76.37,76.58,76.37,76.49,1492.77
1783941000000,2026-07-13 11:10:00,76.5,76.5,76.41,76.43,343.933
1783941300000,2026-07-13 11:15:00,76.43,76.46,76.32,76.35,634.232
1783941600000,2026-07-13 11:20:00,76.35,76.48,76.35,76.41,343.577
1783941900000,2026-07-13 11:25:00,76.4,76.5,76.4,76.5,164.386
1783942200000,2026-07-13 11:30:00,76.45,76.45,76.33,76.4,777.746
1783942500000,2026-07-13 11:35:00,76.41,76.47,76.39,76.45,109.413
1783942800000,2026-07-13 11:40:00,76.46,76.47,76.4,76.4,517.643
1783943100000,2026-07-13 11:45:00,76.4,76.48,76.4,76.48,64.042
1783943400000,2026-07-13 11:50:00,76.52,76.53,76.38,76.38,414.578
1783943700000,2026-07-13 11:55:00,76.38,76.39,76.34,76.34,121.529
1783944000000,2026-07-13 12:00:00,76.36,76.4,76.25,76.25,1222.602
1783944300000,2026-07-13 12:05:00,76.24,76.25,76.02,76.06,1183.541
1783944600000,2026-07-13 12:10:00,76.08,76.15,76.05,76.09,1544.474
1783944900000,2026-07-13 12:15:00,76.09,76.18,76.08,76.16,447.311
1783945200000,2026-07-13 12:20:00,76.16,76.16,76.01,76.07,1237.214
1783945500000,2026-07-13 12:25:00,76.08,76.16,75.97,75.97,277.248
1783945800000,2026-07-13 12:30:00,75.97,76.03,75.95,75.96,914.338
1783946100000,2026-07-13 12:35:00,75.95,75.96,75.76,75.76,555.847
1783946400000,2026-07-13 12:40:00,75.76,75.87,75.75,75.82,303.674
1783946700000,2026-07-13 12:45:00,75.82,75.92,75.82,75.89,486.28
1783947000000,2026-07-13 12:50:00,75.9,75.91,75.8,75.8,738.733
1783947300000,2026-07-13 12:55:00,75.82,75.85,75.82,75.85,266.282
1783947600000,2026-07-13 13:00:00,75.85,75.88,75.78,75.83,673.692
1783947900000,2026-07-13 13:05:00,75.81,75.93,75.81,75.83,572.642
1783948200000,2026-07-13 13:10:00,75.84,75.85,75.69,75.69,530.078
1783948500000,2026-07-13 13:15:00,75.68,75.69,75.62,75.62,603.65
1783948800000,2026-07-13 13:20:00,75.62,75.65,75.51,75.65,433.386
1783949100000,2026-07-13 13:25:00,75.65,75.7,75.6,75.65,1118.186
1783949400000,2026-07-13 13:30:00,75.64,75.83,75.57,75.81,1254.865
1783949700000,2026-07-13 13:35:00,75.82,75.83,75.64,75.7,656.034
1783950000000,2026-07-13 13:40:00,75.64,75.71,75.23,75.35,3060.614
1783950300000,2026-07-13 13:45:00,75.34,75.35,75.16,75.29,2051.134
1783950600000,2026-07-13 13:50:00,75.29,75.32,75.14,75.29,1145.864
1783950900000,2026-07-13 13:55:00,75.29,75.44,75.28,75.39,1159.994
1783951200000,2026-07-13 14:00:00,75.4,75.66,75.37,75.58,2410.382
1783951500000,2026-07-13 14:05:00,75.57,75.63,75.5,75.62,1037.21
1783951800000,2026-07-13 14:10:00,75.59,75.77,75.59,75.77,391.124
1783952100000,2026-07-13 14:15:00,75.8,75.98,75.51,75.98,3484.707
1783952400000,2026-07-13 14:20:00,75.97,76.04,75.76,75.91,2253.969
1783952700000,2026-07-13 14:25:00,75.91,76.11,75.89,75.89,1295.337
1783953000000,2026-07-13 14:30:00,75.86,75.94,75.8,75.84,1660.412
1783953300000,2026-07-13 14:35:00,75.85,76.08,75.69,76.05,1502.446
1783953600000,2026-07-13 14:40:00,76.04,76.04,75.92,75.99,565.059
1783953900000,2026-07-13 14:45:00,75.98,76.11,75.97,76.08,947.565
1783954200000,2026-07-13 14:50:00,76.1,76.13,75.99,76.03,1066.184
1783954500000,2026-07-13 14:55:00,76.03,76.18,76.03,76.15,732.082
1783954800000,2026-07-13 15:00:00,76.15,76.26,75.98,75.98,687.344
1783955100000,2026-07-13 15:05:00,75.98,76.07,75.98,76.05,232.535
1783955400000,2026-07-13 15:10:00,76.08,76.14,75.98,76.02,455.174
1783955700000,2026-07-13 15:15:00,76.02,76.3,76.01,76.22,706.946
1783956000000,2026-07-13 15:20:00,76.22,76.3,76.1,76.3,1218.617
1783956300000,2026-07-13 15:25:00,76.28,76.28,76.14,76.18,694.975
1783956600000,2026-07-13 15:30:00,76.17,76.23,76.02,76.02,637.553
1783956900000,2026-07-13 15:35:00,76.02,76.03,75.88,75.9,596.303
1783957200000,2026-07-13 15:40:00,75.91,75.92,75.77,75.82,399.848
1783957500000,2026-07-13 15:45:00,75.83,75.92,75.79,75.92,1127.168
1783957800000,2026-07-13 15:50:00,75.91,75.92,75.76,75.82,594.344
1783958100000,2026-07-13 15:55:00,75.82,75.82,75.77,75.82,127.235
1783958400000,2026-07-13 16:00:00,75.82,75.99,75.77,75.95,639.187
1783958700000,2026-07-13 16:05:00,75.95,75.95,75.8,75.84,640.425
1783959000000,2026-07-13 16:10:00,75.85,75.94,75.85,75.87,510.211
1783959300000,2026-07-13 16:15:00,75.86,75.87,75.61,75.61,985.064
1783959600000,2026-07-13 16:20:00,75.61,75.61,75.52,75.52,226.347
1783959900000,2026-07-13 16:25:00,75.51,75.52,75.46,75.5,715.094
1783960200000,2026-07-13 16:30:00,75.49,75.5,75.37,75.39,1088.119
1783960500000,2026-07-13 16:35:00,75.39,75.39,75.28,75.29,503.233
1783960800000,2026-07-13 16:40:00,75.3,75.44,75.3,75.44,884.201
1783961100000,2026-07-13 16:45:00,75.44,75.52,75.39,75.41,825.958
1783961400000,2026-07-13 16:50:00,75.4,75.4,75.25,75.31,590.029
1783961700000,2026-07-13 16:55:00,75.29,75.3,75.21,75.29,407.13
1783962000000,2026-07-13 17:00:00,75.29,75.41,75.29,75.33,636.41
1783962300000,2026-07-13 17:05:00,75.27,75.36,75.22,75.33,827.621
1783962600000,2026-07-13 17:10:00,75.34,75.44,75.34,75.4,210.829
1783962900000,2026-07-13 17:15:00,75.39,75.42,75.3,75.4,535.061
1783963200000,2026-07-13 17:20:00,75.39,75.42,75.33,75.33,590.545
1783963500000,2026-07-13 17:25:00,75.3,75.35,75.3,75.33,134.059
1783963800000,2026-07-13 17:30:00,75.32,75.36,75.26,75.27,341.006
1783964100000,2026-07-13 17:35:00,75.28,75.29,74.74,75.1,1783.991
1783964400000,2026-07-13 17:40:00,75.1,75.11,75.05,75.11,407.391
1783964700000,2026-07-13 17:45:00,75.1,75.15,74.96,74.99,1008.072
1783965000000,2026-07-13 17:50:00,74.94,74.95,74.8,74.84,900.038
1783965300000,2026-07-13 17:55:00,74.84,74.87,74.57,74.57,714.471
1783965600000,2026-07-13 18:00:00,74.62,74.79,74.62,74.79,1245.712
1783965900000,2026-07-13 18:05:00,74.78,74.86,74.75,74.75,458.419
1783966200000,2026-07-13 18:10:00,74.75,74.8,74.6,74.72,1170.391
1783966500000,2026-07-13 18:15:00,74.73,74.79,74.58,74.58,576.234
1783966800000,2026-07-13 18:20:00,74.58,74.88,74.57,74.87,1407.534
1783967100000,2026-07-13 18:25:00,74.88,74.95,74.86,74.95,524.512
1783967400000,2026-07-13 18:30:00,74.94,74.94,74.79,74.79,672.121
1783967700000,2026-07-13 18:35:00,74.78,74.9,74.77,74.84,715.439
1783968000000,2026-07-13 18:40:00,74.84,74.89,74.82,74.87,329.803
1783968300000,2026-07-13 18:45:00,74.88,74.96,74.87,74.93,1021.1
1783968600000,2026-07-13 18:50:00,74.92,75.04,74.88,74.93,826.715
1783968900000,2026-07-13 18:55:00,74.92,74.93,74.86,74.87,388.382
1783969200000,2026-07-13 19:00:00,74.86,74.91,74.82,74.83,423.838
1783969500000,2026-07-13 19:05:00,74.82,74.9,74.8,74.89,418.599
1783969800000,2026-07-13 19:10:00,74.87,74.9,74.85,74.86,193.975
1783970100000,2026-07-13 19:15:00,74.88,74.93,74.84,74.84,314.29
1783970400000,2026-07-13 19:20:00,74.84,74.88,74.78,74.88,972.1
1783970700000,2026-07-13 19:25:00,74.88,74.89,74.76,74.76,302.343
1783971000000,2026-07-13 19:30:00,74.78,75.04,74.77,75.03,803.354
1783971300000,2026-07-13 19:35:00,75.02,75.03,74.91,74.92,631.734
1783971600000,2026-07-13 19:40:00,74.93,75.04,74.92,75.04,160.168
1783971900000,2026-07-13 19:45:00,75.05,75.05,74.93,74.96,185.095
1783972200000,2026-07-13 19:50:00,74.99,75.1,74.99,75.07,582.576
1783972500000,2026-07-13 19:55:00,75.06,75.23,75.06,75.23,641.853
1783972800000,2026-07-13 20:00:00,75.19,75.27,75.14,75.27,1355.834
1783973100000,2026-07-13 20:05:00,75.28,75.33,75.19,75.19,767.23
1783973400000,2026-07-13 20:10:00,75.17,75.18,75.1,75.1,76.18
1783973700000,2026-07-13 20:15:00,75.11,75.12,74.93,74.95,544.25
1783974000000,2026-07-13 20:20:00,74.93,74.98,74.81,74.97,432.342
1783974300000,2026-07-13 20:25:00,74.98,75.01,74.97,74.99,161.62
1783974600000,2026-07-13 20:30:00,74.96,75.0,74.91,74.94,338.925
1783974900000,2026-07-13 20:35:00,74.94,74.96,74.83,74.89,487.183
1783975200000,2026-07-13 20:40:00,74.88,74.89,74.76,74.77,880.376
1783975500000,2026-07-13 20:45:00,74.75,74.76,74.68,74.69,340.453
1783975800000,2026-07-13 20:50:00,74.68,74.78,74.63,74.78,190.456
1783976100000,2026-07-13 20:55:00,74.77,74.8,74.75,74.77,41.222
1783976400000,2026-07-13 21:00:00,74.79,74.81,74.71,74.73,1531.096
1783976700000,2026-07-13 21:05:00,74.71,74.73,74.69,74.69,3171.676
1783977000000,2026-07-13 21:10:00,74.69,74.72,74.58,74.58,7307.779
1783977300000,2026-07-13 21:15:00,74.58,74.6,74.58,74.58,34.998
1783977600000,2026-07-13 21:20:00,74.58,74.6,74.58,74.6,33.178
1783977900000,2026-07-13 21:25:00,74.58,74.73,74.41,74.5,59.79
1783978200000,2026-07-13 21:30:00,74.5,74.53,74.41,74.41,740.112
1783978500000,2026-07-13 21:35:00,74.41,74.42,74.24,74.28,1799.49
1783978800000,2026-07-13 21:40:00,74.28,74.3,74.19,74.29,1094.134
1783979100000,2026-07-13 21:45:00,74.29,74.36,74.26,74.35,1042.159
1783979400000,2026-07-13 21:50:00,74.33,74.38,74.28,74.38,371.544
1783979700000,2026-07-13 21:55:00,74.37,74.47,74.37,74.42,650.471
1783980000000,2026-07-13 22:00:00,74.41,74.63,74.41,74.55,844.052
1783980300000,2026-07-13 22:05:00,74.54,74.62,74.54,74.61,474.275
1783980600000,2026-07-13 22:10:00,74.59,74.64,74.57,74.62,101.947
1783980900000,2026-07-13 22:15:00,74.61,74.7,74.6,74.69,324.782
1783981200000,2026-07-13 22:20:00,74.68,74.73,74.62,74.62,407.032
1783981500000,2026-07-13 22:25:00,74.62,74.67,74.62,74.65,834.921
1783981800000,2026-07-13 22:30:00,74.64,74.7,74.51,74.59,844.355
1783982100000,2026-07-13 22:35:00,74.59,74.63,74.57,74.57,288.137
1783982400000,2026-07-13 22:40:00,74.56,74.63,74.55,74.63,236.316
1783982700000,2026-07-13 22:45:00,74.62,74.67,74.61,74.61,91.1
1783983000000,2026-07-13 22:50:00,74.6,74.61,74.54,74.55,236.641
1783983300000,2026-07-13 22:55:00,74.55,74.55,74.46,74.51,275.741
1783983600000,2026-07-13 23:00:00,74.51,74.52,74.42,74.44,607.25
1783983900000,2026-07-13 23:05:00,74.44,74.53,74.41,74.44,446.597
1783984200000,2026-07-13 23:10:00,74.47,74.57,74.47,74.56,172.672
1783984500000,2026-07-13 23:15:00,74.55,74.72,74.55,74.7,377.717
1783984800000,2026-07-13 23:20:00,74.71,74.8,74.7,74.79,276.818
1783985100000,2026-07-13 23:25:00,74.78,74.86,74.73,74.73,474.471
1783985400000,2026-07-13 23:30:00,74.74,74.81,74.71,74.8,1959.736
1783985700000,2026-07-13 23:35:00,74.8,74.83,74.71,74.76,274.922
1783986000000,2026-07-13 23:40:00,74.76,74.76,74.68,74.68,134.424
1783986300000,2026-07-13 23:45:00,74.66,74.92,74.65,74.86,746.521
1783986600000,2026-07-13 23:50:00,74.85,74.97,74.84,74.95,808.742
1783986900000,2026-07-13 23:55:00,74.93,75.01,74.91,75.01,584.708
1783987200000,2026-07-14 00:00:00,75.03,75.04,74.89,74.89,1302.468
1783987500000,2026-07-14 00:05:00,74.9,74.99,74.84,74.97,854.408
1783987800000,2026-07-14 00:10:00,75.03,75.2,75.02,75.15,1297.053
1783988100000,2026-07-14 00:15:00,75.14,75.18,75.04,75.14,570.692
1783988400000,2026-07-14 00:20:00,75.14,75.22,75.05,75.18,995.307
1783988700000,2026-07-14 00:25:00,75.18,75.19,75.07,75.17,1324.338
1783989000000,2026-07-14 00:30:00,75.23,75.23,75.14,75.19,987.205
1783989300000,2026-07-14 00:35:00,75.19,75.25,75.1,75.1,910.227
1783989600000,2026-07-14 00:40:00,75.1,75.16,75.01,75.03,349.721
1783989900000,2026-07-14 00:45:00,75.04,75.14,75.04,75.12,581.081
1783990200000,2026-07-14 00:50:00,75.15,75.31,75.15,75.31,978.737
1783990500000,2026-07-14 00:55:00,75.3,75.47,75.3,75.44,1309.183
1783990800000,2026-07-14 01:00:00,75.45,75.45,75.36,75.4,563.927
1783991100000,2026-07-14 01:05:00,75.39,75.39,75.34,75.34,192.025
1783991400000,2026-07-14 01:10:00,75.34,75.36,75.33,75.35,9.218
1783991700000,2026-07-14 01:15:00,75.35,75.48,75.34,75.48,603.737
1783992000000,2026-07-14 01:20:00,75.48,75.51,75.41,75.51,1150.921
1783992300000,2026-07-14 01:25:00,75.52,75.55,75.3,75.33,2287.306
1783992600000,2026-07-14 01:30:00,75.32,75.33,75.24,75.26,379.98
1783992900000,2026-07-14 01:35:00,75.24,75.29,75.22,75.28,198.875
1783993200000,2026-07-14 01:40:00,75.28,75.3,75.22,75.27,25.467
1783993500000,2026-07-14 01:45:00,75.27,75.34,75.26,75.34,38.749
1783993800000,2026-07-14 01:50:00,75.34,75.39,75.28,75.34,397.467
1783994100000,2026-07-14 01:55:00,75.33,75.33,75.28,75.31,75.063
1783994400000,2026-07-14 02:00:00,75.31,75.31,75.18,75.27,232.178
1783994700000,2026-07-14 02:05:00,75.28,75.33,75.27,75.3,267.08
1783995000000,2026-07-14 02:10:00,75.29,75.29,75.16,75.16,244.326
1783995300000,2026-07-14 02:15:00,75.17,75.18,75.03,75.09,796.15
1783995600000,2026-07-14 02:20:00,75.09,75.1,75.04,75.04,117.166
1783995900000,2026-07-14 02:25:00,75.02,75.03,74.88,74.91,1457.783
1783996200000,2026-07-14 02:30:00,74.92,75.0,74.89,74.92,424.713
1783996500000,2026-07-14 02:35:00,74.92,75.1,74.91,75.1,116.005
1783996800000,2026-07-14 02:40:00,75.1,75.21,75.1,75.2,237.378
1783997100000,2026-07-14 02:45:00,75.21,75.28,75.2,75.24,144.267
1783997400000,2026-07-14 02:50:00,75.24,75.25,75.05,75.05,354.77
1783997700000,2026-07-14 02:55:00,75.05,75.09,75.04,75.09,280.597
1783998000000,2026-07-14 03:00:00,75.06,75.14,75.0,75.0,857.919
1783998300000,2026-07-14 03:05:00,75.0,75.02,74.9,74.9,854.41
1783998600000,2026-07-14 03:10:00,74.9,74.9,74.67,74.72,1194.553
1783998900000,2026-07-14 03:15:00,74.72,74.8,74.69,74.72,656.33
1783999200000,2026-07-14 03:20:00,74.72,74.74,74.57,74.6,798.567
1783999500000,2026-07-14 03:25:00,74.59,74.8,74.59,74.8,289.005
1783999800000,2026-07-14 03:30:00,74.82,74.89,74.8,74.83,341.944
1784000100000,2026-07-14 03:35:00,74.84,75.04,74.84,75.01,277.604
1784000400000,2026-07-14 03:40:00,75.01,75.01,74.88,74.95,294.034
1784000700000,2026-07-14 03:45:00,74.98,75.09,74.97,75.05,335.313
1784001000000,2026-07-14 03:50:00,75.05,75.1,75.03,75.09,120.003
1784001300000,2026-07-14 03:55:00,75.11,75.17,75.07,75.16,221.862
1784001600000,2026-07-14 04:00:00,75.16,75.32,75.16,75.29,596.411
1784001900000,2026-07-14 04:05:00,75.29,75.34,75.17,75.17,403.062
1784002200000,2026-07-14 04:10:00,75.17,75.18,75.09,75.13,343.738
1784002500000,2026-07-14 04:15:00,75.12,75.14,75.05,75.09,167.076
1784002800000,2026-07-14 04:20:00,75.1,75.23,75.1,75.12,338.731
1784003100000,2026-07-14 04:25:00,75.14,75.2,75.14,75.17,22.796
1784003400000,2026-07-14 04:30:00,75.16,75.3,75.12,75.23,885.733
1784003700000,2026-07-14 04:35:00,75.24,75.32,75.22,75.29,272.272
1784004000000,2026-07-14 04:40:00,75.3,75.3,75.18,75.18,324.041
1784004300000,2026-07-14 04:45:00,75.16,75.18,75.11,75.12,62.161
1784004600000,2026-07-14 04:50:00,75.12,75.19,75.09,75.18,264.379
1784004900000,2026-07-14 04:55:00,75.18,75.21,75.1,75.15,507.272
1784005200000,2026-07-14 05:00:00,75.16,75.2,75.11,75.2,185.561
1784005500000,2026-07-14 05:05:00,75.21,75.43,75.19,75.43,677.359
1784005800000,2026-07-14 05:10:00,75.43,75.43,75.33,75.4,386.099
1784006100000,2026-07-14 05:15:00,75.39,75.39,75.27,75.31,275.085
1784006400000,2026-07-14 05:20:00,75.31,75.43,75.3,75.42,398.677
1784006700000,2026-07-14 05:25:00,75.42,75.47,75.42,75.42,173.36
1784007000000,2026-07-14 05:30:00,75.41,75.47,75.41,75.43,191.245
1784007300000,2026-07-14 05:35:00,75.42,75.42,75.34,75.34,208.328
1784007600000,2026-07-14 05:40:00,75.35,75.4,75.27,75.4,473.067
1784007900000,2026-07-14 05:45:00,75.4,75.41,75.34,75.4,122.586
1784008200000,2026-07-14 05:50:00,75.41,75.41,75.35,75.4,38.902
1784008500000,2026-07-14 05:55:00,75.4,75.42,75.38,75.38,149.596
1784008800000,2026-07-14 06:00:00,75.38,75.44,75.34,75.34,190.149
1784009100000,2026-07-14 06:05:00,75.35,75.38,75.19,75.21,1208.754
1784009400000,2026-07-14 06:10:00,75.21,75.32,75.2,75.26,363.409
1784009700000,2026-07-14 06:15:00,75.26,75.28,75.23,75.27,106.469
1784010000000,2026-07-14 06:20:00,75.27,75.32,75.26,75.3,51.865
1784010300000,2026-07-14 06:25:00,75.31,75.31,75.2,75.21,303.491
1784010600000,2026-07-14 06:30:00,75.21,75.29,75.21,75.26,494.603
1784010900000,2026-07-14 06:35:00,75.25,75.33,75.22,75.22,200.59
1784011200000,2026-07-14 06:40:00,75.2,75.27,75.15,75.27,220.668
1784011500000,2026-07-14 06:45:00,75.27,75.27,75.21,75.21,94.177
1784011800000,2026-07-14 06:50:00,75.21,75.22,75.14,75.14,132.469
1784012100000,2026-07-14 06:55:00,75.14,75.16,75.1,75.16,215.823
1784012400000,2026-07-14 07:00:00,75.15,75.17,75.08,75.14,172.899
1784012700000,2026-07-14 07:05:00,75.13,75.15,75.08,75.12,310.5
1784013000000,2026-07-14 07:10:00,75.12,75.13,75.01,75.04,711.816
1784013300000,2026-07-14 07:15:00,75.03,75.1,75.02,75.1,72.295
1784013600000,2026-07-14 07:20:00,75.1,75.13,75.03,75.11,106.878
1784013900000,2026-07-14 07:25:00,75.13,75.25,75.13,75.22,352.748
1784014200000,2026-07-14 07:30:00,75.23,75.23,75.11,75.19,435.914
1784014500000,2026-07-14 07:35:00,75.19,75.2,75.06,75.09,109.392
1784014800000,2026-07-14 07:40:00,75.07,75.1,75.02,75.04,223.171
1784015100000,2026-07-14 07:45:00,75.04,75.05,74.91,74.98,517.521
1784015400000,2026-07-14 07:50:00,74.99,75.04,74.98,75.01,276.601
1784015700000,2026-07-14 07:55:00,75.02,75.03,74.93,74.97,181.765
1784016000000,2026-07-14 08:00:00,74.95,75.01,74.89,75.0,786.04
1784016300000,2026-07-14 08:05:00,75.01,75.01,74.92,74.94,241.083
1784016600000,2026-07-14 08:10:00,74.93,75.05,74.92,75.04,141.653
1784016900000,2026-07-14 08:15:00,75.06,75.16,75.05,75.16,275.882
1784017200000,2026-07-14 08:20:00,75.16,75.17,75.13,75.14,195.368
1784017500000,2026-07-14 08:25:00,75.13,75.36,75.13,75.33,615.916
1784017800000,2026-07-14 08:30:00,75.34,75.34,75.25,75.3,637.222
1784018100000,2026-07-14 08:35:00,75.27,75.38,75.26,75.38,625.936
1784018400000,2026-07-14 08:40:00,75.38,75.39,75.33,75.34,50.9
1784018700000,2026-07-14 08:45:00,75.33,75.34,75.22,75.23,624.052
1784019000000,2026-07-14 08:50:00,75.23,75.23,75.14,75.17,179.482
1784019300000,2026-07-14 08:55:00,75.16,75.19,75.14,75.17,66.466
1784019600000,2026-07-14 09:00:00,75.17,75.24,75.16,75.23,221.29
1784019900000,2026-07-14 09:05:00,75.24,75.27,75.18,75.23,118.24
1784020200000,2026-07-14 09:10:00,75.23,75.25,75.17,75.24,108.208
1784020500000,2026-07-14 09:15:00,75.23,75.31,75.17,75.2,414.879
1784020800000,2026-07-14 09:20:00,75.2,75.24,75.14,75.17,401.063
1784021100000,2026-07-14 09:25:00,75.17,75.18,75.11,75.12,50.857
1784021400000,2026-07-14 09:30:00,75.11,75.16,75.01,75.01,388.161
1784021700000,2026-07-14 09:35:00,75.02,75.02,74.88,74.97,930.446
1784022000000,2026-07-14 09:40:00,74.96,75.03,74.96,75.03,106.759
1784022300000,2026-07-14 09:45:00,75.02,75.15,74.96,75.1,809.939
1784022600000,2026-07-14 09:50:00,75.11,75.11,75.02,75.06,142.853
1784022900000,2026-07-14 09:55:00,75.07,75.08,75.03,75.08,110.154
1784023200000,2026-07-14 10:00:00,75.09,75.15,75.07,75.15,171.704
1784023500000,2026-07-14 10:05:00,75.14,75.28,75.14,75.2,514.599
1784023800000,2026-07-14 10:10:00,75.22,75.23,75.21,75.23,362.446
1784024100000,2026-07-14 10:15:00,75.23,75.27,75.18,75.19,499.679
1784024400000,2026-07-14 10:20:00,75.18,75.19,75.12,75.18,810.861
1784024700000,2026-07-14 10:25:00,75.19,75.19,75.06,75.1,290.798
1784025000000,2026-07-14 10:30:00,75.1,75.11,74.98,75.02,604.352
1784025300000,2026-07-14 10:35:00,75.02,75.22,75.02,75.2,964.646
1784025600000,2026-07-14 10:40:00,75.22,75.3,75.21,75.25,281.714
1784025900000,2026-07-14 10:45:00,75.27,75.38,75.25,75.37,350.075
1784026200000,2026-07-14 10:50:00,75.38,75.45,75.37,75.45,377.294
1784026500000,2026-07-14 10:55:00,75.44,75.58,75.43,75.47,1097.455
1784026800000,2026-07-14 11:00:00,75.48,75.49,75.36,75.38,437.248
1784027100000,2026-07-14 11:05:00,75.37,75.44,75.37,75.39,37.278
1784027400000,2026-07-14 11:10:00,75.42,75.47,75.37,75.47,245.728
1784027700000,2026-07-14 11:15:00,75.48,75.52,75.4,75.45,1043.091
1784028000000,2026-07-14 11:20:00,75.45,75.54,75.43,75.53,257.381
1784028300000,2026-07-14 11:25:00,75.54,75.59,75.52,75.55,260.607
1784028600000,2026-07-14 11:30:00,75.56,75.59,75.5,75.59,373.739
1784028900000,2026-07-14 11:35:00,75.59,75.6,75.45,75.45,137.265
1784029200000,2026-07-14 11:40:00,75.46,75.47,75.43,75.43,60.713
1784029500000,2026-07-14 11:45:00,75.44,75.44,75.36,75.36,17.298
1784029800000,2026-07-14 11:50:00,75.36,75.49,75.36,75.43,316.032
1784030100000,2026-07-14 11:55:00,75.44,75.46,75.38,75.38,15.566
1784030400000,2026-07-14 12:00:00,75.39,75.44,75.34,75.34,606.004
1784030700000,2026-07-14 12:05:00,75.33,75.34,75.24,75.24,141.865
1784031000000,2026-07-14 12:10:00,75.25,75.28,75.2,75.23,220.619
1784031300000,2026-07-14 12:15:00,75.23,75.39,75.22,75.39,579.009
1784031600000,2026-07-14 12:20:00,75.4,75.58,75.36,75.57,502.134
1784031900000,2026-07-14 12:25:00,75.57,75.58,75.31,75.41,3509.153
1784032200000,2026-07-14 12:30:00,75.41,76.23,75.4,76.22,5915.84
1784032500000,2026-07-14 12:35:00,76.2,76.32,76.01,76.03,2452.827
1784032800000,2026-07-14 12:40:00,76.08,76.14,75.98,76.06,1139.975
1784033100000,2026-07-14 12:45:00,76.07,76.61,76.07,76.56,2529.261
1784033400000,2026-07-14 12:50:00,76.56,76.76,76.53,76.59,1631.332
1784033700000,2026-07-14 12:55:00,76.63,76.87,76.62,76.85,1499.799
1784034000000,2026-07-14 13:00:00,76.85,76.89,76.69,76.7,1500.471
1784034300000,2026-07-14 13:05:00,76.69,76.77,76.64,76.69,808.716
1784034600000,2026-07-14 13:10:00,76.66,76.67,76.54,76.58,627.195
1784034900000,2026-07-14 13:15:00,76.59,76.69,76.58,76.65,629.058
1784035200000,2026-07-14 13:20:00,76.66,77.71,76.66,77.57,3384.72
1784035500000,2026-07-14 13:25:00,77.56,77.57,77.32,77.43,1355.181
1784035800000,2026-07-14 13:30:00,77.43,77.49,77.18,77.2,1965.274
1784036100000,2026-07-14 13:35:00,77.19,77.36,77.07,77.29,2489.567
1784036400000,2026-07-14 13:40:00,77.3,77.45,77.05,77.05,1301.042
1784036700000,2026-07-14 13:45:00,77.07,77.24,76.84,76.96,2314.08
1784037000000,2026-07-14 13:50:00,76.96,77.02,76.85,76.9,1758.577
1784037300000,2026-07-14 13:55:00,76.9,76.98,76.85,76.94,829.086
1784037600000,2026-07-14 14:00:00,76.95,77.07,76.7,76.73,2356.839
1784037900000,2026-07-14 14:05:00,76.73,76.86,76.73,76.81,476.921
1784038200000,2026-07-14 14:10:00,76.82,76.98,76.68,76.98,2870.086
1784038500000,2026-07-14 14:15:00,77.0,77.0,76.71,76.91,1726.077
1784038800000,2026-07-14 14:20:00,76.95,76.98,76.87,76.97,1146.003
1784039100000,2026-07-14 14:25:00,76.95,76.96,76.81,76.87,1145.783
1784039400000,2026-07-14 14:30:00,76.88,77.16,76.81,77.04,1057.707
1784039700000,2026-07-14 14:35:00,77.03,77.15,77.0,77.12,1164.516
1784040000000,2026-07-14 14:40:00,77.14,77.16,77.01,77.03,1774.826
1784040300000,2026-07-14 14:45:00,77.05,77.07,76.94,77.07,1617.102
1784040600000,2026-07-14 14:50:00,77.04,77.23,76.99,77.19,830.199
1784040900000,2026-07-14 14:55:00,77.21,77.4,77.1,77.4,1706.415
1784041200000,2026-07-14 15:00:00,77.4,77.44,77.22,77.36,2240.86
1784041500000,2026-07-14 15:05:00,77.36,77.43,77.25,77.37,1305.56
1784041800000,2026-07-14 15:10:00,77.37,77.42,77.28,77.29,529.457
1784042100000,2026-07-14 15:15:00,77.29,77.35,77.2,77.26,860.531
1784042400000,2026-07-14 15:20:00,77.27,77.4,77.26,77.3,1152.212
1784042700000,2026-07-14 15:25:00,77.28,77.49,77.27,77.49,1015.756
1784043000000,2026-07-14 15:30:00,77.5,77.69,77.46,77.69,2555.643
1784043300000,2026-07-14 15:35:00,77.67,77.67,77.5,77.5,1265.902
1784043600000,2026-07-14 15:40:00,77.49,77.53,77.34,77.5,1639.314
1784043900000,2026-07-14 15:45:00,77.49,77.76,77.49,77.76,1102.388
1784044200000,2026-07-14 15:50:00,77.77,77.81,77.41,77.41,791.213
1784044500000,2026-07-14 15:55:00,77.42,77.43,77.32,77.38,732.433
1784044800000,2026-07-14 16:00:00,77.37,77.44,77.14,77.29,1397.098
1784045100000,2026-07-14 16:05:00,77.29,77.48,77.29,77.48,1096.033
1784045400000,2026-07-14 16:10:00,77.48,77.49,77.34,77.35,199.318
1784045700000,2026-07-14 16:15:00,77.34,77.34,77.24,77.29,615.309
1784046000000,2026-07-14 16:20:00,77.3,77.53,77.3,77.53,658.141
1784046300000,2026-07-14 16:25:00,77.51,77.6,77.5,77.55,367.021
1784046600000,2026-07-14 16:30:00,77.54,77.61,77.49,77.6,1594.373
1784046900000,2026-07-14 16:35:00,77.58,77.63,77.53,77.58,665.629
1784047200000,2026-07-14 16:40:00,77.59,77.6,77.45,77.45,670.548
1784047500000,2026-07-14 16:45:00,77.45,77.45,77.33,77.33,1808.234
1784047800000,2026-07-14 16:50:00,77.34,77.49,77.34,77.41,1111.208
1784048100000,2026-07-14 16:55:00,77.42,77.43,77.29,77.29,644.936
1784048400000,2026-07-14 17:00:00,77.26,77.28,77.2,77.26,473.241
1784048700000,2026-07-14 17:05:00,77.26,77.27,77.05,77.1,496.375
1784049000000,2026-07-14 17:10:00,77.11,77.14,76.93,77.05,901.405
1784049300000,2026-07-14 17:15:00,77.05,77.09,76.92,76.95,633.054
1784049600000,2026-07-14 17:20:00,76.95,76.99,76.86,76.96,654.482
1784049900000,2026-07-14 17:25:00,76.94,77.11,76.91,77.08,733.75
1784050200000,2026-07-14 17:30:00,77.09,77.12,76.98,77.0,939.01
1784050500000,2026-07-14 17:35:00,77.0,77.04,76.95,77.01,1049.338
1784050800000,2026-07-14 17:40:00,77.0,77.11,76.99,77.11,866.209
1784051100000,2026-07-14 17:45:00,77.11,77.12,76.99,76.99,249.391
1784051400000,2026-07-14 17:50:00,77.01,77.21,77.01,77.21,392.099
1784051700000,2026-07-14 17:55:00,77.2,77.28,77.17,77.17,1302.826
1784052000000,2026-07-14 18:00:00,77.19,77.31,77.17,77.28,455.688
1784052300000,2026-07-14 18:05:00,77.27,77.28,77.09,77.09,340.605
1784052600000,2026-07-14 18:10:00,77.09,77.13,77.01,77.01,1065.961
1784052900000,2026-07-14 18:15:00,77.01,77.09,77.0,77.07,392.731
1784053200000,2026-07-14 18:20:00,77.08,77.12,77.0,77.01,615.63
1784053500000,2026-07-14 18:25:00,77.01,77.09,77.01,77.09,77.15
1784053800000,2026-07-14 18:30:00,77.06,77.17,77.0,77.16,382.323
1784054100000,2026-07-14 18:35:00,77.19,77.31,77.17,77.31,1361.465
1784054400000,2026-07-14 18:40:00,77.32,77.32,77.14,77.14,391.311
1784054700000,2026-07-14 18:45:00,77.19,77.34,77.18,77.25,424.191
1784055000000,2026-07-14 18:50:00,77.26,77.27,77.2,77.25,280.915
1784055300000,2026-07-14 18:55:00,77.25,77.32,77.23,77.29,287.072
1784055600000,2026-07-14 19:00:00,77.29,77.41,77.29,77.37,434.376
1784055900000,2026-07-14 19:05:00,77.35,77.36,77.31,77.35,274.087
1784056200000,2026-07-14 19:10:00,77.32,77.43,77.27,77.41,771.498
1784056500000,2026-07-14 19:15:00,77.41,77.43,77.32,77.38,372.964
1784056800000,2026-07-14 19:20:00,77.39,77.54,77.39,77.42,421.844
1784057100000,2026-07-14 19:25:00,77.42,77.43,77.3,77.3,199.536
1784057400000,2026-07-14 19:30:00,77.31,77.31,77.1,77.17,1136.357
1784057700000,2026-07-14 19:35:00,77.17,77.19,77.13,77.13,77.06
1784058000000,2026-07-14 19:40:00,77.15,77.22,77.15,77.2,114.323
1784058300000,2026-07-14 19:45:00,77.2,77.28,77.2,77.25,97.408
1784058600000,2026-07-14 19:50:00,77.25,77.28,77.2,77.21,1492.751
1784058900000,2026-07-14 19:55:00,77.21,77.25,77.13,77.15,281.921
1784059200000,2026-07-14 20:00:00,77.15,77.21,77.05,77.07,358.253
1784059500000,2026-07-14 20:05:00,77.08,77.08,77.04,77.07,119.711
1784059800000,2026-07-14 20:10:00,77.07,77.07,76.95,76.95,165.26
1784060100000,2026-07-14 20:15:00,76.95,77.03,76.94,77.0,198.166
1784060400000,2026-07-14 20:20:00,77.02,77.03,77.0,77.0,347.732
1784060700000,2026-07-14 20:25:00,77.0,77.0,76.93,76.93,5.304
1784061000000,2026-07-14 20:30:00,76.94,77.0,76.94,77.0,95.808
1784061300000,2026-07-14 20:35:00,76.99,77.0,76.99,76.99,27.283
1784061600000,2026-07-14 20:40:00,77.0,77.0,76.99,77.0,84.841
1784061900000,2026-07-14 20:45:00,77.0,77.0,76.99,77.0,2444.857
1784062200000,2026-07-14 20:50:00,76.99,77.0,76.99,76.99,36.606
1784062500000,2026-07-14 20:55:00,76.99,77.2,76.99,77.18,5606.255
1784062800000,2026-07-14 21:00:00,77.18,77.2,77.18,77.18,2476.197
1784063100000,2026-07-14 21:05:00,77.19,77.26,60.85,77.26,851.066
1784063400000,2026-07-14 21:10:00,77.25,77.34,77.25,77.33,860.412
1784063700000,2026-07-14 21:15:00,77.34,77.34,77.31,77.32,368.396
1784064000000,2026-07-14 21:20:00,77.32,77.36,77.26,77.26,532.285
1784064300000,2026-07-14 21:25:00,77.26,77.32,77.23,77.3,69.536
1784064600000,2026-07-14 21:30:00,77.28,77.34,77.27,77.3,209.65
1784064900000,2026-07-14 21:35:00,77.28,77.33,77.24,77.33,210.961
1784065200000,2026-07-14 21:40:00,77.35,77.4,77.27,77.29,823.844
1784065500000,2026-07-14 21:45:00,77.3,77.3,77.24,77.26,493.769
1784065800000,2026-07-14 21:50:00,77.26,77.27,77.21,77.23,524.257
1784066100000,2026-07-14 21:55:00,77.22,77.25,77.17,77.2,88.786
1784066400000,2026-07-14 22:00:00,77.22,77.26,77.15,77.19,516.679
1784066700000,2026-07-14 22:05:00,77.2,77.3,77.2,77.24,216.578
1784067000000,2026-07-14 22:10:00,77.23,77.25,77.14,77.16,226.046
1784067300000,2026-07-14 22:15:00,77.17,77.23,77.15,77.23,143.911
1784067600000,2026-07-14 22:20:00,77.29,77.6,77.29,77.58,2147.333
1784067900000,2026-07-14 22:25:00,77.58,77.61,77.52,77.6,338.805
1784068200000,2026-07-14 22:30:00,77.57,77.89,77.57,77.89,1851.613
1784068500000,2026-07-14 22:35:00,77.88,77.89,77.78,77.81,665.565
1784068800000,2026-07-14 22:40:00,77.84,77.91,77.8,77.81,210.51
1784069100000,2026-07-14 22:45:00,77.79,77.9,77.78,77.78,545.189
1784069400000,2026-07-14 22:50:00,77.79,77.79,77.7,77.72,278.412
1784069700000,2026-07-14 22:55:00,77.71,77.71,77.62,77.62,147.753
1784070000000,2026-07-14 23:00:00,77.63,77.69,77.58,77.66,435.582
1784070300000,2026-07-14 23:05:00,77.66,77.76,77.63,77.72,497.343
1784070600000,2026-07-14 23:10:00,77.73,77.92,77.73,77.91,813.782
1784070900000,2026-07-14 23:15:00,77.9,77.91,77.72,77.79,1498.94
1784071200000,2026-07-14 23:20:00,77.79,77.8,77.68,77.68,92.028
1784071500000,2026-07-14 23:25:00,77.68,77.71,77.63,77.69,455.096
1784071800000,2026-07-14 23:30:00,77.69,77.7,77.62,77.65,1316.619
1784072100000,2026-07-14 23:35:00,77.65,77.74,77.64,77.73,464.403
1784072400000,2026-07-14 23:40:00,77.73,77.77,77.71,77.72,150.174
1784072700000,2026-07-14 23:45:00,77.72,77.79,77.71,77.79,664.001
1784073000000,2026-07-14 23:50:00,77.8,77.81,77.76,77.78,436.467
1784073300000,2026-07-14 23:55:00,77.79,77.85,77.79,77.84,284.955
1784073600000,2026-07-15 00:00:00,77.85,77.91,77.81,77.81,1527.202
1784073900000,2026-07-15 00:05:00,77.78,77.84,77.73,77.76,875.564
1784074200000,2026-07-15 00:10:00,77.77,77.78,77.69,77.7,260.099
1784074500000,2026-07-15 00:15:00,77.69,77.74,77.68,77.69,1218.13
1784074800000,2026-07-15 00:20:00,77.7,77.72,77.63,77.65,1485.561
1784075100000,2026-07-15 00:25:00,77.66,77.66,77.6,77.63,236.667
1784075400000,2026-07-15 00:30:00,77.64,77.64,77.51,77.57,961.109
1784075700000,2026-07-15 00:35:00,77.58,77.58,77.49,77.56,340.569
1784076000000,2026-07-15 00:40:00,77.57,77.59,77.47,77.52,344.104
1784076300000,2026-07-15 00:45:00,77.52,77.63,77.52,77.54,403.87
1784076600000,2026-07-15 00:50:00,77.53,77.64,77.53,77.64,107.516
1784076900000,2026-07-15 00:55:00,77.64,77.7,77.64,77.67,537.861
1784077200000,2026-07-15 01:00:00,77.67,77.67,77.57,77.67,1567.057
1784077500000,2026-07-15 01:05:00,77.67,77.72,77.56,77.56,663.865
1784077800000,2026-07-15 01:10:00,77.57,77.59,77.48,77.58,622.54
1784078100000,2026-07-15 01:15:00,77.57,77.64,77.56,77.59,76.401
1784078400000,2026-07-15 01:20:00,77.59,77.66,77.56,77.66,212.057
1784078700000,2026-07-15 01:25:00,77.65,77.82,77.64,77.78,781.287
1784079000000,2026-07-15 01:30:00,77.78,77.79,77.69,77.7,140.946
1784079300000,2026-07-15 01:35:00,77.69,77.78,77.69,77.71,2077.147
1784079600000,2026-07-15 01:40:00,77.71,77.71,77.51,77.54,622.852
1784079900000,2026-07-15 01:45:00,77.55,77.55,77.39,77.39,845.949
1784080200000,2026-07-15 01:50:00,77.41,77.41,77.29,77.39,592.74
1784080500000,2026-07-15 01:55:00,77.39,77.44,77.38,77.44,478.514
1784080800000,2026-07-15 02:00:00,77.44,77.44,77.33,77.37,278.377
1784081100000,2026-07-15 02:05:00,77.37,77.41,77.35,77.41,60.665
1784081400000,2026-07-15 02:10:00,77.43,77.58,77.35,77.39,960.308
1784081700000,2026-07-15 02:15:00,77.41,77.41,77.29,77.3,987.436
1784082000000,2026-07-15 02:20:00,77.31,77.32,77.21,77.21,196.904
1784082300000,2026-07-15 02:25:00,77.2,77.2,77.16,77.17,253.081
1784082600000,2026-07-15 02:30:00,77.15,77.21,77.05,77.06,609.792
1784082900000,2026-07-15 02:35:00,77.08,77.21,77.07,77.16,365.619
1784083200000,2026-07-15 02:40:00,77.15,77.21,77.1,77.21,653.787
1784083500000,2026-07-15 02:45:00,77.22,77.28,77.19,77.2,539.749
1784083800000,2026-07-15 02:50:00,77.21,77.25,77.14,77.24,332.0
1784084100000,2026-07-15 02:55:00,77.23,77.31,77.23,77.27,406.701
1784084400000,2026-07-15 03:00:00,77.28,77.37,77.23,77.32,737.906
1784084700000,2026-07-15 03:05:00,77.32,77.43,77.31,77.43,356.828
1784085000000,2026-07-15 03:10:00,77.41,77.53,77.41,77.49,345.432
1784085300000,2026-07-15 03:15:00,77.47,77.49,77.44,77.46,218.074
1784085600000,2026-07-15 03:20:00,77.45,77.5,77.44,77.46,102.437
1784085900000,2026-07-15 03:25:00,77.46,77.54,77.46,77.51,146.857
1784086200000,2026-07-15 03:30:00,77.51,77.8,77.51,77.78,847.03
1784086500000,2026-07-15 03:35:00,77.76,77.77,77.62,77.62,150.261
1784086800000,2026-07-15 03:40:00,77.63,77.71,77.54,77.7,696.569
1784087100000,2026-07-15 03:45:00,77.7,77.79,77.65,77.79,404.022
1784087400000,2026-07-15 03:50:00,77.78,77.89,77.76,77.77,644.994
1784087700000,2026-07-15 03:55:00,77.79,77.84,77.78,77.8,110.159
1784088000000,2026-07-15 04:00:00,77.8,77.85,77.74,77.75,298.829
1784088300000,2026-07-15 04:05:00,77.75,77.79,77.71,77.73,194.121
1784088600000,2026-07-15 04:10:00,77.73,77.83,77.71,77.72,768.413
1784088900000,2026-07-15 04:15:00,77.71,77.8,77.69,77.75,490.288
1784089200000,2026-07-15 04:20:00,77.74,77.77,77.71,77.72,29.544
1784089500000,2026-07-15 04:25:00,77.72,77.74,77.62,77.62,273.429
1784089800000,2026-07-15 04:30:00,77.63,77.8,77.55,77.79,547.235
1784090100000,2026-07-15 04:35:00,77.79,77.95,77.75,77.9,516.519
1784090400000,2026-07-15 04:40:00,77.89,77.92,77.88,77.92,19.544
1784090700000,2026-07-15 04:45:00,77.91,78.09,77.91,78.03,1520.41
1784091000000,2026-07-15 04:50:00,78.02,78.18,77.98,78.14,618.017
1784091300000,2026-07-15 04:55:00,78.14,78.15,77.95,78.02,550.137
1784091600000,2026-07-15 05:00:00,78.01,78.1,77.94,78.1,1512.16
1784091900000,2026-07-15 05:05:00,78.1,78.1,77.91,77.97,265.472
1784092200000,2026-07-15 05:10:00,77.96,77.99,77.76,77.79,381.572
1784092500000,2026-07-15 05:15:00,77.78,77.89,77.77,77.85,175.851
1784092800000,2026-07-15 05:20:00,77.84,77.86,77.7,77.76,359.455
1784093100000,2026-07-15 05:25:00,77.75,77.75,77.68,77.68,108.425
1784093400000,2026-07-15 05:30:00,77.67,77.88,77.66,77.87,580.844
1784093700000,2026-07-15 05:35:00,77.87,78.0,77.79,77.99,769.893
1784094000000,2026-07-15 05:40:00,77.98,77.99,77.87,77.9,435.505
1784094300000,2026-07-15 05:45:00,77.89,77.97,77.84,77.97,251.837
1784094600000,2026-07-15 05:50:00,77.96,78.13,77.96,78.11,627.872
1784094900000,2026-07-15 05:55:00,78.13,78.28,78.11,78.28,1127.777
1784095200000,2026-07-15 06:00:00,78.27,78.38,78.14,78.18,1266.493
1784095500000,2026-07-15 06:05:00,78.18,78.4,78.17,78.34,747.696
1784095800000,2026-07-15 06:10:00,78.33,78.45,78.27,78.44,608.7
1784096100000,2026-07-15 06:15:00,78.45,78.48,78.37,78.48,574.711
1784096400000,2026-07-15 06:20:00,78.47,78.48,78.33,78.4,392.334
1784096700000,2026-07-15 06:25:00,78.4,78.4,78.26,78.3,109.547
1784097000000,2026-07-15 06:30:00,78.3,78.63,78.29,78.59,1239.145
1784097300000,2026-07-15 06:35:00,78.6,78.67,78.33,78.35,1505.128
1784097600000,2026-07-15 06:40:00,78.35,78.38,78.29,78.32,230.647
1784097900000,2026-07-15 06:45:00,78.32,78.38,78.2,78.23,837.232
1784098200000,2026-07-15 06:50:00,78.22,78.27,78.16,78.18,533.27
1784098500000,2026-07-15 06:55:00,78.18,78.2,77.94,77.94,548.112
1784098800000,2026-07-15 07:00:00,77.95,77.95,77.85,77.91,689.719
1784099100000,2026-07-15 07:05:00,77.9,77.93,77.83,77.91,211.105
1784099400000,2026-07-15 07:10:00,77.91,78.01,77.89,77.95,514.508
1784099700000,2026-07-15 07:15:00,77.96,77.98,77.87,77.94,362.979
1784100000000,2026-07-15 07:20:00,77.93,77.94,77.71,77.73,909.377
1784100300000,2026-07-15 07:25:00,77.74,77.75,77.49,77.52,398.619
1784100600000,2026-07-15 07:30:00,77.51,77.61,77.51,77.54,569.949
1784100900000,2026-07-15 07:35:00,77.54,77.64,77.54,77.64,161.464
1784101200000,2026-07-15 07:40:00,77.63,77.64,77.56,77.56,95.864
1784101500000,2026-07-15 07:45:00,77.56,77.59,77.52,77.55,226.874
1784101800000,2026-07-15 07:50:00,77.54,77.57,77.47,77.48,74.807
1784102100000,2026-07-15 07:55:00,77.49,77.49,77.4,77.42,188.371
1784102400000,2026-07-15 08:00:00,77.41,77.53,77.39,77.53,647.455
1784102700000,2026-07-15 08:05:00,77.51,77.53,77.35,77.36,668.359
1784103000000,2026-07-15 08:10:00,77.35,77.47,77.34,77.43,469.23
1784103300000,2026-07-15 08:15:00,77.44,77.51,77.4,77.42,804.318
1784103600000,2026-07-15 08:20:00,77.41,77.42,77.24,77.33,651.572
1784103900000,2026-07-15 08:25:00,77.32,77.42,77.32,77.41,73.821
1784104200000,2026-07-15 08:30:00,77.4,77.43,77.34,77.42,198.952
1784104500000,2026-07-15 08:35:00,77.43,77.47,77.35,77.47,604.512
1784104800000,2026-07-15 08:40:00,77.46,77.53,77.44,77.53,182.716
1784105100000,2026-07-15 08:45:00,77.53,77.55,77.48,77.49,114.082
1784105400000,2026-07-15 08:50:00,77.48,77.61,77.48,77.6,93.99
1784105700000,2026-07-15 08:55:00,77.6,77.6,77.55,77.58,71.029
1784106000000,2026-07-15 09:00:00,77.57,77.68,77.57,77.68,239.927
1784106300000,2026-07-15 09:05:00,77.68,77.73,77.64,77.72,526.26
1784106600000,2026-07-15 09:10:00,77.72,77.82,77.71,77.75,643.28
1784106900000,2026-07-15 09:15:00,77.76,77.87,77.74,77.82,373.256
1784107200000,2026-07-15 09:20:00,77.83,77.91,77.82,77.82,431.003
1784107500000,2026-07-15 09:25:00,77.83,77.88,77.8,77.81,271.619
1784107800000,2026-07-15 09:30:00,77.8,77.82,77.7,77.71,341.572
1784108100000,2026-07-15 09:35:00,77.7,77.72,77.64,77.66,269.736
1784108400000,2026-07-15 09:40:00,77.66,77.66,77.56,77.58,256.572
1784108700000,2026-07-15 09:45:00,77.58,77.61,77.52,77.61,191.609
1784109000000,2026-07-15 09:50:00,77.6,77.61,77.45,77.45,247.26
1784109300000,2026-07-15 09:55:00,77.46,77.49,77.44,77.49,334.053
1784109600000,2026-07-15 10:00:00,77.48,77.64,77.45,77.63,255.703
1784109900000,2026-07-15 10:05:00,77.62,77.71,77.62,77.7,398.503
1784110200000,2026-07-15 10:10:00,77.69,77.7,77.62,77.63,139.038
1784110500000,2026-07-15 10:15:00,77.62,77.67,77.55,77.55,300.998
1784110800000,2026-07-15 10:20:00,77.55,77.6,77.45,77.49,328.271
1784111100000,2026-07-15 10:25:00,77.47,77.48,77.33,77.35,146.318
1784111400000,2026-07-15 10:30:00,77.34,77.39,77.29,77.33,498.464
1784111700000,2026-07-15 10:35:00,77.27,77.34,77.24,77.34,614.471
1784112000000,2026-07-15 10:40:00,77.33,77.38,77.31,77.38,213.979
1784112300000,2026-07-15 10:45:00,77.35,77.4,77.35,77.4,50.207
1784112600000,2026-07-15 10:50:00,77.39,77.4,77.32,77.33,121.954
1784112900000,2026-07-15 10:55:00,77.33,77.4,77.33,77.37,283.427
1784113200000,2026-07-15 11:00:00,77.36,77.45,77.35,77.41,1118.43
1784113500000,2026-07-15 11:05:00,77.4,77.47,77.38,77.47,106.409
1784113800000,2026-07-15 11:10:00,77.46,77.47,77.41,77.46,201.07
1784114100000,2026-07-15 11:15:00,77.47,77.49,77.41,77.42,117.682
1784114400000,2026-07-15 11:20:00,77.41,77.46,77.37,77.37,316.216
1784114700000,2026-07-15 11:25:00,77.37,77.41,77.35,77.37,429.149
1784115000000,2026-07-15 11:30:00,77.38,77.48,77.37,77.45,139.687
1784115300000,2026-07-15 11:35:00,77.45,77.47,77.42,77.47,153.285
1784115600000,2026-07-15 11:40:00,77.46,77.47,77.38,77.45,194.705
1784115900000,2026-07-15 11:45:00,77.44,77.47,77.43,77.45,138.737
1784116200000,2026-07-15 11:50:00,77.44,77.49,77.41,77.47,397.566
1784116500000,2026-07-15 11:55:00,77.47,77.53,77.45,77.53,135.64
1784116800000,2026-07-15 12:00:00,77.53,77.53,77.46,77.48,351.179
1784117100000,2026-07-15 12:05:00,77.48,77.48,77.27,77.4,1375.499
1784117400000,2026-07-15 12:10:00,77.39,77.49,77.33,77.45,928.911
1784117700000,2026-07-15 12:15:00,77.46,77.52,77.46,77.51,325.844
1784118000000,2026-07-15 12:20:00,77.51,77.51,77.29,77.31,474.726
1784118300000,2026-07-15 12:25:00,77.33,77.45,77.31,77.45,229.469
1784118600000,2026-07-15 12:30:00,77.44,77.86,77.44,77.54,2026.35
1784118900000,2026-07-15 12:35:00,77.54,77.67,77.46,77.63,1869.338
1784119200000,2026-07-15 12:40:00,77.64,77.73,77.56,77.64,1013.42
1784119500000,2026-07-15 12:45:00,77.63,77.89,77.63,77.89,1225.972
1784119800000,2026-07-15 12:50:00,77.89,78.24,77.88,78.19,2071.507
1784120100000,2026-07-15 12:55:00,78.19,78.3,78.15,78.28,1174.052
1784120400000,2026-07-15 13:00:00,78.28,78.78,78.23,78.75,1938.271
1784120700000,2026-07-15 13:05:00,78.72,78.99,78.66,78.68,2754.627
1784121000000,2026-07-15 13:10:00,78.69,78.78,78.65,78.76,964.351
1784121300000,2026-07-15 13:15:00,78.81,78.88,78.74,78.85,938.436
1784121600000,2026-07-15 13:20:00,78.86,79.02,78.77,78.86,1149.202
1784121900000,2026-07-15 13:25:00,78.83,78.83,78.51,78.68,2170.804
1784122200000,2026-07-15 13:30:00,78.71,78.92,78.68,78.85,1775.012
1784122500000,2026-07-15 13:35:00,78.85,78.97,78.66,78.71,2518.072
1784122800000,2026-07-15 13:40:00,78.71,78.73,78.5,78.53,1262.211
1784123100000,2026-07-15 13:45:00,78.51,78.51,77.76,77.87,3656.012
1784123400000,2026-07-15 13:50:00,77.87,78.01,77.79,77.99,1925.998
1784123700000,2026-07-15 13:55:00,77.99,78.09,77.94,78.09,956.886
1784124000000,2026-07-15 14:00:00,78.09,78.31,78.08,78.26,2266.934
1784124300000,2026-07-15 14:05:00,78.27,78.36,78.23,78.24,1391.738
1784124600000,2026-07-15 14:10:00,78.23,78.37,78.18,78.18,1442.988
1784124900000,2026-07-15 14:15:00,78.18,78.33,78.07,78.32,841.495
1784125200000,2026-07-15 14:20:00,78.32,78.33,77.89,77.91,1378.07
1784125500000,2026-07-15 14:25:00,77.92,78.21,77.8,78.16,1217.664
1784125800000,2026-07-15 14:30:00,78.16,78.22,77.99,78.11,1949.213
1784126100000,2026-07-15 14:35:00,78.09,78.15,77.91,77.98,1831.799
1784126400000,2026-07-15 14:40:00,77.97,78.03,77.9,77.97,1218.586
1784126700000,2026-07-15 14:45:00,77.98,78.2,77.84,78.2,1256.355
1784127000000,2026-07-15 14:50:00,78.19,78.2,78.08,78.14,905.446
1784127300000,2026-07-15 14:55:00,78.17,78.22,78.11,78.21,598.233
1784127600000,2026-07-15 15:00:00,78.21,78.22,77.93,77.95,2533.621
1784127900000,2026-07-15 15:05:00,77.98,78.25,77.96,78.19,1610.89
1784128200000,2026-07-15 15:10:00,78.19,78.21,77.93,77.93,1192.401
1784128500000,2026-07-15 15:15:00,77.94,78.2,77.78,78.12,1160.573
1784128800000,2026-07-15 15:20:00,78.14,78.15,77.84,77.94,549.667
1784129100000,2026-07-15 15:25:00,77.93,78.09,77.9,78.07,497.41
1784129400000,2026-07-15 15:30:00,78.08,78.1,77.92,78.05,978.021
1784129700000,2026-07-15 15:35:00,78.05,78.19,78.02,78.19,882.633
1784130000000,2026-07-15 15:40:00,78.2,78.21,78.11,78.11,344.603
1784130300000,2026-07-15 15:45:00,78.11,78.21,78.07,78.21,385.503
1784130600000,2026-07-15 15:50:00,78.18,78.21,78.03,78.05,514.424
1784130900000,2026-07-15 15:55:00,78.06,78.07,77.94,78.06,658.709
1784131200000,2026-07-15 16:00:00,78.07,78.12,77.81,77.93,968.787
1784131500000,2026-07-15 16:05:00,77.93,77.97,77.7,77.78,2068.425
1784131800000,2026-07-15 16:10:00,77.78,77.8,77.53,77.54,1889.24
1784132100000,2026-07-15 16:15:00,77.53,77.64,77.52,77.58,1408.48
1784132400000,2026-07-15 16:20:00,77.58,77.63,77.43,77.55,2048.336
1784132700000,2026-07-15 16:25:00,77.56,77.74,77.55,77.73,462.698
1784133000000,2026-07-15 16:30:00,77.73,77.73,77.43,77.43,1567.382
1784133300000,2026-07-15 16:35:00,77.44,77.44,77.1,77.23,2696.066
1784133600000,2026-07-15 16:40:00,77.24,77.37,77.23,77.37,512.877
1784133900000,2026-07-15 16:45:00,77.37,77.6,77.35,77.49,1229.234
1784134200000,2026-07-15 16:50:00,77.5,77.63,77.49,77.62,1149.852
1784134500000,2026-07-15 16:55:00,77.6,77.69,77.56,77.64,556.097
1784134800000,2026-07-15 17:00:00,77.63,77.79,77.62,77.76,858.556
1784135100000,2026-07-15 17:05:00,77.75,77.78,77.65,77.73,661.157
1784135400000,2026-07-15 17:10:00,77.73,77.76,77.57,77.57,662.342
1784135700000,2026-07-15 17:15:00,77.58,77.67,77.5,77.54,861.567
1784136000000,2026-07-15 17:20:00,77.54,77.76,77.54,77.7,1132.478
1784136300000,2026-07-15 17:25:00,77.71,77.73,77.63,77.69,386.787
1784136600000,2026-07-15 17:30:00,77.7,77.79,77.69,77.7,325.883
1784136900000,2026-07-15 17:35:00,77.69,77.79,77.64,77.76,740.442
1784137200000,2026-07-15 17:40:00,77.76,77.85,77.72,77.79,519.433
1784137500000,2026-07-15 17:45:00,77.78,78.03,77.71,77.79,2849.249
1784137800000,2026-07-15 17:50:00,77.8,77.92,77.76,77.85,532.458
1784138100000,2026-07-15 17:55:00,77.85,77.89,77.8,77.82,556.902
1784138400000,2026-07-15 18:00:00,77.83,77.9,77.82,77.84,268.895
1784138700000,2026-07-15 18:05:00,77.81,77.87,77.77,77.82,589.815
1784139000000,2026-07-15 18:10:00,77.85,78.08,77.84,78.06,1042.315
1784139300000,2026-07-15 18:15:00,78.07,78.08,77.89,78.02,1326.424
1784139600000,2026-07-15 18:20:00,78.01,78.05,77.99,78.02,55.771
1784139900000,2026-07-15 18:25:00,78.0,78.01,77.9,77.97,181.405
1784140200000,2026-07-15 18:30:00,77.96,78.08,77.96,77.99,385.782
1784140500000,2026-07-15 18:35:00,77.98,77.99,77.91,77.92,251.692
1784140800000,2026-07-15 18:40:00,77.91,77.92,77.84,77.84,323.715
1784141100000,2026-07-15 18:45:00,77.83,77.89,77.8,77.84,401.59
1784141400000,2026-07-15 18:50:00,77.83,77.85,77.61,77.63,1070.962
1784141700000,2026-07-15 18:55:00,77.63,77.66,77.54,77.57,575.219
1784142000000,2026-07-15 19:00:00,77.56,77.69,77.55,77.66,404.263
1784142300000,2026-07-15 19:05:00,77.65,77.67,77.52,77.54,936.842
1784142600000,2026-07-15 19:10:00,77.54,77.6,77.48,77.56,525.488
1784142900000,2026-07-15 19:15:00,77.55,77.56,77.37,77.39,399.699
1784143200000,2026-07-15 19:20:00,77.38,77.39,77.15,77.27,1257.873
1784143500000,2026-07-15 19:25:00,77.27,77.27,77.17,77.21,364.212
1784143800000,2026-07-15 19:30:00,77.2,77.35,77.2,77.25,1113.407
1784144100000,2026-07-15 19:35:00,77.24,77.27,77.19,77.24,585.133
1784144400000,2026-07-15 19:40:00,77.23,77.32,77.23,77.31,157.74
1784144700000,2026-07-15 19:45:00,77.3,77.31,77.15,77.16,655.265
1784145000000,2026-07-15 19:50:00,77.15,77.2,76.98,77.17,745.564
1784145300000,2026-07-15 19:55:00,77.17,77.24,77.15,77.16,638.538
1784145600000,2026-07-15 20:00:00,77.15,77.28,77.13,77.24,960.303
1784145900000,2026-07-15 20:05:00,77.25,77.31,77.2,77.3,270.695
1784146200000,2026-07-15 20:10:00,77.31,77.31,77.2,77.21,364.348
1784146500000,2026-07-15 20:15:00,77.2,77.37,77.2,77.36,5023.299
1784146800000,2026-07-15 20:20:00,77.36,77.4,77.36,77.4,7691.928
1784147100000,2026-07-15 20:25:00,77.36,78.48,77.19,77.4,3507.077
1784147400000,2026-07-15 20:30:00,77.4,77.52,77.4,77.45,374.247
1784147700000,2026-07-15 20:35:00,77.44,77.46,77.4,77.46,154.595
1784148000000,2026-07-15 20:40:00,77.45,77.54,77.45,77.46,575.5
1784148300000,2026-07-15 20:45:00,77.45,77.47,77.4,77.42,348.122
1784148600000,2026-07-15 20:50:00,77.42,77.47,77.38,77.42,196.768
1784148900000,2026-07-15 20:55:00,77.41,77.42,77.37,77.39,124.573
1784149200000,2026-07-15 21:00:00,77.38,77.51,77.37,77.51,305.065
1784149500000,2026-07-15 21:05:00,77.51,77.52,77.43,77.44,411.306
1784149800000,2026-07-15 21:10:00,77.43,77.45,77.27,77.44,790.725
1784150100000,2026-07-15 21:15:00,77.42,77.44,77.35,77.36,359.622
1784150400000,2026-07-15 21:20:00,77.35,77.46,77.33,77.46,375.643
1784150700000,2026-07-15 21:25:00,77.46,77.46,77.35,77.37,826.342
1784151000000,2026-07-15 21:30:00,77.36,77.37,77.3,77.31,178.919
1784151300000,2026-07-15 21:35:00,77.3,77.32,77.24,77.26,157.074
1784151600000,2026-07-15 21:40:00,77.26,77.39,77.25,77.34,426.595
1784151900000,2026-07-15 21:45:00,77.33,77.36,77.33,77.36,96.675
1784152200000,2026-07-15 21:50:00,77.36,77.4,77.32,77.4,213.323
1784152500000,2026-07-15 21:55:00,77.39,77.42,77.32,77.42,526.672
1784152800000,2026-07-15 22:00:00,77.41,77.49,77.32,77.45,760.466
1784153100000,2026-07-15 22:05:00,77.45,77.51,77.41,77.5,1281.505
1784153400000,2026-07-15 22:10:00,77.49,77.58,77.49,77.5,476.2
1784153700000,2026-07-15 22:15:00,77.49,77.55,77.45,77.52,339.874
1784154000000,2026-07-15 22:20:00,77.51,77.57,77.46,77.53,364.063
1784154300000,2026-07-15 22:25:00,77.53,77.67,77.53,77.67,179.525
1784154600000,2026-07-15 22:30:00,77.66,77.71,77.6,77.61,555.496
1784154900000,2026-07-15 22:35:00,77.61,77.66,77.58,77.59,217.624
1784155200000,2026-07-15 22:40:00,77.58,77.59,77.51,77.52,215.203
1784155500000,2026-07-15 22:45:00,77.5,77.62,77.5,77.55,147.483
1784155800000,2026-07-15 22:50:00,77.55,77.58,77.48,77.5,549.45
1784156100000,2026-07-15 22:55:00,77.49,77.5,77.46,77.49,148.166
1784156400000,2026-07-15 23:00:00,77.48,77.61,77.47,77.58,468.294
1784156700000,2026-07-15 23:05:00,77.58,77.59,77.5,77.53,567.265
1784157000000,2026-07-15 23:10:00,77.54,77.6,77.53,77.56,134.231
1784157300000,2026-07-15 23:15:00,77.55,77.57,77.49,77.53,170.326
1784157600000,2026-07-15 23:20:00,77.54,77.59,77.45,77.46,298.059
1784157900000,2026-07-15 23:25:00,77.47,77.5,77.42,77.43,794.519
1784158200000,2026-07-15 23:30:00,77.43,77.53,77.43,77.49,134.014
1784158500000,2026-07-15 23:35:00,77.5,77.5,77.41,77.42,297.072
1784158800000,2026-07-15 23:40:00,77.41,77.42,77.28,77.31,431.835
1784159100000,2026-07-15 23:45:00,77.29,77.31,77.22,77.28,343.241
1784159400000,2026-07-15 23:50:00,77.28,77.36,77.27,77.33,323.369
1784159700000,2026-07-15 23:55:00,77.32,77.35,77.28,77.28,211.556
1784160000000,2026-07-16 00:00:00,77.28,77.39,77.28,77.37,366.669
1784160300000,2026-07-16 00:05:00,77.37,77.42,77.33,77.42,920.313
1784160600000,2026-07-16 00:10:00,77.41,77.49,77.4,77.44,388.995
1784160900000,2026-07-16 00:15:00,77.43,77.46,77.15,77.2,1629.597
1784161200000,2026-07-16 00:20:00,77.2,77.21,77.11,77.14,1067.267
1784161500000,2026-07-16 00:25:00,77.12,77.14,77.01,77.05,438.251
1784161800000,2026-07-16 00:30:00,77.04,77.11,77.0,77.02,239.583
1784162100000,2026-07-16 00:35:00,77.02,77.03,76.9,76.93,394.041
1784162400000,2026-07-16 00:40:00,76.92,76.95,76.72,76.74,1969.555
1784162700000,2026-07-16 00:45:00,76.74,76.86,76.7,76.86,415.013
1784163000000,2026-07-16 00:50:00,76.85,77.01,76.84,76.98,485.991
1784163300000,2026-07-16 00:55:00,76.99,76.99,76.89,76.94,871.453
1784163600000,2026-07-16 01:00:00,76.94,77.04,76.94,77.03,332.99
1784163900000,2026-07-16 01:05:00,77.06,77.1,77.02,77.04,259.148
1784164200000,2026-07-16 01:10:00,77.03,77.06,76.89,76.94,492.232
1784164500000,2026-07-16 01:15:00,76.94,76.95,76.76,76.77,796.959
1784164800000,2026-07-16 01:20:00,76.76,76.91,76.72,76.9,1086.724
1784165100000,2026-07-16 01:25:00,76.9,76.93,76.83,76.83,454.29
1784165400000,2026-07-16 01:30:00,76.83,76.92,76.82,76.88,234.889
1784165700000,2026-07-16 01:35:00,76.88,77.05,76.88,77.05,524.588
1784166000000,2026-07-16 01:40:00,77.05,77.11,76.82,76.83,1190.936
1784166300000,2026-07-16 01:45:00,76.84,77.07,76.8,77.06,720.276
1784166600000,2026-07-16 01:50:00,77.08,77.15,77.03,77.08,933.642
1784166900000,2026-07-16 01:55:00,77.08,77.13,77.06,77.08,988.494
1784167200000,2026-07-16 02:00:00,77.08,77.1,77.03,77.04,400.822
1784167500000,2026-07-16 02:05:00,77.05,77.08,77.01,77.01,240.462
1784167800000,2026-07-16 02:10:00,77.01,77.03,76.95,76.99,84.068
1784168100000,2026-07-16 02:15:00,76.98,77.0,76.88,77.0,370.226
1784168400000,2026-07-16 02:20:00,76.99,77.08,76.95,77.08,286.714
1784168700000,2026-07-16 02:25:00,77.08,77.08,77.0,77.02,406.565
1784169000000,2026-07-16 02:30:00,77.02,77.07,76.94,76.98,586.231
1784169300000,2026-07-16 02:35:00,76.99,77.1,76.99,77.0,545.404
1784169600000,2026-07-16 02:40:00,76.99,77.05,76.99,77.04,431.315
1784169900000,2026-07-16 02:45:00,77.05,77.15,77.04,77.09,487.739
1784170200000,2026-07-16 02:50:00,77.09,77.11,77.04,77.09,299.589
1784170500000,2026-07-16 02:55:00,77.09,77.15,77.09,77.14,168.375
1784170800000,2026-07-16 03:00:00,77.13,77.16,77.08,77.1,319.332
1784171100000,2026-07-16 03:05:00,77.1,77.16,77.07,77.15,289.918
1784171400000,2026-07-16 03:10:00,77.15,77.26,77.14,77.2,802.67
1784171700000,2026-07-16 03:15:00,77.2,77.2,76.97,77.02,1221.186
1784172000000,2026-07-16 03:20:00,77.02,77.08,77.01,77.03,234.49
1784172300000,2026-07-16 03:25:00,77.03,77.07,77.01,77.04,104.054
1784172600000,2026-07-16 03:30:00,77.04,77.1,77.0,77.05,1456.039
1784172900000,2026-07-16 03:35:00,77.06,77.09,77.0,77.01,497.658
1784173200000,2026-07-16 03:40:00,77.01,77.05,76.97,76.98,55.809
1784173500000,2026-07-16 03:45:00,76.97,76.98,76.81,76.82,3254.54
1784173800000,2026-07-16 03:50:00,76.82,76.92,76.81,76.92,210.715
1784174100000,2026-07-16 03:55:00,76.93,76.97,76.93,76.94,114.056
1784174400000,2026-07-16 04:00:00,76.95,77.0,76.92,76.93,384.796
1784174700000,2026-07-16 04:05:00,76.92,76.93,76.8,76.8,1017.679
1784175000000,2026-07-16 04:10:00,76.8,77.0,76.79,76.97,634.783
1784175300000,2026-07-16 04:15:00,76.98,76.99,76.85,76.87,1624.097
1784175600000,2026-07-16 04:20:00,76.84,76.87,76.74,76.75,293.425
1784175900000,2026-07-16 04:25:00,76.75,76.88,76.75,76.84,364.474
1784176200000,2026-07-16 04:30:00,76.86,76.91,76.84,76.86,52.047
1784176500000,2026-07-16 04:35:00,76.87,76.88,76.84,76.88,105.249
1784176800000,2026-07-16 04:40:00,76.88,76.96,76.86,76.92,403.742
1784177100000,2026-07-16 04:45:00,76.92,76.92,76.75,76.8,565.882
1784177400000,2026-07-16 04:50:00,76.79,76.82,76.7,76.82,325.35
1784177700000,2026-07-16 04:55:00,76.82,76.84,76.73,76.77,172.396
1784178000000,2026-07-16 05:00:00,76.78,76.87,76.77,76.81,168.735
1784178300000,2026-07-16 05:05:00,76.76,76.85,76.75,76.79,362.962
1784178600000,2026-07-16 05:10:00,76.77,76.92,76.76,76.91,619.03
1784178900000,2026-07-16 05:15:00,76.93,77.11,76.93,77.06,1099.13
1784179200000,2026-07-16 05:20:00,77.06,77.33,77.06,77.33,506.893
1784179500000,2026-07-16 05:25:00,77.3,77.33,77.23,77.24,92.007
1784179800000,2026-07-16 05:30:00,77.25,77.46,77.24,77.28,4252.783
1784180100000,2026-07-16 05:35:00,77.28,77.36,77.18,77.36,1489.805
1784180400000,2026-07-16 05:40:00,77.37,77.44,77.34,77.38,168.654
1784180700000,2026-07-16 05:45:00,77.38,77.41,77.37,77.38,629.828
1784181000000,2026-07-16 05:50:00,77.38,77.44,77.37,77.44,379.252
1784181300000,2026-07-16 05:55:00,77.46,77.51,77.46,77.48,830.635
1784181600000,2026-07-16 06:00:00,77.48,77.52,77.44,77.45,372.613
1784181900000,2026-07-16 06:05:00,77.46,77.53,77.4,77.47,4028.069
1784182200000,2026-07-16 06:10:00,77.47,77.52,77.42,77.44,744.157
1784182500000,2026-07-16 06:15:00,77.46,77.46,77.4,77.43,172.151
1784182800000,2026-07-16 06:20:00,77.43,77.45,77.33,77.37,145.902
1784183100000,2026-07-16 06:25:00,77.36,77.4,77.32,77.36,161.112
1784183400000,2026-07-16 06:30:00,77.38,77.4,77.33,77.33,164.9
1784183700000,2026-07-16 06:35:00,77.34,77.34,77.11,77.18,606.047
1784184000000,2026-07-16 06:40:00,77.18,77.27,77.18,77.27,483.467
1784184300000,2026-07-16 06:45:00,77.26,77.39,77.24,77.39,230.977
1784184600000,2026-07-16 06:50:00,77.4,77.4,77.34,77.34,228.361
1784184900000,2026-07-16 06:55:00,77.34,77.38,77.33,77.34,134.147
1784185200000,2026-07-16 07:00:00,77.35,77.35,77.26,77.32,269.819
1784185500000,2026-07-16 07:05:00,77.34,77.34,77.26,77.27,311.1
1784185800000,2026-07-16 07:10:00,77.26,77.32,77.26,77.26,181.734
1784186100000,2026-07-16 07:15:00,77.26,77.26,77.16,77.2,435.426
1784186400000,2026-07-16 07:20:00,77.2,77.2,77.11,77.12,140.357
1784186700000,2026-07-16 07:25:00,77.15,77.16,77.04,77.05,592.625
1784187000000,2026-07-16 07:30:00,77.02,77.03,76.83,76.86,1127.842
1784187300000,2026-07-16 07:35:00,76.87,76.87,76.35,76.36,2438.325
1784187600000,2026-07-16 07:40:00,76.36,76.37,76.27,76.34,1183.449
1784187900000,2026-07-16 07:45:00,76.31,76.4,76.31,76.4,1186.523
1784188200000,2026-07-16 07:50:00,76.4,76.4,76.21,76.27,908.264
1784188500000,2026-07-16 07:55:00,76.27,76.44,76.26,76.43,823.191
1784188800000,2026-07-16 08:00:00,76.43,76.47,76.3,76.35,1416.444
1784189100000,2026-07-16 08:05:00,76.38,76.42,76.24,76.28,2159.15
1784189400000,2026-07-16 08:10:00,76.28,76.29,75.85,75.86,3526.747
1784189700000,2026-07-16 08:15:00,75.85,75.89,75.68,75.81,1971.975
1784190000000,2026-07-16 08:20:00,75.79,76.06,75.76,76.06,1430.178
1784190300000,2026-07-16 08:25:00,76.05,76.24,76.05,76.22,685.693
1784190600000,2026-07-16 08:30:00,76.26,76.36,76.23,76.36,261.031
1784190900000,2026-07-16 08:35:00,76.35,76.45,76.34,76.4,577.393
1784191200000,2026-07-16 08:40:00,76.39,76.42,76.18,76.18,325.474
1784191500000,2026-07-16 08:45:00,76.18,76.31,76.16,76.28,677.946
1784191800000,2026-07-16 08:50:00,76.24,76.25,76.08,76.08,311.399
1784192100000,2026-07-16 08:55:00,76.07,76.13,76.04,76.13,1219.474
1784192400000,2026-07-16 09:00:00,76.16,76.26,76.16,76.21,517.255
1784192700000,2026-07-16 09:05:00,76.2,76.2,76.09,76.17,502.897
1784193000000,2026-07-16 09:10:00,76.19,76.24,76.17,76.18,542.584
1784193300000,2026-07-16 09:15:00,76.18,76.18,76.1,76.13,646.334
1784193600000,2026-07-16 09:20:00,76.13,76.18,76.1,76.12,766.678
1784193900000,2026-07-16 09:25:00,76.1,76.16,76.03,76.04,137.446
1784194200000,2026-07-16 09:30:00,76.08,76.18,76.03,76.14,463.343
1784194500000,2026-07-16 09:35:00,76.15,76.16,76.1,76.1,1129.932
1784194800000,2026-07-16 09:40:00,76.09,76.16,76.08,76.16,80.818
1784195100000,2026-07-16 09:45:00,76.12,76.12,76.04,76.05,275.79
1784195400000,2026-07-16 09:50:00,76.05,76.11,76.01,76.01,405.13
1784195700000,2026-07-16 09:55:00,76.05,76.06,76.01,76.03,331.003
1784196000000,2026-07-16 10:00:00,76.02,76.11,76.02,76.04,510.967
1784196300000,2026-07-16 10:05:00,76.09,76.23,76.09,76.23,319.341
1784196600000,2026-07-16 10:10:00,76.22,76.22,76.15,76.17,17.291
1784196900000,2026-07-16 10:15:00,76.16,76.29,76.16,76.27,329.628
1784197200000,2026-07-16 10:20:00,76.3,76.3,76.22,76.23,6.624
1784197500000,2026-07-16 10:25:00,76.22,76.27,76.19,76.26,275.08
1784197800000,2026-07-16 10:30:00,76.27,76.34,76.27,76.32,72.494
1784198100000,2026-07-16 10:35:00,76.35,76.35,76.2,76.22,73.445
1784198400000,2026-07-16 10:40:00,76.22,76.24,76.21,76.21,258.866
1784198700000,2026-07-16 10:45:00,76.2,76.21,76.15,76.17,12.653
1784199000000,2026-07-16 10:50:00,76.16,76.2,76.16,76.2,6.283
1784199300000,2026-07-16 10:55:00,76.2,76.21,76.17,76.19,31.629
1784199600000,2026-07-16 11:00:00,76.21,76.21,76.1,76.12,125.397
1784199900000,2026-07-16 11:05:00,76.11,76.11,76.06,76.11,56.137
1784200200000,2026-07-16 11:10:00,76.11,76.23,76.08,76.19,157.737
1784200500000,2026-07-16 11:15:00,76.18,76.23,76.06,76.1,617.737
1784200800000,2026-07-16 11:20:00,76.1,76.24,76.1,76.24,259.41
1784201100000,2026-07-16 11:25:00,76.24,76.24,76.08,76.1,81.147
1784201400000,2026-07-16 11:30:00,76.09,76.11,76.06,76.06,211.473
1784201700000,2026-07-16 11:35:00,76.07,76.15,76.07,76.13,191.71
1784202000000,2026-07-16 11:40:00,76.16,76.26,76.15,76.25,313.512
1784202300000,2026-07-16 11:45:00,76.24,76.27,76.06,76.06,243.645
1784202600000,2026-07-16 11:50:00,76.06,76.21,76.05,76.19,838.895
1784202900000,2026-07-16 11:55:00,76.2,76.29,76.2,76.28,228.932
1784203200000,2026-07-16 12:00:00,76.28,76.28,76.2,76.2,78.949
1784203500000,2026-07-16 12:05:00,76.2,76.2,76.13,76.17,362.516
1784203800000,2026-07-16 12:10:00,76.18,76.18,76.12,76.12,35.171
1784204100000,2026-07-16 12:15:00,76.13,76.13,76.08,76.08,421.485
1784204400000,2026-07-16 12:20:00,76.09,76.14,76.08,76.09,480.994
1784204700000,2026-07-16 12:25:00,76.08,76.21,76.07,76.2,39.559
1784205000000,2026-07-16 12:30:00,76.23,76.28,76.09,76.15,629.129
1784205300000,2026-07-16 12:35:00,76.14,76.15,75.84,75.85,775.332
1784205600000,2026-07-16 12:40:00,75.83,75.87,75.7,75.8,716.711
1784205900000,2026-07-16 12:45:00,75.79,75.93,75.75,75.91,627.424
1784206200000,2026-07-16 12:50:00,75.9,76.01,75.89,75.98,350.728
1784206500000,2026-07-16 12:55:00,75.93,75.98,75.92,75.93,799.124
1784206800000,2026-07-16 13:00:00,75.92,76.0,75.92,75.94,1291.567
1784207100000,2026-07-16 13:05:00,75.95,76.04,75.95,76.04,443.355
1784207400000,2026-07-16 13:10:00,76.04,76.14,76.03,76.12,326.688
1784207700000,2026-07-16 13:15:00,76.11,76.18,76.11,76.18,53.046
1784208000000,2026-07-16 13:20:00,76.2,76.33,76.19,76.3,360.901
1784208300000,2026-07-16 13:25:00,76.34,76.41,76.34,76.4,147.527
1784208600000,2026-07-16 13:30:00,76.41,76.56,76.41,76.42,1911.649
1784208900000,2026-07-16 13:35:00,76.42,76.6,76.37,76.48,1139.49
1784209200000,2026-07-16 13:40:00,76.48,76.61,76.29,76.3,1530.661
1784209500000,2026-07-16 13:45:00,76.29,76.39,76.14,76.22,1305.864
1784209800000,2026-07-16 13:50:00,76.26,76.42,76.26,76.34,1374.62
1784210100000,2026-07-16 13:55:00,76.33,76.38,76.24,76.35,737.651
1784210400000,2026-07-16 14:00:00,76.34,76.54,76.34,76.41,1159.876
1784210700000,2026-07-16 14:05:00,76.4,76.67,76.4,76.64,1095.992
1784211000000,2026-07-16 14:10:00,76.67,76.77,76.58,76.67,671.616
1784211300000,2026-07-16 14:15:00,76.66,76.74,76.59,76.67,1411.705
1784211600000,2026-07-16 14:20:00,76.68,76.68,76.5,76.51,327.669
1784211900000,2026-07-16 14:25:00,76.5,76.71,76.45,76.63,1244.588
1784212200000,2026-07-16 14:30:00,76.64,76.7,76.55,76.65,1219.995
1784212500000,2026-07-16 14:35:00,76.64,76.74,76.57,76.59,500.115
1784212800000,2026-07-16 14:40:00,76.6,76.65,76.56,76.65,309.343
1784213100000,2026-07-16 14:45:00,76.66,76.68,76.59,76.66,416.973
1784213400000,2026-07-16 14:50:00,76.66,76.66,76.46,76.46,501.834
1784213700000,2026-07-16 14:55:00,76.46,76.48,76.25,76.48,1372.617
1784214000000,2026-07-16 15:00:00,76.46,76.46,76.26,76.28,425.847
1784214300000,2026-07-16 15:05:00,76.25,76.25,76.16,76.23,510.888
1784214600000,2026-07-16 15:10:00,76.25,76.31,76.0,76.04,1172.842
1784214900000,2026-07-16 15:15:00,76.05,76.23,76.02,76.17,1453.139
1784215200000,2026-07-16 15:20:00,76.15,76.41,76.14,76.4,1316.983
1784215500000,2026-07-16 15:25:00,76.4,76.76,76.38,76.73,1388.538
1784215800000,2026-07-16 15:30:00,76.72,76.81,76.66,76.73,1014.174
1784216100000,2026-07-16 15:35:00,76.74,76.75,76.62,76.72,636.433
1784216400000,2026-07-16 15:40:00,76.72,76.72,76.52,76.56,537.597
1784216700000,2026-07-16 15:45:00,76.57,76.78,76.52,76.77,627.034
1784217000000,2026-07-16 15:50:00,76.77,76.84,76.68,76.73,443.941
1784217300000,2026-07-16 15:55:00,76.68,76.68,76.57,76.62,538.531
1784217600000,2026-07-16 16:00:00,76.63,76.63,76.47,76.52,1846.502
1784217900000,2026-07-16 16:05:00,76.51,76.51,76.4,76.45,863.746
1784218200000,2026-07-16 16:10:00,76.46,76.46,76.24,76.33,861.472
1784218500000,2026-07-16 16:15:00,76.31,76.41,76.3,76.35,621.888
1784218800000,2026-07-16 16:20:00,76.35,76.35,76.2,76.3,441.745
1784219100000,2026-07-16 16:25:00,76.28,76.42,76.27,76.36,500.68
1784219400000,2026-07-16 16:30:00,76.37,76.51,76.37,76.39,559.516
1784219700000,2026-07-16 16:35:00,76.39,76.43,76.16,76.18,762.655
1784220000000,2026-07-16 16:40:00,76.19,76.28,76.13,76.16,354.411
1784220300000,2026-07-16 16:45:00,76.17,76.23,76.11,76.23,283.897
1784220600000,2026-07-16 16:50:00,76.22,76.31,76.21,76.26,281.067
1784220900000,2026-07-16 16:55:00,76.25,76.35,76.24,76.28,743.398
1784221200000,2026-07-16 17:00:00,76.27,76.27,76.09,76.15,967.96
1784221500000,2026-07-16 17:05:00,76.11,76.17,76.0,76.08,744.522
1784221800000,2026-07-16 17:10:00,76.06,76.07,75.85,75.85,1182.928
1784222100000,2026-07-16 17:15:00,75.85,75.95,75.81,75.94,896.074
1784222400000,2026-07-16 17:20:00,75.98,75.98,75.88,75.93,511.619
1784222700000,2026-07-16 17:25:00,75.94,75.94,75.73,75.87,711.725
1784223000000,2026-07-16 17:30:00,75.86,75.96,75.86,75.95,148.081
1784223300000,2026-07-16 17:35:00,75.95,76.03,75.94,76.0,1268.053
1784223600000,2026-07-16 17:40:00,75.94,75.95,75.81,75.81,1096.324
1784223900000,2026-07-16 17:45:00,75.85,75.91,75.78,75.87,420.96
1784224200000,2026-07-16 17:50:00,75.88,75.89,75.54,75.62,1446.684
1784224500000,2026-07-16 17:55:00,75.63,75.63,75.42,75.6,1291.341
1784224800000,2026-07-16 18:00:00,75.6,75.71,75.52,75.58,1085.668
1784225100000,2026-07-16 18:05:00,75.58,75.74,75.55,75.74,320.884
1784225400000,2026-07-16 18:10:00,75.76,75.85,75.69,75.71,960.304
1784225700000,2026-07-16 18:15:00,75.72,75.82,75.68,75.82,474.192
1784226000000,2026-07-16 18:20:00,75.83,75.9,75.78,75.89,507.266
1784226300000,2026-07-16 18:25:00,75.88,75.92,75.83,75.85,552.138
1784226600000,2026-07-16 18:30:00,75.82,75.82,75.54,75.55,595.498
1784226900000,2026-07-16 18:35:00,75.56,75.56,75.45,75.49,803.229
1784227200000,2026-07-16 18:40:00,75.51,75.55,75.44,75.53,662.005
1784227500000,2026-07-16 18:45:00,75.53,75.66,75.53,75.65,285.534
1784227800000,2026-07-16 18:50:00,75.66,75.73,75.64,75.67,10010.635
1784228100000,2026-07-16 18:55:00,75.66,75.76,75.63,75.75,13387.814
1784228400000,2026-07-16 19:00:00,75.75,75.84,75.74,75.83,10074.761
1784228700000,2026-07-16 19:05:00,75.8,75.83,75.65,75.71,1482.593
1784229000000,2026-07-16 19:10:00,75.72,75.74,75.65,75.69,499.712
1784229300000,2026-07-16 19:15:00,75.67,75.73,75.62,75.68,893.758
1784229600000,2026-07-16 19:20:00,75.7,75.74,75.66,75.69,254.967
1784229900000,2026-07-16 19:25:00,75.71,75.8,75.66,75.8,312.287
1784230200000,2026-07-16 19:30:00,75.8,75.89,75.79,75.84,375.462
1784230500000,2026-07-16 19:35:00,75.86,75.86,75.84,75.86,16.187
1784230800000,2026-07-16 19:40:00,75.86,75.86,75.84,75.85,3.406
1784231100000,2026-07-16 19:45:00,75.84,75.85,75.83,75.85,3941.006
1784231400000,2026-07-16 19:50:00,75.83,75.86,75.83,75.83,212.84
1784231700000,2026-07-16 19:55:00,75.86,75.86,75.83,75.86,5.08
1784232000000,2026-07-16 20:00:00,75.83,75.86,75.83,75.86,146.108
1784232300000,2026-07-16 20:05:00,75.86,75.86,75.61,75.77,1486.494
1784232600000,2026-07-16 20:10:00,75.76,75.78,75.73,75.76,598.483
1784232900000,2026-07-16 20:15:00,75.76,75.84,75.72,75.82,152.185
1784233200000,2026-07-16 20:20:00,75.83,75.88,75.82,75.82,298.927
1784233500000,2026-07-16 20:25:00,75.81,75.85,75.78,75.82,5.116
1784233800000,2026-07-16 20:30:00,75.83,75.9,75.77,75.87,243.097
1784234100000,2026-07-16 20:35:00,75.86,75.89,75.79,75.8,321.96
1784234400000,2026-07-16 20:40:00,75.8,75.81,75.74,75.77,266.591
1784234700000,2026-07-16 20:45:00,75.8,75.81,75.75,75.8,137.562
1784235000000,2026-07-16 20:50:00,75.8,75.81,75.75,75.8,251.884
1784235300000,2026-07-16 20:55:00,75.78,75.87,75.78,75.8,402.292
1784235600000,2026-07-16 21:00:00,75.8,75.87,75.77,75.87,152.904
1784235900000,2026-07-16 21:05:00,75.88,75.99,75.87,75.93,295.075
1784236200000,2026-07-16 21:10:00,75.93,76.0,75.9,75.98,160.637
1784236500000,2026-07-16 21:15:00,76.0,76.01,75.98,76.0,4.213
1784236800000,2026-07-16 21:20:00,76.01,76.02,75.89,75.92,87.026
1784237100000,2026-07-16 21:25:00,75.9,75.93,75.89,75.91,10.594
1784237400000,2026-07-16 21:30:00,75.91,75.95,75.87,75.94,181.696
1784237700000,2026-07-16 21:35:00,75.94,76.08,75.94,75.98,594.032
1784238000000,2026-07-16 21:40:00,75.98,76.02,75.96,75.97,138.523
1784238300000,2026-07-16 21:45:00,75.97,75.98,75.93,75.93,139.544
1784238600000,2026-07-16 21:50:00,75.94,76.02,75.93,75.94,244.023
1784238900000,2026-07-16 21:55:00,75.95,75.95,75.9,75.94,206.178
1784239200000,2026-07-16 22:00:00,75.94,76.04,75.94,76.02,422.79
1784239500000,2026-07-16 22:05:00,76.0,76.03,75.95,76.03,52.819
1784239800000,2026-07-16 22:10:00,76.01,76.02,75.92,75.96,299.211
1784240100000,2026-07-16 22:15:00,75.95,75.97,75.89,75.89,35.666
1784240400000,2026-07-16 22:20:00,75.88,75.89,75.72,75.72,285.946
1784240700000,2026-07-16 22:25:00,75.72,75.72,75.57,75.58,436.689
1784241000000,2026-07-16 22:30:00,75.59,75.78,75.57,75.7,574.262
1784241300000,2026-07-16 22:35:00,75.71,75.78,75.67,75.74,140.944
1784241600000,2026-07-16 22:40:00,75.75,75.75,75.57,75.63,481.493
1784241900000,2026-07-16 22:45:00,75.63,75.66,75.55,75.55,480.344
1784242200000,2026-07-16 22:50:00,75.55,75.56,75.42,75.43,257.254
1784242500000,2026-07-16 22:55:00,75.44,75.45,75.26,75.35,1482.691
1784242800000,2026-07-16 23:00:00,75.33,75.41,75.27,75.29,534.788
1784243100000,2026-07-16 23:05:00,75.3,75.33,75.26,75.26,99.964
1784243400000,2026-07-16 23:10:00,75.25,75.37,75.24,75.36,305.72
1784243700000,2026-07-16 23:15:00,75.36,75.38,75.22,75.22,838.617
1784244000000,2026-07-16 23:20:00,75.22,75.23,75.04,75.06,651.284
1784244300000,2026-07-16 23:25:00,75.07,75.21,75.07,75.16,914.723
1784244600000,2026-07-16 23:30:00,75.16,75.23,75.12,75.21,587.871
1784244900000,2026-07-16 23:35:00,75.2,75.21,75.14,75.21,156.661
1784245200000,2026-07-16 23:40:00,75.21,75.3,75.2,75.3,453.514
1784245500000,2026-07-16 23:45:00,75.29,75.32,75.22,75.27,975.99
1784245800000,2026-07-16 23:50:00,75.27,75.37,75.26,75.37,584.576
1784246100000,2026-07-16 23:55:00,75.39,75.39,75.3,75.3,729.519
1784246400000,2026-07-17 00:00:00,75.32,75.39,75.28,75.35,771.753
1784246700000,2026-07-17 00:05:00,75.32,75.32,75.24,75.24,590.388
1784247000000,2026-07-17 00:10:00,75.25,75.35,75.22,75.22,1077.456
1784247300000,2026-07-17 00:15:00,75.26,75.45,75.25,75.35,1680.473
1784247600000,2026-07-17 00:20:00,75.37,75.4,75.3,75.36,1036.623
1784247900000,2026-07-17 00:25:00,75.36,75.36,75.31,75.31,38.902
1784248200000,2026-07-17 00:30:00,75.32,75.33,75.13,75.13,1266.384
1784248500000,2026-07-17 00:35:00,75.17,75.31,75.03,75.19,2095.881
1784248800000,2026-07-17 00:40:00,75.2,75.3,75.2,75.29,565.859
1784249100000,2026-07-17 00:45:00,75.3,75.42,75.3,75.41,332.33
1784249400000,2026-07-17 00:50:00,75.41,75.52,75.41,75.5,945.049
1784249700000,2026-07-17 00:55:00,75.51,75.55,75.44,75.55,1204.682
1784250000000,2026-07-17 01:00:00,75.56,75.69,75.53,75.59,1364.001
1784250300000,2026-07-17 01:05:00,75.59,75.72,75.56,75.69,247.124
1784250600000,2026-07-17 01:10:00,75.7,75.73,75.62,75.71,307.609
1784250900000,2026-07-17 01:15:00,75.69,75.73,75.54,75.55,451.837
1784251200000,2026-07-17 01:20:00,75.53,75.53,75.46,75.5,364.528
1784251500000,2026-07-17 01:25:00,75.5,75.67,75.5,75.67,656.845
1784251800000,2026-07-17 01:30:00,75.68,75.68,75.52,75.53,1900.207
1784252100000,2026-07-17 01:35:00,75.53,75.54,75.41,75.45,847.109
1784252400000,2026-07-17 01:40:00,75.45,75.45,75.28,75.29,459.081
1784252700000,2026-07-17 01:45:00,75.28,75.29,75.06,75.16,810.844
1784253000000,2026-07-17 01:50:00,75.16,75.17,74.99,74.99,863.328
1784253300000,2026-07-17 01:55:00,74.99,75.12,74.98,75.1,616.19
1784253600000,2026-07-17 02:00:00,75.1,75.19,75.06,75.14,1416.252
1784253900000,2026-07-17 02:05:00,75.2,75.23,75.07,75.07,393.571
1784254200000,2026-07-17 02:10:00,75.0,75.21,74.95,75.2,766.015
1784254500000,2026-07-17 02:15:00,75.22,75.27,75.18,75.24,301.022
1784254800000,2026-07-17 02:20:00,75.23,75.24,75.07,75.08,658.164
1784255100000,2026-07-17 02:25:00,75.08,75.2,75.08,75.13,711.98
1784255400000,2026-07-17 02:30:00,75.13,75.14,75.0,75.02,247.18
1784255700000,2026-07-17 02:35:00,75.02,75.04,74.85,74.87,505.703
1784256000000,2026-07-17 02:40:00,74.87,74.92,74.79,74.89,938.718
1784256300000,2026-07-17 02:45:00,74.88,74.93,74.85,74.9,174.854
1784256600000,2026-07-17 02:50:00,74.9,74.94,74.85,74.87,276.256
1784256900000,2026-07-17 02:55:00,74.87,75.0,74.86,75.0,190.132
1784257200000,2026-07-17 03:00:00,75.0,75.14,74.99,75.13,506.086
1784257500000,2026-07-17 03:05:00,75.14,75.29,75.13,75.21,445.171
1784257800000,2026-07-17 03:10:00,75.19,75.23,75.16,75.23,135.619
1784258100000,2026-07-17 03:15:00,75.23,75.39,75.22,75.39,555.094
1784258400000,2026-07-17 03:20:00,75.39,75.42,75.35,75.36,117.616
1784258700000,2026-07-17 03:25:00,75.37,75.44,75.35,75.39,517.757
1784259000000,2026-07-17 03:30:00,75.38,75.4,75.32,75.4,627.569
1784259300000,2026-07-17 03:35:00,75.4,75.4,75.33,75.33,444.916
1784259600000,2026-07-17 03:40:00,75.33,75.33,75.25,75.3,241.181
1784259900000,2026-07-17 03:45:00,75.3,75.31,75.21,75.22,213.713
1784260200000,2026-07-17 03:50:00,75.22,75.26,75.17,75.26,312.563
1784260500000,2026-07-17 03:55:00,75.25,75.26,75.22,75.23,117.331
1784260800000,2026-07-17 04:00:00,75.23,75.23,75.09,75.13,631.006
1784261100000,2026-07-17 04:05:00,75.12,75.17,75.1,75.12,177.047
1784261400000,2026-07-17 04:10:00,75.12,75.15,75.07,75.08,437.045
1784261700000,2026-07-17 04:15:00,75.09,75.14,74.85,74.85,834.437
1784262000000,2026-07-17 04:20:00,74.86,74.94,74.75,74.94,463.218
1784262300000,2026-07-17 04:25:00,74.95,74.97,74.88,74.93,306.474
1784262600000,2026-07-17 04:30:00,74.92,75.01,74.89,74.9,1198.498
1784262900000,2026-07-17 04:35:00,74.9,75.0,74.88,74.99,864.433
1784263200000,2026-07-17 04:40:00,74.99,75.17,74.95,75.15,813.075
1784263500000,2026-07-17 04:45:00,75.13,75.34,75.13,75.28,419.418
1784263800000,2026-07-17 04:50:00,75.26,75.29,75.25,75.26,334.189
1784264100000,2026-07-17 04:55:00,75.27,75.27,75.22,75.25,398.45
1784264400000,2026-07-17 05:00:00,75.25,75.25,75.07,75.18,595.313
1784264700000,2026-07-17 05:05:00,75.17,75.17,75.05,75.13,325.785
1784265000000,2026-07-17 05:10:00,75.16,75.2,75.11,75.16,393.683
1784265300000,2026-07-17 05:15:00,75.16,75.16,75.1,75.11,227.021
1784265600000,2026-07-17 05:20:00,75.1,75.1,75.01,75.02,143.577
1784265900000,2026-07-17 05:25:00,75.02,75.02,74.83,74.83,494.16
1784266200000,2026-07-17 05:30:00,74.83,74.91,74.77,74.78,1156.139
1784266500000,2026-07-17 05:35:00,74.78,74.91,74.7,74.78,2225.968
1784266800000,2026-07-17 05:40:00,74.78,74.8,74.67,74.72,928.198
1784267100000,2026-07-17 05:45:00,74.71,74.71,74.31,74.52,1648.494
1784267400000,2026-07-17 05:50:00,74.51,74.52,74.42,74.43,1073.181
1784267700000,2026-07-17 05:55:00,74.47,74.48,74.35,74.37,605.338
1784268000000,2026-07-17 06:00:00,74.39,74.54,74.31,74.52,1058.487
1784268300000,2026-07-17 06:05:00,74.53,74.63,74.44,74.44,911.521
1784268600000,2026-07-17 06:10:00,74.43,74.56,74.43,74.55,802.265
1784268900000,2026-07-17 06:15:00,74.55,74.56,74.46,74.54,427.178
1784269200000,2026-07-17 06:20:00,74.58,74.71,74.55,74.66,434.967
1784269500000,2026-07-17 06:25:00,74.66,74.73,74.65,74.72,274.666
1784269800000,2026-07-17 06:30:00,74.71,74.72,74.65,74.72,359.528
1784270100000,2026-07-17 06:35:00,74.72,74.74,74.69,74.74,45.173
1784270400000,2026-07-17 06:40:00,74.7,74.7,74.59,74.62,238.246
1784270700000,2026-07-17 06:45:00,74.61,74.61,74.56,74.59,217.299
1784271000000,2026-07-17 06:50:00,74.58,74.58,74.5,74.55,581.769
1784271300000,2026-07-17 06:55:00,74.56,74.61,74.52,74.59,178.502
1784271600000,2026-07-17 07:00:00,74.59,74.64,74.55,74.63,335.757
1784271900000,2026-07-17 07:05:00,74.63,74.63,74.55,74.58,97.187
1784272200000,2026-07-17 07:10:00,74.59,74.59,74.51,74.53,145.798
1784272500000,2026-07-17 07:15:00,74.54,74.55,74.49,74.52,84.615
1784272800000,2026-07-17 07:20:00,74.53,74.55,74.43,74.46,385.134
1784273100000,2026-07-17 07:25:00,74.46,74.56,74.46,74.56,2.826
1784273400000,2026-07-17 07:30:00,74.57,74.66,74.5,74.54,259.56
1784273700000,2026-07-17 07:35:00,74.54,74.56,74.46,74.55,341.293
1784274000000,2026-07-17 07:40:00,74.57,74.71,74.55,74.71,236.669
1784274300000,2026-07-17 07:45:00,74.72,74.72,74.61,74.64,491.562
1784274600000,2026-07-17 07:50:00,74.66,74.76,74.65,74.75,113.443
1784274900000,2026-07-17 07:55:00,74.73,74.73,74.6,74.61,149.702
1784275200000,2026-07-17 08:00:00,74.61,74.66,74.58,74.65,416.123
1784275500000,2026-07-17 08:05:00,74.65,74.66,74.58,74.59,1000.014
1784275800000,2026-07-17 08:10:00,74.59,74.64,74.54,74.64,42.738
1784276100000,2026-07-17 08:15:00,74.65,74.65,74.35,74.36,574.549
1784276400000,2026-07-17 08:20:00,74.37,74.54,74.36,74.51,264.281
1784276700000,2026-07-17 08:25:00,74.51,74.56,74.43,74.51,489.307
1784277000000,2026-07-17 08:30:00,74.52,74.52,74.37,74.38,1040.998
1784277300000,2026-07-17 08:35:00,74.36,74.39,74.22,74.25,1013.821
1784277600000,2026-07-17 08:40:00,74.28,74.47,74.28,74.47,1690.713
1784277900000,2026-07-17 08:45:00,74.49,74.55,74.47,74.52,350.337
1784278200000,2026-07-17 08:50:00,74.53,74.56,74.49,74.52,166.592
1784278500000,2026-07-17 08:55:00,74.51,74.63,74.5,74.51,570.332
1784278800000,2026-07-17 09:00:00,74.52,74.59,74.47,74.49,487.373
1784279100000,2026-07-17 09:05:00,74.49,74.56,74.48,74.5,353.49
1784279400000,2026-07-17 09:10:00,74.51,74.64,74.51,74.64,80.181
1784279700000,2026-07-17 09:15:00,74.64,74.64,74.51,74.55,275.911
1784280000000,2026-07-17 09:20:00,74.56,74.67,74.56,74.66,515.92
1784280300000,2026-07-17 09:25:00,74.66,74.7,74.66,74.69,112.288
1784280600000,2026-07-17 09:30:00,74.68,74.74,74.64,74.64,298.1
1784280900000,2026-07-17 09:35:00,74.64,74.75,74.64,74.75,315.502
1784281200000,2026-07-17 09:40:00,74.76,74.81,74.73,74.77,95.149
1784281500000,2026-07-17 09:45:00,74.78,74.78,74.69,74.69,293.779
1784281800000,2026-07-17 09:50:00,74.67,74.75,74.67,74.75,122.836
1784282100000,2026-07-17 09:55:00,74.74,74.74,74.62,74.65,428.717
1784282400000,2026-07-17 10:00:00,74.66,74.77,74.63,74.71,1197.496
1784282700000,2026-07-17 10:05:00,74.74,74.79,74.72,74.73,415.295
1784283000000,2026-07-17 10:10:00,74.77,74.83,74.68,74.82,795.33
1784283300000,2026-07-17 10:15:00,74.83,74.83,74.78,74.78,381.277
1784283600000,2026-07-17 10:20:00,74.77,74.79,74.71,74.75,184.644
1784283900000,2026-07-17 10:25:00,74.75,74.78,74.7,74.75,276.384
1784284200000,2026-07-17 10:30:00,74.75,74.8,74.72,74.8,817.425
1784284500000,2026-07-17 10:35:00,74.79,74.83,74.78,74.83,99.788
1784284800000,2026-07-17 10:40:00,74.81,74.84,74.79,74.81,112.923
1784285100000,2026-07-17 10:45:00,74.82,74.88,74.79,74.83,713.37
1784285400000,2026-07-17 10:50:00,74.82,74.86,74.79,74.86,140.794
1784285700000,2026-07-17 10:55:00,74.86,74.87,74.79,74.79,689.153
1784286000000,2026-07-17 11:00:00,74.8,74.81,74.75,74.76,551.244
1784286300000,2026-07-17 11:05:00,74.75,74.77,74.71,74.72,326.747
1784286600000,2026-07-17 11:10:00,74.72,74.75,74.7,74.7,101.347
1784286900000,2026-07-17 11:15:00,74.69,74.75,74.65,74.74,911.784
1784287200000,2026-07-17 11:20:00,74.75,74.79,74.73,74.76,241.238
1784287500000,2026-07-17 11:25:00,74.75,74.84,74.75,74.81,512.088
1784287800000,2026-07-17 11:30:00,74.8,74.9,74.75,74.89,446.616
1784288100000,2026-07-17 11:35:00,74.9,75.0,74.86,75.0,1517.967
1784288400000,2026-07-17 11:40:00,75.0,75.0,74.89,74.91,179.45
1784288700000,2026-07-17 11:45:00,74.92,74.95,74.85,74.85,317.265
1784289000000,2026-07-17 11:50:00,74.85,74.9,74.83,74.9,815.361
1784289300000,2026-07-17 11:55:00,74.9,74.92,74.87,74.87,437.025
1784289600000,2026-07-17 12:00:00,74.86,74.88,74.8,74.8,688.668
1784289900000,2026-07-17 12:05:00,74.79,74.8,74.7,74.71,287.671
1784290200000,2026-07-17 12:10:00,74.71,74.74,74.68,74.69,78.021
1784290500000,2026-07-17 12:15:00,74.7,74.8,74.7,74.7,546.78
1784290800000,2026-07-17 12:20:00,74.7,74.79,74.68,74.78,269.926
1784291100000,2026-07-17 12:25:00,74.79,74.79,74.62,74.64,629.136
1784291400000,2026-07-17 12:30:00,74.64,74.65,74.61,74.62,305.964
1784291700000,2026-07-17 12:35:00,74.61,74.62,74.54,74.55,230.59
1784292000000,2026-07-17 12:40:00,74.55,74.56,74.39,74.47,565.454
1784292300000,2026-07-17 12:45:00,74.45,74.49,74.39,74.39,1020.918
1784292600000,2026-07-17 12:50:00,74.4,74.48,74.38,74.45,206.003
1784292900000,2026-07-17 12:55:00,74.48,74.5,74.39,74.4,142.578
1784293200000,2026-07-17 13:00:00,74.38,74.39,74.27,74.28,539.157
1784293500000,2026-07-17 13:05:00,74.29,74.29,73.73,73.84,1452.476
1784293800000,2026-07-17 13:10:00,73.84,73.87,73.6,73.73,1832.626
1784294100000,2026-07-17 13:15:00,73.73,73.8,73.64,73.74,2130.907
1784294400000,2026-07-17 13:20:00,73.74,73.91,73.74,73.78,715.006
1784294700000,2026-07-17 13:25:00,73.78,73.87,73.71,73.84,1053.194
1784295000000,2026-07-17 13:30:00,73.85,73.96,73.72,73.72,2094.155
1784295300000,2026-07-17 13:35:00,73.72,73.75,73.41,73.47,2359.974
1784295600000,2026-07-17 13:40:00,73.47,73.68,73.46,73.51,1826.617
1784295900000,2026-07-17 13:45:00,73.52,73.94,73.47,73.92,2615.643
1784296200000,2026-07-17 13:50:00,73.88,74.01,73.87,73.95,1347.816
1784296500000,2026-07-17 13:55:00,73.95,74.33,73.91,74.33,1103.428
1784296800000,2026-07-17 14:00:00,74.33,74.5,74.33,74.42,1732.005
1784297100000,2026-07-17 14:05:00,74.42,74.7,74.41,74.63,1332.401
1784297400000,2026-07-17 14:10:00,74.63,74.81,74.54,74.62,2030.037
1784297700000,2026-07-17 14:15:00,74.6,74.71,74.53,74.56,1425.927
1784298000000,2026-07-17 14:20:00,74.56,74.59,74.48,74.53,785.5
1784298300000,2026-07-17 14:25:00,74.52,74.61,74.43,74.45,1300.14
1784298600000,2026-07-17 14:30:00,74.47,74.47,74.13,74.32,1742.721
1784298900000,2026-07-17 14:35:00,74.32,74.56,74.31,74.56,1729.849
1784299200000,2026-07-17 14:40:00,74.58,74.59,74.44,74.44,696.125
1784299500000,2026-07-17 14:45:00,74.43,74.43,74.3,74.3,1100.562
1784299800000,2026-07-17 14:50:00,74.3,74.36,74.23,74.3,644.404
1784300100000,2026-07-17 14:55:00,74.3,74.39,74.28,74.33,1045.342
1784300400000,2026-07-17 15:00:00,74.33,74.33,74.19,74.25,1200.176
1784300700000,2026-07-17 15:05:00,74.23,74.24,73.96,74.11,2318.687
1784301000000,2026-07-17 15:10:00,74.13,74.16,73.92,73.99,1537.54
1784301300000,2026-07-17 15:15:00,73.99,74.03,73.92,73.92,731.108
1784301600000,2026-07-17 15:20:00,73.92,74.1,73.84,74.04,1560.281
1784301900000,2026-07-17 15:25:00,74.05,74.26,74.05,74.24,1027.708
1784302200000,2026-07-17 15:30:00,74.25,74.41,74.2,74.36,1972.623
1784302500000,2026-07-17 15:35:00,74.36,74.51,74.31,74.5,544.606
1784302800000,2026-07-17 15:40:00,74.51,74.52,74.36,74.44,898.739
1784303100000,2026-07-17 15:45:00,74.45,74.47,74.38,74.46,2050.594
1784303400000,2026-07-17 15:50:00,74.46,74.61,74.46,74.61,1079.741
1784303700000,2026-07-17 15:55:00,74.6,74.78,74.6,74.78,564.971
1784304000000,2026-07-17 16:00:00,74.78,74.89,74.77,74.8,1173.978
1784304300000,2026-07-17 16:05:00,74.8,74.83,74.69,74.81,1373.785
1784304600000,2026-07-17 16:10:00,74.81,74.94,74.78,74.81,1094.52
1784304900000,2026-07-17 16:15:00,74.81,74.92,74.75,74.92,493.989
1784305200000,2026-07-17 16:20:00,74.89,74.9,74.63,74.66,708.705
1784305500000,2026-07-17 16:25:00,74.65,74.84,74.65,74.82,494.451
1784305800000,2026-07-17 16:30:00,74.83,74.86,74.78,74.8,498.324
1784306100000,2026-07-17 16:35:00,74.8,74.92,74.78,74.91,314.199
1784306400000,2026-07-17 16:40:00,74.91,75.07,74.86,75.04,642.573
1784306700000,2026-07-17 16:45:00,75.05,75.09,74.91,74.99,1060.502
1784307000000,2026-07-17 16:50:00,75.01,75.06,74.95,74.97,454.0
1784307300000,2026-07-17 16:55:00,75.0,75.02,74.93,74.94,190.213
1784307600000,2026-07-17 17:00:00,74.94,75.08,74.94,75.02,891.92
1784307900000,2026-07-17 17:05:00,75.01,75.49,75.01,75.49,1491.034
1784308200000,2026-07-17 17:10:00,75.49,75.59,75.32,75.33,1314.143
1784308500000,2026-07-17 17:15:00,75.34,75.42,75.25,75.25,1871.206
1784308800000,2026-07-17 17:20:00,75.26,75.29,75.19,75.21,611.489
1784309100000,2026-07-17 17:25:00,75.21,75.38,75.21,75.29,1316.184
1784309400000,2026-07-17 17:30:00,75.29,75.34,75.25,75.26,922.423
1784309700000,2026-07-17 17:35:00,75.27,75.28,75.17,75.27,318.521
1784310000000,2026-07-17 17:40:00,75.26,75.26,75.18,75.22,163.348
1784310300000,2026-07-17 17:45:00,75.21,75.35,75.2,75.3,1206.061
1784310600000,2026-07-17 17:50:00,75.31,75.31,75.2,75.21,320.099
1784310900000,2026-07-17 17:55:00,75.2,75.26,75.2,75.26,348.182
1784311200000,2026-07-17 18:00:00,75.24,75.32,75.22,75.25,867.489
1784311500000,2026-07-17 18:05:00,75.24,75.28,75.16,75.21,1551.28
1784311800000,2026-07-17 18:10:00,75.22,75.28,75.19,75.28,604.047
1784312100000,2026-07-17 18:15:00,75.24,75.24,75.05,75.08,1038.236
1784312400000,2026-07-17 18:20:00,75.09,75.1,75.02,75.06,291.551
1784312700000,2026-07-17 18:25:00,75.05,75.12,75.02,75.11,170.436
1784313000000,2026-07-17 18:30:00,75.12,75.19,75.0,75.05,691.307
1784313300000,2026-07-17 18:35:00,75.07,75.07,75.0,75.04,223.128
1784313600000,2026-07-17 18:40:00,75.05,75.08,74.99,75.08,511.234
1784313900000,2026-07-17 18:45:00,75.08,75.33,75.08,75.3,575.82
1784314200000,2026-07-17 18:50:00,75.28,75.38,75.23,75.34,953.115
1784314500000,2026-07-17 18:55:00,75.37,75.38,75.29,75.34,812.379
1784314800000,2026-07-17 19:00:00,75.32,75.37,75.27,75.31,742.707
1784315100000,2026-07-17 19:05:00,75.29,75.3,75.23,75.24,288.226
1784315400000,2026-07-17 19:10:00,75.23,75.24,75.08,75.08,449.128
1784315700000,2026-07-17 19:15:00,75.09,75.21,75.08,75.21,95.611
1784316000000,2026-07-17 19:20:00,75.06,75.21,74.91,74.92,341.432
1784316300000,2026-07-17 19:25:00,74.92,75.06,74.89,75.05,324.194
1784316600000,2026-07-17 19:30:00,75.06,75.12,75.04,75.08,920.619
1784316900000,2026-07-17 19:35:00,75.07,75.17,75.06,75.13,532.906
1784317200000,2026-07-17 19:40:00,75.13,75.19,75.09,75.18,168.146
1784317500000,2026-07-17 19:45:00,75.18,75.22,75.15,75.21,515.387
1784317800000,2026-07-17 19:50:00,75.2,75.22,75.11,75.12,437.932
1784318100000,2026-07-17 19:55:00,75.13,75.26,75.12,75.26,472.754
1784318400000,2026-07-17 20:00:00,75.24,75.24,74.99,74.99,1015.407
1784318700000,2026-07-17 20:05:00,75.0,75.02,74.94,74.97,593.159
1784319000000,2026-07-17 20:10:00,74.96,75.03,74.96,75.02,96.776
1784319300000,2026-07-17 20:15:00,75.0,75.04,74.98,75.03,86.355
1784319600000,2026-07-17 20:20:00,75.04,75.08,75.01,75.03,234.237
1784319900000,2026-07-17 20:25:00,75.05,75.09,75.05,75.08,229.525
1784320200000,2026-07-17 20:30:00,75.08,75.08,75.0,75.03,961.435
1784320500000,2026-07-17 20:35:00,75.03,75.03,74.97,74.97,228.961
1784320800000,2026-07-17 20:40:00,74.97,75.03,74.9,75.03,854.842
1784321100000,2026-07-17 20:45:00,75.03,75.1,74.96,74.96,288.22
1784321400000,2026-07-17 20:50:00,74.96,75.11,74.96,75.11,54.26
1784321700000,2026-07-17 20:55:00,75.11,75.16,75.1,75.1,181.22
1784322000000,2026-07-17 21:00:00,75.11,75.24,75.11,75.21,129.718
1784322300000,2026-07-17 21:05:00,75.21,75.21,75.17,75.18,308.829
1784322600000,2026-07-17 21:10:00,75.17,75.19,75.13,75.15,361.782
1784322900000,2026-07-17 21:15:00,75.15,75.21,75.14,75.15,818.89
1784323200000,2026-07-17 21:20:00,75.14,75.17,75.12,75.16,296.82
1784323500000,2026-07-17 21:25:00,75.15,75.19,75.11,75.16,410.738
1784323800000,2026-07-17 21:30:00,75.15,75.15,75.0,75.02,698.451
1784324100000,2026-07-17 21:35:00,75.0,75.05,74.98,75.03,91.517
1784324400000,2026-07-17 21:40:00,75.03,75.04,74.97,74.99,59.505
1784324700000,2026-07-17 21:45:00,74.98,75.03,74.97,75.02,200.701
1784325000000,2026-07-17 21:50:00,75.01,75.05,75.01,75.03,119.098
1784325300000,2026-07-17 21:55:00,75.03,75.06,75.02,75.02,22.985
1784325600000,2026-07-17 22:00:00,75.02,75.12,74.98,75.0,561.253
1784325900000,2026-07-17 22:05:00,75.0,75.03,74.95,74.95,345.083
1784326200000,2026-07-17 22:10:00,74.95,75.02,74.95,74.95,486.139
1784326500000,2026-07-17 22:15:00,74.96,74.96,74.84,74.89,645.597
1784326800000,2026-07-17 22:20:00,74.9,74.95,74.89,74.95,222.836
1784327100000,2026-07-17 22:25:00,74.94,74.98,74.9,74.92,179.778
1784327400000,2026-07-17 22:30:00,74.91,74.93,74.9,74.9,3.68
1784327700000,2026-07-17 22:35:00,74.9,74.93,74.89,74.93,2.848
1784328000000,2026-07-17 22:40:00,74.93,74.96,74.92,74.95,4.721
1784328300000,2026-07-17 22:45:00,74.94,75.0,74.94,74.99,117.085
1784328600000,2026-07-17 22:50:00,74.99,75.04,74.99,75.02,236.286
1784328900000,2026-07-17 22:55:00,75.02,75.03,75.01,75.02,2.695
1784329200000,2026-07-17 23:00:00,75.03,75.03,74.94,74.95,560.713
1784329500000,2026-07-17 23:05:00,74.96,74.96,74.9,74.92,34.447
1784329800000,2026-07-17 23:10:00,74.91,74.92,74.85,74.89,207.265
1784330100000,2026-07-17 23:15:00,74.91,74.95,74.91,74.95,158.212
1784330400000,2026-07-17 23:20:00,74.95,75.0,74.95,75.0,5.634
1784330700000,2026-07-17 23:25:00,75.0,75.04,74.99,75.04,43.775
1784331000000,2026-07-17 23:30:00,75.04,75.12,75.04,75.11,690.175
1784331300000,2026-07-17 23:35:00,75.13,75.14,75.09,75.09,128.633
1784331600000,2026-07-17 23:40:00,75.09,75.09,75.02,75.05,144.313
1784331900000,2026-07-17 23:45:00,75.03,75.06,75.01,75.03,195.173
1784332200000,2026-07-17 23:50:00,75.02,75.08,75.02,75.05,62.263
1784332500000,2026-07-17 23:55:00,75.06,75.09,75.03,75.03,237.046
1784332800000,2026-07-18 00:00:00,75.03,75.05,75.01,75.02,209.993
1784333100000,2026-07-18 00:05:00,75.01,75.07,74.99,75.06,144.127
1784333400000,2026-07-18 00:10:00,75.06,75.22,75.05,75.21,424.305
1784333700000,2026-07-18 00:15:00,75.21,75.27,75.2,75.27,162.309
1784334000000,2026-07-18 00:20:00,75.24,75.24,75.15,75.17,293.524
1784334300000,2026-07-18 00:25:00,75.17,75.22,75.17,75.21,443.949
1784334600000,2026-07-18 00:30:00,75.2,75.21,75.13,75.13,26.462
1784334900000,2026-07-18 00:35:00,75.13,75.16,75.11,75.12,875.051
1784335200000,2026-07-18 00:40:00,75.11,75.13,75.08,75.09,54.305
1784335500000,2026-07-18 00:45:00,75.09,75.15,75.09,75.15,446.942
1784335800000,2026-07-18 00:50:00,75.15,75.16,75.07,75.08,144.483
1784336100000,2026-07-18 00:55:00,75.08,75.1,75.08,75.09,61.956
1784336400000,2026-07-18 01:00:00,75.11,75.11,75.06,75.07,80.117
1784336700000,2026-07-18 01:05:00,75.07,75.12,75.06,75.1,433.184
1784337000000,2026-07-18 01:10:00,75.09,75.11,75.05,75.07,110.17
1784337300000,2026-07-18 01:15:00,75.08,75.11,75.06,75.06,55.715
1784337600000,2026-07-18 01:20:00,75.07,75.15,75.06,75.14,220.188
1784337900000,2026-07-18 01:25:00,75.14,75.22,75.13,75.22,149.388
1784338200000,2026-07-18 01:30:00,75.21,75.21,75.09,75.1,121.247
1784338500000,2026-07-18 01:35:00,75.11,75.16,75.09,75.15,271.842
1784338800000,2026-07-18 01:40:00,75.16,75.16,75.13,75.15,16.392
1784339100000,2026-07-18 01:45:00,75.16,75.22,75.15,75.21,206.191
1784339400000,2026-07-18 01:50:00,75.2,75.23,75.18,75.21,164.886
1784339700000,2026-07-18 01:55:00,75.22,75.24,75.22,75.22,100.425
1784340000000,2026-07-18 02:00:00,75.24,75.28,75.19,75.19,237.775
1784340300000,2026-07-18 02:05:00,75.19,75.21,75.15,75.21,130.692
1784340600000,2026-07-18 02:10:00,75.21,75.24,75.19,75.24,273.941
1784340900000,2026-07-18 02:15:00,75.25,75.34,75.25,75.3,23.677
1784341200000,2026-07-18 02:20:00,75.3,75.35,75.29,75.35,5.16
1784341500000,2026-07-18 02:25:00,75.34,75.36,75.33,75.34,6.606
1784341800000,2026-07-18 02:30:00,75.34,75.44,75.32,75.39,432.827
1784342100000,2026-07-18 02:35:00,75.38,75.44,75.36,75.38,95.294
1784342400000,2026-07-18 02:40:00,75.37,75.38,75.31,75.32,48.481
1784342700000,2026-07-18 02:45:00,75.31,75.31,75.27,75.27,346.454
1784343000000,2026-07-18 02:50:00,75.28,75.28,75.22,75.23,6.31
1784343300000,2026-07-18 02:55:00,75.24,75.26,75.22,75.23,82.187
1784343600000,2026-07-18 03:00:00,75.22,75.23,75.2,75.23,30.384
1784343900000,2026-07-18 03:05:00,75.24,75.29,75.23,75.29,45.184
1784344200000,2026-07-18 03:10:00,75.29,75.3,75.22,75.24,47.087
1784344500000,2026-07-18 03:15:00,75.23,75.27,75.23,75.26,4.518
1784344800000,2026-07-18 03:20:00,75.26,75.26,75.21,75.21,57.988
1784345100000,2026-07-18 03:25:00,75.21,75.22,75.16,75.16,122.575
1784345400000,2026-07-18 03:30:00,75.16,75.22,75.15,75.2,170.475
1784345700000,2026-07-18 03:35:00,75.19,75.22,75.19,75.2,7.131
1784346000000,2026-07-18 03:40:00,75.21,75.29,75.2,75.23,456.288
1784346300000,2026-07-18 03:45:00,75.24,75.25,75.23,75.24,14.615
1784346600000,2026-07-18 03:50:00,75.24,75.26,75.24,75.26,9.878
1784346900000,2026-07-18 03:55:00,75.26,75.38,75.26,75.38,137.067
1784347200000,2026-07-18 04:00:00,75.38,75.39,75.31,75.32,377.106
1784347500000,2026-07-18 04:05:00,75.33,75.33,75.28,75.28,10.208
1784347800000,2026-07-18 04:10:00,75.28,75.29,75.26,75.27,160.25
1784348100000,2026-07-18 04:15:00,75.25,75.25,75.18,75.18,82.234
1784348400000,2026-07-18 04:20:00,75.19,75.23,75.17,75.17,39.469
1784348700000,2026-07-18 04:25:00,75.18,75.24,75.18,75.23,98.334
1784349000000,2026-07-18 04:30:00,75.23,75.24,75.15,75.18,234.137
1784349300000,2026-07-18 04:35:00,75.18,75.18,75.09,75.09,140.116
1784349600000,2026-07-18 04:40:00,75.09,75.1,75.05,75.09,115.164
1784349900000,2026-07-18 04:45:00,75.08,75.1,75.08,75.09,8.361
1784350200000,2026-07-18 04:50:00,75.1,75.15,75.09,75.13,51.162
1784350500000,2026-07-18 04:55:00,75.14,75.14,75.11,75.11,24.867
1784350800000,2026-07-18 05:00:00,75.1,75.11,75.06,75.08,63.043
1784351100000,2026-07-18 05:05:00,75.1,75.1,75.07,75.08,234.809
1784351400000,2026-07-18 05:10:00,75.07,75.08,74.98,74.99,165.539
1784351700000,2026-07-18 05:15:00,74.99,74.99,74.96,74.96,571.034
1784352000000,2026-07-18 05:20:00,74.97,75.06,74.96,74.99,754.297
1784352300000,2026-07-18 05:25:00,75.02,75.07,75.01,75.03,120.617
1784352600000,2026-07-18 05:30:00,75.02,75.04,75.0,75.02,57.589
1784352900000,2026-07-18 05:35:00,75.01,75.04,74.97,74.97,345.173
1784353200000,2026-07-18 05:40:00,74.98,74.98,74.94,74.95,49.614
1784353500000,2026-07-18 05:45:00,74.94,75.0,74.94,74.96,129.479
1784353800000,2026-07-18 05:50:00,74.95,74.96,74.89,74.92,91.004
1784354100000,2026-07-18 05:55:00,74.89,74.91,74.87,74.91,151.394
1784354400000,2026-07-18 06:00:00,74.93,74.95,74.92,74.94,25.794
1784354700000,2026-07-18 06:05:00,74.95,74.98,74.94,74.98,139.078
1784355000000,2026-07-18 06:10:00,74.97,74.98,74.97,74.97,8.1
1784355300000,2026-07-18 06:15:00,74.98,75.04,74.97,75.03,268.026
1784355600000,2026-07-18 06:20:00,75.04,75.09,75.04,75.06,4.221
1784355900000,2026-07-18 06:25:00,75.05,75.07,75.04,75.05,151.184
1784356200000,2026-07-18 06:30:00,75.05,75.05,74.96,74.98,202.629
1784356500000,2026-07-18 06:35:00,74.97,75.01,74.97,75.01,43.452
1784356800000,2026-07-18 06:40:00,75.01,75.06,75.01,75.03,614.678
1784357100000,2026-07-18 06:45:00,75.03,75.08,75.03,75.05,176.901
1784357400000,2026-07-18 06:50:00,75.04,75.05,75.03,75.04,4.878
1784357700000,2026-07-18 06:55:00,75.04,75.04,74.98,74.99,282.46
1784358000000,2026-07-18 07:00:00,74.98,75.05,74.97,75.02,292.897
1784358300000,2026-07-18 07:05:00,74.97,74.98,74.93,74.94,466.821
1784358600000,2026-07-18 07:10:00,74.95,74.99,74.9,74.91,560.604
1784358900000,2026-07-18 07:15:00,74.91,74.92,74.9,74.9,542.951
1784359200000,2026-07-18 07:20:00,74.92,74.97,74.91,74.96,57.879
1784359500000,2026-07-18 07:25:00,74.97,74.97,74.94,74.95,432.465
1784359800000,2026-07-18 07:30:00,74.95,74.96,74.9,74.96,349.02
1784360100000,2026-07-18 07:35:00,74.96,74.97,74.95,74.97,147.699
1784360400000,2026-07-18 07:40:00,74.96,75.03,74.95,75.03,16.427
1784360700000,2026-07-18 07:45:00,75.05,75.05,75.01,75.01,8.957
1784361000000,2026-07-18 07:50:00,75.01,75.01,74.93,74.93,416.319
1784361300000,2026-07-18 07:55:00,74.93,74.97,74.93,74.97,51.062
1784361600000,2026-07-18 08:00:00,74.97,74.97,74.8,74.82,1452.232
1784361900000,2026-07-18 08:05:00,74.85,74.88,74.83,74.88,47.842
1784362200000,2026-07-18 08:10:00,74.89,74.93,74.89,74.91,83.345
1784362500000,2026-07-18 08:15:00,74.9,74.95,74.9,74.95,231.289
1784362800000,2026-07-18 08:20:00,74.95,74.95,74.91,74.94,92.576
1784363100000,2026-07-18 08:25:00,74.94,75.0,74.93,74.99,20.801
1784363400000,2026-07-18 08:30:00,75.0,75.04,74.99,75.02,26.502
1784363700000,2026-07-18 08:35:00,75.03,75.03,74.99,74.99,86.107
1784364000000,2026-07-18 08:40:00,75.0,75.0,74.92,74.93,238.105
1784364300000,2026-07-18 08:45:00,74.94,75.0,74.93,75.0,79.538
1784364600000,2026-07-18 08:50:00,75.0,75.01,74.97,74.99,469.765
1784364900000,2026-07-18 08:55:00,74.99,74.99,74.93,74.95,429.167
1784365200000,2026-07-18 09:00:00,74.94,75.01,74.9,74.9,400.804
1784365500000,2026-07-18 09:05:00,74.9,74.94,74.85,74.85,183.171
1784365800000,2026-07-18 09:10:00,74.86,74.92,74.84,74.88,57.118
1784366100000,2026-07-18 09:15:00,74.89,74.89,74.8,74.82,57.877
1784366400000,2026-07-18 09:20:00,74.81,74.82,74.73,74.77,47.365
1784366700000,2026-07-18 09:25:00,74.78,74.78,74.7,74.72,60.375
1784367000000,2026-07-18 09:30:00,74.73,74.73,74.67,74.71,419.769
1784367300000,2026-07-18 09:35:00,74.72,74.76,74.71,74.75,29.014
1784367600000,2026-07-18 09:40:00,74.76,74.78,74.75,74.76,55.182
1784367900000,2026-07-18 09:45:00,74.76,74.78,74.75,74.78,247.997
1784368200000,2026-07-18 09:50:00,74.76,74.82,74.76,74.8,107.726
1784368500000,2026-07-18 09:55:00,74.81,74.85,74.81,74.85,5.397
1784368800000,2026-07-18 10:00:00,74.85,74.86,74.84,74.85,57.086
1784369100000,2026-07-18 10:05:00,74.85,74.9,74.84,74.89,3.586
1784369400000,2026-07-18 10:10:00,74.9,74.9,74.83,74.84,178.964
1784369700000,2026-07-18 10:15:00,74.83,74.86,74.8,74.8,103.076
1784370000000,2026-07-18 10:20:00,74.81,74.84,74.8,74.83,110.042
1784370300000,2026-07-18 10:25:00,74.83,74.9,74.83,74.89,211.038
1784370600000,2026-07-18 10:30:00,74.91,74.95,74.91,74.95,120.025
1784370900000,2026-07-18 10:35:00,74.94,74.95,74.88,74.89,385.445
1784371200000,2026-07-18 10:40:00,74.89,74.89,74.85,74.87,469.307
1784371500000,2026-07-18 10:45:00,74.86,74.88,74.86,74.88,156.099
1784371800000,2026-07-18 10:50:00,74.86,74.89,74.86,74.88,136.696
1784372100000,2026-07-18 10:55:00,74.88,74.9,74.88,74.89,5.413
1784372400000,2026-07-18 11:00:00,74.9,74.93,74.9,74.91,21.566
1784372700000,2026-07-18 11:05:00,74.91,74.96,74.91,74.96,6.293
1784373000000,2026-07-18 11:10:00,74.93,74.95,74.91,74.94,4.196
1784373300000,2026-07-18 11:15:00,74.94,74.97,74.94,74.94,16.899
1784373600000,2026-07-18 11:20:00,74.95,75.0,74.94,74.99,21.305
1784373900000,2026-07-18 11:25:00,74.99,75.02,74.99,75.02,14.016
1784374200000,2026-07-18 11:30:00,75.01,75.02,74.96,74.97,9.451
1784374500000,2026-07-18 11:35:00,74.96,74.99,74.94,74.95,117.775
1784374800000,2026-07-18 11:40:00,74.94,74.95,74.91,74.94,266.439
1784375100000,2026-07-18 11:45:00,74.94,74.99,74.92,74.98,46.345
1784375400000,2026-07-18 11:50:00,74.99,74.99,74.96,74.97,204.466
1784375700000,2026-07-18 11:55:00,74.98,75.02,74.96,74.96,207.529
1784376000000,2026-07-18 12:00:00,74.97,75.08,74.96,75.07,527.232
1784376300000,2026-07-18 12:05:00,75.08,75.18,75.05,75.05,340.824
1784376600000,2026-07-18 12:10:00,75.04,75.05,75.0,75.02,266.093
1784376900000,2026-07-18 12:15:00,75.02,75.02,74.86,74.88,1028.161
1784377200000,2026-07-18 12:20:00,74.9,74.9,74.74,74.79,378.674
1784377500000,2026-07-18 12:25:00,74.8,74.82,74.75,74.76,220.609
1784377800000,2026-07-18 12:30:00,74.77,74.89,74.73,74.89,214.196
1784378100000,2026-07-18 12:35:00,74.88,74.93,74.87,74.93,117.114
1784378400000,2026-07-18 12:40:00,74.93,74.98,74.93,74.97,127.231
1784378700000,2026-07-18 12:45:00,74.96,75.09,74.96,75.02,722.948
1784379000000,2026-07-18 12:50:00,75.03,75.04,75.01,75.04,11.461
1784379300000,2026-07-18 12:55:00,75.02,75.04,75.0,75.02,43.56
1784379600000,2026-07-18 13:00:00,75.02,75.02,74.9,74.93,556.334
1784379900000,2026-07-18 13:05:00,74.92,74.93,74.84,74.85,41.722
1784380200000,2026-07-18 13:10:00,74.84,74.84,74.68,74.68,413.237
1784380500000,2026-07-18 13:15:00,74.67,74.74,74.64,74.65,349.016
1784380800000,2026-07-18 13:20:00,74.65,74.65,74.52,74.56,1288.934
1784381100000,2026-07-18 13:25:00,74.59,74.7,74.57,74.7,83.795
1784381400000,2026-07-18 13:30:00,74.69,74.75,74.69,74.74,163.844
1784381700000,2026-07-18 13:35:00,74.74,74.74,74.66,74.69,472.947
1784382000000,2026-07-18 13:40:00,74.69,74.74,74.69,74.72,517.529
1784382300000,2026-07-18 13:45:00,74.72,74.72,74.69,74.7,16.732
1784382600000,2026-07-18 13:50:00,74.69,74.7,74.66,74.67,154.248
1784382900000,2026-07-18 13:55:00,74.68,74.73,74.67,74.71,63.487
1784383200000,2026-07-18 14:00:00,74.75,74.78,74.65,74.68,467.721
1784383500000,2026-07-18 14:05:00,74.68,74.73,74.65,74.73,401.436
1784383800000,2026-07-18 14:10:00,74.72,74.8,74.72,74.79,392.352
1784384100000,2026-07-18 14:15:00,74.81,74.81,74.73,74.79,15.284
1784384400000,2026-07-18 14:20:00,74.78,74.87,74.78,74.87,148.743
1784384700000,2026-07-18 14:25:00,74.86,74.91,74.86,74.91,480.656
1784385000000,2026-07-18 14:30:00,74.9,74.94,74.88,74.89,283.121
1784385300000,2026-07-18 14:35:00,74.9,74.92,74.86,74.86,178.075
1784385600000,2026-07-18 14:40:00,74.87,74.94,74.82,74.94,386.657
1784385900000,2026-07-18 14:45:00,74.95,74.97,74.91,74.95,155.094
1784386200000,2026-07-18 14:50:00,74.94,75.01,74.94,75.0,345.995
1784386500000,2026-07-18 14:55:00,74.99,74.99,74.91,74.99,279.068
1784386800000,2026-07-18 15:00:00,74.98,74.99,74.93,74.95,199.541
1784387100000,2026-07-18 15:05:00,74.96,74.98,74.95,74.97,3.312
1784387400000,2026-07-18 15:10:00,74.96,74.96,74.88,74.9,204.801
1784387700000,2026-07-18 15:15:00,74.91,74.99,74.9,74.9,451.32
1784388000000,2026-07-18 15:20:00,74.91,74.94,74.88,74.93,659.425
1784388300000,2026-07-18 15:25:00,74.92,74.93,74.86,74.88,410.031
1784388600000,2026-07-18 15:30:00,74.87,74.91,74.87,74.9,173.098
1784388900000,2026-07-18 15:35:00,74.92,74.97,74.9,74.9,609.344
1784389200000,2026-07-18 15:40:00,74.91,74.91,74.86,74.88,420.436
1784389500000,2026-07-18 15:45:00,74.85,74.97,74.83,74.96,529.164
1784389800000,2026-07-18 15:50:00,74.97,75.02,74.95,74.97,403.991
1784390100000,2026-07-18 15:55:00,74.98,75.0,74.96,74.96,138.254
1784390400000,2026-07-18 16:00:00,74.97,74.97,74.86,74.86,337.209
1784390700000,2026-07-18 16:05:00,74.85,74.94,74.85,74.94,691.986
1784391000000,2026-07-18 16:10:00,74.94,75.05,74.93,75.05,388.183
1784391300000,2026-07-18 16:15:00,75.05,75.08,75.05,75.06,373.569
1784391600000,2026-07-18 16:20:00,75.06,75.06,74.95,74.98,237.838
1784391900000,2026-07-18 16:25:00,74.98,75.02,74.98,75.02,2.906
1784392200000,2026-07-18 16:30:00,75.01,75.1,75.01,75.09,232.326
1784392500000,2026-07-18 16:35:00,75.08,75.13,75.04,75.05,380.346
1784392800000,2026-07-18 16:40:00,75.05,75.06,75.04,75.05,15.59
1784393100000,2026-07-18 16:45:00,75.06,75.15,75.06,75.13,63.258
1784393400000,2026-07-18 16:50:00,75.14,75.29,75.05,75.21,1341.09
1784393700000,2026-07-18 16:55:00,75.22,75.22,75.15,75.17,154.825
1784394000000,2026-07-18 17:00:00,75.18,75.19,75.12,75.15,289.17
1784394300000,2026-07-18 17:05:00,75.14,75.16,75.06,75.06,1152.193
1784394600000,2026-07-18 17:10:00,75.07,75.15,75.06,75.15,849.153
1784394900000,2026-07-18 17:15:00,75.15,75.29,75.13,75.28,984.955
1784395200000,2026-07-18 17:20:00,75.28,75.31,75.12,75.15,1279.1
1784395500000,2026-07-18 17:25:00,75.15,75.15,75.08,75.12,232.986
1784395800000,2026-07-18 17:30:00,75.14,75.23,75.13,75.21,698.044
1784396100000,2026-07-18 17:35:00,75.22,75.35,75.21,75.35,589.053
1784396400000,2026-07-18 17:40:00,75.35,75.37,75.29,75.32,197.187
1784396700000,2026-07-18 17:45:00,75.33,75.41,75.32,75.34,671.066
1784397000000,2026-07-18 17:50:00,75.33,75.36,75.28,75.33,275.033
1784397300000,2026-07-18 17:55:00,75.33,75.36,75.29,75.36,409.832
1784397600000,2026-07-18 18:00:00,75.36,75.53,75.33,75.53,884.416
1784397900000,2026-07-18 18:05:00,75.53,75.54,75.34,75.35,446.93
1784398200000,2026-07-18 18:10:00,75.34,75.35,75.28,75.3,822.542
1784398500000,2026-07-18 18:15:00,75.31,75.36,75.3,75.36,183.41
1784398800000,2026-07-18 18:20:00,75.36,75.43,75.29,75.43,852.527
1784399100000,2026-07-18 18:25:00,75.42,75.56,75.42,75.49,1302.141
1784399400000,2026-07-18 18:30:00,75.48,75.49,75.48,75.48,4565.705
1784399700000,2026-07-18 18:35:00,75.48,75.49,75.26,75.28,8640.386
1784400000000,2026-07-18 18:40:00,75.28,75.29,75.26,75.29,3929.459
1784400300000,2026-07-18 18:45:00,75.29,75.29,75.26,75.26,263.848
1784400600000,2026-07-18 18:50:00,75.31,76.03,75.24,75.24,296.768
1784400900000,2026-07-18 18:55:00,75.23,75.31,75.22,75.29,391.859
1784401200000,2026-07-18 19:00:00,75.29,75.34,75.25,75.29,122.447
1784401500000,2026-07-18 19:05:00,75.27,75.32,75.27,75.28,67.75
1784401800000,2026-07-18 19:10:00,75.27,75.27,75.23,75.25,37.03
1784402100000,2026-07-18 19:15:00,75.27,75.45,75.26,75.38,993.371
1784402400000,2026-07-18 19:20:00,75.39,75.39,75.26,75.26,170.274
1784402700000,2026-07-18 19:25:00,75.27,75.3,75.25,75.27,246.82
1784403000000,2026-07-18 19:30:00,75.27,75.31,75.26,75.28,43.974
1784403300000,2026-07-18 19:35:00,75.31,75.35,75.31,75.32,303.657
1784403600000,2026-07-18 19:40:00,75.31,75.36,75.29,75.36,92.845
1784403900000,2026-07-18 19:45:00,75.37,75.41,75.36,75.39,153.097
1784404200000,2026-07-18 19:50:00,75.38,75.42,75.36,75.38,64.24
1784404500000,2026-07-18 19:55:00,75.4,75.45,75.4,75.45,9.967
1784404800000,2026-07-18 20:00:00,75.45,75.47,75.39,75.43,269.503
1784405100000,2026-07-18 20:05:00,75.45,75.45,75.39,75.43,413.62
1784405400000,2026-07-18 20:10:00,75.43,75.5,75.43,75.49,402.346
1784405700000,2026-07-18 20:15:00,75.49,75.51,75.48,75.5,56.549
1784406000000,2026-07-18 20:20:00,75.5,75.57,75.47,75.47,283.049
1784406300000,2026-07-18 20:25:00,75.47,75.49,75.42,75.42,445.738
1784406600000,2026-07-18 20:30:00,75.42,75.42,75.36,75.41,316.169
1784406900000,2026-07-18 20:35:00,75.4,75.4,75.34,75.34,5.177
1784407200000,2026-07-18 20:40:00,75.35,75.37,75.35,75.37,98.235
1784407500000,2026-07-18 20:45:00,75.37,75.38,75.33,75.34,201.46
1784407800000,2026-07-18 20:50:00,75.36,75.44,75.35,75.44,124.308
1784408100000,2026-07-18 20:55:00,75.44,75.48,75.44,75.48,186.554
1784408400000,2026-07-18 21:00:00,75.47,75.51,75.45,75.5,291.114
1784408700000,2026-07-18 21:05:00,75.51,75.51,75.43,75.43,561.914
1784409000000,2026-07-18 21:10:00,75.44,75.57,75.44,75.56,108.22
1784409300000,2026-07-18 21:15:00,75.57,75.62,75.54,75.55,396.408
1784409600000,2026-07-18 21:20:00,75.55,75.6,75.47,75.47,298.504
1784409900000,2026-07-18 21:25:00,75.46,75.53,75.46,75.53,419.407
1784410200000,2026-07-18 21:30:00,75.52,75.52,75.43,75.45,407.13
1784410500000,2026-07-18 21:35:00,75.44,75.47,75.42,75.45,50.768
1784410800000,2026-07-18 21:40:00,75.45,75.45,75.38,75.38,23.481
1784411100000,2026-07-18 21:45:00,75.38,75.41,75.35,75.41,264.877
1784411400000,2026-07-18 21:50:00,75.41,75.52,75.41,75.52,584.225
1784411700000,2026-07-18 21:55:00,75.51,75.53,75.48,75.49,150.461
1784412000000,2026-07-18 22:00:00,75.5,75.58,75.44,75.58,1358.977
1784412300000,2026-07-18 22:05:00,75.58,75.61,75.48,75.51,293.967
1784412600000,2026-07-18 22:10:00,75.52,75.61,75.52,75.53,233.624
1784412900000,2026-07-18 22:15:00,75.53,75.53,75.5,75.5,180.937
1784413200000,2026-07-18 22:20:00,75.51,75.57,75.47,75.47,197.098
1784413500000,2026-07-18 22:25:00,75.47,75.47,75.45,75.46,12.413
1784413800000,2026-07-18 22:30:00,75.45,75.45,75.41,75.42,2.154
1784414100000,2026-07-18 22:35:00,75.41,75.42,75.4,75.41,112.022
1784414400000,2026-07-18 22:40:00,75.41,75.5,75.41,75.48,289.717
1784414700000,2026-07-18 22:45:00,75.49,75.52,75.46,75.52,55.795
1784415000000,2026-07-18 22:50:00,75.51,75.57,75.49,75.49,122.058
1784415300000,2026-07-18 22:55:00,75.48,75.6,75.47,75.6,856.43
1784415600000,2026-07-18 23:00:00,75.59,75.59,75.53,75.55,951.267
1784415900000,2026-07-18 23:05:00,75.53,75.55,75.44,75.46,1070.534
1784416200000,2026-07-18 23:10:00,75.45,75.45,75.41,75.43,409.834
1784416500000,2026-07-18 23:15:00,75.44,75.52,75.44,75.52,574.86
1784416800000,2026-07-18 23:20:00,75.53,75.56,75.52,75.54,34.646
1784417100000,2026-07-18 23:25:00,75.55,75.58,75.55,75.56,142.995
1784417400000,2026-07-18 23:30:00,75.56,75.58,75.51,75.51,54.423
1784417700000,2026-07-18 23:35:00,75.51,75.55,75.5,75.54,29.557
1784418000000,2026-07-18 23:40:00,75.55,75.55,75.48,75.49,129.998
1784418300000,2026-07-18 23:45:00,75.49,75.53,75.48,75.51,37.369
1784418600000,2026-07-18 23:50:00,75.5,75.5,75.45,75.48,73.649
1784418900000,2026-07-18 23:55:00,75.49,75.53,75.49,75.52,310.227
1784419200000,2026-07-19 00:00:00,75.52,75.55,75.5,75.51,409.628
1784419500000,2026-07-19 00:05:00,75.52,75.53,75.48,75.49,477.215
1784419800000,2026-07-19 00:10:00,75.51,75.53,75.5,75.5,120.661
1784420100000,2026-07-19 00:15:00,75.5,75.53,75.5,75.51,136.972
1784420400000,2026-07-19 00:20:00,75.5,75.51,75.45,75.5,359.482
1784420700000,2026-07-19 00:25:00,75.51,75.59,75.46,75.48,501.226
1784421000000,2026-07-19 00:30:00,75.48,75.53,75.48,75.51,790.377
1784421300000,2026-07-19 00:35:00,75.51,75.51,75.48,75.5,150.296
1784421600000,2026-07-19 00:40:00,75.5,75.54,75.5,75.52,819.579
1784421900000,2026-07-19 00:45:00,75.52,75.59,75.52,75.58,443.439
1784422200000,2026-07-19 00:50:00,75.58,75.66,75.56,75.59,1021.59
1784422500000,2026-07-19 00:55:00,75.59,75.59,75.56,75.57,121.231
1784422800000,2026-07-19 01:00:00,75.57,75.64,75.56,75.61,431.955
1784423100000,2026-07-19 01:05:00,75.6,75.66,75.6,75.66,1085.026
1784423400000,2026-07-19 01:10:00,75.66,75.66,75.57,75.63,745.079
1784423700000,2026-07-19 01:15:00,75.63,75.66,75.63,75.64,1389.003
1784424000000,2026-07-19 01:20:00,75.65,75.65,75.57,75.62,3133.942
1784424300000,2026-07-19 01:25:00,75.62,75.65,75.62,75.64,504.606
1784424600000,2026-07-19 01:30:00,75.64,75.65,75.53,75.57,558.474
1784424900000,2026-07-19 01:35:00,75.58,75.6,75.55,75.56,27.357
1784425200000,2026-07-19 01:40:00,75.56,75.6,75.54,75.59,507.515
1784425500000,2026-07-19 01:45:00,75.59,75.62,75.59,75.62,19.724
1784425800000,2026-07-19 01:50:00,75.62,75.74,75.62,75.74,245.288
1784426100000,2026-07-19 01:55:00,75.74,75.74,75.66,75.67,60.942
1784426400000,2026-07-19 02:00:00,75.68,75.99,75.68,75.95,908.679
1784426700000,2026-07-19 02:05:00,75.95,76.16,75.94,75.98,1637.303
1784427000000,2026-07-19 02:10:00,75.99,76.14,75.99,76.12,273.603
1784427300000,2026-07-19 02:15:00,76.12,76.22,76.04,76.05,973.665
1784427600000,2026-07-19 02:20:00,76.05,76.05,75.95,76.0,745.265
1784427900000,2026-07-19 02:25:00,76.01,76.09,76.01,76.07,209.981
1784428200000,2026-07-19 02:30:00,76.08,76.52,76.08,76.37,1639.091
1784428500000,2026-07-19 02:35:00,76.38,76.55,76.38,76.42,1322.96
1784428800000,2026-07-19 02:40:00,76.43,76.43,76.25,76.28,514.365
1784429100000,2026-07-19 02:45:00,76.28,76.32,76.23,76.23,167.39
1784429400000,2026-07-19 02:50:00,76.24,76.35,76.2,76.34,202.191
1784429700000,2026-07-19 02:55:00,76.34,76.34,76.2,76.21,174.541
1784430000000,2026-07-19 03:00:00,76.21,76.4,76.18,76.21,1053.843
1784430300000,2026-07-19 03:05:00,76.22,76.22,76.09,76.1,156.247
1784430600000,2026-07-19 03:10:00,76.1,76.1,76.02,76.03,43.372
1784430900000,2026-07-19 03:15:00,76.02,76.03,75.86,75.9,987.471
1784431200000,2026-07-19 03:20:00,75.9,75.93,75.81,75.81,651.129
1784431500000,2026-07-19 03:25:00,75.81,75.91,75.81,75.9,273.358
1784431800000,2026-07-19 03:30:00,75.89,75.96,75.88,75.89,239.926
1784432100000,2026-07-19 03:35:00,75.89,75.94,75.87,75.89,400.747
1784432400000,2026-07-19 03:40:00,75.9,75.98,75.89,75.9,251.113
1784432700000,2026-07-19 03:45:00,75.92,75.92,75.86,75.92,107.462
1784433000000,2026-07-19 03:50:00,75.91,75.96,75.91,75.92,88.785
1784433300000,2026-07-19 03:55:00,75.91,75.91,75.87,75.9,147.716
1784433600000,2026-07-19 04:00:00,75.91,75.94,75.82,75.82,650.703
1784433900000,2026-07-19 04:05:00,75.82,75.84,75.77,75.81,47.928
1784434200000,2026-07-19 04:10:00,75.8,75.83,75.74,75.78,89.233
1784434500000,2026-07-19 04:15:00,75.78,75.84,75.78,75.82,112.646
1784434800000,2026-07-19 04:20:00,75.82,75.88,75.82,75.84,165.969
1784435100000,2026-07-19 04:25:00,75.84,75.9,75.83,75.9,115.011
1784435400000,2026-07-19 04:30:00,75.89,75.93,75.88,75.93,194.141
1784435700000,2026-07-19 04:35:00,75.93,76.08,75.93,76.05,406.408
1784436000000,2026-07-19 04:40:00,76.05,76.05,75.98,75.98,11.651
1784436300000,2026-07-19 04:45:00,75.99,76.05,75.98,76.01,208.486
1784436600000,2026-07-19 04:50:00,76.01,76.03,75.92,75.95,71.9
1784436900000,2026-07-19 04:55:00,75.96,75.99,75.95,75.95,8.438
1784437200000,2026-07-19 05:00:00,75.96,76.07,75.96,76.06,1044.647
1784437500000,2026-07-19 05:05:00,76.06,76.06,76.01,76.01,9.386
1784437800000,2026-07-19 05:10:00,76.01,76.1,76.01,76.1,179.404
1784438100000,2026-07-19 05:15:00,76.09,76.09,76.04,76.04,36.102
1784438400000,2026-07-19 05:20:00,76.04,76.05,75.99,75.99,52.02
1784438700000,2026-07-19 05:25:00,76.0,76.03,75.99,75.99,186.19
1784439000000,2026-07-19 05:30:00,75.99,75.99,75.94,75.94,98.8
1784439300000,2026-07-19 05:35:00,75.92,75.95,75.9,75.95,55.106
1784439600000,2026-07-19 05:40:00,75.95,75.97,75.95,75.97,7.038
1784439900000,2026-07-19 05:45:00,75.97,76.0,75.96,75.98,277.788
1784440200000,2026-07-19 05:50:00,76.0,76.06,76.0,76.04,19.325
1784440500000,2026-07-19 05:55:00,76.05,76.05,75.97,75.97,44.064
1784440800000,2026-07-19 06:00:00,75.97,75.98,75.95,75.98,220.535
1784441100000,2026-07-19 06:05:00,76.0,76.03,75.99,75.99,94.16
1784441400000,2026-07-19 06:10:00,75.99,76.05,75.97,76.02,240.278
1784441700000,2026-07-19 06:15:00,76.01,76.03,75.98,75.98,7.052
1784442000000,2026-07-19 06:20:00,75.99,76.1,75.99,76.09,169.497
1784442300000,2026-07-19 06:25:00,76.09,76.09,76.03,76.06,131.863
1784442600000,2026-07-19 06:30:00,76.07,76.09,75.99,76.05,326.514
1784442900000,2026-07-19 06:35:00,76.06,76.06,75.99,76.04,422.669
1784443200000,2026-07-19 06:40:00,76.04,76.08,75.99,76.08,206.263
1784443500000,2026-07-19 06:45:00,76.08,76.09,76.01,76.08,460.891
1784443800000,2026-07-19 06:50:00,76.09,76.16,76.09,76.1,440.06
1784444100000,2026-07-19 06:55:00,76.09,76.12,76.06,76.11,104.733
1784444400000,2026-07-19 07:00:00,76.12,76.13,76.11,76.11,58.875
1784444700000,2026-07-19 07:05:00,76.1,76.11,76.05,76.05,166.196
1784445000000,2026-07-19 07:10:00,76.04,76.06,76.01,76.06,135.078
1784445300000,2026-07-19 07:15:00,76.06,76.11,76.05,76.11,171.906
1784445600000,2026-07-19 07:20:00,76.11,76.18,76.11,76.18,358.206
1784445900000,2026-07-19 07:25:00,76.19,76.23,76.18,76.23,124.411
1784446200000,2026-07-19 07:30:00,76.23,76.24,76.15,76.24,216.456
1784446500000,2026-07-19 07:35:00,76.24,76.27,76.2,76.26,381.393
1784446800000,2026-07-19 07:40:00,76.26,76.33,76.23,76.27,966.771
1784447100000,2026-07-19 07:45:00,76.27,76.28,76.19,76.2,673.073
1784447400000,2026-07-19 07:50:00,76.19,76.21,76.15,76.17,196.349
1784447700000,2026-07-19 07:55:00,76.17,76.18,76.09,76.1,287.952
1784448000000,2026-07-19 08:00:00,76.11,76.17,76.08,76.16,888.291
1784448300000,2026-07-19 08:05:00,76.15,76.2,76.14,76.15,293.456
1784448600000,2026-07-19 08:10:00,76.15,76.3,76.15,76.26,241.562
1784448900000,2026-07-19 08:15:00,76.25,76.26,76.18,76.19,111.148
1784449200000,2026-07-19 08:20:00,76.18,76.2,76.16,76.18,279.209
1784449500000,2026-07-19 08:25:00,76.19,76.23,76.19,76.21,220.091
1784449800000,2026-07-19 08:30:00,76.22,76.25,76.21,76.25,74.356
1784450100000,2026-07-19 08:35:00,76.23,76.25,76.15,76.25,732.124
1784450400000,2026-07-19 08:40:00,76.25,76.3,76.24,76.27,306.503
1784450700000,2026-07-19 08:45:00,76.27,76.37,76.26,76.34,67.475
1784451000000,2026-07-19 08:50:00,76.33,76.36,76.27,76.27,85.965
1784451300000,2026-07-19 08:55:00,76.27,76.28,76.22,76.27,298.889
1784451600000,2026-07-19 09:00:00,76.28,76.3,76.27,76.27,165.285
1784451900000,2026-07-19 09:05:00,76.27,76.31,76.24,76.25,228.52
1784452200000,2026-07-19 09:10:00,76.25,76.25,76.14,76.14,341.408
1784452500000,2026-07-19 09:15:00,76.13,76.13,75.95,75.99,320.473
1784452800000,2026-07-19 09:20:00,75.98,76.02,75.93,76.02,501.274
1784453100000,2026-07-19 09:25:00,76.03,76.05,76.03,76.04,41.188
1784453400000,2026-07-19 09:30:00,76.04,76.1,76.04,76.05,216.43
1784453700000,2026-07-19 09:35:00,76.06,76.08,75.98,76.0,290.485
1784454000000,2026-07-19 09:40:00,75.99,75.99,75.94,75.97,26.725
1784454300000,2026-07-19 09:45:00,75.98,76.01,75.97,76.01,22.436
1784454600000,2026-07-19 09:50:00,76.02,76.05,75.97,75.97,834.288
1784454900000,2026-07-19 09:55:00,75.97,76.02,75.96,76.02,2.555
1784455200000,2026-07-19 10:00:00,76.02,76.05,75.9,76.05,454.888
1784455500000,2026-07-19 10:05:00,76.05,76.06,75.97,75.98,501.883
1784455800000,2026-07-19 10:10:00,75.98,76.03,75.98,76.01,516.239
1784456100000,2026-07-19 10:15:00,76.0,76.03,76.0,76.03,3.524
1784456400000,2026-07-19 10:20:00,76.04,76.05,76.01,76.01,7.206
1784456700000,2026-07-19 10:25:00,76.0,76.08,75.97,76.07,113.087
1784457000000,2026-07-19 10:30:00,76.07,76.09,76.06,76.09,5.216
1784457300000,2026-07-19 10:35:00,76.09,76.15,76.09,76.11,492.955
1784457600000,2026-07-19 10:40:00,76.12,76.21,76.12,76.2,51.885
1784457900000,2026-07-19 10:45:00,76.19,76.45,76.19,76.33,1581.825
1784458200000,2026-07-19 10:50:00,76.33,76.33,76.28,76.3,407.502
1784458500000,2026-07-19 10:55:00,76.29,76.29,76.26,76.27,107.248
1784458800000,2026-07-19 11:00:00,76.26,76.28,76.17,76.28,499.368
1784459100000,2026-07-19 11:05:00,76.29,76.38,76.28,76.32,947.521
1784459400000,2026-07-19 11:10:00,76.32,76.32,76.25,76.27,412.567
1784459700000,2026-07-19 11:15:00,76.29,76.38,76.28,76.38,1360.133
1784460000000,2026-07-19 11:20:00,76.39,76.41,76.35,76.35,139.536
1784460300000,2026-07-19 11:25:00,76.34,76.35,76.25,76.28,445.319
1784460600000,2026-07-19 11:30:00,76.28,76.28,76.22,76.24,815.516
1784460900000,2026-07-19 11:35:00,76.24,76.27,76.17,76.17,183.629
1784461200000,2026-07-19 11:40:00,76.17,76.21,76.16,76.2,1213.589
1784461500000,2026-07-19 11:45:00,76.2,76.22,76.11,76.13,227.361
1784461800000,2026-07-19 11:50:00,76.14,76.14,76.11,76.11,49.596
1784462100000,2026-07-19 11:55:00,76.12,76.12,76.04,76.07,255.792
1784462400000,2026-07-19 12:00:00,76.07,76.07,75.99,76.01,158.309
1784462700000,2026-07-19 12:05:00,76.01,76.01,75.8,75.82,513.511
1784463000000,2026-07-19 12:10:00,75.84,75.84,75.78,75.78,171.625
1784463300000,2026-07-19 12:15:00,75.78,75.92,75.76,75.87,946.458
1784463600000,2026-07-19 12:20:00,75.91,76.04,75.9,76.04,1012.521
1784463900000,2026-07-19 12:25:00,76.05,76.15,75.96,75.97,1323.085
1784464200000,2026-07-19 12:30:00,75.98,76.1,75.97,76.1,130.065
1784464500000,2026-07-19 12:35:00,76.1,76.16,76.1,76.14,1904.269
1784464800000,2026-07-19 12:40:00,76.13,76.13,76.05,76.07,409.258
1784465100000,2026-07-19 12:45:00,76.04,76.04,75.92,75.94,1273.854
1784465400000,2026-07-19 12:50:00,75.93,76.0,75.93,75.98,232.136
1784465700000,2026-07-19 12:55:00,75.98,76.03,75.98,76.01,229.103
1784466000000,2026-07-19 13:00:00,76.02,76.02,75.93,75.99,487.643
1784466300000,2026-07-19 13:05:00,75.99,76.02,75.97,76.02,231.128
1784466600000,2026-07-19 13:10:00,76.0,76.0,75.92,75.92,114.036
1784466900000,2026-07-19 13:15:00,75.92,75.98,75.89,75.92,361.428
1784467200000,2026-07-19 13:20:00,75.94,75.95,75.9,75.95,738.733
1784467500000,2026-07-19 13:25:00,75.95,76.02,75.95,76.02,189.839
1784467800000,2026-07-19 13:30:00,76.02,76.11,76.02,76.07,280.683
1784468100000,2026-07-19 13:35:00,76.08,76.08,75.98,76.02,261.843
1784468400000,2026-07-19 13:40:00,76.02,76.02,75.98,76.0,4.928
1784468700000,2026-07-19 13:45:00,76.0,76.06,76.0,76.03,464.639
1784469000000,2026-07-19 13:50:00,76.02,76.15,76.02,76.12,278.251
1784469300000,2026-07-19 13:55:00,76.12,76.13,76.11,76.11,346.959
1784469600000,2026-07-19 14:00:00,76.12,76.25,76.12,76.25,1124.153
1784469900000,2026-07-19 14:05:00,76.26,76.28,76.23,76.23,218.085
1784470200000,2026-07-19 14:10:00,76.24,76.3,76.23,76.25,862.638
1784470500000,2026-07-19 14:15:00,76.26,76.29,76.14,76.18,398.472
1784470800000,2026-07-19 14:20:00,76.15,76.16,76.06,76.12,560.055
1784471100000,2026-07-19 14:25:00,76.13,76.27,76.11,76.26,257.251
1784471400000,2026-07-19 14:30:00,76.26,76.4,76.25,76.4,628.787
1784471700000,2026-07-19 14:35:00,76.41,76.47,76.34,76.35,747.3
1784472000000,2026-07-19 14:40:00,76.36,76.38,76.34,76.36,80.107
1784472300000,2026-07-19 14:45:00,76.37,76.66,76.37,76.59,1954.887
1784472600000,2026-07-19 14:50:00,76.61,76.65,76.48,76.52,1459.31
1784472900000,2026-07-19 14:55:00,76.5,76.51,76.42,76.43,60.157
1784473200000,2026-07-19 15:00:00,76.43,76.46,76.33,76.33,1323.982
1784473500000,2026-07-19 15:05:00,76.31,76.41,76.25,76.25,572.126
1784473800000,2026-07-19 15:10:00,76.25,76.34,76.22,76.33,647.883
1784474100000,2026-07-19 15:15:00,76.34,76.34,76.22,76.25,361.801
1784474400000,2026-07-19 15:20:00,76.25,76.25,76.22,76.24,146.624
1784474700000,2026-07-19 15:25:00,76.24,76.25,76.14,76.14,229.521
1784475000000,2026-07-19 15:30:00,76.14,76.18,76.12,76.13,472.915
1784475300000,2026-07-19 15:35:00,76.14,76.26,76.14,76.24,265.347
1784475600000,2026-07-19 15:40:00,76.24,76.29,76.23,76.23,507.623
1784475900000,2026-07-19 15:45:00,76.22,76.27,76.18,76.27,354.394
1784476200000,2026-07-19 15:50:00,76.28,76.3,76.17,76.27,604.801
1784476500000,2026-07-19 15:55:00,76.27,76.27,76.19,76.21,257.668
1784476800000,2026-07-19 16:00:00,76.21,76.23,76.1,76.21,955.625
1784477100000,2026-07-19 16:05:00,76.24,76.29,76.02,76.11,1238.309
1784477400000,2026-07-19 16:10:00,76.13,76.2,76.09,76.13,632.53
1784477700000,2026-07-19 16:15:00,76.13,76.13,76.07,76.11,109.911
1784478000000,2026-07-19 16:20:00,76.13,76.2,76.12,76.17,561.747
1784478300000,2026-07-19 16:25:00,76.16,76.16,76.08,76.08,198.128
1784478600000,2026-07-19 16:30:00,76.1,76.1,76.01,76.03,128.876
1784478900000,2026-07-19 16:35:00,76.02,76.02,75.96,75.97,337.327
1784479200000,2026-07-19 16:40:00,75.97,75.98,75.95,75.98,138.199
1784479500000,2026-07-19 16:45:00,75.98,76.0,75.92,75.94,310.267
1784479800000,2026-07-19 16:50:00,75.94,75.97,75.88,75.88,641.346
1784480100000,2026-07-19 16:55:00,75.88,75.92,75.88,75.91,348.931
1784480400000,2026-07-19 17:00:00,75.91,75.92,75.66,75.79,1067.304
1784480700000,2026-07-19 17:05:00,75.79,76.02,75.79,75.94,778.077
1784481000000,2026-07-19 17:10:00,75.94,76.15,75.93,76.14,897.753
1784481300000,2026-07-19 17:15:00,76.15,76.19,76.03,76.07,418.954
1784481600000,2026-07-19 17:20:00,76.07,76.14,76.07,76.11,212.781
1784481900000,2026-07-19 17:25:00,76.12,76.12,76.07,76.11,254.819
1784482200000,2026-07-19 17:30:00,76.1,76.21,76.1,76.15,493.433
1784482500000,2026-07-19 17:35:00,76.14,76.16,76.1,76.11,163.655
1784482800000,2026-07-19 17:40:00,76.1,76.11,76.0,76.0,389.725
1784483100000,2026-07-19 17:45:00,76.01,76.07,75.98,76.05,157.294
1784483400000,2026-07-19 17:50:00,76.06,76.06,75.97,75.99,511.017
1784483700000,2026-07-19 17:55:00,75.99,75.99,75.98,75.98,84.552
1784484000000,2026-07-19 18:00:00,75.98,75.99,75.98,75.98,4376.417
1784484300000,2026-07-19 18:05:00,75.98,75.99,75.61,75.61,7514.309
1784484600000,2026-07-19 18:10:00,76.01,77.19,74.57,75.68,868.708
1784484900000,2026-07-19 18:15:00,75.68,75.69,75.58,75.68,489.963
1784485200000,2026-07-19 18:20:00,75.7,75.7,75.62,75.68,255.675
1784485500000,2026-07-19 18:25:00,75.69,75.7,75.57,75.58,255.267
1784485800000,2026-07-19 18:30:00,75.57,75.68,75.52,75.67,317.61
1784486100000,2026-07-19 18:35:00,75.69,75.73,75.68,75.72,164.555
1784486400000,2026-07-19 18:40:00,75.72,75.75,75.69,75.69,262.438
1784486700000,2026-07-19 18:45:00,75.69,75.74,75.61,75.72,405.862
1784487000000,2026-07-19 18:50:00,75.73,75.73,75.64,75.64,375.007
1784487300000,2026-07-19 18:55:00,75.63,75.74,75.63,75.73,375.625
1784487600000,2026-07-19 19:00:00,75.75,75.76,75.63,75.71,230.86
1784487900000,2026-07-19 19:05:00,75.72,75.85,75.72,75.85,718.006
1784488200000,2026-07-19 19:10:00,75.86,75.87,75.83,75.84,56.221
1784488500000,2026-07-19 19:15:00,75.85,75.86,75.82,75.82,216.602
1784488800000,2026-07-19 19:20:00,75.81,75.85,75.81,75.85,20.058
1784489100000,2026-07-19 19:25:00,75.85,75.85,75.78,75.85,381.393
1784489400000,2026-07-19 19:30:00,75.84,75.85,75.8,75.81,118.554
1784489700000,2026-07-19 19:35:00,75.8,75.88,75.8,75.8,734.691
1784490000000,2026-07-19 19:40:00,75.81,75.85,75.77,75.78,294.878
1784490300000,2026-07-19 19:45:00,75.77,75.78,75.76,75.77,252.542
1784490600000,2026-07-19 19:50:00,75.76,75.76,75.74,75.76,2.65
1784490900000,2026-07-19 19:55:00,75.76,75.87,75.75,75.86,698.136
1784491200000,2026-07-19 20:00:00,75.88,76.0,75.88,75.93,775.421
1784491500000,2026-07-19 20:05:00,75.93,75.98,75.92,75.98,899.654
1784491800000,2026-07-19 20:10:00,75.98,75.99,75.96,75.97,15.928
1784492100000,2026-07-19 20:15:00,75.94,75.94,75.87,75.9,200.913
1784492400000,2026-07-19 20:20:00,75.91,75.97,75.9,75.97,64.169
1784492700000,2026-07-19 20:25:00,75.99,75.99,75.96,75.96,8.936
1784493000000,2026-07-19 20:30:00,75.96,76.01,75.94,76.01,320.85
1784493300000,2026-07-19 20:35:00,76.03,76.09,76.0,76.02,234.281
1784493600000,2026-07-19 20:40:00,76.01,76.05,76.0,76.04,140.405
1784493900000,2026-07-19 20:45:00,76.04,76.09,76.04,76.07,167.836
1784494200000,2026-07-19 20:50:00,76.06,76.07,76.0,76.04,406.919
1784494500000,2026-07-19 20:55:00,76.07,76.14,76.05,76.12,230.733
1784494800000,2026-07-19 21:00:00,76.14,76.18,76.14,76.16,214.645
1784495100000,2026-07-19 21:05:00,76.16,76.17,76.16,76.17,37.086
1784495400000,2026-07-19 21:10:00,76.16,76.2,76.11,76.2,444.365
1784495700000,2026-07-19 21:15:00,76.18,76.19,76.04,76.05,305.551
1784496000000,2026-07-19 21:20:00,76.02,76.02,75.98,75.99,116.771
1784496300000,2026-07-19 21:25:00,75.99,76.05,75.99,76.05,339.489
1784496600000,2026-07-19 21:30:00,76.05,76.05,75.93,75.93,147.343
1784496900000,2026-07-19 21:35:00,75.93,75.96,75.82,75.86,406.031
1784497200000,2026-07-19 21:40:00,75.87,75.89,75.75,75.8,667.103
1784497500000,2026-07-19 21:45:00,75.81,75.89,75.8,75.85,338.138
1784497800000,2026-07-19 21:50:00,75.85,75.86,75.82,75.83,108.739
1784498100000,2026-07-19 21:55:00,75.81,75.82,75.71,75.78,424.949
1784498400000,2026-07-19 22:00:00,75.78,76.07,75.71,75.89,2022.127
1784498700000,2026-07-19 22:05:00,75.89,75.95,75.69,75.95,1357.084
1784499000000,2026-07-19 22:10:00,75.96,76.12,75.95,76.08,903.833
1784499300000,2026-07-19 22:15:00,76.09,76.37,76.09,76.34,1791.815
1784499600000,2026-07-19 22:20:00,76.34,76.37,76.12,76.16,1299.163
1784499900000,2026-07-19 22:25:00,76.16,76.19,76.13,76.15,282.764
1784500200000,2026-07-19 22:30:00,76.15,76.19,76.04,76.18,698.506
1784500500000,2026-07-19 22:35:00,76.18,76.18,76.04,76.18,725.932
1784500800000,2026-07-19 22:40:00,76.19,76.27,76.12,76.26,630.029
1784501100000,2026-07-19 22:45:00,76.24,76.24,76.14,76.18,910.175
1784501400000,2026-07-19 22:50:00,76.17,76.18,76.09,76.15,393.33
1784501700000,2026-07-19 22:55:00,76.14,76.16,76.09,76.09,239.545
1784502000000,2026-07-19 23:00:00,76.1,76.1,75.88,76.01,854.67
1784502300000,2026-07-19 23:05:00,76.01,76.06,75.93,76.06,254.373
1784502600000,2026-07-19 23:10:00,76.06,76.16,76.03,76.14,375.032
1784502900000,2026-07-19 23:15:00,76.14,76.17,76.08,76.16,220.871
1784503200000,2026-07-19 23:20:00,76.17,76.27,76.08,76.27,559.145
1784503500000,2026-07-19 23:25:00,76.27,76.36,76.21,76.24,851.516
1784503800000,2026-07-19 23:30:00,76.27,76.45,76.27,76.45,953.972
1784504100000,2026-07-19 23:35:00,76.44,76.49,76.32,76.36,694.146
1784504400000,2026-07-19 23:40:00,76.37,76.5,76.36,76.5,728.972
1784504700000,2026-07-19 23:45:00,76.5,76.57,76.34,76.34,1344.281
1784505000000,2026-07-19 23:50:00,76.34,76.4,76.32,76.34,321.663
1784505300000,2026-07-19 23:55:00,76.33,76.45,76.33,76.38,318.974
1784505600000,2026-07-20 00:00:00,76.37,76.38,76.16,76.28,1191.772
1784505900000,2026-07-20 00:05:00,76.29,76.68,76.28,76.61,1393.824
1784506200000,2026-07-20 00:10:00,76.61,76.9,76.6,76.88,1183.056
1784506500000,2026-07-20 00:15:00,76.89,77.1,76.86,76.95,1480.017
1784506800000,2026-07-20 00:20:00,76.96,76.96,76.61,76.75,1422.333
1784507100000,2026-07-20 00:25:00,76.76,76.77,76.6,76.71,1253.812
1784507400000,2026-07-20 00:30:00,76.73,76.76,76.64,76.67,1210.493
1784507700000,2026-07-20 00:35:00,76.67,76.97,76.63,76.94,1121.633
1784508000000,2026-07-20 00:40:00,76.94,77.06,76.93,76.95,1416.066
1784508300000,2026-07-20 00:45:00,76.96,77.01,76.77,76.77,1499.196
1784508600000,2026-07-20 00:50:00,76.77,76.77,76.36,76.62,2316.0
1784508900000,2026-07-20 00:55:00,76.63,76.78,76.56,76.56,1665.062
1784509200000,2026-07-20 01:00:00,76.57,76.87,76.57,76.68,1871.691
1784509500000,2026-07-20 01:05:00,76.69,77.33,76.68,77.33,2699.003
1784509800000,2026-07-20 01:10:00,77.33,77.34,77.0,77.0,1492.011
1784510100000,2026-07-20 01:15:00,77.0,77.07,76.8,76.81,1422.403
1784510400000,2026-07-20 01:20:00,76.81,77.09,76.74,77.09,1033.404
1784510700000,2026-07-20 01:25:00,77.1,77.23,76.93,76.93,1435.092
1784511000000,2026-07-20 01:30:00,76.93,76.97,76.82,76.87,944.166
1784511300000,2026-07-20 01:35:00,76.85,76.98,76.76,76.87,1571.84
1784511600000,2026-07-20 01:40:00,76.88,76.88,76.55,76.67,1064.712
1784511900000,2026-07-20 01:45:00,76.69,76.72,76.57,76.72,943.784
1784512200000,2026-07-20 01:50:00,76.72,76.74,76.32,76.35,1414.213
1784512500000,2026-07-20 01:55:00,76.33,76.44,76.29,76.4,805.818
1784512800000,2026-07-20 02:00:00,76.39,76.91,76.39,76.91,2181.891
1784513100000,2026-07-20 02:05:00,76.9,76.96,76.85,76.96,1161.378
1784513400000,2026-07-20 02:10:00,76.94,76.97,76.84,76.84,1094.936
1784513700000,2026-07-20 02:15:00,76.81,76.85,76.57,76.57,1213.389
1784514000000,2026-07-20 02:20:00,76.57,76.62,76.51,76.53,634.021
1784514300000,2026-07-20 02:25:00,76.55,76.57,76.44,76.51,1614.235
1784514600000,2026-07-20 02:30:00,76.5,76.8,76.47,76.69,1650.331
1784514900000,2026-07-20 02:35:00,76.69,76.73,76.61,76.65,852.081
1784515200000,2026-07-20 02:40:00,76.66,76.95,76.66,76.85,1151.57
1784515500000,2026-07-20 02:45:00,76.84,77.17,76.84,77.1,1565.067
1784515800000,2026-07-20 02:50:00,77.11,77.11,77.02,77.06,776.658
1784516100000,2026-07-20 02:55:00,77.07,77.07,76.95,76.97,264.045
1784516400000,2026-07-20 03:00:00,76.97,77.09,76.97,77.02,1415.766
1784516700000,2026-07-20 03:05:00,77.02,77.02,76.85,76.9,651.106
1784517000000,2026-07-20 03:10:00,76.9,77.0,76.87,76.96,336.84
1784517300000,2026-07-20 03:15:00,76.96,77.01,76.87,76.87,655.917
1784517600000,2026-07-20 03:20:00,76.86,76.87,76.65,76.77,1489.612
1784517900000,2026-07-20 03:25:00,76.77,76.77,76.56,76.6,927.475
1784518200000,2026-07-20 03:30:00,76.6,76.72,76.59,76.7,867.065
1784518500000,2026-07-20 03:35:00,76.69,76.77,76.6,76.75,476.095
1784518800000,2026-07-20 03:40:00,76.74,76.85,76.71,76.81,210.185
1784519100000,2026-07-20 03:45:00,76.84,76.87,76.74,76.8,1141.45
1784519400000,2026-07-20 03:50:00,76.79,76.86,76.77,76.8,166.697
1784519700000,2026-07-20 03:55:00,76.79,76.8,76.65,76.75,1494.297
1784520000000,2026-07-20 04:00:00,76.76,76.76,76.62,76.63,651.041
1784520300000,2026-07-20 04:05:00,76.62,76.62,76.49,76.51,386.517
1784520600000,2026-07-20 04:10:00,76.52,76.57,76.43,76.43,672.89
1784520900000,2026-07-20 04:15:00,76.46,76.46,76.32,76.4,621.078
1784521200000,2026-07-20 04:20:00,76.41,76.46,76.35,76.46,694.461
1784521500000,2026-07-20 04:25:00,76.46,76.63,76.46,76.57,492.707
1784521800000,2026-07-20 04:30:00,76.57,76.8,76.57,76.73,2051.737
1784522100000,2026-07-20 04:35:00,76.73,76.93,76.73,76.89,1023.484
1784522400000,2026-07-20 04:40:00,76.9,76.9,76.72,76.83,1144.581
1784522700000,2026-07-20 04:45:00,76.8,76.85,76.7,76.73,628.891
1784523000000,2026-07-20 04:50:00,76.72,76.73,76.55,76.56,687.489
1784523300000,2026-07-20 04:55:00,76.55,76.58,76.47,76.49,225.942
1784523600000,2026-07-20 05:00:00,76.47,76.49,76.31,76.33,247.586
1784523900000,2026-07-20 05:05:00,76.33,76.41,76.24,76.29,916.77
1784524200000,2026-07-20 05:10:00,76.24,76.25,75.81,76.07,1347.358
1784524500000,2026-07-20 05:15:00,76.07,76.25,76.01,76.24,760.467
1784524800000,2026-07-20 05:20:00,76.26,76.26,75.96,76.05,739.294
1784525100000,2026-07-20 05:25:00,76.04,76.12,76.01,76.09,273.949
1784525400000,2026-07-20 05:30:00,76.09,76.16,76.02,76.04,1274.626
1784525700000,2026-07-20 05:35:00,76.06,76.09,75.97,75.99,1163.712
1784526000000,2026-07-20 05:40:00,76.01,76.1,75.95,76.0,837.461
1784526300000,2026-07-20 05:45:00,75.99,75.99,75.91,75.91,1068.247
1784526600000,2026-07-20 05:50:00,75.92,75.93,75.83,75.84,841.858
1784526900000,2026-07-20 05:55:00,75.85,75.96,75.84,75.9,740.624
1784527200000,2026-07-20 06:00:00,75.91,75.99,75.86,75.97,797.458
1784527500000,2026-07-20 06:05:00,75.98,76.03,75.87,75.98,1124.73
1784527800000,2026-07-20 06:10:00,75.98,76.01,75.91,76.0,340.26
1784528100000,2026-07-20 06:15:00,75.99,76.02,75.92,75.99,805.869
1784528400000,2026-07-20 06:20:00,75.99,76.05,75.95,75.96,429.328
1784528700000,2026-07-20 06:25:00,75.95,76.02,75.86,76.01,991.863
1784529000000,2026-07-20 06:30:00,76.01,76.03,75.74,75.88,1277.082
1784529300000,2026-07-20 06:35:00,75.88,75.89,75.61,75.75,1801.782
1784529600000,2026-07-20 06:40:00,75.73,75.8,75.7,75.79,545.657
1784529900000,2026-07-20 06:45:00,75.78,75.81,75.66,75.72,848.061
1784530200000,2026-07-20 06:50:00,75.77,75.82,75.61,75.7,982.512
1784530500000,2026-07-20 06:55:00,75.7,75.72,75.61,75.62,689.628
1784530800000,2026-07-20 07:00:00,75.64,75.78,75.63,75.73,623.88
1784531100000,2026-07-20 07:05:00,75.74,75.76,75.69,75.72,442.21
1784531400000,2026-07-20 07:10:00,75.72,75.74,75.68,75.73,562.885
1784531700000,2026-07-20 07:15:00,75.74,75.74,75.56,75.7,489.34
1784532000000,2026-07-20 07:20:00,75.7,75.87,75.68,75.86,674.086
1784532300000,2026-07-20 07:25:00,75.86,75.98,75.86,75.98,505.138
1784532600000,2026-07-20 07:30:00,75.98,76.05,75.94,76.02,535.618
1784532900000,2026-07-20 07:35:00,76.01,76.01,75.92,75.92,1208.251
1784533200000,2026-07-20 07:40:00,75.91,76.06,75.88,76.06,599.874
1784533500000,2026-07-20 07:45:00,76.09,76.13,76.03,76.03,565.14
1784533800000,2026-07-20 07:50:00,76.05,76.15,76.05,76.11,178.029
1784534100000,2026-07-20 07:55:00,76.11,76.23,76.11,76.2,182.969
1784534400000,2026-07-20 08:00:00,76.22,76.33,76.21,76.24,282.883
1784534700000,2026-07-20 08:05:00,76.23,76.24,76.14,76.15,369.934
1784535000000,2026-07-20 08:10:00,76.15,76.31,76.13,76.28,399.418
1784535300000,2026-07-20 08:15:00,76.29,76.44,76.24,76.3,1074.173
1784535600000,2026-07-20 08:20:00,76.31,76.33,76.22,76.33,319.082
1784535900000,2026-07-20 08:25:00,76.34,76.39,76.29,76.29,74.293
1784536200000,2026-07-20 08:30:00,76.29,76.3,76.23,76.26,293.044
1784536500000,2026-07-20 08:35:00,76.26,76.36,75.93,76.05,1853.697
1784536800000,2026-07-20 08:40:00,76.03,76.05,75.97,75.97,225.271
1784537100000,2026-07-20 08:45:00,75.92,76.15,75.9,76.15,341.615
1784537400000,2026-07-20 08:50:00,76.15,76.25,76.1,76.1,351.356
1784537700000,2026-07-20 08:55:00,76.1,76.14,76.06,76.14,170.887
1784538000000,2026-07-20 09:00:00,76.17,76.24,76.12,76.12,528.574
1784538300000,2026-07-20 09:05:00,76.12,76.19,76.08,76.16,666.402
1784538600000,2026-07-20 09:10:00,76.16,76.24,76.15,76.21,225.402
1784538900000,2026-07-20 09:15:00,76.22,76.39,76.22,76.26,513.475
1784539200000,2026-07-20 09:20:00,76.25,76.43,76.25,76.41,348.616
1784539500000,2026-07-20 09:25:00,76.42,76.57,76.42,76.57,522.386
1784539800000,2026-07-20 09:30:00,76.57,76.72,76.54,76.66,1907.659
1784540100000,2026-07-20 09:35:00,76.7,76.71,76.56,76.57,235.853
1784540400000,2026-07-20 09:40:00,76.58,76.62,76.56,76.6,117.46
1784540700000,2026-07-20 09:45:00,76.61,76.64,76.58,76.62,318.82
1784541000000,2026-07-20 09:50:00,76.62,76.69,76.5,76.5,303.91
1784541300000,2026-07-20 09:55:00,76.51,76.51,76.46,76.49,291.752
1784541600000,2026-07-20 10:00:00,76.47,76.47,76.39,76.46,812.325
1784541900000,2026-07-20 10:05:00,76.44,76.44,76.37,76.44,379.773
1784542200000,2026-07-20 10:10:00,76.44,76.49,76.43,76.49,58.481
1784542500000,2026-07-20 10:15:00,76.48,76.49,76.43,76.49,132.491
1784542800000,2026-07-20 10:20:00,76.49,76.67,76.48,76.66,660.313
1784543100000,2026-07-20 10:25:00,76.66,76.68,76.55,76.55,208.523
1784543400000,2026-07-20 10:30:00,76.55,76.55,76.44,76.47,278.735
1784543700000,2026-07-20 10:35:00,76.46,76.5,76.43,76.47,333.751
1784544000000,2026-07-20 10:40:00,76.46,76.52,76.46,76.52,85.434
1784544300000,2026-07-20 10:45:00,76.51,76.52,76.47,76.47,169.289
1784544600000,2026-07-20 10:50:00,76.47,76.47,76.4,76.4,74.206
1784544900000,2026-07-20 10:55:00,76.41,76.42,76.34,76.34,225.568
1784545200000,2026-07-20 11:00:00,76.35,76.43,76.31,76.36,689.622
1784545500000,2026-07-20 11:05:00,76.37,76.58,76.37,76.56,1249.792
1784545800000,2026-07-20 11:10:00,76.56,76.61,76.5,76.54,379.948
1784546100000,2026-07-20 11:15:00,76.56,76.59,76.52,76.52,372.235
1784546400000,2026-07-20 11:20:00,76.51,76.51,76.38,76.38,913.496
1784546700000,2026-07-20 11:25:00,76.37,76.45,76.37,76.41,211.503
1784547000000,2026-07-20 11:30:00,76.41,76.88,76.41,76.88,1961.355
1784547300000,2026-07-20 11:35:00,76.88,77.14,76.87,77.08,2454.771
1784547600000,2026-07-20 11:40:00,77.07,77.16,76.98,76.98,945.308
1784547900000,2026-07-20 11:45:00,76.97,77.18,76.97,77.1,1006.255
1784548200000,2026-07-20 11:50:00,77.13,77.14,77.02,77.07,442.766
1784548500000,2026-07-20 11:55:00,77.06,77.23,77.0,77.16,1934.153
1784548800000,2026-07-20 12:00:00,77.15,77.15,76.73,76.87,1828.893
1784549100000,2026-07-20 12:05:00,76.86,76.96,76.84,76.96,716.851
1784549400000,2026-07-20 12:10:00,76.94,76.94,76.8,76.85,326.15
1784549700000,2026-07-20 12:15:00,76.86,76.92,76.85,76.86,859.449
1784550000000,2026-07-20 12:20:00,76.86,76.87,76.83,76.83,120.66
1784550300000,2026-07-20 12:25:00,76.81,76.89,76.77,76.85,381.843
1784550600000,2026-07-20 12:30:00,76.85,76.86,76.74,76.84,998.465
1784550900000,2026-07-20 12:35:00,76.85,76.93,76.81,76.81,1004.154
1784551200000,2026-07-20 12:40:00,76.8,76.83,76.68,76.68,250.714
1784551500000,2026-07-20 12:45:00,76.68,76.89,76.67,76.89,1524.225
1784551800000,2026-07-20 12:50:00,76.91,76.91,76.76,76.78,545.7
1784552100000,2026-07-20 12:55:00,76.77,76.77,76.7,76.74,529.851
1784552400000,2026-07-20 13:00:00,76.75,76.81,76.74,76.8,308.018
1784552700000,2026-07-20 13:05:00,76.8,76.82,76.74,76.8,326.638
1784553000000,2026-07-20 13:10:00,76.81,76.81,76.72,76.72,374.941
1784553300000,2026-07-20 13:15:00,76.74,76.83,76.71,76.81,725.19
1784553600000,2026-07-20 13:20:00,76.81,76.81,76.63,76.66,709.549
1784553900000,2026-07-20 13:25:00,76.67,76.75,76.6,76.73,1119.895
1784554200000,2026-07-20 13:30:00,76.73,77.01,76.67,77.01,2665.591
1784554500000,2026-07-20 13:35:00,77.01,77.1,76.93,76.97,2560.206
1784554800000,2026-07-20 13:40:00,77.0,77.04,76.89,76.97,1057.059
1784555100000,2026-07-20 13:45:00,76.98,76.98,76.55,76.84,2680.819
1784555400000,2026-07-20 13:50:00,76.85,76.88,76.45,76.5,2330.67
1784555700000,2026-07-20 13:55:00,76.49,76.5,76.15,76.28,2652.794
1784556000000,2026-07-20 14:00:00,76.29,76.42,76.15,76.36,2868.955
1784556300000,2026-07-20 14:05:00,76.35,76.45,76.2,76.33,3167.157
1784556600000,2026-07-20 14:10:00,76.33,76.33,76.06,76.08,1765.115
1784556900000,2026-07-20 14:15:00,76.09,76.18,75.95,76.03,2213.639
1784557200000,2026-07-20 14:20:00,76.03,76.18,75.81,76.17,1284.947
1784557500000,2026-07-20 14:25:00,76.18,76.36,76.15,76.35,1341.774
1784557800000,2026-07-20 14:30:00,76.37,76.39,76.27,76.28,1358.441
1784558100000,2026-07-20 14:35:00,76.3,76.31,76.17,76.25,951.658
1784558400000,2026-07-20 14:40:00,76.25,76.31,76.21,76.28,742.81
1784558700000,2026-07-20 14:45:00,76.28,76.41,76.13,76.13,2360.114
1784559000000,2026-07-20 14:50:00,76.12,76.16,76.07,76.14,1130.404
1784559300000,2026-07-20 14:55:00,76.09,76.15,76.02,76.15,824.079
1784559600000,2026-07-20 15:00:00,76.15,76.52,76.13,76.48,1553.744
1784559900000,2026-07-20 15:05:00,76.48,76.87,76.42,76.84,2913.485
1784560200000,2026-07-20 15:10:00,76.85,77.06,76.76,77.03,1994.583
1784560500000,2026-07-20 15:15:00,77.04,77.08,76.94,77.02,1898.454
1784560800000,2026-07-20 15:20:00,77.02,77.06,76.91,76.98,1915.421
1784561100000,2026-07-20 15:25:00,76.97,77.03,76.93,77.02,1318.034
1784561400000,2026-07-20 15:30:00,77.03,77.09,76.86,76.93,1322.412
1784561700000,2026-07-20 15:35:00,76.93,76.98,76.89,76.94,676.997
1784562000000,2026-07-20 15:40:00,76.94,77.3,76.94,77.27,645.206
1784562300000,2026-07-20 15:45:00,77.28,77.63,77.27,77.5,1210.205
1784562600000,2026-07-20 15:50:00,77.49,77.84,77.49,77.78,1814.352
1784562900000,2026-07-20 15:55:00,77.8,77.88,77.71,77.77,1403.745
1784563200000,2026-07-20 16:00:00,77.77,77.83,77.65,77.68,2590.238
1784563500000,2026-07-20 16:05:00,77.67,77.68,77.57,77.63,459.065
1784563800000,2026-07-20 16:10:00,77.65,77.83,77.65,77.8,1359.387
1784564100000,2026-07-20 16:15:00,77.79,77.86,77.66,77.66,1160.424
1784564400000,2026-07-20 16:20:00,77.65,77.72,77.64,77.72,436.26
1784564700000,2026-07-20 16:25:00,77.72,77.73,77.5,77.58,774.943
1784565000000,2026-07-20 16:30:00,77.6,77.67,77.59,77.66,4577.417
1784565300000,2026-07-20 16:35:00,77.67,77.7,77.61,77.66,693.512
1784565600000,2026-07-20 16:40:00,77.65,77.75,77.55,77.57,1735.189
1784565900000,2026-07-20 16:45:00,77.56,77.8,77.56,77.76,1369.849
1784566200000,2026-07-20 16:50:00,77.75,77.79,77.69,77.75,575.24
1784566500000,2026-07-20 16:55:00,77.72,77.73,77.66,77.67,1296.413
1784566800000,2026-07-20 17:00:00,77.67,77.73,77.63,77.63,1570.704
1784567100000,2026-07-20 17:05:00,77.64,77.72,77.61,77.72,942.938
1784567400000,2026-07-20 17:10:00,77.71,77.71,77.62,77.63,757.257
1784567700000,2026-07-20 17:15:00,77.62,77.65,77.62,77.64,1906.52
1784568000000,2026-07-20 17:20:00,77.65,77.65,77.59,77.6,3672.688
1784568300000,2026-07-20 17:25:00,77.59,77.6,77.59,77.6,621.05
1784568600000,2026-07-20 17:30:00,77.6,77.6,77.59,77.59,625.905
1784568900000,2026-07-20 17:35:00,77.6,77.6,77.59,77.59,5184.873
1784569200000,2026-07-20 17:40:00,77.61,77.61,77.36,77.41,1250.199
1784569500000,2026-07-20 17:45:00,77.41,77.52,77.4,77.52,1858.618
1784569800000,2026-07-20 17:50:00,77.53,77.89,77.52,77.76,921.812
1784570100000,2026-07-20 17:55:00,77.75,77.79,77.67,77.74,677.237
1784570400000,2026-07-20 18:00:00,77.75,78.19,77.75,78.05,1996.162
1784570700000,2026-07-20 18:05:00,78.05,78.07,77.95,77.95,848.776
1784571000000,2026-07-20 18:10:00,77.95,78.35,77.93,78.21,1454.861
1784571300000,2026-07-20 18:15:00,78.24,78.36,78.15,78.18,1176.09
1784571600000,2026-07-20 18:20:00,78.18,78.18,77.97,78.0,1515.597
1784571900000,2026-07-20 18:25:00,78.0,78.1,78.0,78.09,1252.81
1784572200000,2026-07-20 18:30:00,78.07,78.07,77.88,77.91,1117.619
1784572500000,2026-07-20 18:35:00,77.91,78.01,77.91,77.94,801.652
1784572800000,2026-07-20 18:40:00,77.95,77.95,77.74,77.74,1130.901
1784573100000,2026-07-20 18:45:00,77.74,77.82,77.7,77.8,1705.183
1784573400000,2026-07-20 18:50:00,77.76,77.81,77.7,77.7,831.468
1784573700000,2026-07-20 18:55:00,77.7,77.7,77.6,77.67,426.539
1784574000000,2026-07-20 19:00:00,77.66,77.67,77.54,77.6,2966.571
1784574300000,2026-07-20 19:05:00,77.6,77.72,77.59,77.68,329.06
1784574600000,2026-07-20 19:10:00,77.69,77.69,77.43,77.43,880.349
1784574900000,2026-07-20 19:15:00,77.43,77.56,77.35,77.55,2194.968
1784575200000,2026-07-20 19:20:00,77.52,77.55,77.46,77.53,446.24
1784575500000,2026-07-20 19:25:00,77.53,77.54,77.42,77.54,1609.142
1784575800000,2026-07-20 19:30:00,77.55,77.56,77.36,77.47,978.797
1784576100000,2026-07-20 19:35:00,77.46,77.48,77.38,77.48,240.667
1784576400000,2026-07-20 19:40:00,77.47,77.59,77.45,77.55,1147.498
1784576700000,2026-07-20 19:45:00,77.55,77.6,77.49,77.59,676.074
1784577000000,2026-07-20 19:50:00,77.59,77.63,77.51,77.62,841.343
1784577300000,2026-07-20 19:55:00,77.62,77.69,77.61,77.64,943.164
1784577600000,2026-07-20 20:00:00,77.66,77.66,77.54,77.62,2232.381
1784577900000,2026-07-20 20:05:00,77.61,77.72,77.61,77.65,1415.65
1784578200000,2026-07-20 20:10:00,77.63,77.72,77.6,77.71,310.748
1784578500000,2026-07-20 20:15:00,77.71,77.74,77.65,77.7,2965.37
1784578800000,2026-07-20 20:20:00,77.71,77.79,77.71,77.77,326.03
1784579100000,2026-07-20 20:25:00,77.79,77.85,77.75,77.85,1269.272
1784579400000,2026-07-20 20:30:00,77.84,78.01,77.84,77.98,517.211
1784579700000,2026-07-20 20:35:00,77.99,78.05,77.92,77.96,350.532
1784580000000,2026-07-20 20:40:00,77.95,77.95,77.81,77.86,699.927
1784580300000,2026-07-20 20:45:00,77.87,77.94,77.86,77.9,785.958
1784580600000,2026-07-20 20:50:00,77.89,77.92,77.83,77.92,711.384
1784580900000,2026-07-20 20:55:00,77.92,77.94,77.87,77.9,265.66
1784581200000,2026-07-20 21:00:00,77.88,77.92,77.84,77.92,985.622
1784581500000,2026-07-20 21:05:00,77.92,77.99,77.89,77.92,399.766
1784581800000,2026-07-20 21:10:00,77.93,77.99,77.92,77.93,473.734
1784582100000,2026-07-20 21:15:00,77.92,77.97,77.91,77.93,239.103
1784582400000,2026-07-20 21:20:00,77.93,78.03,77.91,78.0,544.105
1784582700000,2026-07-20 21:25:00,77.98,77.98,77.91,77.93,367.255
1784583000000,2026-07-20 21:30:00,77.94,77.99,77.92,77.99,1022.817
1784583300000,2026-07-20 21:35:00,77.99,78.02,77.93,77.94,190.841
1784583600000,2026-07-20 21:40:00,77.95,77.97,77.93,77.93,318.447
1784583900000,2026-07-20 21:45:00,77.92,77.95,77.83,77.83,381.364
1784584200000,2026-07-20 21:50:00,77.83,77.83,77.78,77.8,906.448
1784584500000,2026-07-20 21:55:00,77.8,77.83,77.74,77.75,706.036
1784584800000,2026-07-20 22:00:00,77.75,77.75,77.64,77.67,1999.244
1784585100000,2026-07-20 22:05:00,77.65,77.77,77.62,77.76,1049.883
1784585400000,2026-07-20 22:10:00,77.77,77.83,77.75,77.76,1016.328
1784585700000,2026-07-20 22:15:00,77.76,77.76,77.62,77.66,572.92
1784586000000,2026-07-20 22:20:00,77.66,77.72,77.66,77.68,473.388
1784586300000,2026-07-20 22:25:00,77.68,77.69,77.65,77.67,775.416
1784586600000,2026-07-20 22:30:00,77.67,77.71,77.55,77.55,592.053
1784586900000,2026-07-20 22:35:00,77.56,77.61,77.52,77.52,837.872
1784587200000,2026-07-20 22:40:00,77.51,77.51,77.46,77.46,273.433
1784587500000,2026-07-20 22:45:00,77.45,77.53,77.45,77.52,157.95
1784587800000,2026-07-20 22:50:00,77.52,77.52,77.46,77.47,92.329
1784588100000,2026-07-20 22:55:00,77.45,77.47,77.43,77.45,540.495
1784588400000,2026-07-20 23:00:00,77.44,77.52,77.44,77.52,237.836
1784588700000,2026-07-20 23:05:00,77.52,77.63,77.52,77.61,1023.322
1784589000000,2026-07-20 23:10:00,77.61,77.62,77.53,77.54,69.399
1784589300000,2026-07-20 23:15:00,77.54,77.72,77.54,77.72,1239.006
1784589600000,2026-07-20 23:20:00,77.7,77.75,77.68,77.72,160.029
1784589900000,2026-07-20 23:25:00,77.72,77.73,77.68,77.73,47.438
1784590200000,2026-07-20 23:30:00,77.72,77.81,77.72,77.73,81.468
1784590500000,2026-07-20 23:35:00,77.73,77.75,77.7,77.7,81.72
1784590800000,2026-07-20 23:40:00,77.67,77.76,77.67,77.75,504.021
1784591100000,2026-07-20 23:45:00,77.75,77.81,77.74,77.77,13.364
1784591400000,2026-07-20 23:50:00,77.77,77.78,77.69,77.78,409.042
1784591700000,2026-07-20 23:55:00,77.8,77.88,77.8,77.85,799.34
1784592000000,2026-07-21 00:00:00,77.85,77.85,77.77,77.85,830.137
1784592300000,2026-07-21 00:05:00,77.85,77.9,77.79,77.86,993.261
1784592600000,2026-07-21 00:10:00,77.85,77.95,77.8,77.84,538.8
1784592900000,2026-07-21 00:15:00,77.84,78.02,77.8,78.02,1009.044
1784593200000,2026-07-21 00:20:00,78.02,78.04,77.95,78.04,855.996
1784593500000,2026-07-21 00:25:00,78.03,78.08,77.95,77.98,442.482
1784593800000,2026-07-21 00:30:00,77.99,78.16,77.98,78.09,1146.93
1784594100000,2026-07-21 00:35:00,78.09,78.16,78.01,78.16,452.921
1784594400000,2026-07-21 00:40:00,78.16,78.25,78.15,78.25,762.667
1784594700000,2026-07-21 00:45:00,78.22,78.28,78.19,78.24,1166.88
1784595000000,2026-07-21 00:50:00,78.25,78.25,78.13,78.14,1379.726
1784595300000,2026-07-21 00:55:00,78.14,78.17,78.13,78.14,406.441
1784595600000,2026-07-21 01:00:00,78.13,78.13,78.02,78.05,655.201
1784595900000,2026-07-21 01:05:00,78.08,78.2,78.08,78.18,1366.191
1784596200000,2026-07-21 01:10:00,78.2,78.22,78.12,78.14,797.163
1784596500000,2026-07-21 01:15:00,78.13,78.14,77.97,77.98,523.256
1784596800000,2026-07-21 01:20:00,77.99,78.01,77.94,77.97,391.696
1784597100000,2026-07-21 01:25:00,77.98,78.01,77.97,77.98,134.478
1784597400000,2026-07-21 01:30:00,77.99,78.01,77.91,78.0,697.109
1784597700000,2026-07-21 01:35:00,77.99,78.08,77.98,77.99,1397.214
1784598000000,2026-07-21 01:40:00,77.99,77.99,77.9,77.96,972.939
1784598300000,2026-07-21 01:45:00,77.96,78.03,77.93,78.03,1072.59
1784598600000,2026-07-21 01:50:00,78.01,78.01,77.88,77.9,1050.695
1784598900000,2026-07-21 01:55:00,77.91,77.91,77.83,77.85,573.052
1784599200000,2026-07-21 02:00:00,77.84,77.95,77.84,77.92,543.721
1784599500000,2026-07-21 02:05:00,77.91,78.05,77.87,77.87,626.978
1784599800000,2026-07-21 02:10:00,77.84,77.87,77.8,77.81,825.2
1784600100000,2026-07-21 02:15:00,77.83,77.83,77.66,77.67,427.477
1784600400000,2026-07-21 02:20:00,77.68,77.82,77.68,77.82,187.032
1784600700000,2026-07-21 02:25:00,77.83,77.87,77.76,77.77,210.892
1784601000000,2026-07-21 02:30:00,77.76,77.95,77.76,77.95,538.528
1784601300000,2026-07-21 02:35:00,77.94,78.0,77.93,77.98,92.327
1784601600000,2026-07-21 02:40:00,77.99,78.01,77.92,78.01,350.549
1784601900000,2026-07-21 02:45:00,78.01,78.01,77.92,77.97,500.252
1784602200000,2026-07-21 02:50:00,77.96,78.01,77.94,78.01,83.92
1784602500000,2026-07-21 02:55:00,78.0,78.17,78.0,78.03,591.29
1784602800000,2026-07-21 03:00:00,78.02,78.24,78.02,78.2,729.513
1784603100000,2026-07-21 03:05:00,78.19,78.51,78.19,78.43,1438.906
1784603400000,2026-07-21 03:10:00,78.42,78.46,78.24,78.3,771.636
1784603700000,2026-07-21 03:15:00,78.29,78.35,78.2,78.2,395.291
1784604000000,2026-07-21 03:20:00,78.2,78.28,78.18,78.21,435.112
1784604300000,2026-07-21 03:25:00,78.22,78.28,78.2,78.26,645.086
1784604600000,2026-07-21 03:30:00,78.29,78.29,78.19,78.29,516.072
1784604900000,2026-07-21 03:35:00,78.29,78.36,78.26,78.27,493.28
1784605200000,2026-07-21 03:40:00,78.3,78.33,78.24,78.26,498.497
1784605500000,2026-07-21 03:45:00,78.27,78.27,78.21,78.22,202.384
1784605800000,2026-07-21 03:50:00,78.21,78.28,78.16,78.28,283.588
1784606100000,2026-07-21 03:55:00,78.25,78.26,78.15,78.19,372.124
1784606400000,2026-07-21 04:00:00,78.19,78.3,78.17,78.3,936.209
1784606700000,2026-07-21 04:05:00,78.29,78.39,78.25,78.25,594.536
1784607000000,2026-07-21 04:10:00,78.25,78.26,78.11,78.12,295.269
1784607300000,2026-07-21 04:15:00,78.12,78.17,78.02,78.16,786.549
1784607600000,2026-07-21 04:20:00,78.15,78.27,78.09,78.09,629.704
1784607900000,2026-07-21 04:25:00,78.08,78.09,78.03,78.03,87.298
1784608200000,2026-07-21 04:30:00,78.05,78.13,78.04,78.11,536.179
1784608500000,2026-07-21 04:35:00,78.14,78.25,78.12,78.2,532.706
1784608800000,2026-07-21 04:40:00,78.21,78.21,78.07,78.13,466.395
1784609100000,2026-07-21 04:45:00,78.13,78.16,78.1,78.13,481.419
1784609400000,2026-07-21 04:50:00,78.1,78.16,78.09,78.11,348.123
1784609700000,2026-07-21 04:55:00,78.09,78.16,78.06,78.15,97.836
1784610000000,2026-07-21 05:00:00,78.13,78.26,78.12,78.25,414.44
1784610300000,2026-07-21 05:05:00,78.25,78.27,78.14,78.25,405.215
1784610600000,2026-07-21 05:10:00,78.24,78.28,78.21,78.24,7819.45
1784610900000,2026-07-21 05:15:00,78.24,78.25,78.13,78.15,1252.349
1784611200000,2026-07-21 05:20:00,78.14,78.29,78.14,78.29,799.559
1784611500000,2026-07-21 05:25:00,78.3,78.39,78.29,78.37,362.585
1784611800000,2026-07-21 05:30:00,78.38,78.44,78.37,78.42,364.204
1784612100000,2026-07-21 05:35:00,78.42,78.46,78.33,78.33,343.425
1784612400000,2026-07-21 05:40:00,78.34,78.44,78.34,78.42,192.329
1784612700000,2026-07-21 05:45:00,78.43,78.63,78.4,78.55,4636.612
1784613000000,2026-07-21 05:50:00,78.56,78.58,78.44,78.48,513.512
1784613300000,2026-07-21 05:55:00,78.44,78.47,78.43,78.47,155.475
1784613600000,2026-07-21 06:00:00,78.45,78.61,78.45,78.51,1109.372
1784613900000,2026-07-21 06:05:00,78.51,78.56,78.4,78.4,368.042
1784614200000,2026-07-21 06:10:00,78.4,78.45,78.31,78.4,550.529
1784614500000,2026-07-21 06:15:00,78.38,78.4,78.34,78.36,163.188
1784614800000,2026-07-21 06:20:00,78.35,78.49,78.32,78.49,137.806
1784615100000,2026-07-21 06:25:00,78.48,78.48,78.41,78.47,107.242
1784615400000,2026-07-21 06:30:00,78.44,78.58,78.44,78.57,127.012
1784615700000,2026-07-21 06:35:00,78.58,78.88,78.57,78.76,1293.913
1784616000000,2026-07-21 06:40:00,78.75,78.76,78.67,78.68,176.669
1784616300000,2026-07-21 06:45:00,78.71,78.71,78.57,78.63,197.028
1784616600000,2026-07-21 06:50:00,78.64,78.73,78.61,78.65,487.963
1784616900000,2026-07-21 06:55:00,78.63,78.68,78.6,78.67,98.944
1784617200000,2026-07-21 07:00:00,78.67,78.75,78.66,78.69,502.597
1784617500000,2026-07-21 07:05:00,78.71,78.72,78.6,78.6,427.597
1784617800000,2026-07-21 07:10:00,78.63,78.66,78.62,78.62,407.17
1784618100000,2026-07-21 07:15:00,78.62,78.67,78.61,78.67,213.318
1784618400000,2026-07-21 07:20:00,78.68,78.7,78.53,78.54,835.475
1784618700000,2026-07-21 07:25:00,78.54,78.58,78.48,78.58,156.388
1784619000000,2026-07-21 07:30:00,78.54,78.66,78.51,78.58,474.015
1784619300000,2026-07-21 07:35:00,78.59,78.63,78.58,78.59,93.051
1784619600000,2026-07-21 07:40:00,78.6,78.63,78.49,78.51,121.466
1784619900000,2026-07-21 07:45:00,78.52,78.66,78.5,78.62,463.406
1784620200000,2026-07-21 07:50:00,78.65,78.66,78.61,78.66,99.128
1784620500000,2026-07-21 07:55:00,78.63,78.63,78.57,78.57,133.58
1784620800000,2026-07-21 08:00:00,78.57,78.62,78.51,78.61,570.038
1784621100000,2026-07-21 08:05:00,78.62,78.62,78.46,78.47,130.272
1784621400000,2026-07-21 08:10:00,78.45,78.6,78.4,78.59,810.979
1784621700000,2026-07-21 08:15:00,78.61,78.61,78.52,78.56,502.233
1784622000000,2026-07-21 08:20:00,78.57,78.7,78.56,78.61,394.108
1784622300000,2026-07-21 08:25:00,78.59,78.59,78.38,78.42,829.449
1784622600000,2026-07-21 08:30:00,78.41,78.45,78.38,78.41,687.121
1784622900000,2026-07-21 08:35:00,78.45,78.49,78.42,78.49,483.251
1784623200000,2026-07-21 08:40:00,78.5,78.51,78.38,78.45,233.759
1784623500000,2026-07-21 08:45:00,78.45,78.48,78.43,78.43,168.628
1784623800000,2026-07-21 08:50:00,78.45,78.45,78.42,78.42,71.195
1784624100000,2026-07-21 08:55:00,78.43,78.43,78.34,78.37,285.628
1784624400000,2026-07-21 09:00:00,78.36,78.37,78.21,78.23,466.611
1784624700000,2026-07-21 09:05:00,78.23,78.25,78.17,78.22,160.699
1784625000000,2026-07-21 09:10:00,78.22,78.27,78.21,78.26,92.386
1784625300000,2026-07-21 09:15:00,78.26,78.3,78.24,78.24,243.608
1784625600000,2026-07-21 09:20:00,78.24,78.28,78.21,78.25,275.865
1784625900000,2026-07-21 09:25:00,78.25,78.29,78.23,78.29,177.959
1784626200000,2026-07-21 09:30:00,78.28,78.41,78.27,78.4,125.175
1784626500000,2026-07-21 09:35:00,78.39,78.45,78.39,78.42,292.39
1784626800000,2026-07-21 09:40:00,78.41,78.45,78.4,78.44,8.094
1784627100000,2026-07-21 09:45:00,78.44,78.51,78.43,78.5,109.144
1784627400000,2026-07-21 09:50:00,78.5,78.5,78.44,78.48,17.409
1784627700000,2026-07-21 09:55:00,78.48,78.49,78.39,78.4,142.823
1784628000000,2026-07-21 10:00:00,78.43,78.47,78.41,78.41,656.431
1784628300000,2026-07-21 10:05:00,78.42,78.44,78.38,78.38,259.129
1784628600000,2026-07-21 10:10:00,78.39,78.49,78.38,78.41,746.06
1784628900000,2026-07-21 10:15:00,78.41,78.46,78.4,78.41,382.022
1784629200000,2026-07-21 10:20:00,78.41,78.42,78.33,78.38,778.196
1784629500000,2026-07-21 10:25:00,78.36,78.41,78.34,78.39,373.168
1784629800000,2026-07-21 10:30:00,78.4,78.41,78.37,78.38,143.924
1784630100000,2026-07-21 10:35:00,78.37,78.43,78.35,78.37,787.123
1784630400000,2026-07-21 10:40:00,78.38,78.38,78.28,78.29,225.773
1784630700000,2026-07-21 10:45:00,78.29,78.33,78.24,78.24,1408.815
1784631000000,2026-07-21 10:50:00,78.24,78.24,78.07,78.16,838.666
1784631300000,2026-07-21 10:55:00,78.15,78.2,78.12,78.2,18.413
1784631600000,2026-07-21 11:00:00,78.21,78.23,78.16,78.16,143.923
1784631900000,2026-07-21 11:05:00,78.15,78.22,78.14,78.14,103.049
1784632200000,2026-07-21 11:10:00,78.11,78.17,78.1,78.16,227.749
1784632500000,2026-07-21 11:15:00,78.13,78.19,78.13,78.18,47.545
1784632800000,2026-07-21 11:20:00,78.19,78.24,78.16,78.23,373.189
1784633100000,2026-07-21 11:25:00,78.24,78.24,78.16,78.24,454.798
1784633400000,2026-07-21 11:30:00,78.23,78.3,78.23,78.28,1008.833
1784633700000,2026-07-21 11:35:00,78.29,78.37,78.28,78.37,51.088
1784634000000,2026-07-21 11:40:00,78.35,78.36,78.34,78.35,15.47
1784634300000,2026-07-21 11:45:00,78.35,78.4,78.34,78.4,143.769
1784634600000,2026-07-21 11:50:00,78.42,78.42,78.37,78.39,836.275
1784634900000,2026-07-21 11:55:00,78.38,78.39,78.34,78.35,296.815
1784635200000,2026-07-21 12:00:00,78.35,78.41,78.3,78.31,1248.086
1784635500000,2026-07-21 12:05:00,78.3,78.41,78.29,78.36,391.871
1784635800000,2026-07-21 12:10:00,78.37,78.48,78.36,78.4,568.441
1784636100000,2026-07-21 12:15:00,78.39,78.46,78.35,78.46,707.129
1784636400000,2026-07-21 12:20:00,78.45,78.53,78.39,78.39,386.147
1784636700000,2026-07-21 12:25:00,78.38,78.44,78.29,78.31,444.528
1784637000000,2026-07-21 12:30:00,78.29,78.37,78.27,78.37,290.595
1784637300000,2026-07-21 12:35:00,78.32,78.53,78.31,78.51,1330.95
1784637600000,2026-07-21 12:40:00,78.51,78.51,78.36,78.4,305.392
1784637900000,2026-07-21 12:45:00,78.42,78.5,78.42,78.5,297.498
1784638200000,2026-07-21 12:50:00,78.5,78.52,78.44,78.48,204.515
1784638500000,2026-07-21 12:55:00,78.47,78.52,78.44,78.51,528.598
1784638800000,2026-07-21 13:00:00,78.53,78.53,78.42,78.52,782.749
1784639100000,2026-07-21 13:05:00,78.53,78.63,78.53,78.61,101.372
1784639400000,2026-07-21 13:10:00,78.6,78.61,78.53,78.56,373.946
1784639700000,2026-07-21 13:15:00,78.54,78.55,78.45,78.46,599.44
1784640000000,2026-07-21 13:20:00,78.46,78.49,78.39,78.39,487.936
1784640300000,2026-07-21 13:25:00,78.39,78.42,78.35,78.41,475.662
1784640600000,2026-07-21 13:30:00,78.41,78.48,78.35,78.4,1560.128
1784640900000,2026-07-21 13:35:00,78.4,78.47,78.36,78.37,1126.366
1784641200000,2026-07-21 13:40:00,78.35,78.35,78.24,78.25,820.713
1784641500000,2026-07-21 13:45:00,78.26,78.44,78.24,78.44,1425.829
1784641800000,2026-07-21 13:50:00,78.45,78.55,78.38,78.55,948.58
1784642100000,2026-07-21 13:55:00,78.56,78.62,78.54,78.59,827.392
1784642400000,2026-07-21 14:00:00,78.59,78.59,78.45,78.55,784.651
1784642700000,2026-07-21 14:05:00,78.55,78.64,78.38,78.42,1840.3
1784643000000,2026-07-21 14:10:00,78.39,78.49,78.37,78.44,202.323
1784643300000,2026-07-21 14:15:00,78.45,78.5,78.26,78.36,1543.318
1784643600000,2026-07-21 14:20:00,78.35,78.37,78.1,78.11,957.504
1784643900000,2026-07-21 14:25:00,78.11,78.2,78.03,78.11,1113.678
1784644200000,2026-07-21 14:30:00,78.11,78.26,78.11,78.2,601.619
1784644500000,2026-07-21 14:35:00,78.2,78.2,78.1,78.12,997.817
1784644800000,2026-07-21 14:40:00,78.11,78.12,77.94,78.12,663.224
1784645100000,2026-07-21 14:45:00,78.13,78.23,78.11,78.13,642.237
1784645400000,2026-07-21 14:50:00,78.11,78.13,77.98,78.02,302.682
1784645700000,2026-07-21 14:55:00,78.01,78.03,77.97,78.01,517.066
1784646000000,2026-07-21 15:00:00,78.0,78.01,77.81,77.84,515.032
1784646300000,2026-07-21 15:05:00,77.84,78.03,77.83,78.03,304.306
1784646600000,2026-07-21 15:10:00,78.03,78.03,77.94,77.95,613.854
1784646900000,2026-07-21 15:15:00,77.95,78.04,77.9,78.03,260.595
1784647200000,2026-07-21 15:20:00,78.04,78.1,77.97,78.06,487.796
1784647500000,2026-07-21 15:25:00,78.07,78.07,77.95,77.95,342.779
1784647800000,2026-07-21 15:30:00,77.95,77.96,77.87,77.91,417.179
1784648100000,2026-07-21 15:35:00,77.91,78.08,77.9,78.08,783.396
1784648400000,2026-07-21 15:40:00,78.12,78.12,77.95,77.95,624.567
1784648700000,2026-07-21 15:45:00,77.95,78.04,77.93,78.04,607.428
1784649000000,2026-07-21 15:50:00,78.1,78.11,78.07,78.07,151.056
1784649300000,2026-07-21 15:55:00,78.08,78.15,78.05,78.15,154.655
1784649600000,2026-07-21 16:00:00,78.14,78.25,78.1,78.24,810.496
1784649900000,2026-07-21 16:05:00,78.24,78.24,78.05,78.05,947.453
1784650200000,2026-07-21 16:10:00,78.03,78.14,78.03,78.1,704.65
1784650500000,2026-07-21 16:15:00,78.1,78.11,78.02,78.02,700.52
1784650800000,2026-07-21 16:20:00,78.01,78.1,78.0,78.03,922.356
1784651100000,2026-07-21 16:25:00,78.02,78.05,77.99,78.01,240.026
1784651400000,2026-07-21 16:30:00,78.0,78.14,77.97,78.14,746.408
1784651700000,2026-07-21 16:35:00,78.13,78.18,78.11,78.18,761.749
1784652000000,2026-07-21 16:40:00,78.17,78.17,78.09,78.09,1500.79
1784652300000,2026-07-21 16:45:00,78.08,78.11,78.08,78.11,7605.529
1784652600000,2026-07-21 16:50:00,78.11,78.2,78.08,78.19,5192.775
1784652900000,2026-07-21 16:55:00,78.19,78.2,78.19,78.2,400.66
1784653200000,2026-07-21 17:00:00,78.2,78.2,78.19,78.19,429.513
1784653500000,2026-07-21 17:05:00,78.2,78.2,78.18,78.18,3864.874
1784653800000,2026-07-21 17:10:00,78.18,78.2,78.17,78.17,3670.332
1784654100000,2026-07-21 17:15:00,78.17,78.2,78.17,78.2,231.362
1784654400000,2026-07-21 17:20:00,78.17,78.36,77.92,77.97,280.289
1784654700000,2026-07-21 17:25:00,77.98,77.98,77.83,77.88,582.014
1784655000000,2026-07-21 17:30:00,77.88,77.91,77.87,77.87,31.388
1784655300000,2026-07-21 17:35:00,77.86,77.92,77.86,77.9,303.587
1784655600000,2026-07-21 17:40:00,77.89,77.95,77.89,77.91,436.292
1784655900000,2026-07-21 17:45:00,77.92,77.94,77.57,77.75,1167.315
1784656200000,2026-07-21 17:50:00,77.78,77.84,77.7,77.7,924.791
1784656500000,2026-07-21 17:55:00,77.7,77.73,77.63,77.72,932.546
1784656800000,2026-07-21 18:00:00,77.71,77.76,77.61,77.73,779.093
1784657100000,2026-07-21 18:05:00,77.72,77.9,77.72,77.85,703.39
1784657400000,2026-07-21 18:10:00,77.88,77.9,77.85,77.87,191.092
1784657700000,2026-07-21 18:15:00,77.86,77.89,77.84,77.85,309.053
1784658000000,2026-07-21 18:20:00,77.87,77.99,77.84,77.93,917.003
1784658300000,2026-07-21 18:25:00,77.92,77.93,77.82,77.88,601.897
1784658600000,2026-07-21 18:30:00,77.87,77.9,77.73,77.9,1260.027
1784658900000,2026-07-21 18:35:00,77.88,77.99,77.88,77.94,503.821
1784659200000,2026-07-21 18:40:00,77.94,77.96,77.88,77.95,333.709
1784659500000,2026-07-21 18:45:00,77.95,77.99,77.89,77.96,167.889
1784659800000,2026-07-21 18:50:00,77.94,77.94,77.84,77.87,621.934
1784660100000,2026-07-21 18:55:00,77.86,77.87,77.82,77.85,711.143
1784660400000,2026-07-21 19:00:00,77.85,77.9,77.8,77.9,611.601
1784660700000,2026-07-21 19:05:00,77.9,77.9,77.85,77.9,204.144
1784661000000,2026-07-21 19:10:00,77.9,77.9,77.75,77.75,649.398
1784661300000,2026-07-21 19:15:00,77.75,77.86,77.72,77.81,663.637
1784661600000,2026-07-21 19:20:00,77.8,77.87,77.77,77.87,637.579
1784661900000,2026-07-21 19:25:00,77.87,77.96,77.86,77.89,173.934
1784662200000,2026-07-21 19:30:00,77.89,77.97,77.89,77.92,303.25
1784662500000,2026-07-21 19:35:00,77.91,78.0,77.9,77.97,188.543
1784662800000,2026-07-21 19:40:00,77.96,77.96,77.89,77.89,218.741
1784663100000,2026-07-21 19:45:00,77.89,77.91,77.8,77.8,758.266
1784663400000,2026-07-21 19:50:00,77.8,77.82,77.72,77.73,495.739
1784663700000,2026-07-21 19:55:00,77.74,77.9,77.73,77.87,636.821
1784664000000,2026-07-21 20:00:00,77.88,77.93,77.82,77.92,764.924
1784664300000,2026-07-21 20:05:00,77.93,77.95,77.91,77.93,516.231
1784664600000,2026-07-21 20:10:00,77.95,77.95,77.91,77.92,146.273
1784664900000,2026-07-21 20:15:00,77.92,77.92,77.87,77.9,170.169
1784665200000,2026-07-21 20:20:00,77.9,77.9,77.83,77.83,431.74
1784665500000,2026-07-21 20:25:00,77.86,77.9,77.85,77.89,417.307
1784665800000,2026-07-21 20:30:00,77.9,78.04,77.89,77.99,1282.535
1784666100000,2026-07-21 20:35:00,78.0,78.1,77.99,78.07,666.392
1784666400000,2026-07-21 20:40:00,78.07,78.07,77.97,77.99,214.119
1784666700000,2026-07-21 20:45:00,78.0,78.03,77.94,77.95,444.01
1784667000000,2026-07-21 20:50:00,77.95,77.95,77.88,77.92,387.778
1784667300000,2026-07-21 20:55:00,77.91,77.92,77.9,77.91,129.628
1784667600000,2026-07-21 21:00:00,77.9,77.91,77.8,77.84,285.466
1784667900000,2026-07-21 21:05:00,77.84,77.95,77.82,77.95,358.34
1784668200000,2026-07-21 21:10:00,77.96,78.05,77.95,78.0,1024.505
1784668500000,2026-07-21 21:15:00,78.01,78.01,78.0,78.01,148.278
1784668800000,2026-07-21 21:20:00,77.99,78.04,77.99,78.01,32.324
1784669100000,2026-07-21 21:25:00,78.02,78.07,77.99,77.99,414.624
1784669400000,2026-07-21 21:30:00,77.99,78.07,77.97,78.07,234.214
1784669700000,2026-07-21 21:35:00,78.07,78.14,78.06,78.11,438.429
1784670000000,2026-07-21 21:40:00,78.1,78.12,78.08,78.1,244.132
1784670300000,2026-07-21 21:45:00,78.12,78.12,78.06,78.07,236.043
1784670600000,2026-07-21 21:50:00,78.06,78.09,78.03,78.03,506.389
1784670900000,2026-07-21 21:55:00,78.05,78.09,78.02,78.05,478.227
1784671200000,2026-07-21 22:00:00,78.05,78.05,77.93,78.04,1119.995
1784671500000,2026-07-21 22:05:00,78.04,78.06,77.99,78.05,232.07
1784671800000,2026-07-21 22:10:00,78.06,78.06,77.97,77.99,495.219
1784672100000,2026-07-21 22:15:00,77.98,78.02,77.92,77.92,636.557
1784672400000,2026-07-21 22:20:00,77.92,77.98,77.92,77.95,335.514
1784672700000,2026-07-21 22:25:00,77.95,78.02,77.95,77.99,163.305
1784673000000,2026-07-21 22:30:00,77.98,78.06,77.94,78.02,520.741
1784673300000,2026-07-21 22:35:00,78.02,78.04,77.95,77.98,435.782
1784673600000,2026-07-21 22:40:00,77.99,78.01,77.97,77.97,362.067
1784673900000,2026-07-21 22:45:00,77.98,77.98,77.86,77.91,456.515
1784674200000,2026-07-21 22:50:00,77.91,77.98,77.9,77.98,220.369
1784674500000,2026-07-21 22:55:00,77.96,77.99,77.95,77.99,316.135
1784674800000,2026-07-21 23:00:00,77.99,77.99,77.87,77.91,626.735
1784675100000,2026-07-21 23:05:00,77.9,77.9,77.82,77.87,714.202
1784675400000,2026-07-21 23:10:00,77.86,77.88,77.81,77.81,579.31
1784675700000,2026-07-21 23:15:00,77.82,77.91,77.81,77.91,274.219
1784676000000,2026-07-21 23:20:00,77.91,77.91,77.85,77.85,508.124
1784676300000,2026-07-21 23:25:00,77.85,77.95,77.85,77.95,80.309
1784676600000,2026-07-21 23:30:00,77.96,78.02,77.93,77.98,197.96
1784676900000,2026-07-21 23:35:00,77.98,78.07,77.96,78.06,687.401
1784677200000,2026-07-21 23:40:00,78.07,78.09,78.03,78.03,48.621
1784677500000,2026-07-21 23:45:00,78.04,78.12,78.04,78.12,189.994
1784677800000,2026-07-21 23:50:00,78.13,78.17,78.1,78.16,64.863
1784678100000,2026-07-21 23:55:00,78.15,78.18,78.12,78.12,108.249
1784678400000,2026-07-22 00:00:00,78.14,78.2,78.11,78.19,422.105
1784678700000,2026-07-22 00:05:00,78.2,78.37,78.2,78.3,282.546
1784679000000,2026-07-22 00:10:00,78.3,78.5,78.28,78.5,395.307
1784679300000,2026-07-22 00:15:00,78.49,78.51,78.38,78.41,867.785
1784679600000,2026-07-22 00:20:00,78.44,78.57,78.39,78.41,795.633
1784679900000,2026-07-22 00:25:00,78.4,78.45,78.37,78.41,123.948
1784680200000,2026-07-22 00:30:00,78.41,78.56,78.34,78.56,462.252
1784680500000,2026-07-22 00:35:00,78.55,78.55,78.46,78.55,377.529
1784680800000,2026-07-22 00:40:00,78.55,78.55,78.49,78.54,21.015
1784681100000,2026-07-22 00:45:00,78.54,78.57,78.43,78.45,289.028
