timestamp,datetime,open,high,low,close,volume
1780493400000,2026-06-03 13:30:00,75.05,75.05,74.44,74.59,469.879
1780495200000,2026-06-03 14:00:00,74.52,74.58,73.88,73.99,482.453
1780497000000,2026-06-03 14:30:00,74.0,74.44,73.89,74.42,659.559
1780498800000,2026-06-03 15:00:00,74.43,74.43,73.74,74.26,1257.319
1780500600000,2026-06-03 15:30:00,74.26,74.33,73.27,73.27,1145.644
1780502400000,2026-06-03 16:00:00,73.39,73.39,72.09,72.48,753.048
1780504200000,2026-06-03 16:30:00,72.43,72.98,72.4,72.97,574.964
1780506000000,2026-06-03 17:00:00,73.01,73.45,72.46,73.45,433.645
1780507800000,2026-06-03 17:30:00,73.45,74.07,73.0,73.17,687.002
1780509600000,2026-06-03 18:00:00,73.14,73.43,72.67,72.76,510.253
1780511400000,2026-06-03 18:30:00,72.78,73.15,72.52,73.07,420.938
1780513200000,2026-06-03 19:00:00,73.1,73.16,72.01,72.06,525.166
1780515000000,2026-06-03 19:30:00,72.01,72.62,71.76,72.03,645.322
1780516800000,2026-06-03 20:00:00,72.06,72.4,71.64,72.34,1237.317
1780518600000,2026-06-03 20:30:00,72.35,72.42,70.98,71.21,1657.323
1780520400000,2026-06-03 21:00:00,71.21,71.97,71.05,71.77,1214.199
1780522200000,2026-06-03 21:30:00,71.74,72.84,71.74,72.8,1527.009
1780524000000,2026-06-03 22:00:00,72.77,73.09,72.18,72.34,725.731
1780525800000,2026-06-03 22:30:00,72.36,72.39,71.96,72.22,456.097
1780527600000,2026-06-03 23:00:00,72.19,72.23,71.61,71.75,420.332
1780529400000,2026-06-03 23:30:00,71.79,71.93,71.61,71.61,584.323
1780531200000,2026-06-04 00:00:00,71.64,72.09,70.71,70.71,735.19
1780533000000,2026-06-04 00:30:00,70.71,71.22,70.37,70.64,566.549
1780534800000,2026-06-04 01:00:00,70.73,70.94,69.12,69.36,781.591
1780536600000,2026-06-04 01:30:00,69.31,69.98,68.51,68.58,1477.529
1780538400000,2026-06-04 02:00:00,68.58,69.58,66.95,69.42,2553.655
1780540200000,2026-06-04 02:30:00,69.2,70.45,69.2,70.08,532.656
1780542000000,2026-06-04 03:00:00,70.07,71.27,70.07,71.01,1642.998
1780543800000,2026-06-04 03:30:00,71.05,71.63,71.05,71.49,1125.541
1780545600000,2026-06-04 04:00:00,71.49,71.76,71.46,71.5,996.748
1780547400000,2026-06-04 04:30:00,71.49,71.5,70.82,70.88,2212.71
1780549200000,2026-06-04 05:00:00,70.88,70.89,69.96,70.14,2999.423
1780551000000,2026-06-04 05:30:00,70.13,70.65,70.01,70.34,2738.362
1780552800000,2026-06-04 06:00:00,70.35,71.16,70.29,70.84,3783.344
1780554600000,2026-06-04 06:30:00,70.8,71.06,70.36,70.37,2910.19
1780556400000,2026-06-04 07:00:00,70.35,70.38,69.45,69.68,3360.424
1780558200000,2026-06-04 07:30:00,69.67,69.99,69.19,69.19,2579.582
1780560000000,2026-06-04 08:00:00,69.17,69.44,68.33,68.97,3707.831
1780561800000,2026-06-04 08:30:00,68.97,69.41,68.85,69.23,3483.2
1780563600000,2026-06-04 09:00:00,69.22,69.23,67.86,67.9,3828.627
1780565400000,2026-06-04 09:30:00,67.92,68.83,67.76,68.83,3225.859
1780567200000,2026-06-04 10:00:00,68.83,68.91,68.32,68.37,4598.931
1780569000000,2026-06-04 10:30:00,68.37,68.78,67.59,67.9,3890.643
1780570800000,2026-06-04 11:00:00,67.9,68.29,67.47,68.2,3933.012
1780572600000,2026-06-04 11:30:00,68.22,68.67,67.97,68.67,4169.787
1780574400000,2026-06-04 12:00:00,68.64,69.37,68.33,69.33,4521.598
1780576200000,2026-06-04 12:30:00,69.33,70.27,69.33,70.11,3693.415
1780578000000,2026-06-04 13:00:00,70.12,70.18,69.06,69.36,2876.131
1780579800000,2026-06-04 13:30:00,69.29,70.53,69.28,70.33,4120.749
1780581600000,2026-06-04 14:00:00,70.33,70.61,70.05,70.15,4542.529
1780583400000,2026-06-04 14:30:00,70.16,70.16,69.56,69.75,3170.424
1780585200000,2026-06-04 15:00:00,69.76,70.47,69.39,69.87,3810.742
1780587000000,2026-06-04 15:30:00,69.86,69.89,69.47,69.66,3055.321
1780588800000,2026-06-04 16:00:00,69.65,69.65,69.13,69.13,2893.573
1780590600000,2026-06-04 16:30:00,69.12,69.58,68.98,69.42,3267.891
1780592400000,2026-06-04 17:00:00,69.42,69.72,69.03,69.21,4107.398
1780594200000,2026-06-04 17:30:00,69.17,69.51,68.52,69.25,1877.76
1780596000000,2026-06-04 18:00:00,69.27,69.6,68.68,69.6,3161.006
1780597800000,2026-06-04 18:30:00,69.59,69.85,69.47,69.53,2804.811
1780599600000,2026-06-04 19:00:00,69.53,69.7,69.11,69.62,1674.102
1780601400000,2026-06-04 19:30:00,69.63,69.63,69.06,69.17,2246.763
1780603200000,2026-06-04 20:00:00,69.16,69.17,68.48,68.72,3301.076
1780605000000,2026-06-04 20:30:00,68.72,69.02,68.54,68.83,3307.564
1780606800000,2026-06-04 21:00:00,68.83,69.04,68.23,68.3,1404.988
1780608600000,2026-06-04 21:30:00,68.3,68.31,67.66,67.83,2045.761
1780610400000,2026-06-04 22:00:00,67.83,68.14,67.61,67.98,1813.625
1780612200000,2026-06-04 22:30:00,67.95,68.54,67.62,68.49,2064.269
1780614000000,2026-06-04 23:00:00,68.5,68.86,68.05,68.36,3816.567
1780615800000,2026-06-04 23:30:00,68.31,68.92,68.27,68.89,1635.406
1780617600000,2026-06-05 00:00:00,68.89,69.06,68.38,69.06,5599.784
1780619400000,2026-06-05 00:30:00,69.06,69.07,68.31,68.33,3540.698
1780621200000,2026-06-05 01:00:00,68.33,68.42,67.65,68.41,6196.507
1780623000000,2026-06-05 01:30:00,68.41,68.77,68.29,68.52,5848.407
1780624800000,2026-06-05 02:00:00,68.56,68.59,67.74,67.76,6712.708
1780626600000,2026-06-05 02:30:00,67.76,68.04,67.24,67.38,6235.827
1780628400000,2026-06-05 03:00:00,67.38,67.82,67.07,67.28,7620.523
1780630200000,2026-06-05 03:30:00,67.39,67.64,66.95,67.07,8036.766
1780632000000,2026-06-05 04:00:00,67.06,67.86,66.62,67.86,7091.207
1780633800000,2026-06-05 04:30:00,67.86,67.98,66.97,67.92,3829.675
1780635600000,2026-06-05 05:00:00,67.92,68.03,67.51,67.8,4084.199
1780637400000,2026-06-05 05:30:00,67.81,67.97,66.08,66.26,9262.573
1780639200000,2026-06-05 06:00:00,66.25,66.56,63.95,64.57,7288.209
1780641000000,2026-06-05 06:30:00,64.6,65.5,64.52,65.08,5743.817
1780642800000,2026-06-05 07:00:00,65.05,65.54,63.96,65.49,7414.175
1780644600000,2026-06-05 07:30:00,65.5,66.28,65.33,66.1,7451.279
1780646400000,2026-06-05 08:00:00,66.15,66.16,65.45,65.94,7737.323
1780648200000,2026-06-05 08:30:00,65.91,66.06,65.1,65.28,6772.124
1780650000000,2026-06-05 09:00:00,65.28,66.51,65.28,66.38,8135.204
1780651800000,2026-06-05 09:30:00,66.38,66.57,66.12,66.54,5160.024
1780653600000,2026-06-05 10:00:00,66.56,66.72,66.23,66.54,5707.813
1780655400000,2026-06-05 10:30:00,66.55,66.64,66.19,66.39,4817.178
1780657200000,2026-06-05 11:00:00,66.43,66.78,65.84,66.56,5830.544
1780659000000,2026-06-05 11:30:00,66.59,66.63,66.04,66.12,5562.998
1780660800000,2026-06-05 12:00:00,66.12,66.3,65.45,65.88,6077.748
1780662600000,2026-06-05 12:30:00,65.87,66.05,65.23,65.82,6009.171
1780664400000,2026-06-05 13:00:00,65.83,66.67,65.82,66.53,6031.387
1780666200000,2026-06-05 13:30:00,66.52,66.78,64.32,64.41,2288.437
1780668000000,2026-06-05 14:00:00,64.35,65.3,64.2,64.83,2906.713
1780669800000,2026-06-05 14:30:00,64.82,65.79,64.71,65.22,2009.546
1780671600000,2026-06-05 15:00:00,65.26,65.28,64.22,64.47,1236.254
1780673400000,2026-06-05 15:30:00,64.62,64.77,63.81,64.31,3749.193
1780675200000,2026-06-05 16:00:00,64.32,65.51,63.23,64.94,2440.005
1780677000000,2026-06-05 16:30:00,64.94,65.94,64.49,65.87,4163.69
1780678800000,2026-06-05 17:00:00,65.88,66.06,64.84,64.92,2838.202
1780680600000,2026-06-05 17:30:00,64.91,65.55,64.82,65.09,3561.484
1780682400000,2026-06-05 18:00:00,65.08,65.37,64.02,64.08,4835.702
1780684200000,2026-06-05 18:30:00,64.07,64.26,62.65,62.91,2119.026
1780686000000,2026-06-05 19:00:00,62.9,62.97,61.54,62.77,3042.04
1780687800000,2026-06-05 19:30:00,62.79,63.72,62.03,63.56,3646.306
1780689600000,2026-06-05 20:00:00,63.54,64.37,62.75,64.22,1644.939
1780691400000,2026-06-05 20:30:00,64.22,64.78,64.14,64.63,1401.395
1780693200000,2026-06-05 21:00:00,64.68,65.06,64.54,64.94,2203.103
1780695000000,2026-06-05 21:30:00,64.92,65.4,64.78,64.92,2388.78
1780696800000,2026-06-05 22:00:00,64.93,64.93,63.86,64.12,2767.745
1780698600000,2026-06-05 22:30:00,64.14,64.68,64.01,64.43,2572.898
1780700400000,2026-06-05 23:00:00,64.44,64.7,63.43,63.62,2967.323
1780702200000,2026-06-05 23:30:00,63.58,63.62,62.73,63.62,1763.985
1780704000000,2026-06-06 00:00:00,63.64,64.65,63.64,64.47,5144.554
1780705800000,2026-06-06 00:30:00,64.48,64.84,64.41,64.69,5513.425
1780707600000,2026-06-06 01:00:00,64.68,64.82,63.87,64.44,4446.717
1780709400000,2026-06-06 01:30:00,64.42,64.51,63.83,63.91,2907.836
1780711200000,2026-06-06 02:00:00,63.91,63.91,63.29,63.54,4475.189
1780713000000,2026-06-06 02:30:00,63.54,63.93,63.42,63.56,5928.743
1780714800000,2026-06-06 03:00:00,63.52,63.53,62.92,63.05,7238.11
1780716600000,2026-06-06 03:30:00,63.05,63.07,62.63,62.86,3316.657
1780718400000,2026-06-06 04:00:00,62.85,63.09,61.21,61.23,4229.581
1780720200000,2026-06-06 04:30:00,61.23,61.3,60.4,60.87,4720.472
1780722000000,2026-06-06 05:00:00,60.87,62.54,60.17,62.15,6751.026
1780723800000,2026-06-06 05:30:00,62.13,62.71,61.93,62.61,5366.686
1780725600000,2026-06-06 06:00:00,62.61,63.34,62.61,63.03,4783.05
1780727400000,2026-06-06 06:30:00,63.02,63.28,62.1,62.2,3709.965
1780729200000,2026-06-06 07:00:00,62.21,63.06,62.08,62.65,5858.536
1780731000000,2026-06-06 07:30:00,62.65,63.13,62.62,62.76,5138.464
1780732800000,2026-06-06 08:00:00,62.76,63.39,62.57,63.39,4694.375
1780734600000,2026-06-06 08:30:00,63.41,63.59,63.15,63.18,5637.031
1780736400000,2026-06-06 09:00:00,63.16,63.54,63.07,63.54,4136.462
1780738200000,2026-06-06 09:30:00,63.54,63.55,62.49,62.68,5793.75
1780740000000,2026-06-06 10:00:00,62.67,62.71,61.73,61.88,6570.589
1780741800000,2026-06-06 10:30:00,61.87,61.9,61.27,61.87,8759.263
1780743600000,2026-06-06 11:00:00,61.87,62.29,61.78,62.28,7028.136
1780745400000,2026-06-06 11:30:00,62.3,62.65,62.22,62.45,5616.298
1780747200000,2026-06-06 12:00:00,62.46,62.76,62.23,62.23,7474.73
1780749000000,2026-06-06 12:30:00,62.23,63.08,62.05,62.94,10287.854
1780750800000,2026-06-06 13:00:00,62.92,63.05,62.55,62.55,6421.905
1780752600000,2026-06-06 13:30:00,62.55,62.76,62.19,62.42,2982.555
1780754400000,2026-06-06 14:00:00,62.42,62.9,62.38,62.63,6435.382
1780756200000,2026-06-06 14:30:00,62.66,62.87,62.37,62.37,2209.281
1780758000000,2026-06-06 15:00:00,62.33,62.42,61.37,61.63,933.595
1780759800000,2026-06-06 15:30:00,61.65,62.31,61.57,62.1,1202.707
1780761600000,2026-06-06 16:00:00,61.99,62.39,61.55,61.55,2680.934
1780763400000,2026-06-06 16:30:00,61.56,62.19,61.44,62.1,3949.025
1780765200000,2026-06-06 17:00:00,62.11,62.22,61.63,61.83,11064.085
1780767000000,2026-06-06 17:30:00,61.83,62.21,61.5,61.62,2274.757
1780768800000,2026-06-06 18:00:00,61.62,62.13,61.43,62.13,3552.251
1780770600000,2026-06-06 18:30:00,62.06,62.06,61.57,61.76,17687.878
1780772400000,2026-06-06 19:00:00,61.74,62.19,61.62,61.79,11981.452
1780774200000,2026-06-06 19:30:00,61.78,61.85,61.64,61.66,17474.886
1780776000000,2026-06-06 20:00:00,61.65,61.76,61.41,61.52,11784.785
1780777800000,2026-06-06 20:30:00,61.5,61.92,61.45,61.83,3711.533
1780779600000,2026-06-06 21:00:00,61.83,62.23,61.83,62.15,946.122
1780781400000,2026-06-06 21:30:00,62.14,62.33,61.91,61.91,543.475
1780783200000,2026-06-06 22:00:00,61.91,61.97,61.49,61.52,1161.115
1780785000000,2026-06-06 22:30:00,61.52,61.91,61.49,61.82,1110.864
1780786800000,2026-06-06 23:00:00,61.81,62.12,61.71,61.95,2896.905
1780788600000,2026-06-06 23:30:00,61.96,62.28,61.92,62.2,1711.974
1780790400000,2026-06-07 00:00:00,62.21,62.34,61.97,62.27,2425.291
1780792200000,2026-06-07 00:30:00,62.27,62.62,62.11,62.11,3637.914
1780794000000,2026-06-07 01:00:00,62.1,63.78,62.04,63.77,8438.21
1780795800000,2026-06-07 01:30:00,63.76,63.82,63.45,63.68,4929.968
1780797600000,2026-06-07 02:00:00,63.67,63.76,63.13,63.22,5056.18
1780799400000,2026-06-07 02:30:00,63.19,63.62,63.11,63.57,6985.855
1780801200000,2026-06-07 03:00:00,63.57,64.03,63.43,63.97,6875.881
1780803000000,2026-06-07 03:30:00,64.02,64.02,63.58,63.81,6070.961
1780804800000,2026-06-07 04:00:00,63.84,63.85,63.31,63.41,4457.234
1780806600000,2026-06-07 04:30:00,63.41,64.13,63.39,64.09,5967.664
1780808400000,2026-06-07 05:00:00,64.09,64.44,63.91,64.18,4640.465
1780810200000,2026-06-07 05:30:00,64.22,64.44,64.06,64.28,4645.346
1780812000000,2026-06-07 06:00:00,64.26,64.83,64.04,64.77,4552.727
1780813800000,2026-06-07 06:30:00,64.76,64.99,64.7,64.9,5495.314
1780815600000,2026-06-07 07:00:00,64.86,65.0,64.62,64.95,3812.634
1780817400000,2026-06-07 07:30:00,64.96,65.0,64.77,64.93,3130.578
1780819200000,2026-06-07 08:00:00,64.93,64.96,64.51,64.88,4232.21
1780821000000,2026-06-07 08:30:00,64.87,65.93,64.76,65.93,7221.835
1780822800000,2026-06-07 09:00:00,65.89,66.1,65.58,65.79,6276.036
1780824600000,2026-06-07 09:30:00,65.78,65.78,64.87,65.01,6060.347
1780826400000,2026-06-07 10:00:00,65.01,65.06,64.65,64.96,6102.632
1780828200000,2026-06-07 10:30:00,64.98,65.04,64.51,64.68,8668.295
1780830000000,2026-06-07 11:00:00,64.67,64.85,64.57,64.85,5517.529
1780831800000,2026-06-07 11:30:00,64.84,65.24,64.78,65.07,6127.271
1780833600000,2026-06-07 12:00:00,65.05,65.1,63.93,64.05,7058.878
1780835400000,2026-06-07 12:30:00,64.05,64.4,63.73,64.3,6595.586
1780837200000,2026-06-07 13:00:00,64.33,64.39,64.1,64.36,5261.15
1780839000000,2026-06-07 13:30:00,64.37,64.43,64.18,64.35,4566.123
1780840800000,2026-06-07 14:00:00,64.34,65.05,64.33,64.95,5930.121
1780842600000,2026-06-07 14:30:00,64.98,65.35,64.63,64.94,6434.725
1780844400000,2026-06-07 15:00:00,64.92,64.96,64.64,64.96,5269.501
1780846200000,2026-06-07 15:30:00,64.95,65.24,64.8,64.97,4575.119
1780848000000,2026-06-07 16:00:00,64.99,65.15,64.78,65.03,6510.202
1780849800000,2026-06-07 16:30:00,64.99,65.32,64.96,65.15,7146.493
1780851600000,2026-06-07 17:00:00,65.16,65.58,65.09,65.49,5451.271
1780853400000,2026-06-07 17:30:00,65.45,65.6,65.19,65.31,2690.736
1780855200000,2026-06-07 18:00:00,65.33,65.58,65.27,65.44,1641.933
1780857000000,2026-06-07 18:30:00,65.45,65.54,64.94,64.95,1989.853
1780858800000,2026-06-07 19:00:00,64.94,64.97,63.82,64.02,4078.638
1780860600000,2026-06-07 19:30:00,64.05,64.11,63.66,63.94,2100.8
1780862400000,2026-06-07 20:00:00,63.95,64.64,63.76,64.49,3169.763
1780864200000,2026-06-07 20:30:00,64.51,64.8,64.42,64.72,3688.037
1780866000000,2026-06-07 21:00:00,64.69,64.91,64.49,64.64,1715.419
1780867800000,2026-06-07 21:30:00,64.58,64.61,64.32,64.59,3054.047
1780869600000,2026-06-07 22:00:00,64.62,67.72,64.57,66.24,9620.193
1780871400000,2026-06-07 22:30:00,66.28,66.76,65.76,65.9,4063.02
1780873200000,2026-06-07 23:00:00,65.8,66.34,65.78,66.29,4477.444
1780875000000,2026-06-07 23:30:00,66.34,66.53,66.05,66.41,4276.279
1780876800000,2026-06-08 00:00:00,66.5,66.56,66.05,66.48,7792.805
1780878600000,2026-06-08 00:30:00,66.54,67.06,66.42,66.73,7783.636
1780880400000,2026-06-08 01:00:00,66.73,66.74,65.51,65.53,7490.753
1780882200000,2026-06-08 01:30:00,65.53,66.27,65.41,66.14,7469.734
1780884000000,2026-06-08 02:00:00,66.15,66.62,66.07,66.51,7661.256
1780885800000,2026-06-08 02:30:00,66.49,66.49,66.17,66.47,6599.708
1780887600000,2026-06-08 03:00:00,66.45,66.72,66.26,66.28,6059.844
1780889400000,2026-06-08 03:30:00,66.29,66.43,66.2,66.33,4969.094
1780891200000,2026-06-08 04:00:00,66.35,66.42,65.61,65.74,8086.294
1780893000000,2026-06-08 04:30:00,65.76,65.86,65.38,65.6,5416.234
1780894800000,2026-06-08 05:00:00,65.59,65.65,65.15,65.4,4731.084
1780896600000,2026-06-08 05:30:00,65.43,65.43,65.0,65.3,6759.244
1780898400000,2026-06-08 06:00:00,65.29,65.85,65.29,65.8,7391.668
1780900200000,2026-06-08 06:30:00,65.78,65.81,65.6,65.69,5923.604
1780902000000,2026-06-08 07:00:00,65.7,66.03,65.4,65.97,8138.185
1780903800000,2026-06-08 07:30:00,65.99,66.22,65.91,66.08,6854.681
1780905600000,2026-06-08 08:00:00,66.08,66.08,65.51,65.7,8397.308
1780907400000,2026-06-08 08:30:00,65.73,65.86,65.45,65.67,9008.387
1780909200000,2026-06-08 09:00:00,65.63,66.16,65.61,66.06,8375.845
1780911000000,2026-06-08 09:30:00,66.06,66.37,65.81,66.37,8868.39
1780912800000,2026-06-08 10:00:00,66.39,66.42,65.81,65.93,5386.96
1780914600000,2026-06-08 10:30:00,65.91,66.35,65.88,66.2,6091.122
1780916400000,2026-06-08 11:00:00,66.18,66.89,66.04,66.79,6644.494
1780918200000,2026-06-08 11:30:00,66.81,67.06,66.59,66.68,4567.221
1780920000000,2026-06-08 12:00:00,66.72,66.85,66.04,66.43,8839.464
1780921800000,2026-06-08 12:30:00,66.43,67.28,66.43,67.25,7645.939
1780923600000,2026-06-08 13:00:00,67.24,67.27,66.81,66.84,6453.823
1780925400000,2026-06-08 13:30:00,66.84,66.94,66.43,66.84,11551.643
1780927200000,2026-06-08 14:00:00,66.83,66.91,66.48,66.84,13131.621
1780929000000,2026-06-08 14:30:00,66.82,67.3,66.76,67.28,11366.582
1780930800000,2026-06-08 15:00:00,67.28,67.79,67.23,67.47,9116.33
1780932600000,2026-06-08 15:30:00,67.47,67.55,67.06,67.1,10282.558
1780934400000,2026-06-08 16:00:00,67.11,67.74,67.03,67.53,3360.005
1780936200000,2026-06-08 16:30:00,67.53,67.55,66.92,66.96,5411.23
1780938000000,2026-06-08 17:00:00,66.98,67.14,66.56,67.11,7837.523
1780939800000,2026-06-08 17:30:00,67.14,67.37,66.71,67.37,3727.613
1780941600000,2026-06-08 18:00:00,67.37,67.59,67.37,67.53,5771.402
1780943400000,2026-06-08 18:30:00,67.55,67.6,67.16,67.44,2408.636
1780945200000,2026-06-08 19:00:00,67.43,67.81,67.39,67.59,4570.342
1780947000000,2026-06-08 19:30:00,67.6,67.72,67.29,67.47,4910.9
1780948800000,2026-06-08 20:00:00,67.47,67.51,66.95,67.02,6642.719
1780950600000,2026-06-08 20:30:00,67.03,67.45,66.99,67.43,3826.788
1780952400000,2026-06-08 21:00:00,67.43,68.11,67.43,67.8,5412.422
1780954200000,2026-06-08 21:30:00,67.83,67.93,67.48,67.49,3838.745
1780956000000,2026-06-08 22:00:00,67.48,67.48,66.86,67.09,10009.521
1780957800000,2026-06-08 22:30:00,67.08,67.19,66.91,67.17,5252.808
1780959600000,2026-06-08 23:00:00,67.19,67.41,66.7,66.85,6817.13
1780961400000,2026-06-08 23:30:00,66.83,66.93,66.68,66.81,4975.951
1780963200000,2026-06-09 00:00:00,66.82,66.85,65.85,65.9,13475.01
1780965000000,2026-06-09 00:30:00,65.91,66.0,65.32,65.43,12218.151
1780966800000,2026-06-09 01:00:00,65.43,65.95,65.41,65.91,10120.641
1780968600000,2026-06-09 01:30:00,65.91,66.05,65.76,66.03,8117.388
1780970400000,2026-06-09 02:00:00,66.04,66.08,65.63,65.89,9655.396
1780972200000,2026-06-09 02:30:00,65.89,65.94,65.56,65.9,7067.016
1780974000000,2026-06-09 03:00:00,65.89,66.09,65.8,65.92,6787.701
1780975800000,2026-06-09 03:30:00,65.92,66.05,65.68,66.03,5534.295
1780977600000,2026-06-09 04:00:00,66.03,66.22,65.85,65.98,6617.161
1780979400000,2026-06-09 04:30:00,65.98,67.39,65.89,67.06,15711.691
1780981200000,2026-06-09 05:00:00,67.0,67.18,66.72,67.06,11780.001
1780983000000,2026-06-09 05:30:00,67.06,67.36,67.06,67.19,11564.986
1780984800000,2026-06-09 06:00:00,67.2,67.45,67.13,67.29,9376.731
1780986600000,2026-06-09 06:30:00,67.31,67.36,67.0,67.05,4891.267
1780988400000,2026-06-09 07:00:00,67.06,67.34,53.99,66.67,19307.524
1780990200000,2026-06-09 07:30:00,66.69,66.96,66.69,66.88,5245.862
1780992000000,2026-06-09 08:00:00,66.91,66.93,66.41,66.63,6576.3
1780993800000,2026-06-09 08:30:00,66.62,66.77,66.55,66.63,8083.638
1780995600000,2026-06-09 09:00:00,66.62,66.81,66.42,66.45,4817.386
1780997400000,2026-06-09 09:30:00,66.45,66.45,66.09,66.16,6295.379
1780999200000,2026-06-09 10:00:00,66.18,66.29,66.0,66.2,5641.289
1781001000000,2026-06-09 10:30:00,66.2,66.48,66.05,66.4,8770.821
1781002800000,2026-06-09 11:00:00,66.43,66.45,65.91,66.01,9392.294
1781004600000,2026-06-09 11:30:00,66.01,66.21,65.93,66.11,5785.223
1781006400000,2026-06-09 12:00:00,66.11,66.5,66.11,66.28,9354.029
1781008200000,2026-06-09 12:30:00,66.26,66.32,65.95,66.14,5452.72
1781010000000,2026-06-09 13:00:00,66.14,66.36,65.68,65.72,7686.823
1781011800000,2026-06-09 13:30:00,65.71,66.19,65.63,65.88,16905.586
1781013600000,2026-06-09 14:00:00,65.87,65.97,64.78,64.78,17486.178
1781015400000,2026-06-09 14:30:00,64.77,65.07,64.44,65.07,12544.868
1781017200000,2026-06-09 15:00:00,65.06,65.29,64.69,64.69,13443.769
1781019000000,2026-06-09 15:30:00,64.7,64.82,64.28,64.36,11017.637
1781020800000,2026-06-09 16:00:00,64.37,64.48,63.84,64.11,13647.188
1781022600000,2026-06-09 16:30:00,64.1,64.32,63.57,64.14,13042.346
1781024400000,2026-06-09 17:00:00,64.14,65.09,64.1,64.93,14129.416
1781026200000,2026-06-09 17:30:00,64.93,65.17,64.76,64.8,11810.365
1781028000000,2026-06-09 18:00:00,64.8,65.52,64.69,65.08,12027.504
1781029800000,2026-06-09 18:30:00,65.07,65.37,65.06,65.31,11591.719
1781031600000,2026-06-09 19:00:00,65.3,65.43,65.13,65.32,9542.875
1781033400000,2026-06-09 19:30:00,65.32,65.66,65.05,65.45,11857.743
1781035200000,2026-06-09 20:00:00,65.45,65.7,65.31,65.51,3417.193
1781037000000,2026-06-09 20:30:00,65.48,65.66,65.35,65.63,3641.117
1781038800000,2026-06-09 21:00:00,65.63,65.65,65.13,65.13,6077.856
1781040600000,2026-06-09 21:30:00,65.13,65.17,64.91,65.0,2287.091
1781042400000,2026-06-09 22:00:00,64.99,65.34,64.87,65.14,2107.841
1781044200000,2026-06-09 22:30:00,65.15,65.28,64.85,64.88,2993.073
1781046000000,2026-06-09 23:00:00,64.9,65.15,64.77,64.9,2953.23
1781047800000,2026-06-09 23:30:00,64.91,65.04,64.75,64.94,2586.627
1781049600000,2026-06-10 00:00:00,64.97,65.21,64.87,65.11,6902.124
1781051400000,2026-06-10 00:30:00,65.09,65.18,64.52,65.11,11023.885
1781053200000,2026-06-10 01:00:00,65.18,65.3,64.9,65.18,14211.347
1781055000000,2026-06-10 01:30:00,65.18,65.26,64.84,65.1,9911.646
1781056800000,2026-06-10 02:00:00,65.11,65.23,64.56,64.71,12308.986
1781058600000,2026-06-10 02:30:00,64.72,64.77,64.25,64.34,10965.683
1781060400000,2026-06-10 03:00:00,64.33,64.82,64.29,64.8,8691.219
1781062200000,2026-06-10 03:30:00,64.8,64.8,64.46,64.52,5598.762
1781064000000,2026-06-10 04:00:00,64.56,64.63,64.42,64.52,7364.873
1781065800000,2026-06-10 04:30:00,64.5,64.5,64.13,64.28,6539.223
1781067600000,2026-06-10 05:00:00,64.29,64.38,63.92,64.17,8606.335
1781069400000,2026-06-10 05:30:00,64.22,64.23,63.98,64.12,7727.918
1781071200000,2026-06-10 06:00:00,64.11,64.22,63.92,64.2,13289.614
1781073000000,2026-06-10 06:30:00,64.19,64.35,64.15,64.21,12302.577
1781074800000,2026-06-10 07:00:00,64.21,64.59,64.16,64.53,9339.441
1781076600000,2026-06-10 07:30:00,64.52,64.77,64.45,64.5,9532.34
1781078400000,2026-06-10 08:00:00,64.51,64.52,63.82,63.83,11422.883
1781080200000,2026-06-10 08:30:00,63.87,63.92,63.44,63.61,10747.973
1781082000000,2026-06-10 09:00:00,63.61,63.73,63.13,63.48,12387.439
1781083800000,2026-06-10 09:30:00,63.48,63.71,63.4,63.63,7602.757
1781085600000,2026-06-10 10:00:00,63.62,63.67,63.29,63.56,7259.489
1781087400000,2026-06-10 10:30:00,63.56,63.78,63.42,63.68,9332.588
1781089200000,2026-06-10 11:00:00,63.67,63.73,63.06,63.22,12602.172
1781091000000,2026-06-10 11:30:00,63.24,63.62,63.21,63.5,12869.709
1781092800000,2026-06-10 12:00:00,63.5,63.59,63.31,63.51,10444.14
1781094600000,2026-06-10 12:30:00,63.65,64.49,63.65,64.13,16476.446
1781096400000,2026-06-10 13:00:00,64.12,64.42,64.01,64.39,9405.732
1781098200000,2026-06-10 13:30:00,64.4,65.52,64.4,65.06,15742.264
1781100000000,2026-06-10 14:00:00,65.08,65.27,64.68,65.02,14235.106
1781101800000,2026-06-10 14:30:00,65.0,65.15,64.6,65.06,15366.543
1781103600000,2026-06-10 15:00:00,65.07,65.33,64.58,65.23,14776.736
1781105400000,2026-06-10 15:30:00,65.23,65.72,64.83,65.41,15567.489
1781107200000,2026-06-10 16:00:00,65.44,65.45,64.71,64.96,13153.261
1781109000000,2026-06-10 16:30:00,64.97,65.1,64.27,64.62,12523.375
1781110800000,2026-06-10 17:00:00,64.62,64.95,64.11,64.11,13507.749
1781112600000,2026-06-10 17:30:00,64.08,64.24,63.65,64.05,14743.977
1781114400000,2026-06-10 18:00:00,64.05,64.21,63.78,64.05,12230.004
1781116200000,2026-06-10 18:30:00,64.07,64.08,63.43,63.84,12664.06
1781118000000,2026-06-10 19:00:00,63.83,63.94,63.48,63.6,13062.246
1781119800000,2026-06-10 19:30:00,63.65,63.91,63.54,63.6,7373.02
1781121600000,2026-06-10 20:00:00,63.52,63.64,63.21,63.63,2283.562
1781123400000,2026-06-10 20:30:00,63.61,63.62,63.19,63.37,1923.635
1781125200000,2026-06-10 21:00:00,63.36,63.37,62.68,62.99,3203.951
1781127000000,2026-06-10 21:30:00,63.03,63.11,62.4,62.59,2826.309
1781128800000,2026-06-10 22:00:00,62.6,62.73,62.39,62.6,8265.925
1781130600000,2026-06-10 22:30:00,62.61,63.04,62.61,62.84,1392.051
1781132400000,2026-06-10 23:00:00,62.77,63.08,62.47,63.08,1524.048
1781134200000,2026-06-10 23:30:00,63.08,63.3,63.01,63.24,515.424
1781136000000,2026-06-11 00:00:00,63.21,63.71,63.21,63.68,12010.624
1781137800000,2026-06-11 00:30:00,63.69,63.76,63.48,63.72,9768.355
1781139600000,2026-06-11 01:00:00,63.67,64.36,63.67,64.28,10709.387
1781141400000,2026-06-11 01:30:00,64.28,65.14,64.15,64.91,12175.598
1781143200000,2026-06-11 02:00:00,64.9,65.0,64.52,64.54,8832.14
1781145000000,2026-06-11 02:30:00,64.59,64.64,64.38,64.56,8350.308
1781146800000,2026-06-11 03:00:00,64.55,64.58,64.36,64.5,5266.82
1781148600000,2026-06-11 03:30:00,64.5,65.44,64.5,65.3,9086.801
1781150400000,2026-06-11 04:00:00,65.27,65.29,65.04,65.1,7548.482
1781152200000,2026-06-11 04:30:00,65.11,65.34,64.99,65.21,7123.53
1781154000000,2026-06-11 05:00:00,65.21,65.24,65.02,65.13,5649.42
1781155800000,2026-06-11 05:30:00,65.13,65.2,65.07,65.08,4441.853
1781157600000,2026-06-11 06:00:00,65.09,65.4,64.81,65.35,12136.818
1781159400000,2026-06-11 06:30:00,65.36,65.42,65.11,65.14,3158.371
1781161200000,2026-06-11 07:00:00,65.11,65.14,64.9,65.11,4761.123
1781163000000,2026-06-11 07:30:00,65.12,65.16,64.79,65.02,5165.074
1781164800000,2026-06-11 08:00:00,65.04,65.52,65.03,65.49,5710.267
1781166600000,2026-06-11 08:30:00,65.49,65.53,65.28,65.33,4824.374
1781168400000,2026-06-11 09:00:00,65.31,65.31,65.02,65.12,5251.455
1781170200000,2026-06-11 09:30:00,65.19,65.56,65.18,65.43,5260.839
1781172000000,2026-06-11 10:00:00,65.39,65.49,65.29,65.45,5856.511
1781173800000,2026-06-11 10:30:00,65.43,65.64,65.43,65.51,4248.84
1781175600000,2026-06-11 11:00:00,65.5,65.61,65.37,65.52,4068.652
1781177400000,2026-06-11 11:30:00,65.59,66.12,65.4,65.89,6985.328
1781179200000,2026-06-11 12:00:00,65.88,65.89,64.99,65.15,10954.813
1781181000000,2026-06-11 12:30:00,65.12,65.34,64.93,65.27,7640.872
1781182800000,2026-06-11 13:00:00,65.26,65.47,65.11,65.25,5832.122
1781184600000,2026-06-11 13:30:00,65.26,65.7,65.06,65.52,12103.316
1781186400000,2026-06-11 14:00:00,65.52,65.57,65.02,65.37,8521.001
1781188200000,2026-06-11 14:30:00,65.39,65.78,65.33,65.36,10620.265
1781190000000,2026-06-11 15:00:00,65.36,65.81,65.02,65.72,7115.933
1781191800000,2026-06-11 15:30:00,65.73,65.82,65.37,65.54,9093.905
1781193600000,2026-06-11 16:00:00,65.56,65.8,65.39,65.46,8291.104
1781195400000,2026-06-11 16:30:00,65.46,65.71,65.36,65.38,5972.629
1781197200000,2026-06-11 17:00:00,65.38,65.76,65.06,65.76,8780.995
1781199000000,2026-06-11 17:30:00,65.76,67.17,65.74,67.09,14944.682
1781200800000,2026-06-11 18:00:00,67.15,67.29,66.71,66.77,9386.054
1781202600000,2026-06-11 18:30:00,66.77,67.01,66.68,66.79,7801.907
1781204400000,2026-06-11 19:00:00,66.8,67.1,66.6,67.01,8500.763
1781206200000,2026-06-11 19:30:00,66.96,67.32,66.91,66.91,6134.887
1781208000000,2026-06-11 20:00:00,66.93,67.04,66.55,66.56,3528.977
1781209800000,2026-06-11 20:30:00,66.55,66.6,66.37,66.56,5561.591
1781211600000,2026-06-11 21:00:00,66.59,67.09,66.59,66.93,3570.008
1781213400000,2026-06-11 21:30:00,66.96,67.1,66.83,66.88,4710.346
1781215200000,2026-06-11 22:00:00,66.9,67.1,66.9,66.96,8278.727
1781217000000,2026-06-11 22:30:00,67.01,67.09,66.87,66.91,4253.832
1781218800000,2026-06-11 23:00:00,66.89,66.89,66.72,66.78,5522.355
1781220600000,2026-06-11 23:30:00,66.74,67.08,66.74,66.86,6142.531
1781222400000,2026-06-12 00:00:00,66.92,67.08,66.76,66.93,8067.155
1781224200000,2026-06-12 00:30:00,66.9,67.07,66.87,66.92,4515.031
1781226000000,2026-06-12 01:00:00,66.88,66.88,66.47,66.56,8355.286
1781227800000,2026-06-12 01:30:00,66.56,66.68,66.49,66.68,3582.922
1781229600000,2026-06-12 02:00:00,66.7,67.13,66.69,67.0,7403.721
1781231400000,2026-06-12 02:30:00,67.01,67.29,67.0,67.17,4987.735
1781233200000,2026-06-12 03:00:00,67.15,67.15,66.7,66.84,5954.913
1781235000000,2026-06-12 03:30:00,66.83,67.05,66.83,67.04,11050.481
1781236800000,2026-06-12 04:00:00,67.04,67.15,66.86,67.11,4894.285
1781238600000,2026-06-12 04:30:00,67.12,67.17,67.04,67.08,5362.546
1781240400000,2026-06-12 05:00:00,67.06,67.06,66.77,66.77,5496.937
1781242200000,2026-06-12 05:30:00,66.79,66.84,66.65,66.74,6841.414
1781244000000,2026-06-12 06:00:00,66.74,66.8,66.45,66.48,6884.885
1781245800000,2026-06-12 06:30:00,66.44,66.44,65.95,66.12,7111.998
1781247600000,2026-06-12 07:00:00,66.11,66.36,66.11,66.28,8809.058
1781249400000,2026-06-12 07:30:00,66.29,66.46,66.18,66.34,6400.732
1781251200000,2026-06-12 08:00:00,66.34,67.01,66.33,66.94,5318.65
1781253000000,2026-06-12 08:30:00,66.95,66.97,66.79,66.94,5973.902
1781254800000,2026-06-12 09:00:00,66.92,67.26,66.87,67.23,6961.276
1781256600000,2026-06-12 09:30:00,67.22,67.45,67.21,67.21,9635.812
1781258400000,2026-06-12 10:00:00,67.19,67.33,66.59,66.69,10054.45
1781260200000,2026-06-12 10:30:00,66.69,66.9,66.69,66.81,8968.177
1781262000000,2026-06-12 11:00:00,66.79,67.05,66.79,67.0,9622.594
1781263800000,2026-06-12 11:30:00,66.98,67.09,66.84,66.94,5549.759
1781265600000,2026-06-12 12:00:00,66.89,67.0,66.77,66.78,11134.106
1781267400000,2026-06-12 12:30:00,66.75,66.94,66.67,66.76,8309.497
1781269200000,2026-06-12 13:00:00,66.77,66.99,66.72,66.83,7171.772
1781271000000,2026-06-12 13:30:00,66.78,66.99,66.37,66.72,20475.905
1781272800000,2026-06-12 14:00:00,66.71,67.19,66.7,67.18,39938.742
1781274600000,2026-06-12 14:30:00,67.18,67.98,67.09,67.92,23019.04
1781276400000,2026-06-12 15:00:00,67.92,68.8,67.7,68.23,18642.728
1781278200000,2026-06-12 15:30:00,68.22,68.25,67.21,67.22,13060.141
1781280000000,2026-06-12 16:00:00,67.21,67.85,67.08,67.65,11940.29
1781281800000,2026-06-12 16:30:00,67.65,68.0,67.53,67.99,11241.064
1781283600000,2026-06-12 17:00:00,68.02,68.17,67.34,67.53,11624.941
1781285400000,2026-06-12 17:30:00,67.53,67.67,67.28,67.39,11653.808
1781287200000,2026-06-12 18:00:00,67.42,67.47,67.02,67.25,7799.777
1781289000000,2026-06-12 18:30:00,67.21,67.46,67.08,67.1,4717.452
1781290800000,2026-06-12 19:00:00,67.07,67.29,67.06,67.21,7221.508
1781292600000,2026-06-12 19:30:00,67.23,67.38,66.69,66.8,8346.439
1781294400000,2026-06-12 20:00:00,66.8,66.81,66.51,66.73,4167.025
1781296200000,2026-06-12 20:30:00,66.76,66.82,66.57,66.7,4839.797
1781298000000,2026-06-12 21:00:00,66.69,66.91,66.64,66.79,2201.345
1781299800000,2026-06-12 21:30:00,66.79,66.82,66.51,66.61,2644.777
1781301600000,2026-06-12 22:00:00,66.59,66.75,66.46,66.7,5591.371
1781303400000,2026-06-12 22:30:00,66.7,66.71,66.51,66.64,3485.92
1781305200000,2026-06-12 23:00:00,66.65,66.67,66.5,66.63,2443.238
1781307000000,2026-06-12 23:30:00,66.62,66.81,66.55,66.79,3454.297
1781308800000,2026-06-13 00:00:00,66.79,67.03,66.78,66.9,2935.98
1781310600000,2026-06-13 00:30:00,66.88,67.06,66.88,67.01,4179.022
1781312400000,2026-06-13 01:00:00,66.99,67.19,66.98,67.17,3014.859
1781314200000,2026-06-13 01:30:00,67.2,67.5,67.16,67.43,2861.175
1781316000000,2026-06-13 02:00:00,67.45,67.51,67.11,67.13,4935.814
1781317800000,2026-06-13 02:30:00,67.15,67.16,66.89,67.0,2940.772
1781319600000,2026-06-13 03:00:00,66.99,67.05,66.76,66.76,3808.003
1781321400000,2026-06-13 03:30:00,66.8,66.92,66.77,66.89,1923.675
1781323200000,2026-06-13 04:00:00,66.88,66.9,66.71,66.79,3801.575
1781325000000,2026-06-13 04:30:00,66.76,66.95,66.67,66.67,2967.017
1781326800000,2026-06-13 05:00:00,66.66,66.85,66.63,66.73,2235.748
1781328600000,2026-06-13 05:30:00,66.7,66.82,66.65,66.74,2300.862
1781330400000,2026-06-13 06:00:00,66.79,66.85,66.68,66.85,3222.274
1781332200000,2026-06-13 06:30:00,66.86,67.21,66.81,67.18,2417.115
1781334000000,2026-06-13 07:00:00,67.17,67.3,66.97,67.27,4998.223
1781335800000,2026-06-13 07:30:00,67.27,67.44,67.15,67.36,3120.749
1781337600000,2026-06-13 08:00:00,67.38,67.42,67.27,67.38,4003.67
1781339400000,2026-06-13 08:30:00,67.35,67.53,67.33,67.36,1890.005
1781341200000,2026-06-13 09:00:00,67.33,67.54,67.32,67.4,2279.153
1781343000000,2026-06-13 09:30:00,67.41,67.44,67.29,67.37,1605.561
1781344800000,2026-06-13 10:00:00,67.39,67.47,67.35,67.41,4146.226
1781346600000,2026-06-13 10:30:00,67.41,67.61,67.37,67.43,3866.693
1781348400000,2026-06-13 11:00:00,67.44,67.96,67.39,67.94,4114.382
1781350200000,2026-06-13 11:30:00,67.92,67.92,67.79,67.9,2268.9
1781352000000,2026-06-13 12:00:00,67.91,67.92,67.8,67.81,5255.733
1781353800000,2026-06-13 12:30:00,67.81,68.05,67.8,67.93,2979.322
1781355600000,2026-06-13 13:00:00,67.98,68.05,67.83,67.99,3467.313
1781357400000,2026-06-13 13:30:00,67.92,68.29,67.88,68.01,4371.693
1781359200000,2026-06-13 14:00:00,68.03,68.42,68.0,68.18,8082.479
1781361000000,2026-06-13 14:30:00,68.17,68.3,68.11,68.24,5672.129
1781362800000,2026-06-13 15:00:00,68.28,68.61,68.19,68.52,6726.451
1781364600000,2026-06-13 15:30:00,68.55,68.7,68.38,68.6,9233.123
1781366400000,2026-06-13 16:00:00,68.6,68.6,67.89,68.03,6933.109
1781368200000,2026-06-13 16:30:00,68.02,68.28,67.85,68.11,10948.286
1781370000000,2026-06-13 17:00:00,68.09,68.19,67.9,68.18,8194.409
1781371800000,2026-06-13 17:30:00,68.2,68.28,67.85,68.01,6748.836
1781373600000,2026-06-13 18:00:00,67.98,68.32,67.98,68.27,4765.447
1781375400000,2026-06-13 18:30:00,68.27,68.36,68.07,68.11,4380.604
1781377200000,2026-06-13 19:00:00,68.12,68.18,68.03,68.07,6299.968
1781379000000,2026-06-13 19:30:00,68.08,68.38,68.04,68.23,2783.858
1781380800000,2026-06-13 20:00:00,68.24,68.26,68.08,68.17,5165.788
1781382600000,2026-06-13 20:30:00,68.16,68.28,68.13,68.28,5269.916
1781384400000,2026-06-13 21:00:00,68.3,68.43,68.25,68.4,4450.048
1781386200000,2026-06-13 21:30:00,68.38,69.52,68.37,69.27,7778.354
1781388000000,2026-06-13 22:00:00,69.26,69.27,68.89,69.13,10480.474
1781389800000,2026-06-13 22:30:00,69.12,69.22,68.88,68.9,6086.442
1781391600000,2026-06-13 23:00:00,68.91,69.19,68.87,68.99,4818.767
1781393400000,2026-06-13 23:30:00,68.95,69.07,68.8,68.91,8309.986
1781395200000,2026-06-14 00:00:00,68.93,68.94,68.69,68.74,7365.816
1781397000000,2026-06-14 00:30:00,68.73,68.88,68.65,68.76,7283.852
1781398800000,2026-06-14 01:00:00,68.75,69.1,68.64,68.94,9857.883
1781400600000,2026-06-14 01:30:00,69.0,69.0,68.79,68.85,7575.711
1781402400000,2026-06-14 02:00:00,68.82,69.08,68.72,68.93,4574.388
1781404200000,2026-06-14 02:30:00,68.96,69.02,68.8,68.83,5554.466
1781406000000,2026-06-14 03:00:00,68.83,68.92,68.78,68.92,8329.959
1781407800000,2026-06-14 03:30:00,68.92,69.04,53.7,68.99,7453.424
1781409600000,2026-06-14 04:00:00,68.95,69.01,68.79,68.86,4200.344
1781411400000,2026-06-14 04:30:00,68.85,68.87,68.44,68.56,8149.263
1781413200000,2026-06-14 05:00:00,68.56,68.59,68.2,68.2,5713.124
1781415000000,2026-06-14 05:30:00,68.21,68.37,68.02,68.27,5233.984
1781416800000,2026-06-14 06:00:00,68.26,68.48,68.26,68.34,2925.77
1781418600000,2026-06-14 06:30:00,68.39,68.4,68.14,68.19,5127.361
1781420400000,2026-06-14 07:00:00,68.2,68.24,68.07,68.21,3670.468
1781422200000,2026-06-14 07:30:00,68.2,68.24,68.04,68.22,3592.997
1781424000000,2026-06-14 08:00:00,68.23,68.35,68.12,68.3,3960.032
1781425800000,2026-06-14 08:30:00,68.31,68.34,68.19,68.23,7137.925
1781427600000,2026-06-14 09:00:00,68.23,68.26,67.92,68.14,6348.044
1781429400000,2026-06-14 09:30:00,68.13,68.49,68.13,68.48,1943.727
1781431200000,2026-06-14 10:00:00,68.47,68.51,68.32,68.42,5807.232
1781433000000,2026-06-14 10:30:00,68.4,68.51,68.15,68.16,3704.266
1781434800000,2026-06-14 11:00:00,68.16,68.24,68.03,68.21,8912.242
1781436600000,2026-06-14 11:30:00,68.21,68.33,68.12,68.13,3287.164
1781438400000,2026-06-14 12:00:00,68.11,68.17,68.01,68.01,3326.084
1781440200000,2026-06-14 12:30:00,68.01,68.03,67.73,67.78,5638.651
1781442000000,2026-06-14 13:00:00,67.78,67.87,67.62,67.64,16530.305
1781443800000,2026-06-14 13:30:00,67.65,67.81,67.52,67.75,5886.209
1781445600000,2026-06-14 14:00:00,67.74,67.82,67.61,67.61,4831.331
1781447400000,2026-06-14 14:30:00,67.6,67.6,66.96,67.25,12461.181
1781449200000,2026-06-14 15:00:00,67.27,67.49,67.27,67.44,16541.138
1781451000000,2026-06-14 15:30:00,67.42,67.53,67.36,67.45,4413.437
1781452800000,2026-06-14 16:00:00,67.43,67.73,67.42,67.69,5571.154
1781454600000,2026-06-14 16:30:00,67.69,67.73,67.46,67.47,7227.206
1781456400000,2026-06-14 17:00:00,67.49,67.72,67.45,67.6,4134.97
1781458200000,2026-06-14 17:30:00,67.6,67.66,67.31,67.34,7403.629
1781460000000,2026-06-14 18:00:00,67.36,67.49,67.21,67.3,7075.97
1781461800000,2026-06-14 18:30:00,67.28,67.44,67.26,67.4,1504.139
1781463600000,2026-06-14 19:00:00,67.43,67.69,67.35,67.63,5947.34
1781465400000,2026-06-14 19:30:00,67.65,67.75,67.55,67.55,4551.742
1781467200000,2026-06-14 20:00:00,67.59,67.77,67.45,67.72,5948.342
1781469000000,2026-06-14 20:30:00,67.76,68.06,67.74,67.81,7575.091
1781470800000,2026-06-14 21:00:00,67.8,69.43,67.8,69.07,35291.039
1781472600000,2026-06-14 21:30:00,69.07,70.54,69.0,70.15,24898.694
1781474400000,2026-06-14 22:00:00,70.15,70.47,69.73,70.15,14609.83
1781476200000,2026-06-14 22:30:00,70.18,70.63,70.13,70.4,8383.566
1781478000000,2026-06-14 23:00:00,70.4,70.84,70.17,70.78,10006.738
1781479800000,2026-06-14 23:30:00,70.8,71.29,70.59,71.28,15748.3
1781481600000,2026-06-15 00:00:00,71.29,71.7,71.18,71.65,24941.872
1781483400000,2026-06-15 00:30:00,71.66,71.66,70.95,71.11,10079.793
1781485200000,2026-06-15 01:00:00,71.11,71.13,70.71,70.8,13306.011
1781487000000,2026-06-15 01:30:00,70.81,71.34,70.75,70.98,13867.174
1781488800000,2026-06-15 02:00:00,70.98,71.56,70.94,71.29,10578.202
1781490600000,2026-06-15 02:30:00,71.3,71.3,70.76,70.93,10762.226
1781492400000,2026-06-15 03:00:00,70.98,71.25,70.93,71.2,4316.517
1781494200000,2026-06-15 03:30:00,71.21,71.36,71.1,71.24,6567.205
1781496000000,2026-06-15 04:00:00,71.2,71.27,71.07,71.08,5164.516
1781497800000,2026-06-15 04:30:00,71.09,71.12,70.9,70.94,4564.11
1781499600000,2026-06-15 05:00:00,70.94,71.22,70.81,71.21,5238.841
1781501400000,2026-06-15 05:30:00,71.22,71.29,70.91,71.24,7730.978
1781503200000,2026-06-15 06:00:00,71.23,71.44,71.11,71.41,7080.049
1781505000000,2026-06-15 06:30:00,71.42,71.48,71.22,71.37,6025.806
1781506800000,2026-06-15 07:00:00,71.36,71.49,71.12,71.41,9759.415
1781508600000,2026-06-15 07:30:00,71.41,71.41,71.15,71.25,3633.269
1781510400000,2026-06-15 08:00:00,71.29,71.58,71.18,71.36,8168.94
1781512200000,2026-06-15 08:30:00,71.37,71.52,71.29,71.29,6161.487
1781514000000,2026-06-15 09:00:00,71.28,71.46,71.2,71.2,5411.313
1781515800000,2026-06-15 09:30:00,71.19,71.22,70.86,71.22,4949.059
1781517600000,2026-06-15 10:00:00,71.22,71.5,71.2,71.4,7380.025
1781519400000,2026-06-15 10:30:00,71.41,71.96,71.41,71.85,7731.413
1781521200000,2026-06-15 11:00:00,71.85,72.78,71.69,72.63,17899.466
1781523000000,2026-06-15 11:30:00,72.64,72.73,72.45,72.64,7329.908
1781524800000,2026-06-15 12:00:00,72.64,72.68,72.36,72.55,7249.73
1781526600000,2026-06-15 12:30:00,72.52,72.99,72.45,72.84,9200.26
1781528400000,2026-06-15 13:00:00,72.85,74.24,72.72,73.95,21559.131
1781530200000,2026-06-15 13:30:00,73.94,74.17,73.45,73.63,17277.872
1781532000000,2026-06-15 14:00:00,73.64,73.82,73.24,73.82,12799.154
1781533800000,2026-06-15 14:30:00,73.83,73.97,73.66,73.82,10124.377
1781535600000,2026-06-15 15:00:00,73.82,74.18,73.8,74.05,7564.209
1781537400000,2026-06-15 15:30:00,74.05,75.23,73.85,75.18,12406.129
1781539200000,2026-06-15 16:00:00,75.21,75.93,75.0,75.74,20058.393
1781541000000,2026-06-15 16:30:00,75.74,76.05,75.46,75.46,15546.462
1781542800000,2026-06-15 17:00:00,75.47,75.47,74.84,74.98,10927.106
1781544600000,2026-06-15 17:30:00,74.97,75.33,74.68,75.29,12625.763
1781546400000,2026-06-15 18:00:00,75.29,75.51,75.11,75.4,11442.041
1781548200000,2026-06-15 18:30:00,75.41,75.69,75.29,75.29,8100.288
1781550000000,2026-06-15 19:00:00,75.29,75.8,74.65,74.95,7091.131
1781551800000,2026-06-15 19:30:00,74.94,75.55,74.93,75.06,5390.253
1781553600000,2026-06-15 20:00:00,75.18,75.44,74.95,75.05,2974.551
1781555400000,2026-06-15 20:30:00,75.1,75.2,74.78,74.94,6237.309
1781557200000,2026-06-15 21:00:00,74.95,75.0,74.46,74.46,3738.273
1781559000000,2026-06-15 21:30:00,74.45,74.64,74.41,74.47,12096.565
1781560800000,2026-06-15 22:00:00,74.46,74.58,73.77,73.84,9642.261
1781562600000,2026-06-15 22:30:00,73.83,74.09,73.64,73.8,4722.292
1781564400000,2026-06-15 23:00:00,73.79,73.91,73.69,73.9,728.747
1781566200000,2026-06-15 23:30:00,73.86,74.03,73.71,74.02,4630.219
1781568000000,2026-06-16 00:00:00,73.96,74.16,73.87,73.91,13850.692
1781569800000,2026-06-16 00:30:00,73.9,74.39,73.89,74.01,8365.959
1781571600000,2026-06-16 01:00:00,74.02,74.33,74.02,74.23,9688.176
1781573400000,2026-06-16 01:30:00,74.2,74.26,73.87,73.87,9374.461
1781575200000,2026-06-16 02:00:00,73.88,73.9,72.83,72.84,15029.674
1781577000000,2026-06-16 02:30:00,72.84,73.18,72.83,72.95,7774.489
1781578800000,2026-06-16 03:00:00,73.01,73.48,72.89,73.48,6674.038
1781580600000,2026-06-16 03:30:00,73.5,73.8,73.45,73.75,5279.343
1781582400000,2026-06-16 04:00:00,73.75,73.93,73.48,73.49,12731.434
1781584200000,2026-06-16 04:30:00,73.49,73.49,73.21,73.4,1848.73
1781586000000,2026-06-16 05:00:00,73.4,73.79,73.39,73.73,15464.363
1781587800000,2026-06-16 05:30:00,73.75,73.83,73.62,73.67,10214.89
1781589600000,2026-06-16 06:00:00,73.67,74.0,73.66,73.99,5950.077
1781591400000,2026-06-16 06:30:00,74.01,74.28,73.96,74.18,9449.969
1781593200000,2026-06-16 07:00:00,74.18,74.49,74.13,74.29,6184.58
1781595000000,2026-06-16 07:30:00,74.29,74.53,74.27,74.45,8050.793
1781596800000,2026-06-16 08:00:00,74.47,75.04,74.37,74.8,12626.737
1781598600000,2026-06-16 08:30:00,74.77,75.57,74.77,75.39,12278.75
1781600400000,2026-06-16 09:00:00,75.39,75.46,74.85,74.97,12096.285
1781602200000,2026-06-16 09:30:00,74.94,75.18,74.86,74.87,7312.512
1781604000000,2026-06-16 10:00:00,74.86,75.1,74.78,75.02,11095.036
1781605800000,2026-06-16 10:30:00,75.05,75.11,74.7,74.71,8799.71
1781607600000,2026-06-16 11:00:00,74.71,74.88,74.48,74.57,11086.662
1781609400000,2026-06-16 11:30:00,74.56,74.67,74.39,74.66,12190.868
1781611200000,2026-06-16 12:00:00,74.67,75.11,74.5,74.96,11202.309
1781613000000,2026-06-16 12:30:00,74.98,75.51,74.77,74.93,12162.231
1781614800000,2026-06-16 13:00:00,74.94,74.94,73.97,74.07,10184.505
1781616600000,2026-06-16 13:30:00,74.06,74.34,73.93,74.04,10140.65
1781618400000,2026-06-16 14:00:00,74.0,74.28,72.81,72.82,19288.705
1781620200000,2026-06-16 14:30:00,72.79,73.07,72.4,72.97,8105.602
1781622000000,2026-06-16 15:00:00,72.97,73.47,72.91,73.22,15808.508
1781623800000,2026-06-16 15:30:00,73.22,73.61,73.04,73.3,14717.181
1781625600000,2026-06-16 16:00:00,73.31,73.46,73.21,73.35,5168.105
1781627400000,2026-06-16 16:30:00,73.39,73.39,73.03,73.08,3413.529
1781629200000,2026-06-16 17:00:00,73.09,73.4,73.07,73.27,3218.509
1781631000000,2026-06-16 17:30:00,73.28,73.82,73.15,73.66,4699.975
1781632800000,2026-06-16 18:00:00,73.68,74.29,73.59,73.72,5655.625
1781634600000,2026-06-16 18:30:00,73.72,74.18,73.72,73.99,4643.548
1781636400000,2026-06-16 19:00:00,74.0,74.03,73.54,74.02,3944.07
1781638200000,2026-06-16 19:30:00,74.01,74.2,73.75,73.85,4898.27
1781640000000,2026-06-16 20:00:00,73.86,74.2,73.68,73.89,1074.071
1781641800000,2026-06-16 20:30:00,73.88,74.22,73.88,74.14,906.383
1781643600000,2026-06-16 21:00:00,74.14,74.18,73.79,73.79,669.509
1781645400000,2026-06-16 21:30:00,73.79,73.97,73.76,73.92,469.308
1781647200000,2026-06-16 22:00:00,73.93,74.09,73.71,73.87,2420.672
1781649000000,2026-06-16 22:30:00,73.85,73.9,73.64,73.84,1490.896
1781650800000,2026-06-16 23:00:00,73.84,73.96,73.6,73.75,4501.75
1781652600000,2026-06-16 23:30:00,73.75,73.81,73.45,73.52,1062.198
1781654400000,2026-06-17 00:00:00,73.53,73.78,73.46,73.53,4944.616
1781656200000,2026-06-17 00:30:00,73.52,73.64,73.35,73.38,4545.217
1781658000000,2026-06-17 01:00:00,73.36,73.97,73.07,73.42,4391.216
1781659800000,2026-06-17 01:30:00,73.43,73.98,73.3,73.94,4469.997
1781661600000,2026-06-17 02:00:00,73.92,74.45,73.83,74.4,4737.193
1781663400000,2026-06-17 02:30:00,74.39,74.4,73.7,74.05,4801.87
1781665200000,2026-06-17 03:00:00,74.04,74.05,73.6,73.68,5128.286
1781667000000,2026-06-17 03:30:00,73.7,73.88,73.55,73.65,3936.584
1781668800000,2026-06-17 04:00:00,73.67,73.88,73.6,73.72,3574.282
1781670600000,2026-06-17 04:30:00,73.74,74.06,73.71,73.83,4833.028
1781672400000,2026-06-17 05:00:00,73.83,74.0,73.45,73.73,3082.652
1781674200000,2026-06-17 05:30:00,73.69,73.9,73.58,73.64,4457.168
1781676000000,2026-06-17 06:00:00,73.64,73.82,73.37,73.41,3600.07
1781677800000,2026-06-17 06:30:00,73.36,73.56,73.22,73.4,4850.415
1781679600000,2026-06-17 07:00:00,73.41,73.59,73.19,73.2,3718.705
1781681400000,2026-06-17 07:30:00,73.2,73.39,73.01,73.23,7889.273
1781683200000,2026-06-17 08:00:00,73.27,73.27,72.72,72.88,6445.815
1781685000000,2026-06-17 08:30:00,72.81,72.81,72.19,72.35,10714.956
1781686800000,2026-06-17 09:00:00,72.34,72.57,72.34,72.53,6289.057
1781688600000,2026-06-17 09:30:00,72.52,72.65,72.36,72.53,6258.622
1781690400000,2026-06-17 10:00:00,72.54,72.66,72.4,72.45,5145.571
1781692200000,2026-06-17 10:30:00,72.46,72.52,72.13,72.13,3785.456
1781694000000,2026-06-17 11:00:00,72.15,72.2,71.74,72.02,4933.767
1781695800000,2026-06-17 11:30:00,72.02,72.22,71.96,72.03,5273.963
1781697600000,2026-06-17 12:00:00,72.03,72.29,71.72,71.72,5935.8
1781699400000,2026-06-17 12:30:00,71.74,72.34,71.64,72.34,4703.471
1781701200000,2026-06-17 13:00:00,72.34,72.5,72.18,72.29,4520.611
1781703000000,2026-06-17 13:30:00,72.35,72.76,72.17,72.46,6039.179
1781704800000,2026-06-17 14:00:00,72.37,72.65,72.17,72.41,5971.11
1781706600000,2026-06-17 14:30:00,72.47,72.54,71.86,72.43,6784.338
1781708400000,2026-06-17 15:00:00,72.39,73.1,72.39,73.04,6266.441
1781710200000,2026-06-17 15:30:00,73.03,73.82,72.92,73.81,8049.551
1781712000000,2026-06-17 16:00:00,73.82,74.63,73.74,74.58,8240.558
1781713800000,2026-06-17 16:30:00,74.58,74.58,73.72,73.74,5970.554
1781715600000,2026-06-17 17:00:00,73.77,73.91,73.5,73.83,9514.057
1781717400000,2026-06-17 17:30:00,73.83,74.33,73.46,74.09,6560.174
1781719200000,2026-06-17 18:00:00,74.14,74.15,72.37,73.13,8562.241
1781721000000,2026-06-17 18:30:00,73.18,74.31,73.05,73.54,10728.567
1781722800000,2026-06-17 19:00:00,73.51,73.65,71.91,72.04,7026.667
1781724600000,2026-06-17 19:30:00,72.05,72.33,71.54,71.64,3854.857
1781726400000,2026-06-17 20:00:00,71.67,72.02,71.6,71.89,3640.111
1781728200000,2026-06-17 20:30:00,71.92,72.24,71.73,72.16,4523.394
1781730000000,2026-06-17 21:00:00,72.19,72.19,71.91,71.94,1312.279
1781731800000,2026-06-17 21:30:00,71.89,72.01,71.4,71.56,1660.918
1781733600000,2026-06-17 22:00:00,71.62,71.83,70.88,71.82,2408.081
1781735400000,2026-06-17 22:30:00,71.84,71.94,71.71,71.71,2230.092
1781737200000,2026-06-17 23:00:00,71.7,72.12,71.7,72.04,2630.153
1781739000000,2026-06-17 23:30:00,72.05,72.08,71.92,72.01,1636.803
1781740800000,2026-06-18 00:00:00,72.05,72.34,72.03,72.29,6437.936
1781742600000,2026-06-18 00:30:00,72.32,72.48,72.17,72.23,16635.384
1781744400000,2026-06-18 01:00:00,72.23,72.63,72.23,72.43,8203.168
1781746200000,2026-06-18 01:30:00,72.43,72.53,72.12,72.22,3971.133
1781748000000,2026-06-18 02:00:00,72.24,72.67,72.13,72.58,7520.724
1781749800000,2026-06-18 02:30:00,72.63,72.66,72.49,72.53,4090.313
1781751600000,2026-06-18 03:00:00,72.52,72.52,71.81,71.81,4293.357
1781753400000,2026-06-18 03:30:00,71.8,71.92,71.6,71.66,4847.848
1781755200000,2026-06-18 04:00:00,71.66,71.72,71.02,71.2,5726.613
1781757000000,2026-06-18 04:30:00,71.22,71.24,70.92,71.14,4897.65
1781758800000,2026-06-18 05:00:00,71.13,71.13,70.67,70.94,9909.918
1781760600000,2026-06-18 05:30:00,70.93,71.14,70.81,71.11,7081.571
1781762400000,2026-06-18 06:00:00,71.1,71.29,71.0,71.17,9448.674
1781764200000,2026-06-18 06:30:00,71.19,71.41,71.14,71.41,8714.691
1781766000000,2026-06-18 07:00:00,71.4,71.78,71.17,71.74,6293.76
1781767800000,2026-06-18 07:30:00,71.71,71.84,71.57,71.77,7538.423
1781769600000,2026-06-18 08:00:00,71.8,71.94,71.67,71.94,7241.257
1781771400000,2026-06-18 08:30:00,71.94,72.07,71.87,71.87,4675.622
1781773200000,2026-06-18 09:00:00,71.85,72.15,71.79,71.85,4158.928
1781775000000,2026-06-18 09:30:00,71.82,72.04,71.78,71.85,4502.103
1781776800000,2026-06-18 10:00:00,71.85,71.85,71.13,71.23,8281.515
1781778600000,2026-06-18 10:30:00,71.22,71.49,71.09,71.39,11204.789
1781780400000,2026-06-18 11:00:00,71.4,71.53,70.83,71.17,11085.422
1781782200000,2026-06-18 11:30:00,71.17,71.24,70.75,70.93,6164.609
1781784000000,2026-06-18 12:00:00,70.95,71.37,70.89,71.35,7802.896
1781785800000,2026-06-18 12:30:00,71.35,71.61,71.25,71.56,8274.827
1781787600000,2026-06-18 13:00:00,71.59,71.76,71.49,71.69,6836.976
1781789400000,2026-06-18 13:30:00,71.68,71.68,70.74,70.96,12787.817
1781791200000,2026-06-18 14:00:00,70.96,71.67,70.76,71.06,15679.934
1781793000000,2026-06-18 14:30:00,71.03,71.41,70.75,71.12,14209.895
1781794800000,2026-06-18 15:00:00,71.02,71.02,69.9,69.92,17090.898
1781796600000,2026-06-18 15:30:00,69.93,70.03,68.36,68.44,16042.156
1781798400000,2026-06-18 16:00:00,68.43,68.97,68.43,68.71,11750.052
1781800200000,2026-06-18 16:30:00,68.7,69.12,68.51,69.05,10780.423
1781802000000,2026-06-18 17:00:00,69.1,69.11,68.63,68.9,9635.863
1781803800000,2026-06-18 17:30:00,69.0,69.12,68.51,68.65,6272.134
1781805600000,2026-06-18 18:00:00,68.65,68.94,68.26,68.82,11219.362
1781807400000,2026-06-18 18:30:00,68.83,68.83,68.52,68.68,6720.897
1781809200000,2026-06-18 19:00:00,68.66,68.89,68.58,68.84,8396.331
1781811000000,2026-06-18 19:30:00,68.82,69.51,68.8,69.43,12591.627
1781812800000,2026-06-18 20:00:00,69.42,69.95,69.42,69.83,15555.041
1781814600000,2026-06-18 20:30:00,69.83,69.93,69.75,69.81,11073.686
1781816400000,2026-06-18 21:00:00,69.81,69.89,69.42,69.68,7689.676
1781818200000,2026-06-18 21:30:00,69.67,69.72,69.42,69.55,4749.312
1781820000000,2026-06-18 22:00:00,69.56,69.67,69.44,69.47,4871.607
1781821800000,2026-06-18 22:30:00,69.45,69.64,69.28,69.54,3627.381
1781823600000,2026-06-18 23:00:00,69.51,69.56,69.28,69.56,581.075
1781825400000,2026-06-18 23:30:00,69.56,69.72,69.54,69.71,954.192
1781827200000,2026-06-19 00:00:00,69.72,69.8,69.4,69.74,5419.521
1781829000000,2026-06-19 00:30:00,69.74,69.89,69.74,69.79,2975.726
1781830800000,2026-06-19 01:00:00,69.78,70.01,69.67,69.69,7431.975
1781832600000,2026-06-19 01:30:00,69.71,69.94,69.54,69.94,4918.755
1781834400000,2026-06-19 02:00:00,69.93,70.09,69.54,69.54,4601.636
1781836200000,2026-06-19 02:30:00,69.52,69.69,69.45,69.66,4759.244
1781838000000,2026-06-19 03:00:00,69.66,69.74,68.66,69.35,9055.164
1781839800000,2026-06-19 03:30:00,69.35,69.36,68.87,69.05,8265.838
1781841600000,2026-06-19 04:00:00,69.06,69.27,68.7,68.78,5582.309
1781843400000,2026-06-19 04:30:00,68.79,68.79,68.21,68.35,9101.139
1781845200000,2026-06-19 05:00:00,68.32,68.73,68.32,68.5,8288.076
1781847000000,2026-06-19 05:30:00,68.53,68.73,68.37,68.68,8963.134
1781848800000,2026-06-19 06:00:00,68.65,68.83,68.58,68.73,9041.825
1781850600000,2026-06-19 06:30:00,68.74,68.81,68.47,68.77,6257.088
1781852400000,2026-06-19 07:00:00,68.76,68.76,68.39,68.44,4907.344
1781854200000,2026-06-19 07:30:00,68.43,68.59,68.01,68.35,7250.709
1781856000000,2026-06-19 08:00:00,68.37,68.65,68.28,68.55,8142.255
1781857800000,2026-06-19 08:30:00,68.54,68.75,68.51,68.64,6963.103
1781859600000,2026-06-19 09:00:00,68.65,68.76,68.24,68.35,7274.021
1781861400000,2026-06-19 09:30:00,68.32,68.53,68.31,68.34,6067.315
1781863200000,2026-06-19 10:00:00,68.32,68.46,68.16,68.34,5786.632
1781865000000,2026-06-19 10:30:00,68.33,68.43,68.06,68.32,6134.166
1781866800000,2026-06-19 11:00:00,68.33,68.44,68.11,68.36,4938.127
1781868600000,2026-06-19 11:30:00,68.36,68.44,68.23,68.24,4739.408
1781870400000,2026-06-19 12:00:00,68.24,68.38,68.14,68.24,6669.739
1781872200000,2026-06-19 12:30:00,68.25,68.69,67.93,68.64,12207.844
1781874000000,2026-06-19 13:00:00,68.65,68.78,68.41,68.53,10999.818
1781875800000,2026-06-19 13:30:00,68.61,69.5,68.49,69.31,10518.676
1781877600000,2026-06-19 14:00:00,69.28,69.39,68.85,69.31,9203.717
1781879400000,2026-06-19 14:30:00,69.31,69.47,69.13,69.19,11410.176
1781881200000,2026-06-19 15:00:00,69.17,69.24,68.94,69.02,6962.036
1781883000000,2026-06-19 15:30:00,69.04,69.52,69.04,69.32,9256.206
1781884800000,2026-06-19 16:00:00,69.31,69.56,69.25,69.43,9834.563
1781886600000,2026-06-19 16:30:00,69.42,69.45,68.7,68.7,8674.289
1781888400000,2026-06-19 17:00:00,68.7,69.23,68.69,68.96,6539.997
1781890200000,2026-06-19 17:30:00,68.97,69.51,68.97,69.35,7140.554
1781892000000,2026-06-19 18:00:00,69.37,69.37,69.08,69.08,5162.9
1781893800000,2026-06-19 18:30:00,69.05,69.15,68.82,69.05,6778.851
1781895600000,2026-06-19 19:00:00,69.05,69.14,68.81,68.92,8801.493
1781897400000,2026-06-19 19:30:00,68.92,69.12,68.79,68.96,6567.287
1781899200000,2026-06-19 20:00:00,68.97,69.08,68.75,68.94,5276.853
1781901000000,2026-06-19 20:30:00,68.95,69.29,68.84,69.26,8183.096
1781902800000,2026-06-19 21:00:00,69.26,69.3,69.09,69.13,5000.864
1781904600000,2026-06-19 21:30:00,69.14,69.19,68.91,69.0,3395.324
1781906400000,2026-06-19 22:00:00,69.01,69.38,69.0,69.31,2755.523
1781908200000,2026-06-19 22:30:00,69.32,69.43,69.27,69.37,5004.928
1781910000000,2026-06-19 23:00:00,69.38,70.4,69.24,69.42,10814.167
1781911800000,2026-06-19 23:30:00,69.45,69.83,69.4,69.76,5455.327
1781913600000,2026-06-20 00:00:00,69.76,69.95,69.62,69.9,10395.257
1781915400000,2026-06-20 00:30:00,69.89,70.09,69.62,69.63,8131.771
1781917200000,2026-06-20 01:00:00,69.62,69.74,69.54,69.63,4085.07
1781919000000,2026-06-20 01:30:00,69.63,69.93,69.62,69.8,4550.862
1781920800000,2026-06-20 02:00:00,69.81,69.85,69.49,69.51,2470.71
1781922600000,2026-06-20 02:30:00,69.53,69.73,69.52,69.65,4339.332
1781924400000,2026-06-20 03:00:00,69.65,70.03,69.65,69.93,4916.968
1781926200000,2026-06-20 03:30:00,69.96,70.11,69.89,70.0,4083.077
1781928000000,2026-06-20 04:00:00,70.0,70.43,69.9,70.43,10174.661
1781929800000,2026-06-20 04:30:00,70.42,71.07,70.37,70.84,13029.325
1781931600000,2026-06-20 05:00:00,70.85,72.36,70.72,71.48,20451.325
1781933400000,2026-06-20 05:30:00,71.47,71.84,71.47,71.81,15935.607
1781935200000,2026-06-20 06:00:00,71.79,72.39,71.73,72.06,15999.699
1781937000000,2026-06-20 06:30:00,72.07,72.3,71.99,72.12,10887.734
1781938800000,2026-06-20 07:00:00,72.1,72.12,71.57,71.89,10549.147
1781940600000,2026-06-20 07:30:00,71.89,71.97,71.48,71.58,8671.305
1781942400000,2026-06-20 08:00:00,71.6,71.64,71.38,71.58,6604.632
1781944200000,2026-06-20 08:30:00,71.57,71.57,71.27,71.34,9082.072
1781946000000,2026-06-20 09:00:00,71.34,71.49,71.22,71.38,6445.994
1781947800000,2026-06-20 09:30:00,71.37,71.63,71.37,71.56,6307.306
1781949600000,2026-06-20 10:00:00,71.56,71.64,71.45,71.6,7493.801
1781951400000,2026-06-20 10:30:00,71.62,71.71,71.41,71.69,8559.995
1781953200000,2026-06-20 11:00:00,71.69,71.76,71.45,71.6,8859.246
1781955000000,2026-06-20 11:30:00,71.61,72.06,71.58,71.78,9473.251
1781956800000,2026-06-20 12:00:00,71.77,71.93,71.72,71.79,9336.634
1781958600000,2026-06-20 12:30:00,71.8,71.8,71.43,71.55,6806.841
1781960400000,2026-06-20 13:00:00,71.55,71.58,70.78,70.85,8992.25
1781962200000,2026-06-20 13:30:00,70.86,71.3,70.86,71.25,11105.716
1781964000000,2026-06-20 14:00:00,71.24,71.25,70.49,70.78,11598.78
1781965800000,2026-06-20 14:30:00,70.78,72.04,70.73,71.87,15355.187
1781967600000,2026-06-20 15:00:00,71.95,72.56,71.61,72.15,15358.881
1781969400000,2026-06-20 15:30:00,72.17,72.25,71.75,71.99,8970.802
1781971200000,2026-06-20 16:00:00,72.0,72.05,71.47,71.49,7869.769
1781973000000,2026-06-20 16:30:00,71.49,71.67,71.33,71.67,7097.608
1781974800000,2026-06-20 17:00:00,71.67,71.67,71.36,71.51,5042.075
1781976600000,2026-06-20 17:30:00,71.51,71.65,71.09,71.57,10470.408
1781978400000,2026-06-20 18:00:00,71.57,71.88,71.53,71.88,5805.572
1781980200000,2026-06-20 18:30:00,71.89,71.95,71.72,71.76,5558.639
1781982000000,2026-06-20 19:00:00,71.75,71.84,71.62,71.65,9043.648
1781983800000,2026-06-20 19:30:00,71.67,71.92,71.66,71.87,3568.536
1781985600000,2026-06-20 20:00:00,71.87,71.98,71.83,71.83,5363.579
1781987400000,2026-06-20 20:30:00,71.83,72.02,71.71,72.02,3501.943
1781989200000,2026-06-20 21:00:00,72.02,72.58,71.96,72.16,4491.238
1781991000000,2026-06-20 21:30:00,72.16,72.43,72.14,72.37,4714.185
1781992800000,2026-06-20 22:00:00,72.41,73.94,72.36,73.94,10686.249
1781994600000,2026-06-20 22:30:00,73.94,74.09,73.54,73.54,10134.221
1781996400000,2026-06-20 23:00:00,73.54,73.64,73.3,73.33,4635.253
1781998200000,2026-06-20 23:30:00,73.33,73.45,73.22,73.24,3675.936
1782000000000,2026-06-21 00:00:00,73.25,73.28,73.03,73.07,4857.234
1782001800000,2026-06-21 00:30:00,73.06,73.2,73.02,73.15,5866.64
1782003600000,2026-06-21 01:00:00,73.15,73.28,72.95,72.97,5434.614
1782005400000,2026-06-21 01:30:00,72.97,73.26,72.88,73.2,4098.886
1782007200000,2026-06-21 02:00:00,73.19,73.26,73.09,73.2,3962.203
1782009000000,2026-06-21 02:30:00,73.18,73.38,73.14,73.33,2091.605
1782010800000,2026-06-21 03:00:00,73.34,73.84,73.16,73.6,8772.734
1782012600000,2026-06-21 03:30:00,73.55,73.78,73.46,73.64,4393.188
1782014400000,2026-06-21 04:00:00,73.64,73.81,73.47,73.79,3348.934
1782016200000,2026-06-21 04:30:00,73.79,73.81,73.4,73.44,2632.129
1782018000000,2026-06-21 05:00:00,73.44,73.51,73.05,73.24,2466.808
1782019800000,2026-06-21 05:30:00,73.22,73.25,73.02,73.09,2821.187
1782021600000,2026-06-21 06:00:00,73.09,73.28,73.05,73.24,3778.503
1782023400000,2026-06-21 06:30:00,73.23,73.36,73.15,73.24,1671.008
1782025200000,2026-06-21 07:00:00,73.23,73.45,73.2,73.29,2220.108
1782027000000,2026-06-21 07:30:00,73.29,73.44,73.12,73.2,5984.135
1782028800000,2026-06-21 08:00:00,73.2,73.24,72.96,73.02,2247.79
1782030600000,2026-06-21 08:30:00,73.01,73.15,72.75,73.15,4714.5
1782032400000,2026-06-21 09:00:00,73.16,73.69,73.11,73.59,8972.817
1782034200000,2026-06-21 09:30:00,73.59,74.08,73.58,74.05,4687.634
1782036000000,2026-06-21 10:00:00,74.05,74.39,73.9,74.17,5092.86
1782037800000,2026-06-21 10:30:00,74.16,74.28,73.9,73.9,4833.735
1782039600000,2026-06-21 11:00:00,73.89,74.01,73.39,73.58,5144.762
1782041400000,2026-06-21 11:30:00,73.58,73.58,73.14,73.19,5459.679
1782043200000,2026-06-21 12:00:00,73.2,73.29,72.93,73.05,5532.366
1782045000000,2026-06-21 12:30:00,73.06,73.69,73.03,73.66,3872.633
1782046800000,2026-06-21 13:00:00,73.65,73.92,73.57,73.74,5842.221
1782048600000,2026-06-21 13:30:00,73.76,73.92,73.48,73.91,4729.191
1782050400000,2026-06-21 14:00:00,73.91,73.98,73.65,73.81,4064.589
1782052200000,2026-06-21 14:30:00,73.82,74.11,73.78,74.1,5667.588
1782054000000,2026-06-21 15:00:00,74.1,74.25,73.93,74.16,5965.656
1782055800000,2026-06-21 15:30:00,74.16,74.23,74.01,74.14,2831.321
1782057600000,2026-06-21 16:00:00,74.15,74.15,73.87,74.01,4780.795
1782059400000,2026-06-21 16:30:00,74.0,74.59,73.8,74.34,11223.918
1782061200000,2026-06-21 17:00:00,74.34,74.63,74.19,74.5,8016.28
1782063000000,2026-06-21 17:30:00,74.49,74.49,74.05,74.32,3435.527
1782064800000,2026-06-21 18:00:00,74.25,74.25,73.89,74.1,5024.899
1782066600000,2026-06-21 18:30:00,74.13,74.43,74.06,74.21,5953.492
1782068400000,2026-06-21 19:00:00,74.21,74.47,74.11,74.27,5385.248
1782070200000,2026-06-21 19:30:00,74.26,74.46,74.23,74.42,3064.009
1782072000000,2026-06-21 20:00:00,74.42,74.51,73.99,74.09,4018.91
1782073800000,2026-06-21 20:30:00,74.11,74.13,73.38,73.43,5721.879
1782075600000,2026-06-21 21:00:00,73.43,73.47,72.43,72.79,6201.507
1782077400000,2026-06-21 21:30:00,72.78,73.36,72.78,73.35,6589.952
1782079200000,2026-06-21 22:00:00,73.33,73.49,72.9,72.97,7055.909
1782081000000,2026-06-21 22:30:00,72.97,73.22,72.64,73.08,7134.423
1782082800000,2026-06-21 23:00:00,73.05,73.09,72.74,72.89,6254.184
1782084600000,2026-06-21 23:30:00,72.9,72.97,72.36,72.51,6826.421
1782086400000,2026-06-22 00:00:00,72.47,73.12,72.46,72.98,7531.924
1782088200000,2026-06-22 00:30:00,72.99,73.53,72.97,73.4,5152.43
1782090000000,2026-06-22 01:00:00,73.37,74.91,73.27,74.59,9940.697
1782091800000,2026-06-22 01:30:00,74.59,74.76,74.12,74.47,7759.881
1782093600000,2026-06-22 02:00:00,74.37,74.37,74.0,74.25,8196.93
1782095400000,2026-06-22 02:30:00,74.25,74.28,73.79,73.83,10625.725
1782097200000,2026-06-22 03:00:00,73.84,74.02,73.3,73.8,9438.787
1782099000000,2026-06-22 03:30:00,73.81,74.04,73.39,73.52,6630.36
1782100800000,2026-06-22 04:00:00,73.53,73.69,73.38,73.67,4913.984
1782102600000,2026-06-22 04:30:00,73.67,73.91,73.45,73.87,4806.367
1782104400000,2026-06-22 05:00:00,73.87,74.14,73.81,74.08,5827.316
1782106200000,2026-06-22 05:30:00,74.05,74.12,73.87,73.93,2981.664
1782108000000,2026-06-22 06:00:00,73.96,74.17,73.81,73.87,4789.753
1782109800000,2026-06-22 06:30:00,73.85,73.85,73.56,73.76,4826.368
1782111600000,2026-06-22 07:00:00,73.72,74.37,73.68,74.31,5610.237
1782113400000,2026-06-22 07:30:00,74.33,74.44,74.03,74.11,3838.254
1782115200000,2026-06-22 08:00:00,74.11,74.3,74.0,74.01,5498.747
1782117000000,2026-06-22 08:30:00,73.98,74.1,73.72,73.91,5633.666
1782118800000,2026-06-22 09:00:00,73.9,74.02,73.7,73.7,4439.323
1782120600000,2026-06-22 09:30:00,73.69,73.88,73.58,73.78,5524.82
1782122400000,2026-06-22 10:00:00,73.79,74.01,73.67,73.67,6003.335
1782124200000,2026-06-22 10:30:00,73.67,73.88,73.61,73.8,2878.96
1782126000000,2026-06-22 11:00:00,73.77,74.21,73.66,73.9,4514.788
1782127800000,2026-06-22 11:30:00,73.89,74.4,73.88,74.19,7423.305
1782129600000,2026-06-22 12:00:00,74.18,74.36,74.05,74.34,5792.221
1782131400000,2026-06-22 12:30:00,74.36,74.54,74.16,74.38,7108.393
1782133200000,2026-06-22 13:00:00,74.41,74.54,74.24,74.31,4347.686
1782135000000,2026-06-22 13:30:00,74.29,74.98,74.28,74.96,9508.738
1782136800000,2026-06-22 14:00:00,74.97,74.98,73.75,73.76,7510.51
1782138600000,2026-06-22 14:30:00,73.77,73.83,73.26,73.43,9417.64
1782140400000,2026-06-22 15:00:00,73.42,73.75,73.28,73.63,10354.257
1782142200000,2026-06-22 15:30:00,73.62,73.76,73.02,73.12,9303.19
1782144000000,2026-06-22 16:00:00,73.11,73.16,72.67,72.8,7896.351
1782145800000,2026-06-22 16:30:00,72.77,72.98,72.6,72.96,3778.829
1782147600000,2026-06-22 17:00:00,72.97,73.03,72.79,72.79,3660.297
1782149400000,2026-06-22 17:30:00,72.77,73.34,72.69,73.29,8804.329
1782151200000,2026-06-22 18:00:00,73.28,73.57,73.27,73.36,8730.033
1782153000000,2026-06-22 18:30:00,73.36,73.42,72.59,72.62,12347.712
1782154800000,2026-06-22 19:00:00,72.65,72.81,72.46,72.65,3523.221
1782156600000,2026-06-22 19:30:00,72.64,72.81,72.56,72.74,2515.443
1782158400000,2026-06-22 20:00:00,72.71,72.96,72.51,72.61,4411.978
1782160200000,2026-06-22 20:30:00,72.62,72.85,72.62,72.81,3275.122
1782162000000,2026-06-22 21:00:00,72.82,72.88,71.76,72.68,10373.917
1782163800000,2026-06-22 21:30:00,72.69,72.71,72.28,72.7,1550.562
1782165600000,2026-06-22 22:00:00,72.73,72.93,71.54,71.87,2248.796
1782167400000,2026-06-22 22:30:00,71.88,72.14,71.63,72.11,1688.724
1782169200000,2026-06-22 23:00:00,72.11,72.16,71.92,72.1,2504.815
1782171000000,2026-06-22 23:30:00,72.08,72.08,71.84,72.0,1044.089
1782172800000,2026-06-23 00:00:00,71.96,71.97,71.48,71.48,3997.445
1782174600000,2026-06-23 00:30:00,71.49,71.89,71.47,71.89,3759.967
1782176400000,2026-06-23 01:00:00,71.88,72.03,71.82,71.86,3738.685
1782178200000,2026-06-23 01:30:00,71.89,72.01,71.33,71.71,3351.948
1782180000000,2026-06-23 02:00:00,71.73,72.01,71.56,71.9,7131.407
1782181800000,2026-06-23 02:30:00,71.9,72.06,71.87,72.03,4935.057
1782183600000,2026-06-23 03:00:00,72.01,72.01,71.72,71.92,3087.993
1782185400000,2026-06-23 03:30:00,71.93,71.99,71.75,71.99,3192.483
1782187200000,2026-06-23 04:00:00,72.0,72.02,71.71,71.92,2705.768
1782189000000,2026-06-23 04:30:00,71.93,71.98,71.4,71.48,4121.339
1782190800000,2026-06-23 05:00:00,71.48,71.6,71.04,71.16,5337.992
1782192600000,2026-06-23 05:30:00,71.16,71.2,70.92,71.02,6697.818
1782194400000,2026-06-23 06:00:00,71.0,71.05,69.73,69.98,13800.15
1782196200000,2026-06-23 06:30:00,69.98,70.39,69.88,70.33,5601.83
1782198000000,2026-06-23 07:00:00,70.32,70.56,70.3,70.46,3440.018
1782199800000,2026-06-23 07:30:00,70.45,70.45,69.97,69.97,4727.297
1782201600000,2026-06-23 08:00:00,70.0,70.09,68.25,68.48,9058.326
1782203400000,2026-06-23 08:30:00,68.44,68.91,68.44,68.67,6085.105
1782205200000,2026-06-23 09:00:00,68.67,69.03,68.67,68.98,6235.753
1782207000000,2026-06-23 09:30:00,68.98,69.05,68.77,68.9,6881.862
1782208800000,2026-06-23 10:00:00,68.94,69.19,68.9,68.91,5197.298
1782210600000,2026-06-23 10:30:00,68.92,68.97,68.65,68.83,2697.418
1782212400000,2026-06-23 11:00:00,68.83,69.23,68.82,69.16,5948.257
1782214200000,2026-06-23 11:30:00,69.17,69.35,69.12,69.31,5947.567
1782216000000,2026-06-23 12:00:00,69.33,69.37,69.06,69.16,5647.075
1782217800000,2026-06-23 12:30:00,69.2,69.34,68.89,68.97,7434.812
1782219600000,2026-06-23 13:00:00,68.98,69.0,68.7,68.81,4278.722
1782221400000,2026-06-23 13:30:00,68.81,69.3,68.66,69.18,11225.966
1782223200000,2026-06-23 14:00:00,69.19,69.66,69.11,69.32,6861.15
1782225000000,2026-06-23 14:30:00,69.36,69.59,69.12,69.2,10044.195
1782226800000,2026-06-23 15:00:00,69.2,69.21,68.56,68.63,8489.32
1782228600000,2026-06-23 15:30:00,68.65,69.02,68.42,68.92,9476.889
1782230400000,2026-06-23 16:00:00,68.92,75.09,68.82,69.1,7366.71
1782232200000,2026-06-23 16:30:00,69.06,69.15,68.84,68.93,4048.983
1782234000000,2026-06-23 17:00:00,68.92,69.11,68.67,69.06,7337.366
1782235800000,2026-06-23 17:30:00,69.09,69.18,68.65,68.78,5198.137
1782237600000,2026-06-23 18:00:00,68.78,69.01,68.72,68.98,5958.452
1782239400000,2026-06-23 18:30:00,68.97,68.97,68.71,68.89,4117.256
1782241200000,2026-06-23 19:00:00,68.89,69.1,68.78,68.96,5518.896
1782243000000,2026-06-23 19:30:00,68.96,69.05,68.74,68.93,5599.46
1782244800000,2026-06-23 20:00:00,68.87,69.05,68.83,69.01,6268.25
1782246600000,2026-06-23 20:30:00,69.02,69.09,68.65,69.01,2148.617
1782248400000,2026-06-23 21:00:00,69.01,69.24,68.99,69.24,6248.158
1782250200000,2026-06-23 21:30:00,69.25,69.32,69.22,69.27,3888.503
1782252000000,2026-06-23 22:00:00,69.27,69.83,69.26,69.39,5907.352
1782253800000,2026-06-23 22:30:00,69.48,69.6,69.41,69.56,3186.225
1782255600000,2026-06-23 23:00:00,69.56,69.6,69.32,69.52,3369.367
1782257400000,2026-06-23 23:30:00,69.52,69.76,69.42,69.71,3127.321
1782259200000,2026-06-24 00:00:00,69.69,69.99,69.6,69.85,10812.429
1782261000000,2026-06-24 00:30:00,69.9,70.14,69.82,69.98,7139.04
1782262800000,2026-06-24 01:00:00,70.0,70.02,69.68,69.91,8298.981
1782264600000,2026-06-24 01:30:00,69.92,70.41,69.92,70.08,8208.052
1782266400000,2026-06-24 02:00:00,70.09,70.14,69.56,69.73,7430.475
1782268200000,2026-06-24 02:30:00,69.72,69.79,69.45,69.46,4735.042
1782270000000,2026-06-24 03:00:00,69.51,69.51,69.12,69.33,4901.719
1782271800000,2026-06-24 03:30:00,69.36,69.76,69.35,69.6,3469.763
1782273600000,2026-06-24 04:00:00,69.59,69.62,69.0,69.15,5702.57
1782275400000,2026-06-24 04:30:00,69.15,69.69,69.11,69.6,6051.617
1782277200000,2026-06-24 05:00:00,69.61,70.0,69.53,69.99,9090.008
1782279000000,2026-06-24 05:30:00,70.0,70.21,69.88,69.94,3494.125
1782280800000,2026-06-24 06:00:00,69.94,70.04,69.77,69.89,5092.738
1782282600000,2026-06-24 06:30:00,69.9,70.01,69.72,69.76,5591.729
1782284400000,2026-06-24 07:00:00,69.75,69.77,69.55,69.57,6489.155
1782286200000,2026-06-24 07:30:00,69.56,69.66,69.29,69.37,6446.589
1782288000000,2026-06-24 08:00:00,69.37,69.48,69.25,69.4,7387.904
1782289800000,2026-06-24 08:30:00,69.43,69.63,69.39,69.49,2173.868
1782291600000,2026-06-24 09:00:00,69.5,69.55,69.32,69.41,2856.484
1782293400000,2026-06-24 09:30:00,69.32,69.36,69.23,69.31,3132.681
1782295200000,2026-06-24 10:00:00,69.31,69.33,68.98,69.08,5345.802
1782297000000,2026-06-24 10:30:00,69.09,69.25,69.0,69.03,2585.055
1782298800000,2026-06-24 11:00:00,69.02,69.16,68.79,68.88,4824.933
1782300600000,2026-06-24 11:30:00,68.86,70.37,68.86,69.79,7584.267
1782302400000,2026-06-24 12:00:00,69.81,69.91,69.63,69.75,8444.015
1782304200000,2026-06-24 12:30:00,69.75,69.81,69.44,69.44,4914.687
1782306000000,2026-06-24 13:00:00,69.45,69.48,68.42,68.97,7655.823
1782307800000,2026-06-24 13:30:00,68.96,69.41,68.69,68.89,10116.613
1782309600000,2026-06-24 14:00:00,68.88,69.15,68.65,69.02,10142.079
1782311400000,2026-06-24 14:30:00,69.03,69.4,68.76,68.86,8338.427
1782313200000,2026-06-24 15:00:00,68.87,68.87,68.32,68.45,9274.45
1782315000000,2026-06-24 15:30:00,68.45,68.45,67.26,67.34,9006.69
1782316800000,2026-06-24 16:00:00,67.33,68.01,67.31,67.89,12215.35
1782318600000,2026-06-24 16:30:00,67.81,67.89,66.34,66.56,16064.657
1782320400000,2026-06-24 17:00:00,66.56,66.88,65.21,65.65,9254.018
1782322200000,2026-06-24 17:30:00,65.62,65.67,64.77,64.96,8108.164
1782324000000,2026-06-24 18:00:00,64.97,66.49,64.84,66.21,9355.378
1782325800000,2026-06-24 18:30:00,66.17,66.26,65.81,66.0,7378.125
1782327600000,2026-06-24 19:00:00,66.01,66.35,65.57,65.91,7340.015
1782329400000,2026-06-24 19:30:00,65.92,66.22,65.76,66.19,3652.648
1782331200000,2026-06-24 20:00:00,66.19,67.61,65.95,67.49,3708.946
1782333000000,2026-06-24 20:30:00,67.5,68.0,67.34,67.67,4431.05
1782334800000,2026-06-24 21:00:00,67.7,67.73,67.25,67.56,3386.652
1782336600000,2026-06-24 21:30:00,67.56,68.1,67.48,68.1,5459.955
1782338400000,2026-06-24 22:00:00,68.11,68.46,67.85,67.85,1959.892
1782340200000,2026-06-24 22:30:00,67.86,67.99,67.73,67.83,3143.73
1782342000000,2026-06-24 23:00:00,67.84,68.18,67.77,68.01,3792.428
1782343800000,2026-06-24 23:30:00,67.99,68.16,67.91,68.08,6033.048
1782345600000,2026-06-25 00:00:00,68.09,68.28,67.92,67.96,8685.959
1782347400000,2026-06-25 00:30:00,67.93,67.98,67.6,67.65,6997.258
1782349200000,2026-06-25 01:00:00,67.67,67.78,67.42,67.65,6791.648
1782351000000,2026-06-25 01:30:00,67.63,67.99,67.62,67.87,5083.048
1782352800000,2026-06-25 02:00:00,67.9,67.94,67.64,67.88,4751.923
1782354600000,2026-06-25 02:30:00,67.89,67.9,67.64,67.76,3608.477
1782356400000,2026-06-25 03:00:00,67.75,67.86,67.54,67.66,4995.026
1782358200000,2026-06-25 03:30:00,67.66,67.76,67.52,67.73,3510.331
1782360000000,2026-06-25 04:00:00,67.7,67.73,67.57,67.63,4505.135
1782361800000,2026-06-25 04:30:00,67.63,68.49,67.5,68.47,4651.69
1782363600000,2026-06-25 05:00:00,68.46,69.22,68.36,69.06,8745.678
1782365400000,2026-06-25 05:30:00,69.06,69.29,68.96,69.04,4739.121
1782367200000,2026-06-25 06:00:00,69.03,69.59,69.03,69.25,5990.334
1782369000000,2026-06-25 06:30:00,69.25,69.59,69.25,69.46,5504.47
1782370800000,2026-06-25 07:00:00,69.51,69.55,69.28,69.34,4194.162
1782372600000,2026-06-25 07:30:00,69.37,69.49,69.27,69.44,3792.5
1782374400000,2026-06-25 08:00:00,69.44,69.45,69.02,69.14,2580.144
1782376200000,2026-06-25 08:30:00,69.12,69.21,69.0,69.03,3762.013
1782378000000,2026-06-25 09:00:00,69.03,69.18,68.87,68.96,4061.346
1782379800000,2026-06-25 09:30:00,68.96,69.04,68.81,68.83,3734.002
1782381600000,2026-06-25 10:00:00,68.83,68.88,68.53,68.56,5208.663
1782383400000,2026-06-25 10:30:00,68.55,68.59,68.18,68.28,5597.436
1782385200000,2026-06-25 11:00:00,68.29,68.41,68.01,68.11,3531.093
1782387000000,2026-06-25 11:30:00,68.13,68.31,68.02,68.17,2651.838
1782388800000,2026-06-25 12:00:00,68.18,68.26,67.82,67.87,6195.411
1782390600000,2026-06-25 12:30:00,67.87,69.02,67.87,68.27,5478.398
1782392400000,2026-06-25 13:00:00,68.3,68.42,68.11,68.21,5197.133
1782394200000,2026-06-25 13:30:00,68.21,68.25,64.11,64.12,11338.818
1782396000000,2026-06-25 14:00:00,64.12,66.26,64.12,65.75,10363.277
1782397800000,2026-06-25 14:30:00,65.74,67.12,65.61,66.47,12666.756
1782399600000,2026-06-25 15:00:00,66.37,66.37,65.3,65.89,9489.271
1782401400000,2026-06-25 15:30:00,65.87,66.34,65.68,66.31,5993.944
1782403200000,2026-06-25 16:00:00,66.31,67.04,66.3,66.7,6042.468
1782405000000,2026-06-25 16:30:00,66.7,66.7,65.66,65.98,5178.789
1782406800000,2026-06-25 17:00:00,65.99,67.34,65.83,67.33,8893.422
1782408600000,2026-06-25 17:30:00,67.31,67.34,66.71,67.11,8937.889
1782410400000,2026-06-25 18:00:00,67.12,67.12,66.08,66.55,7820.647
1782412200000,2026-06-25 18:30:00,66.55,66.55,65.92,66.15,9134.512
1782414000000,2026-06-25 19:00:00,66.17,66.17,65.76,65.97,13089.469
1782415800000,2026-06-25 19:30:00,65.96,66.22,65.87,66.18,3728.482
1782417600000,2026-06-25 20:00:00,66.16,66.8,66.16,66.73,3597.18
1782419400000,2026-06-25 20:30:00,66.73,66.73,66.09,66.28,2184.522
1782421200000,2026-06-25 21:00:00,66.27,66.85,66.27,66.81,5502.501
1782423000000,2026-06-25 21:30:00,66.82,67.29,66.75,67.25,3644.653
1782424800000,2026-06-25 22:00:00,67.29,67.3,66.96,67.06,3632.368
1782426600000,2026-06-25 22:30:00,67.08,67.29,67.06,67.18,829.301
1782428400000,2026-06-25 23:00:00,67.16,68.44,67.03,68.37,966.918
1782430200000,2026-06-25 23:30:00,68.33,68.73,67.65,67.68,1567.349
1782432000000,2026-06-26 00:00:00,67.69,68.09,67.67,67.89,6704.593
1782433800000,2026-06-26 00:30:00,67.95,68.07,67.65,67.79,6531.988
1782435600000,2026-06-26 01:00:00,67.76,67.87,67.23,67.23,5728.581
1782437400000,2026-06-26 01:30:00,67.22,67.46,67.14,67.28,6559.188
1782439200000,2026-06-26 02:00:00,67.32,67.32,65.93,66.66,6031.3
1782441000000,2026-06-26 02:30:00,66.66,66.79,66.04,66.19,5768.625
1782442800000,2026-06-26 03:00:00,66.21,67.12,65.98,66.88,6617.278
1782444600000,2026-06-26 03:30:00,66.84,68.46,66.65,68.16,6168.815
1782446400000,2026-06-26 04:00:00,68.22,68.35,67.99,68.08,6422.192
1782448200000,2026-06-26 04:30:00,68.11,68.16,68.0,68.05,4106.385
1782450000000,2026-06-26 05:00:00,68.07,68.37,68.0,68.3,4755.418
1782451800000,2026-06-26 05:30:00,68.3,68.47,68.1,68.38,3570.816
1782453600000,2026-06-26 06:00:00,68.37,69.37,68.02,69.08,8783.318
1782455400000,2026-06-26 06:30:00,69.21,69.86,69.03,69.77,8299.56
1782457200000,2026-06-26 07:00:00,69.8,70.75,69.8,70.52,9551.889
1782459000000,2026-06-26 07:30:00,70.51,70.99,70.49,70.81,8824.529
1782460800000,2026-06-26 08:00:00,70.78,70.85,69.84,69.9,8352.757
1782462600000,2026-06-26 08:30:00,69.91,70.04,69.73,69.91,10075.923
1782464400000,2026-06-26 09:00:00,69.94,69.95,69.56,69.77,9216.591
1782466200000,2026-06-26 09:30:00,69.79,69.89,68.85,69.03,6458.833
1782468000000,2026-06-26 10:00:00,69.01,69.22,68.95,69.16,6004.838
1782469800000,2026-06-26 10:30:00,69.16,69.23,68.69,68.75,5241.544
1782471600000,2026-06-26 11:00:00,68.78,69.06,68.54,68.55,7022.324
1782473400000,2026-06-26 11:30:00,68.58,68.75,68.42,68.59,6221.597
1782475200000,2026-06-26 12:00:00,68.61,69.21,68.6,69.19,13098.032
1782477000000,2026-06-26 12:30:00,69.24,69.67,68.43,68.93,18637.499
1782478800000,2026-06-26 13:00:00,68.92,69.31,68.35,68.75,17802.407
1782480600000,2026-06-26 13:30:00,68.75,70.86,68.69,70.62,28003.504
1782482400000,2026-06-26 14:00:00,70.62,71.91,70.25,71.75,25765.787
1782484200000,2026-06-26 14:30:00,71.73,71.84,70.39,70.52,23030.348
1782486000000,2026-06-26 15:00:00,70.52,71.82,70.34,71.44,17559.459
1782487800000,2026-06-26 15:30:00,71.45,72.21,71.45,72.06,18406.363
1782489600000,2026-06-26 16:00:00,72.07,73.23,72.07,72.18,21742.452
1782491400000,2026-06-26 16:30:00,72.26,73.18,72.26,72.52,18305.861
1782493200000,2026-06-26 17:00:00,72.5,72.87,72.26,72.63,15727.119
1782495000000,2026-06-26 17:30:00,72.61,72.78,72.27,72.61,10098.297
1782496800000,2026-06-26 18:00:00,72.57,73.07,72.43,72.44,13210.811
1782498600000,2026-06-26 18:30:00,72.44,72.69,72.4,72.58,15178.592
1782500400000,2026-06-26 19:00:00,72.61,73.39,72.49,73.31,14268.429
1782502200000,2026-06-26 19:30:00,73.33,73.89,73.22,73.38,15598.393
1782504000000,2026-06-26 20:00:00,73.39,73.6,72.75,73.05,14452.63
1782505800000,2026-06-26 20:30:00,73.05,73.08,72.13,72.13,14824.605
1782507600000,2026-06-26 21:00:00,72.16,72.26,71.82,72.26,8807.97
1782509400000,2026-06-26 21:30:00,72.26,72.37,71.98,72.01,7938.53
1782511200000,2026-06-26 22:00:00,72.01,72.09,71.55,71.64,5394.778
1782513000000,2026-06-26 22:30:00,71.64,71.92,71.54,71.82,5754.393
1782514800000,2026-06-26 23:00:00,71.81,71.96,71.69,71.71,3689.384
1782516600000,2026-06-26 23:30:00,71.69,72.02,71.69,71.91,5084.565
1782518400000,2026-06-27 00:00:00,71.91,72.45,71.89,72.07,10537.338
1782520200000,2026-06-27 00:30:00,72.07,72.07,71.64,71.83,4961.495
1782522000000,2026-06-27 01:00:00,71.83,71.83,71.61,71.71,3868.387
1782523800000,2026-06-27 01:30:00,71.7,71.7,71.37,71.44,5827.05
1782525600000,2026-06-27 02:00:00,71.44,72.21,71.41,72.15,6833.175
1782527400000,2026-06-27 02:30:00,72.11,72.25,71.91,72.16,4911.019
1782529200000,2026-06-27 03:00:00,72.16,72.39,71.85,72.18,7225.033
1782531000000,2026-06-27 03:30:00,72.17,72.4,72.04,72.27,6674.753
1782532800000,2026-06-27 04:00:00,72.26,72.58,72.25,72.35,4712.537
1782534600000,2026-06-27 04:30:00,72.35,72.43,71.91,71.93,3775.616
1782536400000,2026-06-27 05:00:00,71.93,72.03,71.52,71.56,3681.962
1782538200000,2026-06-27 05:30:00,71.55,71.85,71.55,71.83,3424.206
1782540000000,2026-06-27 06:00:00,71.83,71.92,71.65,71.91,4077.224
1782541800000,2026-06-27 06:30:00,71.93,72.31,71.9,72.12,5026.282
1782543600000,2026-06-27 07:00:00,72.13,72.24,72.01,72.13,3192.312
1782545400000,2026-06-27 07:30:00,72.14,72.34,72.02,72.3,3570.324
1782547200000,2026-06-27 08:00:00,72.31,72.31,72.06,72.18,3170.674
1782549000000,2026-06-27 08:30:00,72.18,72.19,71.89,72.05,4291.005
1782550800000,2026-06-27 09:00:00,72.04,72.1,71.73,71.8,2656.095
1782552600000,2026-06-27 09:30:00,71.79,71.9,71.74,71.87,1743.032
1782554400000,2026-06-27 10:00:00,71.87,72.05,71.83,71.96,1515.232
1782556200000,2026-06-27 10:30:00,71.96,72.04,71.88,72.03,2433.047
1782558000000,2026-06-27 11:00:00,72.04,72.08,71.55,71.61,7221.181
1782559800000,2026-06-27 11:30:00,71.63,71.91,71.55,71.8,3041.488
1782561600000,2026-06-27 12:00:00,71.79,71.91,71.64,71.84,2595.661
1782563400000,2026-06-27 12:30:00,71.83,72.18,71.77,72.18,2796.681
1782565200000,2026-06-27 13:00:00,72.17,72.47,72.13,72.4,4286.55
1782567000000,2026-06-27 13:30:00,72.41,72.58,72.32,72.36,4101.981
1782568800000,2026-06-27 14:00:00,72.37,72.82,72.23,72.72,6274.116
1782570600000,2026-06-27 14:30:00,72.72,72.9,72.59,72.71,4190.82
1782572400000,2026-06-27 15:00:00,72.73,73.17,72.63,72.93,5913.675
1782574200000,2026-06-27 15:30:00,72.93,73.06,72.74,72.82,4542.292
1782576000000,2026-06-27 16:00:00,72.83,72.99,72.64,72.83,5041.385
1782577800000,2026-06-27 16:30:00,72.82,72.83,72.65,72.67,5248.524
1782579600000,2026-06-27 17:00:00,72.67,72.67,71.91,72.27,10622.887
1782581400000,2026-06-27 17:30:00,72.27,72.34,72.15,72.23,7237.359
1782583200000,2026-06-27 18:00:00,72.23,72.47,59.2,71.91,16114.907
1782585000000,2026-06-27 18:30:00,71.91,72.03,71.88,71.91,1835.424
1782586800000,2026-06-27 19:00:00,71.91,72.01,71.13,71.32,5007.418
1782588600000,2026-06-27 19:30:00,71.32,71.32,70.99,71.12,5837.69
1782590400000,2026-06-27 20:00:00,71.11,71.3,71.1,71.24,2069.76
1782592200000,2026-06-27 20:30:00,71.23,71.35,71.18,71.27,2708.752
1782594000000,2026-06-27 21:00:00,71.28,71.56,71.27,71.54,4174.864
1782595800000,2026-06-27 21:30:00,71.56,71.63,70.81,70.99,9804.655
1782597600000,2026-06-27 22:00:00,70.98,70.98,70.3,70.7,10144.317
1782599400000,2026-06-27 22:30:00,70.71,71.09,70.7,71.09,4584.169
1782601200000,2026-06-27 23:00:00,71.09,71.14,70.44,70.48,7508.904
1782603000000,2026-06-27 23:30:00,70.49,70.68,70.44,70.49,4073.936
1782604800000,2026-06-28 00:00:00,70.5,70.77,70.47,70.77,5794.782
1782606600000,2026-06-28 00:30:00,70.77,70.82,70.61,70.76,2217.563
1782608400000,2026-06-28 01:00:00,70.75,70.82,70.46,70.78,3956.25
1782610200000,2026-06-28 01:30:00,70.79,70.93,70.75,70.82,2066.682
1782612000000,2026-06-28 02:00:00,70.84,71.01,70.49,70.7,2716.674
1782613800000,2026-06-28 02:30:00,70.7,70.81,70.68,70.74,2679.904
1782615600000,2026-06-28 03:00:00,70.74,70.97,70.73,70.83,3073.639
1782617400000,2026-06-28 03:30:00,70.85,70.92,70.78,70.88,2147.684
1782619200000,2026-06-28 04:00:00,70.86,70.87,70.72,70.74,2710.619
1782621000000,2026-06-28 04:30:00,70.74,70.99,70.57,70.76,4673.55
1782622800000,2026-06-28 05:00:00,70.77,70.77,70.22,70.25,5218.299
1782624600000,2026-06-28 05:30:00,70.24,70.54,70.14,70.52,5160.203
1782626400000,2026-06-28 06:00:00,70.52,70.56,70.2,70.4,9259.61
1782628200000,2026-06-28 06:30:00,70.45,70.53,70.39,70.47,5584.894
1782630000000,2026-06-28 07:00:00,70.48,70.84,70.44,70.69,3792.8
1782631800000,2026-06-28 07:30:00,70.67,71.08,70.67,71.05,4929.769
1782633600000,2026-06-28 08:00:00,71.05,71.29,71.04,71.23,3718.953
1782635400000,2026-06-28 08:30:00,71.23,72.18,71.23,71.93,12935.879
1782637200000,2026-06-28 09:00:00,71.93,71.94,71.69,71.78,5688.431
1782639000000,2026-06-28 09:30:00,71.77,72.01,71.51,71.54,6810.829
1782640800000,2026-06-28 10:00:00,71.54,71.59,71.15,71.21,5104.965
1782642600000,2026-06-28 10:30:00,71.2,71.48,71.2,71.47,2910.365
1782644400000,2026-06-28 11:00:00,71.48,71.92,71.44,71.9,12516.187
1782646200000,2026-06-28 11:30:00,71.89,72.01,71.63,71.9,7910.64
1782648000000,2026-06-28 12:00:00,71.92,72.1,71.68,72.1,5736.965
1782649800000,2026-06-28 12:30:00,72.11,72.3,71.76,71.89,5227.458
1782651600000,2026-06-28 13:00:00,71.89,71.89,71.37,71.67,12264.996
1782653400000,2026-06-28 13:30:00,71.67,72.07,71.62,71.73,14182.43
1782655200000,2026-06-28 14:00:00,71.75,72.2,71.74,71.9,5604.277
1782657000000,2026-06-28 14:30:00,71.86,72.01,71.69,71.69,3946.408
1782658800000,2026-06-28 15:00:00,71.69,71.96,71.46,71.8,11180.611
1782660600000,2026-06-28 15:30:00,71.78,72.05,71.73,72.02,9739.17
1782662400000,2026-06-28 16:00:00,72.02,72.08,71.43,71.53,6387.084
1782664200000,2026-06-28 16:30:00,71.53,71.6,71.19,71.57,6564.079
1782666000000,2026-06-28 17:00:00,71.57,72.0,71.35,71.35,7965.107
1782667800000,2026-06-28 17:30:00,71.34,71.63,70.97,71.56,6351.216
1782669600000,2026-06-28 18:00:00,71.55,71.69,71.17,71.21,3966.896
1782671400000,2026-06-28 18:30:00,71.22,71.28,71.0,71.17,4439.159
1782673200000,2026-06-28 19:00:00,71.18,71.18,70.89,71.04,3755.479
1782675000000,2026-06-28 19:30:00,71.05,71.29,70.3,70.74,9304.472
1782676800000,2026-06-28 20:00:00,70.72,71.21,70.71,71.01,6924.651
1782678600000,2026-06-28 20:30:00,71.01,71.02,70.67,70.94,6541.721
1782680400000,2026-06-28 21:00:00,70.91,70.91,70.67,70.84,4628.118
1782682200000,2026-06-28 21:30:00,70.85,71.01,70.29,70.44,6164.67
1782684000000,2026-06-28 22:00:00,70.45,71.44,70.45,70.86,15796.141
1782685800000,2026-06-28 22:30:00,70.88,70.96,69.81,70.25,11683.496
1782687600000,2026-06-28 23:00:00,70.25,71.14,70.16,71.04,12781.337
1782689400000,2026-06-28 23:30:00,71.04,71.74,71.04,71.38,6856.527
1782691200000,2026-06-29 00:00:00,71.39,71.53,70.81,70.81,13440.019
1782693000000,2026-06-29 00:30:00,70.81,71.68,70.38,71.67,13715.055
1782694800000,2026-06-29 01:00:00,71.69,71.69,71.01,71.1,11535.903
1782696600000,2026-06-29 01:30:00,71.08,71.67,71.0,71.49,11354.059
1782698400000,2026-06-29 02:00:00,71.49,71.82,70.58,71.78,14631.927
1782700200000,2026-06-29 02:30:00,71.78,72.2,71.64,72.17,8526.1
1782702000000,2026-06-29 03:00:00,72.18,73.32,72.18,73.22,13801.048
1782703800000,2026-06-29 03:30:00,73.19,73.21,72.58,72.66,9591.406
1782705600000,2026-06-29 04:00:00,72.69,72.69,72.15,72.37,6059.942
1782707400000,2026-06-29 04:30:00,72.4,72.4,71.64,71.67,5310.232
1782709200000,2026-06-29 05:00:00,71.67,71.72,71.05,71.42,9368.793
1782711000000,2026-06-29 05:30:00,71.44,72.3,71.32,72.29,6905.656
1782712800000,2026-06-29 06:00:00,72.3,73.08,72.23,72.68,10344.969
1782714600000,2026-06-29 06:30:00,72.67,72.73,72.29,72.39,6446.956
1782716400000,2026-06-29 07:00:00,72.39,72.57,72.11,72.5,8050.358
1782718200000,2026-06-29 07:30:00,72.49,72.92,72.31,72.73,9187.395
1782720000000,2026-06-29 08:00:00,72.73,72.93,72.42,72.47,13161.175
1782721800000,2026-06-29 08:30:00,72.47,73.0,72.4,72.74,7965.525
1782723600000,2026-06-29 09:00:00,72.73,73.1,72.62,72.92,7952.14
1782725400000,2026-06-29 09:30:00,72.95,72.99,72.7,72.9,5295.874
1782727200000,2026-06-29 10:00:00,72.93,73.66,72.93,73.44,8206.886
1782729000000,2026-06-29 10:30:00,73.43,73.43,73.18,73.26,5783.15
1782730800000,2026-06-29 11:00:00,73.25,73.27,72.47,72.74,6463.221
1782732600000,2026-06-29 11:30:00,72.74,73.08,72.25,72.5,7505.385
1782734400000,2026-06-29 12:00:00,72.5,74.09,72.19,73.99,17514.068
1782736200000,2026-06-29 12:30:00,74.0,74.47,73.1,73.51,13002.86
1782738000000,2026-06-29 13:00:00,73.52,74.33,73.52,73.63,15864.826
1782739800000,2026-06-29 13:30:00,73.63,74.04,72.82,73.67,25269.239
1782741600000,2026-06-29 14:00:00,73.71,73.89,72.35,73.18,20904.829
1782743400000,2026-06-29 14:30:00,73.17,73.83,72.92,73.72,18689.58
1782745200000,2026-06-29 15:00:00,73.7,73.97,72.79,73.89,21315.751
1782747000000,2026-06-29 15:30:00,73.89,74.34,73.81,73.91,15860.383
1782748800000,2026-06-29 16:00:00,73.92,74.06,72.89,72.96,17381.208
1782750600000,2026-06-29 16:30:00,72.96,74.14,72.96,74.03,12338.559
1782752400000,2026-06-29 17:00:00,74.02,76.34,74.02,75.93,17912.934
1782754200000,2026-06-29 17:30:00,75.93,76.07,75.26,75.3,13336.254
1782756000000,2026-06-29 18:00:00,75.31,75.74,75.17,75.24,8137.452
1782757800000,2026-06-29 18:30:00,75.24,75.74,75.23,75.56,6344.982
1782759600000,2026-06-29 19:00:00,75.59,76.2,75.42,76.06,9092.63
1782761400000,2026-06-29 19:30:00,76.05,76.22,75.67,75.98,10432.467
1782763200000,2026-06-29 20:00:00,75.98,75.98,75.51,75.52,9883.93
1782765000000,2026-06-29 20:30:00,75.52,75.69,75.27,75.38,6780.293
1782766800000,2026-06-29 21:00:00,75.38,75.64,75.25,75.45,6193.065
1782768600000,2026-06-29 21:30:00,75.45,75.77,75.45,75.49,4634.152
1782770400000,2026-06-29 22:00:00,75.52,75.65,75.32,75.41,4851.468
1782772200000,2026-06-29 22:30:00,75.41,75.49,75.1,75.28,4488.651
1782774000000,2026-06-29 23:00:00,75.27,75.43,75.08,75.2,4170.385
1782775800000,2026-06-29 23:30:00,75.2,75.21,74.9,75.16,6403.228
1782777600000,2026-06-30 00:00:00,75.16,75.2,74.64,74.65,6495.081
1782779400000,2026-06-30 00:30:00,74.63,74.64,74.21,74.41,8947.606
1782781200000,2026-06-30 01:00:00,74.41,74.66,74.06,74.66,9940.684
1782783000000,2026-06-30 01:30:00,74.65,74.65,74.2,74.41,3585.327
1782784800000,2026-06-30 02:00:00,74.41,74.42,74.06,74.31,1723.169
1782786600000,2026-06-30 02:30:00,74.34,74.8,74.21,74.59,2767.154
1782788400000,2026-06-30 03:00:00,74.59,74.88,74.56,74.56,5483.784
1782790200000,2026-06-30 03:30:00,74.61,74.65,74.14,74.19,4260.52
1782792000000,2026-06-30 04:00:00,74.18,74.23,73.71,73.97,6909.734
1782793800000,2026-06-30 04:30:00,73.98,74.16,73.98,74.04,2786.745
1782795600000,2026-06-30 05:00:00,74.02,74.17,73.86,73.96,4128.916
1782797400000,2026-06-30 05:30:00,73.96,74.28,73.58,74.23,14727.632
1782799200000,2026-06-30 06:00:00,74.22,74.24,73.92,74.24,2944.179
1782801000000,2026-06-30 06:30:00,74.24,74.25,74.05,74.16,2135.448
1782802800000,2026-06-30 07:00:00,74.17,74.24,73.86,73.93,2978.837
1782804600000,2026-06-30 07:30:00,73.93,74.19,73.93,74.19,2223.101
1782806400000,2026-06-30 08:00:00,74.17,74.21,73.9,74.01,2358.594
1782808200000,2026-06-30 08:30:00,74.0,74.02,73.33,73.64,8624.3
1782810000000,2026-06-30 09:00:00,73.64,73.83,73.6,73.64,5111.119
1782811800000,2026-06-30 09:30:00,73.64,73.88,73.56,73.81,2243.493
1782813600000,2026-06-30 10:00:00,73.81,73.89,73.63,73.73,3218.222
1782815400000,2026-06-30 10:30:00,73.67,73.8,73.53,73.71,4139.057
1782817200000,2026-06-30 11:00:00,73.7,73.76,73.41,73.41,3098.333
1782819000000,2026-06-30 11:30:00,73.46,73.68,73.35,73.4,6225.53
1782820800000,2026-06-30 12:00:00,73.41,73.41,72.6,72.68,7549.555
1782822600000,2026-06-30 12:30:00,72.7,72.75,72.13,72.14,8365.451
1782824400000,2026-06-30 13:00:00,72.11,72.58,71.97,72.49,9732.874
1782826200000,2026-06-30 13:30:00,72.59,72.92,72.03,72.89,16281.475
1782828000000,2026-06-30 14:00:00,72.89,73.76,72.84,73.74,19120.27
1782829800000,2026-06-30 14:30:00,73.74,73.9,72.76,72.97,11502.07
1782831600000,2026-06-30 15:00:00,72.96,73.39,72.62,73.27,12919.328
1782833400000,2026-06-30 15:30:00,73.27,74.09,73.09,73.13,10452.363
1782835200000,2026-06-30 16:00:00,73.15,73.54,72.75,72.79,10808.237
1782837000000,2026-06-30 16:30:00,72.82,73.71,72.78,73.52,10649.85
1782838800000,2026-06-30 17:00:00,73.53,73.91,73.38,73.44,8050.244
1782840600000,2026-06-30 17:30:00,73.44,73.54,73.16,73.18,6615.319
1782842400000,2026-06-30 18:00:00,73.19,73.72,73.12,73.43,6780.428
1782844200000,2026-06-30 18:30:00,73.43,73.68,73.0,73.61,6081.025
1782846000000,2026-06-30 19:00:00,73.58,73.71,73.36,73.46,4081.966
1782847800000,2026-06-30 19:30:00,73.56,73.93,73.53,73.7,5942.702
1782849600000,2026-06-30 20:00:00,73.72,73.92,73.61,73.71,5649.754
1782851400000,2026-06-30 20:30:00,73.7,73.91,73.58,73.74,5837.3
1782853200000,2026-06-30 21:00:00,73.69,73.76,73.24,73.35,4550.078
1782855000000,2026-06-30 21:30:00,73.35,73.49,73.31,73.48,5877.752
1782856800000,2026-06-30 22:00:00,73.48,73.69,73.48,73.53,3737.332
1782858600000,2026-06-30 22:30:00,73.51,73.51,73.3,73.44,3243.808
1782860400000,2026-06-30 23:00:00,73.39,73.66,73.34,73.59,3298.375
1782862200000,2026-06-30 23:30:00,73.6,73.71,73.5,73.69,4130.982
1782864000000,2026-07-01 00:00:00,73.67,73.76,73.39,73.53,5023.463
1782865800000,2026-07-01 00:30:00,73.52,73.82,73.51,73.62,4561.69
1782867600000,2026-07-01 01:00:00,73.64,73.65,72.3,73.28,11940.16
1782869400000,2026-07-01 01:30:00,73.22,74.33,73.22,73.99,11055.091
1782871200000,2026-07-01 02:00:00,73.96,74.58,73.81,74.52,7759.33
1782873000000,2026-07-01 02:30:00,74.51,75.01,74.46,74.8,9178.434
1782874800000,2026-07-01 03:00:00,74.82,74.92,74.36,74.51,5128.738
1782876600000,2026-07-01 03:30:00,74.57,75.63,74.43,75.47,9572.287
1782878400000,2026-07-01 04:00:00,75.47,75.62,75.25,75.44,5453.999
1782880200000,2026-07-01 04:30:00,75.43,75.79,75.39,75.64,9362.242
1782882000000,2026-07-01 05:00:00,75.64,75.64,73.68,75.16,6140.185
1782883800000,2026-07-01 05:30:00,75.16,75.4,75.16,75.25,3969.221
1782885600000,2026-07-01 06:00:00,75.26,75.27,74.57,74.74,4772.712
1782887400000,2026-07-01 06:30:00,74.74,74.78,73.96,74.27,7984.366
1782889200000,2026-07-01 07:00:00,74.27,74.74,74.11,74.59,5938.679
1782891000000,2026-07-01 07:30:00,74.59,74.93,74.41,74.85,5807.984
1782892800000,2026-07-01 08:00:00,74.87,75.04,74.54,74.65,5413.046
1782894600000,2026-07-01 08:30:00,74.68,75.49,74.51,75.46,5758.188
1782896400000,2026-07-01 09:00:00,75.44,75.44,75.08,75.1,5405.877
1782898200000,2026-07-01 09:30:00,75.11,75.54,75.11,75.49,5927.855
1782900000000,2026-07-01 10:00:00,75.49,75.54,75.16,75.32,4765.447
1782901800000,2026-07-01 10:30:00,75.33,75.34,74.98,74.98,3091.964
1782903600000,2026-07-01 11:00:00,75.01,75.3,74.7,75.06,6975.992
1782905400000,2026-07-01 11:30:00,75.02,75.1,74.64,74.84,4489.525
1782907200000,2026-07-01 12:00:00,74.89,74.94,74.4,74.62,6908.837
1782909000000,2026-07-01 12:30:00,74.62,74.66,74.29,74.63,6605.8
1782910800000,2026-07-01 13:00:00,74.62,75.3,74.62,75.26,7893.549
1782912600000,2026-07-01 13:30:00,75.25,76.09,74.75,75.99,17890.941
1782914400000,2026-07-01 14:00:00,76.01,77.17,75.67,76.7,15482.953
1782916200000,2026-07-01 14:30:00,76.67,77.13,76.41,76.95,13637.227
1782918000000,2026-07-01 15:00:00,76.95,77.69,76.87,77.52,12374.024
1782919800000,2026-07-01 15:30:00,77.52,77.6,77.15,77.46,8261.767
1782921600000,2026-07-01 16:00:00,77.45,78.08,77.21,77.81,9878.246
1782923400000,2026-07-01 16:30:00,77.82,77.82,76.93,77.12,6686.401
1782925200000,2026-07-01 17:00:00,77.13,77.9,76.87,77.74,7988.47
1782927000000,2026-07-01 17:30:00,77.73,77.88,77.6,77.77,5826.01
1782928800000,2026-07-01 18:00:00,77.7,77.89,77.54,77.58,6140.416
1782930600000,2026-07-01 18:30:00,77.61,77.77,77.34,77.43,6750.051
1782932400000,2026-07-01 19:00:00,77.42,77.67,77.21,77.22,5143.127
1782934200000,2026-07-01 19:30:00,77.22,77.38,76.83,76.95,6758.59
1782936000000,2026-07-01 20:00:00,76.96,76.98,76.61,76.89,5768.373
1782937800000,2026-07-01 20:30:00,76.89,77.47,76.86,77.42,4670.346
1782939600000,2026-07-01 21:00:00,77.41,78.0,77.41,77.85,7730.523
1782941400000,2026-07-01 21:30:00,77.83,78.68,77.83,78.46,7607.487
1782943200000,2026-07-01 22:00:00,78.39,78.9,78.24,78.27,6376.288
1782945000000,2026-07-01 22:30:00,78.27,78.35,77.77,77.9,4958.056
1782946800000,2026-07-01 23:00:00,77.89,77.89,77.42,77.68,5009.13
1782948600000,2026-07-01 23:30:00,77.69,77.77,77.27,77.43,5252.668
1782950400000,2026-07-02 00:00:00,77.46,77.46,77.09,77.19,6419.625
1782952200000,2026-07-02 00:30:00,77.19,77.34,76.9,77.22,3848.248
1782954000000,2026-07-02 01:00:00,77.21,77.92,77.2,77.92,5474.708
1782955800000,2026-07-02 01:30:00,77.92,78.67,77.92,78.19,7065.999
1782957600000,2026-07-02 02:00:00,78.18,78.24,77.83,78.17,6462.928
1782959400000,2026-07-02 02:30:00,78.18,78.59,78.13,78.43,4933.597
1782961200000,2026-07-02 03:00:00,78.45,78.66,77.95,78.46,5857.303
1782963000000,2026-07-02 03:30:00,78.46,78.94,78.29,78.73,5828.623
1782964800000,2026-07-02 04:00:00,78.74,78.74,78.27,78.31,13893.791
1782966600000,2026-07-02 04:30:00,78.31,78.77,78.09,78.28,14480.391
1782968400000,2026-07-02 05:00:00,78.26,78.34,78.06,78.06,3447.07
1782970200000,2026-07-02 05:30:00,78.04,78.14,77.8,78.1,3698.952
1782972000000,2026-07-02 06:00:00,78.11,78.4,77.95,78.26,5147.289
1782973800000,2026-07-02 06:30:00,78.26,78.62,77.79,77.91,4485.103
1782975600000,2026-07-02 07:00:00,77.91,77.96,77.62,77.75,4327.717
1782977400000,2026-07-02 07:30:00,77.73,78.18,77.66,77.97,3178.12
1782979200000,2026-07-02 08:00:00,78.03,78.3,77.94,78.22,5016.434
1782981000000,2026-07-02 08:30:00,78.2,78.5,78.12,78.47,3628.902
1782982800000,2026-07-02 09:00:00,78.47,78.88,78.3,78.85,5203.334
1782984600000,2026-07-02 09:30:00,78.81,79.75,78.8,79.51,12427.078
1782986400000,2026-07-02 10:00:00,79.5,80.56,79.45,80.27,10150.446
1782988200000,2026-07-02 10:30:00,80.26,82.03,80.21,82.02,16784.776
1782990000000,2026-07-02 11:00:00,82.02,82.76,81.52,82.41,15737.382
1782991800000,2026-07-02 11:30:00,82.52,82.69,82.02,82.45,7268.631
1782993600000,2026-07-02 12:00:00,82.44,82.44,81.71,82.06,9799.463
1782995400000,2026-07-02 12:30:00,82.05,82.06,81.12,81.39,12264.832
1782997200000,2026-07-02 13:00:00,81.39,81.64,80.82,80.83,9320.827
1782999000000,2026-07-02 13:30:00,80.83,81.97,80.82,81.5,11988.441
1783000800000,2026-07-02 14:00:00,81.47,81.5,80.49,80.61,9397.825
1783002600000,2026-07-02 14:30:00,80.62,80.88,80.18,80.53,10547.902
1783004400000,2026-07-02 15:00:00,80.54,80.78,80.11,80.65,8564.105
1783006200000,2026-07-02 15:30:00,80.68,80.91,80.55,80.86,5369.054
1783008000000,2026-07-02 16:00:00,80.86,81.1,80.41,80.48,6327.719
1783009800000,2026-07-02 16:30:00,80.49,80.75,80.17,80.54,6075.95
1783011600000,2026-07-02 17:00:00,80.56,81.2,80.53,81.11,6269.761
1783013400000,2026-07-02 17:30:00,81.13,81.14,80.63,80.63,7927.157
1783015200000,2026-07-02 18:00:00,80.64,81.1,80.64,80.96,9710.186
1783017000000,2026-07-02 18:30:00,80.97,81.24,80.92,81.03,3797.015
1783018800000,2026-07-02 19:00:00,81.02,81.11,80.83,80.83,5853.517
1783020600000,2026-07-02 19:30:00,80.82,81.28,80.82,80.85,4018.191
1783022400000,2026-07-02 20:00:00,80.85,80.87,80.61,80.61,4052.143
1783024200000,2026-07-02 20:30:00,80.63,81.07,80.61,81.03,3575.295
1783026000000,2026-07-02 21:00:00,81.02,81.12,80.94,80.95,3008.564
1783027800000,2026-07-02 21:30:00,80.94,81.0,80.52,80.8,4001.752
1783029600000,2026-07-02 22:00:00,80.8,80.8,80.46,80.62,3284.85
1783031400000,2026-07-02 22:30:00,80.62,80.87,80.51,80.7,2833.208
1783033200000,2026-07-02 23:00:00,80.69,80.74,80.51,80.69,4548.405
1783035000000,2026-07-02 23:30:00,80.69,80.78,80.52,80.67,1358.049
1783036800000,2026-07-03 00:00:00,80.71,80.83,80.6,80.62,5144.116
1783038600000,2026-07-03 00:30:00,80.62,80.91,80.53,80.79,6486.903
1783040400000,2026-07-03 01:00:00,80.79,81.25,80.72,81.17,4311.635
1783042200000,2026-07-03 01:30:00,81.19,81.69,81.1,81.48,6788.337
1783044000000,2026-07-03 02:00:00,81.47,81.67,81.16,81.18,3500.929
1783045800000,2026-07-03 02:30:00,81.18,81.19,80.69,80.82,4698.924
1783047600000,2026-07-03 03:00:00,80.77,80.97,80.36,80.9,4252.784
1783049400000,2026-07-03 03:30:00,80.89,80.97,80.6,80.68,24651.079
1783051200000,2026-07-03 04:00:00,80.68,80.68,62.95,80.63,6351.94
1783053000000,2026-07-03 04:30:00,80.64,80.8,80.5,80.53,4178.817
1783054800000,2026-07-03 05:00:00,80.51,80.9,80.5,80.87,4446.174
1783056600000,2026-07-03 05:30:00,80.85,81.24,80.83,81.17,3724.402
1783058400000,2026-07-03 06:00:00,81.15,81.37,80.95,81.0,3402.835
1783060200000,2026-07-03 06:30:00,81.09,81.11,80.76,80.97,4353.323
1783062000000,2026-07-03 07:00:00,80.97,81.11,80.85,81.1,3183.721
1783063800000,2026-07-03 07:30:00,81.1,81.48,81.05,81.22,10136.561
1783065600000,2026-07-03 08:00:00,81.23,81.32,81.03,81.03,3104.243
1783067400000,2026-07-03 08:30:00,81.04,81.48,80.84,80.92,5517.682
1783069200000,2026-07-03 09:00:00,80.9,81.1,80.82,80.96,2333.843
1783071000000,2026-07-03 09:30:00,80.9,81.2,80.68,81.05,3759.138
1783072800000,2026-07-03 10:00:00,81.04,81.25,80.91,81.13,4759.97
1783074600000,2026-07-03 10:30:00,81.17,81.85,81.05,81.54,6293.805
1783076400000,2026-07-03 11:00:00,81.54,81.7,81.39,81.4,4773.526
1783078200000,2026-07-03 11:30:00,81.41,81.66,81.27,81.58,2336.179
1783080000000,2026-07-03 12:00:00,81.58,81.73,81.22,81.33,3936.946
1783081800000,2026-07-03 12:30:00,81.31,81.55,81.26,81.52,2808.143
1783083600000,2026-07-03 13:00:00,81.54,81.7,81.45,81.66,2266.893
1783085400000,2026-07-03 13:30:00,81.66,81.84,81.46,81.61,2824.448
1783087200000,2026-07-03 14:00:00,81.6,81.61,80.98,81.29,3581.553
1783089000000,2026-07-03 14:30:00,81.28,81.76,81.27,81.68,4119.444
1783090800000,2026-07-03 15:00:00,81.68,82.0,81.26,81.27,5957.305
1783092600000,2026-07-03 15:30:00,81.26,81.37,81.15,81.22,3235.175
1783094400000,2026-07-03 16:00:00,81.22,81.42,81.09,81.34,2234.058
1783096200000,2026-07-03 16:30:00,81.33,81.57,81.18,81.54,2775.417
1783098000000,2026-07-03 17:00:00,81.54,81.96,81.49,81.82,3025.698
1783099800000,2026-07-03 17:30:00,81.76,81.84,81.59,81.76,4263.34
1783101600000,2026-07-03 18:00:00,81.76,81.9,81.63,81.77,2387.763
1783103400000,2026-07-03 18:30:00,81.77,82.26,81.76,82.13,1960.348
1783105200000,2026-07-03 19:00:00,82.11,82.37,82.09,82.33,3752.845
1783107000000,2026-07-03 19:30:00,82.32,83.12,82.22,82.49,7572.197
1783108800000,2026-07-03 20:00:00,82.49,82.66,82.25,82.56,5519.107
1783110600000,2026-07-03 20:30:00,82.54,82.98,82.39,82.72,6706.042
1783112400000,2026-07-03 21:00:00,82.72,82.92,82.35,82.39,3471.933
1783114200000,2026-07-03 21:30:00,82.4,82.81,82.22,82.67,3896.362
1783116000000,2026-07-03 22:00:00,82.64,82.68,82.36,82.39,2371.55
1783117800000,2026-07-03 22:30:00,82.4,82.43,82.26,82.36,1685.143
1783119600000,2026-07-03 23:00:00,82.35,82.38,82.18,82.25,1371.435
1783121400000,2026-07-03 23:30:00,82.25,82.48,82.25,82.37,1758.159
1783123200000,2026-07-04 00:00:00,82.38,82.73,82.28,82.58,3403.141
1783125000000,2026-07-04 00:30:00,82.59,82.66,82.41,82.44,2306.566
1783126800000,2026-07-04 01:00:00,82.4,82.41,81.92,82.0,14924.274
1783128600000,2026-07-04 01:30:00,81.99,82.04,81.82,81.97,2124.626
1783130400000,2026-07-04 02:00:00,81.95,82.12,81.91,82.04,1662.333
1783132200000,2026-07-04 02:30:00,82.05,82.39,81.93,82.19,2111.287
1783134000000,2026-07-04 03:00:00,82.18,84.16,81.79,82.29,1693.843
1783135800000,2026-07-04 03:30:00,82.3,82.81,82.3,82.74,3424.244
1783137600000,2026-07-04 04:00:00,82.74,83.08,82.67,83.02,3443.828
1783139400000,2026-07-04 04:30:00,82.97,83.94,82.97,83.47,8971.138
1783141200000,2026-07-04 05:00:00,83.48,83.48,82.94,83.11,4519.387
1783143000000,2026-07-04 05:30:00,83.1,83.46,83.05,83.36,3743.476
1783144800000,2026-07-04 06:00:00,83.38,83.59,82.55,82.64,6433.854
1783146600000,2026-07-04 06:30:00,82.64,82.79,82.5,82.56,2360.353
1783148400000,2026-07-04 07:00:00,82.54,82.57,82.27,82.41,3913.932
1783150200000,2026-07-04 07:30:00,82.4,82.81,82.4,82.72,2544.908
1783152000000,2026-07-04 08:00:00,82.71,82.77,82.46,82.46,2904.41
1783153800000,2026-07-04 08:30:00,82.45,82.67,82.27,82.31,2634.377
1783155600000,2026-07-04 09:00:00,82.31,82.32,81.88,82.01,3419.11
1783157400000,2026-07-04 09:30:00,82.01,82.02,81.64,81.74,2684.796
1783159200000,2026-07-04 10:00:00,81.74,81.93,81.69,81.74,2031.764
1783161000000,2026-07-04 10:30:00,81.74,81.75,81.47,81.65,6359.787
1783162800000,2026-07-04 11:00:00,81.65,81.79,81.56,81.71,4715.208
1783164600000,2026-07-04 11:30:00,81.73,81.92,81.73,81.83,8739.536
1783166400000,2026-07-04 12:00:00,81.82,81.99,81.56,81.66,2562.79
1783168200000,2026-07-04 12:30:00,81.65,81.68,81.38,81.6,3268.213
1783170000000,2026-07-04 13:00:00,81.59,81.82,81.49,81.62,2816.181
1783171800000,2026-07-04 13:30:00,81.64,81.68,81.4,81.68,4728.789
1783173600000,2026-07-04 14:00:00,81.65,81.85,81.57,81.69,5016.509
1783175400000,2026-07-04 14:30:00,81.7,81.83,81.61,81.83,3289.705
1783177200000,2026-07-04 15:00:00,81.81,82.31,81.73,82.21,9809.966
1783179000000,2026-07-04 15:30:00,82.23,82.41,82.1,82.23,4342.081
1783180800000,2026-07-04 16:00:00,82.24,82.29,82.0,82.26,7057.835
1783182600000,2026-07-04 16:30:00,82.24,82.37,82.17,82.22,4003.116
1783184400000,2026-07-04 17:00:00,82.17,82.31,81.9,82.28,5439.553
1783186200000,2026-07-04 17:30:00,82.32,82.81,82.32,82.54,9322.576
1783188000000,2026-07-04 18:00:00,82.53,82.59,82.13,82.3,5411.318
1783189800000,2026-07-04 18:30:00,82.3,82.35,82.15,82.26,3320.04
1783191600000,2026-07-04 19:00:00,82.26,82.33,81.71,81.89,7109.781
1783193400000,2026-07-04 19:30:00,81.9,82.03,81.76,81.91,3752.253
1783195200000,2026-07-04 20:00:00,81.89,81.97,81.6,81.7,4890.251
1783197000000,2026-07-04 20:30:00,81.74,82.13,81.73,81.99,5825.409
1783198800000,2026-07-04 21:00:00,81.99,82.14,81.86,82.11,3351.914
1783200600000,2026-07-04 21:30:00,82.1,82.23,81.92,81.99,3018.554
1783202400000,2026-07-04 22:00:00,81.99,82.0,81.8,81.83,1501.426
1783204200000,2026-07-04 22:30:00,81.83,81.92,81.8,81.92,1696.278
1783206000000,2026-07-04 23:00:00,81.94,81.94,81.45,81.69,4564.718
1783207800000,2026-07-04 23:30:00,81.69,81.85,81.65,81.8,2975.104
1783209600000,2026-07-05 00:00:00,81.8,81.82,81.32,81.39,3637.964
1783211400000,2026-07-05 00:30:00,81.44,81.46,81.14,81.29,3292.205
1783213200000,2026-07-05 01:00:00,81.31,81.45,80.76,81.05,6153.842
1783215000000,2026-07-05 01:30:00,81.05,81.05,80.6,80.82,5415.472
1783216800000,2026-07-05 02:00:00,80.84,80.89,80.42,80.52,7415.736
1783218600000,2026-07-05 02:30:00,80.54,80.64,67.33,80.36,19015.994
1783220400000,2026-07-05 03:00:00,80.37,80.59,80.35,80.35,3403.625
1783222200000,2026-07-05 03:30:00,80.38,80.57,80.38,80.55,1540.027
1783224000000,2026-07-05 04:00:00,80.56,80.69,80.41,80.68,2863.421
1783225800000,2026-07-05 04:30:00,80.69,80.87,80.58,80.58,2013.136
1783227600000,2026-07-05 05:00:00,80.57,80.58,80.43,80.5,1198.339
1783229400000,2026-07-05 05:30:00,80.5,80.58,80.26,80.45,2599.162
1783231200000,2026-07-05 06:00:00,80.46,80.5,80.34,80.5,5174.509
1783233000000,2026-07-05 06:30:00,80.52,80.64,80.49,80.62,3555.245
1783234800000,2026-07-05 07:00:00,80.62,80.63,80.38,80.41,4032.759
1783236600000,2026-07-05 07:30:00,80.42,80.76,80.41,80.76,1888.643
1783238400000,2026-07-05 08:00:00,80.75,80.87,80.46,80.49,4490.703
1783240200000,2026-07-05 08:30:00,80.48,80.61,80.47,80.52,1910.675
1783242000000,2026-07-05 09:00:00,80.52,80.55,80.16,80.19,6212.178
1783243800000,2026-07-05 09:30:00,80.19,80.24,79.73,79.91,9376.726
1783245600000,2026-07-05 10:00:00,79.91,80.24,79.76,80.2,4151.871
1783247400000,2026-07-05 10:30:00,80.19,80.44,80.19,80.43,2459.567
1783249200000,2026-07-05 11:00:00,80.43,80.56,80.38,80.49,10611.364
1783251000000,2026-07-05 11:30:00,80.48,80.66,80.41,80.6,4139.472
1783252800000,2026-07-05 12:00:00,80.61,81.05,80.38,81.05,4715.078
1783254600000,2026-07-05 12:30:00,81.09,81.28,80.78,80.78,6538.032
1783256400000,2026-07-05 13:00:00,80.77,81.02,80.71,80.8,3609.508
1783258200000,2026-07-05 13:30:00,80.79,81.24,80.79,81.24,10586.045
1783260000000,2026-07-05 14:00:00,81.25,81.33,81.04,81.1,7630.286
1783261800000,2026-07-05 14:30:00,81.1,81.53,81.06,81.45,9501.77
1783263600000,2026-07-05 15:00:00,81.45,81.65,81.19,81.27,5409.966
1783265400000,2026-07-05 15:30:00,81.26,81.53,81.14,81.34,3085.838
1783267200000,2026-07-05 16:00:00,81.35,81.51,81.05,81.06,9084.94
1783269000000,2026-07-05 16:30:00,81.05,81.19,80.91,81.11,2602.217
1783270800000,2026-07-05 17:00:00,81.1,81.37,81.06,81.07,3797.913
1783272600000,2026-07-05 17:30:00,81.07,81.21,81.03,81.15,3034.432
1783274400000,2026-07-05 18:00:00,81.14,81.26,81.12,81.18,5356.077
1783276200000,2026-07-05 18:30:00,81.15,81.26,81.0,81.0,3711.616
1783278000000,2026-07-05 19:00:00,81.01,81.09,80.82,80.91,5072.984
1783279800000,2026-07-05 19:30:00,80.95,81.13,80.9,81.05,2756.556
1783281600000,2026-07-05 20:00:00,81.04,81.17,80.96,81.0,5048.199
1783283400000,2026-07-05 20:30:00,81.01,81.08,80.96,81.07,2896.279
1783285200000,2026-07-05 21:00:00,81.06,81.53,80.81,81.52,12552.62
1783287000000,2026-07-05 21:30:00,81.51,82.03,81.5,81.83,5748.716
1783288800000,2026-07-05 22:00:00,81.83,82.41,81.72,82.12,14220.451
1783290600000,2026-07-05 22:30:00,82.12,82.33,81.66,81.84,5967.047
1783292400000,2026-07-05 23:00:00,81.83,82.07,81.59,81.63,7200.435
1783294200000,2026-07-05 23:30:00,81.65,81.78,81.45,81.58,4208.237
1783296000000,2026-07-06 00:00:00,81.58,81.71,81.22,81.25,8269.077
1783297800000,2026-07-06 00:30:00,81.25,82.23,81.13,82.22,7887.566
1783299600000,2026-07-06 01:00:00,82.22,82.25,81.69,81.83,6897.689
1783301400000,2026-07-06 01:30:00,81.84,82.1,81.66,81.67,8349.155
1783303200000,2026-07-06 02:00:00,81.67,81.68,81.11,81.37,15354.783
1783305000000,2026-07-06 02:30:00,81.37,81.44,80.89,81.01,8235.321
1783306800000,2026-07-06 03:00:00,81.05,81.05,80.48,80.64,5680.588
1783308600000,2026-07-06 03:30:00,80.66,80.8,80.49,80.76,7206.037
1783310400000,2026-07-06 04:00:00,80.79,80.99,80.71,80.78,3308.92
1783312200000,2026-07-06 04:30:00,80.77,80.97,80.75,80.81,5705.001
1783314000000,2026-07-06 05:00:00,80.82,80.82,80.23,80.24,3657.884
1783315800000,2026-07-06 05:30:00,80.27,80.56,80.21,80.44,5909.846
1783317600000,2026-07-06 06:00:00,80.43,80.53,80.31,80.39,8848.627
1783319400000,2026-07-06 06:30:00,80.39,80.45,80.26,80.4,4821.748
1783321200000,2026-07-06 07:00:00,80.38,80.75,80.28,80.69,8713.522
1783323000000,2026-07-06 07:30:00,80.67,80.98,80.64,80.82,7534.819
1783324800000,2026-07-06 08:00:00,80.83,81.08,80.65,80.71,4884.071
1783326600000,2026-07-06 08:30:00,80.73,80.73,80.31,80.48,4773.725
1783328400000,2026-07-06 09:00:00,80.5,80.5,80.33,80.35,6693.144
1783330200000,2026-07-06 09:30:00,80.38,80.41,80.06,80.08,5226.637
1783332000000,2026-07-06 10:00:00,80.07,80.43,80.06,80.41,6136.924
1783333800000,2026-07-06 10:30:00,80.41,80.68,80.39,80.65,7187.038
1783335600000,2026-07-06 11:00:00,80.67,80.94,80.65,80.81,5375.381
1783337400000,2026-07-06 11:30:00,80.77,80.98,80.44,80.45,8951.475
1783339200000,2026-07-06 12:00:00,80.44,80.62,79.43,80.26,28946.153
1783341000000,2026-07-06 12:30:00,80.27,80.52,79.51,79.52,22009.845
1783342800000,2026-07-06 13:00:00,79.51,79.64,79.25,79.44,12420.755
1783344600000,2026-07-06 13:30:00,79.43,80.87,79.43,80.19,16397.755
1783346400000,2026-07-06 14:00:00,80.18,80.69,79.86,80.41,10938.744
1783348200000,2026-07-06 14:30:00,80.37,80.5,80.09,80.28,7189.127
1783350000000,2026-07-06 15:00:00,80.28,80.82,80.28,80.79,8516.869
1783351800000,2026-07-06 15:30:00,80.78,81.51,80.46,81.47,10086.725
1783353600000,2026-07-06 16:00:00,81.48,82.3,81.3,81.84,11620.318
1783355400000,2026-07-06 16:30:00,81.83,82.16,81.81,82.08,5406.182
1783357200000,2026-07-06 17:00:00,82.09,82.16,81.81,82.02,6964.188
1783359000000,2026-07-06 17:30:00,82.0,82.04,81.48,81.64,7884.406
1783360800000,2026-07-06 18:00:00,81.64,81.8,81.32,81.54,6842.725
1783362600000,2026-07-06 18:30:00,81.56,82.31,81.56,81.98,9731.37
1783364400000,2026-07-06 19:00:00,81.99,82.1,81.83,82.08,5375.513
1783366200000,2026-07-06 19:30:00,82.08,82.19,81.88,82.07,6106.129
1783368000000,2026-07-06 20:00:00,82.09,82.09,81.71,81.98,3611.053
1783369800000,2026-07-06 20:30:00,81.95,82.24,81.91,82.08,4662.907
1783371600000,2026-07-06 21:00:00,82.09,83.59,82.07,82.66,10089.851
1783373400000,2026-07-06 21:30:00,82.67,82.89,82.48,82.79,6670.187
1783375200000,2026-07-06 22:00:00,82.8,82.85,82.39,82.39,3596.367
1783377000000,2026-07-06 22:30:00,82.38,82.53,82.28,82.28,2659.013
1783378800000,2026-07-06 23:00:00,82.3,82.4,82.0,82.16,3509.008
1783380600000,2026-07-06 23:30:00,82.14,82.16,81.92,81.93,1894.995
1783382400000,2026-07-07 00:00:00,81.93,82.39,81.83,82.33,5480.847
1783384200000,2026-07-07 00:30:00,82.34,82.47,82.18,82.37,5525.89
1783386000000,2026-07-07 01:00:00,82.37,82.37,81.87,82.18,18994.456
1783387800000,2026-07-07 01:30:00,82.18,82.21,81.85,81.89,17898.924
1783389600000,2026-07-07 02:00:00,81.89,81.98,81.58,81.59,4375.18
1783391400000,2026-07-07 02:30:00,81.59,81.67,81.3,81.32,4611.541
1783393200000,2026-07-07 03:00:00,81.34,81.47,81.15,81.19,4797.039
1783395000000,2026-07-07 03:30:00,81.18,81.28,80.97,81.08,2644.101
1783396800000,2026-07-07 04:00:00,81.06,81.07,80.8,81.01,6259.838
1783398600000,2026-07-07 04:30:00,81.01,81.02,80.66,80.93,2758.625
1783400400000,2026-07-07 05:00:00,80.91,80.92,80.48,80.55,2899.127
1783402200000,2026-07-07 05:30:00,80.6,81.22,80.6,81.09,3490.838
1783404000000,2026-07-07 06:00:00,81.1,81.22,80.84,81.05,2950.466
1783405800000,2026-07-07 06:30:00,81.1,81.62,81.01,81.54,4474.702
1783407600000,2026-07-07 07:00:00,81.51,81.75,81.46,81.6,4039.205
1783409400000,2026-07-07 07:30:00,81.61,81.7,81.37,81.5,3732.94
1783411200000,2026-07-07 08:00:00,81.5,81.57,81.21,81.48,5944.115
1783413000000,2026-07-07 08:30:00,81.5,81.59,81.25,81.25,6117.103
1783414800000,2026-07-07 09:00:00,81.27,81.49,81.19,81.19,2944.753
1783416600000,2026-07-07 09:30:00,81.18,81.4,81.16,81.33,4423.781
1783418400000,2026-07-07 10:00:00,81.31,81.57,81.15,81.15,6642.771
1783420200000,2026-07-07 10:30:00,81.14,81.16,80.93,80.98,5523.171
1783422000000,2026-07-07 11:00:00,80.98,81.06,80.77,80.97,6636.084
1783423800000,2026-07-07 11:30:00,80.98,81.38,80.87,81.3,5085.061
1783425600000,2026-07-07 12:00:00,81.32,81.98,81.32,81.89,5312.003
1783427400000,2026-07-07 12:30:00,81.9,81.91,81.45,81.45,2515.357
1783429200000,2026-07-07 13:00:00,81.45,81.61,80.9,80.94,4176.673
1783431000000,2026-07-07 13:30:00,80.95,81.37,80.69,80.84,13266.101
1783432800000,2026-07-07 14:00:00,80.83,81.2,80.66,81.13,11869.819
1783434600000,2026-07-07 14:30:00,81.14,81.85,80.57,81.84,10540.906
1783436400000,2026-07-07 15:00:00,81.82,82.02,81.51,81.98,8262.221
1783438200000,2026-07-07 15:30:00,81.99,82.34,81.88,82.12,7288.974
1783440000000,2026-07-07 16:00:00,82.13,82.43,81.82,82.26,8971.999
1783441800000,2026-07-07 16:30:00,82.25,82.56,82.07,82.21,6556.652
1783443600000,2026-07-07 17:00:00,82.21,82.63,82.14,82.59,7434.07
1783445400000,2026-07-07 17:30:00,82.58,82.79,82.43,82.71,6881.05
1783447200000,2026-07-07 18:00:00,82.69,82.69,82.0,82.04,5802.585
1783449000000,2026-07-07 18:30:00,82.04,82.29,81.26,81.27,5651.861
1783450800000,2026-07-07 19:00:00,81.28,81.41,80.81,81.11,9429.436
1783452600000,2026-07-07 19:30:00,81.1,81.57,81.1,81.34,5451.207
1783454400000,2026-07-07 20:00:00,81.34,81.48,81.17,81.32,3534.989
1783456200000,2026-07-07 20:30:00,81.34,81.35,81.03,81.15,2404.834
1783458000000,2026-07-07 21:00:00,81.16,81.4,80.71,80.88,5871.448
1783459800000,2026-07-07 21:30:00,80.88,80.89,80.58,80.8,4378.607
1783461600000,2026-07-07 22:00:00,80.83,80.99,80.37,80.82,6423.271
1783463400000,2026-07-07 22:30:00,80.81,81.09,80.78,80.86,4373.455
1783465200000,2026-07-07 23:00:00,80.89,81.15,80.86,81.11,3635.83
1783467000000,2026-07-07 23:30:00,81.11,81.13,80.51,80.52,2941.014
1783468800000,2026-07-08 00:00:00,80.52,80.78,80.5,80.63,6217.958
1783470600000,2026-07-08 00:30:00,80.62,80.67,80.36,80.5,22777.994
1783472400000,2026-07-08 01:00:00,80.36,80.41,80.08,80.09,2625.01
1783474200000,2026-07-08 01:30:00,80.07,80.08,78.9,79.1,8995.368
1783476000000,2026-07-08 02:00:00,79.09,79.18,78.77,78.94,8487.926
1783477800000,2026-07-08 02:30:00,78.91,79.15,78.27,79.03,8232.796
1783479600000,2026-07-08 03:00:00,79.06,79.32,79.06,79.23,3460.072
1783481400000,2026-07-08 03:30:00,79.24,79.25,78.63,78.71,3316.859
1783483200000,2026-07-08 04:00:00,78.72,78.91,78.58,78.87,6160.454
1783485000000,2026-07-08 04:30:00,78.87,78.92,78.42,78.64,4248.209
1783486800000,2026-07-08 05:00:00,78.64,78.81,78.54,78.6,3472.558
1783488600000,2026-07-08 05:30:00,78.62,78.65,78.36,78.41,2780.158
1783490400000,2026-07-08 06:00:00,78.42,78.43,78.15,78.29,4615.589
1783492200000,2026-07-08 06:30:00,78.28,78.36,77.95,78.21,5547.116
1783494000000,2026-07-08 07:00:00,78.22,78.23,77.82,78.12,6280.914
1783495800000,2026-07-08 07:30:00,78.13,78.32,78.05,78.29,2961.887
1783497600000,2026-07-08 08:00:00,78.29,78.42,77.2,77.24,11303.938
1783499400000,2026-07-08 08:30:00,77.21,77.67,76.94,77.26,7192.878
1783501200000,2026-07-08 09:00:00,77.25,77.36,77.03,77.18,8708.982
1783503000000,2026-07-08 09:30:00,77.23,77.44,77.19,77.19,3553.464
1783504800000,2026-07-08 10:00:00,77.18,77.37,76.96,77.37,2256.438
1783506600000,2026-07-08 10:30:00,77.39,77.46,77.26,77.31,2655.694
1783508400000,2026-07-08 11:00:00,77.32,77.36,77.09,77.13,3469.399
1783510200000,2026-07-08 11:30:00,77.15,77.66,77.13,77.55,4064.871
1783512000000,2026-07-08 12:00:00,77.55,77.64,77.44,77.51,2535.168
1783513800000,2026-07-08 12:30:00,77.52,77.52,77.05,77.05,2348.956
1783515600000,2026-07-08 13:00:00,77.03,77.1,76.66,76.84,4032.471
1783517400000,2026-07-08 13:30:00,76.86,77.46,76.86,77.3,9128.657
1783519200000,2026-07-08 14:00:00,77.3,77.41,76.89,77.1,7328.448
1783521000000,2026-07-08 14:30:00,77.1,77.23,76.75,77.14,8960.263
1783522800000,2026-07-08 15:00:00,77.11,77.12,76.31,76.47,6703.562
1783524600000,2026-07-08 15:30:00,76.43,76.78,76.38,76.75,5046.155
1783526400000,2026-07-08 16:00:00,76.75,77.15,76.75,77.04,4230.527
1783528200000,2026-07-08 16:30:00,77.04,77.35,76.84,77.3,5179.979
1783530000000,2026-07-08 17:00:00,77.28,77.59,77.11,77.59,3645.873
1783531800000,2026-07-08 17:30:00,77.6,77.66,77.05,77.13,3439.213
1783533600000,2026-07-08 18:00:00,77.13,77.36,77.11,77.14,3203.101
1783535400000,2026-07-08 18:30:00,77.1,77.32,76.83,77.16,4234.778
1783537200000,2026-07-08 19:00:00,77.14,77.25,76.95,77.14,4028.162
1783539000000,2026-07-08 19:30:00,77.14,77.49,77.13,77.43,5393.239
1783540800000,2026-07-08 20:00:00,77.43,77.55,77.3,77.37,3269.143
1783542600000,2026-07-08 20:30:00,77.39,77.4,77.06,77.18,3305.506
1783544400000,2026-07-08 21:00:00,77.18,77.18,76.94,77.11,2620.903
1783546200000,2026-07-08 21:30:00,77.12,77.32,77.04,77.25,4007.82
1783548000000,2026-07-08 22:00:00,77.26,77.48,77.2,77.4,7194.554
1783549800000,2026-07-08 22:30:00,77.4,77.53,77.31,77.53,1381.478
1783551600000,2026-07-08 23:00:00,77.54,77.65,77.48,77.56,4030.92
1783553400000,2026-07-08 23:30:00,77.56,77.9,77.46,77.82,5211.554
1783555200000,2026-07-09 00:00:00,77.81,77.88,77.56,77.68,11712.556
1783557000000,2026-07-09 00:30:00,77.67,77.79,77.53,77.7,6609.908
1783558800000,2026-07-09 01:00:00,77.7,78.63,77.67,78.18,6195.07
1783560600000,2026-07-09 01:30:00,78.2,78.21,77.35,77.37,8824.355
1783562400000,2026-07-09 02:00:00,77.37,77.84,77.25,77.63,5992.503
1783564200000,2026-07-09 02:30:00,77.66,77.67,77.0,77.06,5571.829
1783566000000,2026-07-09 03:00:00,77.07,77.16,76.72,77.02,5485.085
1783567800000,2026-07-09 03:30:00,77.02,77.36,77.02,77.29,4314.898
1783569600000,2026-07-09 04:00:00,77.29,77.42,77.23,77.37,4298.684
1783571400000,2026-07-09 04:30:00,77.37,78.01,77.36,77.99,4315.827
1783573200000,2026-07-09 05:00:00,77.97,78.26,77.83,77.91,4940.938
1783575000000,2026-07-09 05:30:00,77.91,78.4,77.75,78.4,5456.477
1783576800000,2026-07-09 06:00:00,78.41,78.58,78.13,78.44,4252.906
1783578600000,2026-07-09 06:30:00,78.44,78.5,78.34,78.45,6003.047
1783580400000,2026-07-09 07:00:00,78.47,78.8,78.22,78.32,4073.586
1783582200000,2026-07-09 07:30:00,78.31,78.52,78.15,78.21,3854.971
1783584000000,2026-07-09 08:00:00,78.22,78.36,78.02,78.35,4117.579
1783585800000,2026-07-09 08:30:00,78.37,78.39,78.07,78.14,4654.597
1783587600000,2026-07-09 09:00:00,78.12,78.19,77.92,78.02,4398.703
1783589400000,2026-07-09 09:30:00,78.02,78.16,77.87,78.12,3877.038
1783591200000,2026-07-09 10:00:00,78.13,78.19,77.96,78.04,4636.45
1783593000000,2026-07-09 10:30:00,78.04,78.09,77.54,77.66,6374.837
1783594800000,2026-07-09 11:00:00,77.69,77.75,77.39,77.43,10125.619
1783596600000,2026-07-09 11:30:00,77.43,77.69,77.33,77.62,5966.275
1783598400000,2026-07-09 12:00:00,77.62,77.78,77.44,77.7,9864.423
1783600200000,2026-07-09 12:30:00,77.71,78.14,77.48,77.64,7869.595
1783602000000,2026-07-09 13:00:00,77.63,78.05,77.63,77.7,7165.112
1783603800000,2026-07-09 13:30:00,77.71,78.49,77.44,78.23,10230.757
1783605600000,2026-07-09 14:00:00,78.23,78.34,77.71,77.9,11007.051
1783607400000,2026-07-09 14:30:00,77.91,77.97,77.58,77.87,7535.224
1783609200000,2026-07-09 15:00:00,77.92,78.14,77.67,77.82,10372.299
1783611000000,2026-07-09 15:30:00,77.83,77.91,77.54,77.64,6931.499
1783612800000,2026-07-09 16:00:00,77.62,77.79,77.26,77.43,5877.549
1783614600000,2026-07-09 16:30:00,77.43,77.71,77.43,77.66,5171.292
1783616400000,2026-07-09 17:00:00,77.68,78.0,77.68,77.77,5885.378
1783618200000,2026-07-09 17:30:00,77.77,78.13,77.63,78.05,4269.847
1783620000000,2026-07-09 18:00:00,78.08,78.4,78.02,78.26,6736.105
1783621800000,2026-07-09 18:30:00,78.27,78.27,78.02,78.23,4537.678
1783623600000,2026-07-09 19:00:00,78.23,78.23,77.92,78.14,3733.386
1783625400000,2026-07-09 19:30:00,78.13,78.31,78.07,78.12,3477.362
1783627200000,2026-07-09 20:00:00,78.17,78.2,77.99,78.15,3550.843
1783629000000,2026-07-09 20:30:00,78.16,78.3,78.09,78.09,1869.882
1783630800000,2026-07-09 21:00:00,78.16,78.27,78.01,78.01,2972.008
1783632600000,2026-07-09 21:30:00,78.03,78.09,77.92,78.05,3760.376
1783634400000,2026-07-09 22:00:00,78.04,78.21,78.01,78.19,5760.84
1783636200000,2026-07-09 22:30:00,78.19,78.28,78.07,78.13,5134.325
1783638000000,2026-07-09 23:00:00,78.11,78.21,77.78,78.04,15593.329
1783639800000,2026-07-09 23:30:00,78.01,80.77,66.0,78.06,7431.69
1783641600000,2026-07-10 00:00:00,78.04,78.16,77.83,77.96,8248.702
1783643400000,2026-07-10 00:30:00,77.95,78.12,77.83,78.09,6959.88
1783645200000,2026-07-10 01:00:00,78.1,78.66,77.96,78.48,7282.79
1783647000000,2026-07-10 01:30:00,78.49,79.44,78.32,79.04,6266.225
1783648800000,2026-07-10 02:00:00,79.05,79.1,78.84,78.92,6829.977
1783650600000,2026-07-10 02:30:00,78.91,79.14,78.85,79.05,4633.912
1783652400000,2026-07-10 03:00:00,79.05,79.05,78.73,78.85,3929.092
1783654200000,2026-07-10 03:30:00,78.85,79.1,78.74,78.95,7639.715
1783656000000,2026-07-10 04:00:00,78.95,79.1,78.91,78.91,1992.554
1783657800000,2026-07-10 04:30:00,78.89,79.07,78.85,78.98,5078.208
1783659600000,2026-07-10 05:00:00,78.97,79.09,78.88,79.08,4455.172
1783661400000,2026-07-10 05:30:00,79.1,79.34,79.04,79.17,6807.388
1783663200000,2026-07-10 06:00:00,79.19,79.24,78.88,78.95,3155.463
1783665000000,2026-07-10 06:30:00,78.95,79.03,78.89,78.89,2568.408
1783666800000,2026-07-10 07:00:00,78.92,79.08,78.87,78.98,1578.816
1783668600000,2026-07-10 07:30:00,78.96,78.96,78.76,78.84,601.525
1783670400000,2026-07-10 08:00:00,78.88,79.39,78.83,79.36,3663.324
1783672200000,2026-07-10 08:30:00,79.36,79.41,79.2,79.2,4214.286
1783674000000,2026-07-10 09:00:00,79.2,79.23,78.95,79.22,4038.112
1783675800000,2026-07-10 09:30:00,79.22,79.37,79.17,79.22,3531.589
1783677600000,2026-07-10 10:00:00,79.23,79.63,79.15,79.63,3769.998
1783679400000,2026-07-10 10:30:00,79.62,79.62,79.41,79.41,2386.478
1783681200000,2026-07-10 11:00:00,79.4,79.52,79.32,79.38,1863.641
1783683000000,2026-07-10 11:30:00,79.39,79.42,79.19,79.35,2474.131
1783684800000,2026-07-10 12:00:00,79.39,79.52,79.18,79.36,3665.74
1783686600000,2026-07-10 12:30:00,79.36,79.36,78.91,78.94,3137.27
1783688400000,2026-07-10 13:00:00,78.91,79.0,78.85,78.88,2742.641
1783690200000,2026-07-10 13:30:00,78.88,79.33,78.8,79.02,6959.836
1783692000000,2026-07-10 14:00:00,79.0,79.0,77.59,77.77,11941.712
1783693800000,2026-07-10 14:30:00,77.76,78.26,77.23,77.93,15644.332
1783695600000,2026-07-10 15:00:00,77.93,78.35,77.82,78.29,10356.876
1783697400000,2026-07-10 15:30:00,78.3,78.35,77.98,78.11,10169.823
1783699200000,2026-07-10 16:00:00,78.1,78.25,77.9,77.93,8921.938
1783701000000,2026-07-10 16:30:00,77.94,78.21,77.67,78.14,3612.261
1783702800000,2026-07-10 17:00:00,78.14,78.16,77.71,77.84,5134.814
1783704600000,2026-07-10 17:30:00,77.84,77.85,77.58,77.58,2435.573
1783706400000,2026-07-10 18:00:00,77.58,77.86,77.58,77.68,3759.367
1783708200000,2026-07-10 18:30:00,77.69,77.73,77.36,77.53,4154.484
1783710000000,2026-07-10 19:00:00,77.53,77.83,77.46,77.81,5003.532
1783711800000,2026-07-10 19:30:00,77.8,78.05,77.79,77.92,4639.851
1783713600000,2026-07-10 20:00:00,77.92,77.99,77.72,77.79,3518.708
1783715400000,2026-07-10 20:30:00,77.81,77.94,77.76,77.76,13892.944
1783717200000,2026-07-10 21:00:00,77.73,77.99,77.72,77.96,8331.552
1783719000000,2026-07-10 21:30:00,77.97,78.09,77.93,77.99,2280.925
1783720800000,2026-07-10 22:00:00,77.99,78.18,77.97,78.09,2791.391
1783722600000,2026-07-10 22:30:00,78.08,78.22,78.03,78.18,3399.192
1783724400000,2026-07-10 23:00:00,78.19,78.19,77.98,78.1,13393.564
1783726200000,2026-07-10 23:30:00,78.1,78.15,78.05,78.13,1700.459
1783728000000,2026-07-11 00:00:00,78.13,78.13,77.85,77.95,7224.882
1783729800000,2026-07-11 00:30:00,77.97,77.98,77.8,77.88,2771.097
1783731600000,2026-07-11 01:00:00,77.87,78.03,77.79,78.0,1651.348
1783733400000,2026-07-11 01:30:00,78.01,78.06,77.48,77.57,2952.426
1783735200000,2026-07-11 02:00:00,77.54,77.7,77.51,77.65,1487.243
1783737000000,2026-07-11 02:30:00,77.66,77.82,77.62,77.78,3208.003
1783738800000,2026-07-11 03:00:00,77.77,77.82,77.63,77.7,1147.489
1783740600000,2026-07-11 03:30:00,77.7,77.86,77.68,77.81,2319.977
1783742400000,2026-07-11 04:00:00,77.79,77.81,77.65,77.7,3209.437
1783744200000,2026-07-11 04:30:00,77.71,77.86,77.67,77.72,1969.294
1783746000000,2026-07-11 05:00:00,77.73,77.87,77.61,77.84,1614.692
1783747800000,2026-07-11 05:30:00,77.84,77.96,77.81,77.9,1264.293
1783749600000,2026-07-11 06:00:00,77.91,78.03,77.8,77.97,2583.256
1783751400000,2026-07-11 06:30:00,77.97,78.12,77.97,78.06,4245.65
1783753200000,2026-07-11 07:00:00,78.07,78.1,77.96,78.04,3043.06
1783755000000,2026-07-11 07:30:00,78.03,78.1,77.98,77.98,2205.44
1783756800000,2026-07-11 08:00:00,77.98,78.09,77.95,78.03,2198.704
1783758600000,2026-07-11 08:30:00,78.03,78.17,78.01,78.16,11040.51
1783760400000,2026-07-11 09:00:00,78.17,78.33,78.05,78.06,3902.256
1783762200000,2026-07-11 09:30:00,78.06,78.07,77.83,77.83,3047.099
1783764000000,2026-07-11 10:00:00,77.84,77.93,77.79,77.92,3276.248
1783765800000,2026-07-11 10:30:00,77.93,78.1,77.86,78.05,3319.735
1783767600000,2026-07-11 11:00:00,78.04,78.09,77.99,78.04,2661.382
1783769400000,2026-07-11 11:30:00,78.04,78.15,78.0,78.1,2201.851
1783771200000,2026-07-11 12:00:00,78.1,78.21,77.99,78.09,9496.719
1783773000000,2026-07-11 12:30:00,78.09,78.11,77.96,78.09,8114.862
1783774800000,2026-07-11 13:00:00,78.08,78.27,78.04,78.23,12237.012
1783776600000,2026-07-11 13:30:00,78.23,78.42,78.15,78.17,2385.449
1783778400000,2026-07-11 14:00:00,78.17,78.5,78.17,78.38,2531.009
1783780200000,2026-07-11 14:30:00,78.38,78.65,78.37,78.49,5730.537
1783782000000,2026-07-11 15:00:00,78.49,78.81,78.49,78.73,4748.498
1783783800000,2026-07-11 15:30:00,78.73,78.73,77.99,78.38,6520.66
1783785600000,2026-07-11 16:00:00,78.38,78.4,78.09,78.11,3997.356
1783787400000,2026-07-11 16:30:00,78.14,78.26,77.68,77.93,5861.475
1783789200000,2026-07-11 17:00:00,77.93,78.02,77.83,78.02,2647.525
1783791000000,2026-07-11 17:30:00,78.01,78.17,78.0,78.08,3148.16
1783792800000,2026-07-11 18:00:00,78.09,78.27,78.01,78.2,3090.433
1783794600000,2026-07-11 18:30:00,78.21,78.21,78.04,78.08,7472.688
1783796400000,2026-07-11 19:00:00,78.08,78.11,77.9,77.91,8147.609
1783798200000,2026-07-11 19:30:00,77.91,78.15,77.9,78.14,6317.085
1783800000000,2026-07-11 20:00:00,78.15,78.22,78.11,78.2,1142.941
1783801800000,2026-07-11 20:30:00,78.23,78.28,78.15,78.18,1969.886
1783803600000,2026-07-11 21:00:00,78.17,78.32,78.16,78.26,3075.588
1783805400000,2026-07-11 21:30:00,78.24,78.29,78.14,78.22,3325.07
1783807200000,2026-07-11 22:00:00,78.23,78.78,77.64,77.94,5589.392
1783809000000,2026-07-11 22:30:00,77.95,78.05,77.81,77.88,6892.511
1783810800000,2026-07-11 23:00:00,77.88,77.92,76.91,77.01,7257.418
1783812600000,2026-07-11 23:30:00,77.0,77.13,76.78,76.79,5550.979
1783814400000,2026-07-12 00:00:00,76.79,76.85,76.35,76.35,9309.729
1783816200000,2026-07-12 00:30:00,76.35,76.35,75.64,76.08,22790.633
1783818000000,2026-07-12 01:00:00,76.08,76.69,76.04,76.63,9564.982
1783819800000,2026-07-12 01:30:00,76.63,76.87,76.59,76.83,6552.578
1783821600000,2026-07-12 02:00:00,76.84,76.89,76.64,76.86,7737.561
1783823400000,2026-07-12 02:30:00,76.85,76.92,76.73,76.86,5216.224
1783825200000,2026-07-12 03:00:00,76.87,76.99,76.76,76.99,3708.865
1783827000000,2026-07-12 03:30:00,76.99,77.08,76.91,77.03,2763.172
1783828800000,2026-07-12 04:00:00,77.04,77.06,76.84,76.87,3997.019
1783830600000,2026-07-12 04:30:00,76.89,76.9,76.62,76.7,4842.895
1783832400000,2026-07-12 05:00:00,76.71,76.81,76.41,76.45,6038.776
1783834200000,2026-07-12 05:30:00,76.44,76.54,76.4,76.45,4134.374
1783836000000,2026-07-12 06:00:00,76.45,76.45,75.88,75.88,4570.91
1783837800000,2026-07-12 06:30:00,75.92,76.39,75.91,76.36,4503.605
1783839600000,2026-07-12 07:00:00,76.37,76.7,76.32,76.54,5500.854
1783841400000,2026-07-12 07:30:00,76.54,76.56,76.45,76.51,4637.063
1783843200000,2026-07-12 08:00:00,76.51,76.83,76.47,76.63,8573.317
1783845000000,2026-07-12 08:30:00,76.63,76.72,76.61,76.7,2793.567
1783846800000,2026-07-12 09:00:00,76.71,76.75,76.4,76.53,4510.775
1783848600000,2026-07-12 09:30:00,76.53,76.9,76.53,76.76,6171.293
1783850400000,2026-07-12 10:00:00,76.76,76.84,76.67,76.8,3707.426
1783852200000,2026-07-12 10:30:00,76.78,76.82,76.7,76.7,4047.552
1783854000000,2026-07-12 11:00:00,76.71,76.86,76.54,76.84,3459.064
1783855800000,2026-07-12 11:30:00,76.84,77.25,76.84,76.96,2569.996
1783857600000,2026-07-12 12:00:00,76.96,77.12,76.79,77.1,1416.675
1783859400000,2026-07-12 12:30:00,77.11,77.24,77.06,77.17,5511.232
1783861200000,2026-07-12 13:00:00,77.17,77.48,77.13,77.28,4874.377
1783863000000,2026-07-12 13:30:00,77.29,77.35,77.14,77.16,4098.207
1783864800000,2026-07-12 14:00:00,77.15,77.16,76.98,77.04,4651.744
1783866600000,2026-07-12 14:30:00,77.04,77.74,77.04,77.55,8043.839
1783868400000,2026-07-12 15:00:00,77.54,77.62,77.39,77.53,9601.949
1783870200000,2026-07-12 15:30:00,77.55,77.57,77.28,77.45,3718.716
1783872000000,2026-07-12 16:00:00,77.47,77.66,77.39,77.56,5658.734
1783873800000,2026-07-12 16:30:00,77.56,77.66,77.38,77.55,4801.543
1783875600000,2026-07-12 17:00:00,77.55,77.58,77.42,77.43,7994.433
1783877400000,2026-07-12 17:30:00,77.42,77.61,77.26,77.36,10069.561
1783879200000,2026-07-12 18:00:00,77.36,77.48,77.25,77.38,6901.319
1783881000000,2026-07-12 18:30:00,77.38,77.64,77.36,77.57,3809.978
1783882800000,2026-07-12 19:00:00,77.57,77.64,77.53,77.58,2094.383
1783884600000,2026-07-12 19:30:00,77.58,77.75,77.44,77.68,4005.496
1783886400000,2026-07-12 20:00:00,77.69,77.71,77.49,77.51,5771.398
1783888200000,2026-07-12 20:30:00,77.52,77.61,77.44,77.46,11439.938
1783890000000,2026-07-12 21:00:00,77.45,77.69,77.23,77.26,6044.432
1783891800000,2026-07-12 21:30:00,77.27,78.39,76.86,77.1,13388.617
1783893600000,2026-07-12 22:00:00,77.1,77.11,76.53,76.71,6790.782
1783895400000,2026-07-12 22:30:00,76.7,76.81,76.5,76.77,5614.65
1783897200000,2026-07-12 23:00:00,76.76,76.82,76.65,76.81,4650.03
1783899000000,2026-07-12 23:30:00,76.8,76.94,76.68,76.9,5359.462
1783900800000,2026-07-13 00:00:00,76.92,78.13,76.85,77.73,13417.887
1783902600000,2026-07-13 00:30:00,77.71,77.77,76.98,77.54,11786.417
1783904400000,2026-07-13 01:00:00,77.54,77.64,77.01,77.04,7850.879
1783906200000,2026-07-13 01:30:00,77.05,77.12,76.31,76.36,8695.585
1783908000000,2026-07-13 02:00:00,76.31,76.63,76.16,76.59,7626.482
1783909800000,2026-07-13 02:30:00,76.58,76.67,76.42,76.5,3444.109
1783911600000,2026-07-13 03:00:00,76.48,76.49,75.68,76.1,8809.858
1783913400000,2026-07-13 03:30:00,76.08,76.08,75.47,75.84,4691.486
1783915200000,2026-07-13 04:00:00,75.86,76.13,75.73,76.09,4771.133
1783917000000,2026-07-13 04:30:00,76.11,76.12,75.93,75.94,4989.466
1783918800000,2026-07-13 05:00:00,75.94,76.42,75.81,76.12,5166.45
1783920600000,2026-07-13 05:30:00,76.13,76.46,75.98,76.38,7326.513
1783922400000,2026-07-13 06:00:00,76.38,76.56,76.28,76.48,3353.794
1783924200000,2026-07-13 06:30:00,76.51,76.58,76.31,76.35,4865.049
1783926000000,2026-07-13 07:00:00,76.35,76.65,76.23,76.62,4116.561
1783927800000,2026-07-13 07:30:00,76.62,76.68,76.39,76.45,2865.666
1783929600000,2026-07-13 08:00:00,76.44,76.56,76.39,76.47,5899.568
1783931400000,2026-07-13 08:30:00,76.47,76.89,76.36,76.73,4221.558
1783933200000,2026-07-13 09:00:00,76.74,76.74,76.6,76.63,2349.293
1783935000000,2026-07-13 09:30:00,76.66,76.73,76.62,76.63,638.464
1783936800000,2026-07-13 10:00:00,76.63,76.63,76.2,76.31,3823.832
1783938600000,2026-07-13 10:30:00,76.31,76.4,76.12,76.26,3304.805
1783940400000,2026-07-13 11:00:00,76.27,76.58,76.27,76.5,3718.446
1783942200000,2026-07-13 11:30:00,76.45,76.53,76.33,76.34,2004.951
1783944000000,2026-07-13 12:00:00,76.36,76.4,75.97,75.97,5912.39
1783945800000,2026-07-13 12:30:00,75.97,76.03,75.75,75.85,3265.154
1783947600000,2026-07-13 13:00:00,75.85,75.93,75.51,75.65,3931.634
1783949400000,2026-07-13 13:30:00,75.64,75.83,75.14,75.39,9328.505
1783951200000,2026-07-13 14:00:00,75.4,76.11,75.37,75.89,10872.729
1783953000000,2026-07-13 14:30:00,75.86,76.18,75.69,76.15,6473.748
1783954800000,2026-07-13 15:00:00,76.15,76.3,75.98,76.18,3995.591
1783956600000,2026-07-13 15:30:00,76.17,76.23,75.76,75.82,3482.451
1783958400000,2026-07-13 16:00:00,75.82,75.99,75.46,75.5,3716.328
1783960200000,2026-07-13 16:30:00,75.49,75.52,75.21,75.29,4298.67
1783962000000,2026-07-13 17:00:00,75.29,75.44,75.22,75.33,2934.525
1783963800000,2026-07-13 17:30:00,75.32,75.36,74.57,74.57,5154.969
1783965600000,2026-07-13 18:00:00,74.62,74.95,74.57,74.95,5382.802
1783967400000,2026-07-13 18:30:00,74.94,75.04,74.77,74.87,3953.56
1783969200000,2026-07-13 19:00:00,74.86,74.93,74.76,74.76,2625.145
1783971000000,2026-07-13 19:30:00,74.78,75.23,74.77,75.23,3004.78
1783972800000,2026-07-13 20:00:00,75.19,75.33,74.81,74.99,3337.456
1783974600000,2026-07-13 20:30:00,74.96,75.0,74.63,74.77,2278.615
1783976400000,2026-07-13 21:00:00,74.79,74.81,74.41,74.5,12138.517
1783978200000,2026-07-13 21:30:00,74.5,74.53,74.19,74.42,5697.91
1783980000000,2026-07-13 22:00:00,74.41,74.73,74.41,74.65,2987.009
1783981800000,2026-07-13 22:30:00,74.64,74.7,74.46,74.51,1972.29
1783983600000,2026-07-13 23:00:00,74.51,74.86,74.41,74.73,2355.525
1783985400000,2026-07-13 23:30:00,74.74,75.01,74.65,75.01,4509.053
1783987200000,2026-07-14 00:00:00,75.03,75.22,74.84,75.17,6344.266
1783989000000,2026-07-14 00:30:00,75.23,75.47,75.01,75.44,5116.154
1783990800000,2026-07-14 01:00:00,75.45,75.55,75.3,75.33,4807.134
1783992600000,2026-07-14 01:30:00,75.32,75.39,75.22,75.31,1115.601
1783994400000,2026-07-14 02:00:00,75.31,75.33,74.88,74.91,3114.683
1783996200000,2026-07-14 02:30:00,74.92,75.28,74.89,75.09,1557.73
1783998000000,2026-07-14 03:00:00,75.06,75.14,74.57,74.8,4650.784
1783999800000,2026-07-14 03:30:00,74.82,75.17,74.8,75.16,1590.76
1784001600000,2026-07-14 04:00:00,75.16,75.34,75.05,75.17,1871.814
1784003400000,2026-07-14 04:30:00,75.16,75.32,75.09,75.15,2315.858
1784005200000,2026-07-14 05:00:00,75.16,75.47,75.11,75.42,2096.141
1784007000000,2026-07-14 05:30:00,75.41,75.47,75.27,75.38,1183.724
1784008800000,2026-07-14 06:00:00,75.38,75.44,75.19,75.21,2224.137
1784010600000,2026-07-14 06:30:00,75.21,75.33,75.1,75.16,1358.33
1784012400000,2026-07-14 07:00:00,75.15,75.25,75.01,75.22,1727.136
1784014200000,2026-07-14 07:30:00,75.23,75.23,74.91,74.97,1744.364
1784016000000,2026-07-14 08:00:00,74.95,75.36,74.89,75.33,2255.942
1784017800000,2026-07-14 08:30:00,75.34,75.39,75.14,75.17,2184.058
1784019600000,2026-07-14 09:00:00,75.17,75.31,75.11,75.12,1314.537
1784021400000,2026-07-14 09:30:00,75.11,75.16,74.88,75.08,2488.312
1784023200000,2026-07-14 10:00:00,75.09,75.28,75.06,75.1,2650.087
1784025000000,2026-07-14 10:30:00,75.1,75.58,74.98,75.47,3675.536
1784026800000,2026-07-14 11:00:00,75.48,75.59,75.36,75.55,2281.333
1784028600000,2026-07-14 11:30:00,75.56,75.6,75.36,75.38,920.613
1784030400000,2026-07-14 12:00:00,75.39,75.58,75.2,75.41,5558.784
1784032200000,2026-07-14 12:30:00,75.41,76.87,75.4,76.85,15169.034
1784034000000,2026-07-14 13:00:00,76.85,77.71,76.54,77.43,8305.341
1784035800000,2026-07-14 13:30:00,77.43,77.49,76.84,76.94,10657.626
1784037600000,2026-07-14 14:00:00,76.95,77.07,76.68,76.87,9721.709
1784039400000,2026-07-14 14:30:00,76.88,77.4,76.81,77.4,8150.765
1784041200000,2026-07-14 15:00:00,77.4,77.49,77.2,77.49,7104.376
1784043000000,2026-07-14 15:30:00,77.5,77.81,77.32,77.38,8086.893
1784044800000,2026-07-14 16:00:00,77.37,77.6,77.14,77.55,4332.92
1784046600000,2026-07-14 16:30:00,77.54,77.63,77.29,77.29,6494.928
1784048400000,2026-07-14 17:00:00,77.26,77.28,76.86,77.08,3892.307
1784050200000,2026-07-14 17:30:00,77.09,77.28,76.95,77.17,4798.873
1784052000000,2026-07-14 18:00:00,77.19,77.31,77.0,77.09,2947.765
1784053800000,2026-07-14 18:30:00,77.06,77.34,77.0,77.29,3127.277
1784055600000,2026-07-14 19:00:00,77.29,77.54,77.27,77.3,2474.305
1784057400000,2026-07-14 19:30:00,77.31,77.31,77.1,77.15,3199.82
1784059200000,2026-07-14 20:00:00,77.15,77.21,76.93,76.93,1194.426
1784061000000,2026-07-14 20:30:00,76.94,77.2,76.94,77.18,8295.65
1784062800000,2026-07-14 21:00:00,77.18,77.36,60.85,77.3,5157.892
1784064600000,2026-07-14 21:30:00,77.28,77.4,77.17,77.2,2351.267
1784066400000,2026-07-14 22:00:00,77.22,77.61,77.14,77.6,3589.352
1784068200000,2026-07-14 22:30:00,77.57,77.91,77.57,77.62,3699.042
1784070000000,2026-07-14 23:00:00,77.63,77.92,77.58,77.69,3792.771
1784071800000,2026-07-14 23:30:00,77.69,77.85,77.62,77.84,3316.619
1784073600000,2026-07-15 00:00:00,77.85,77.91,77.6,77.63,5603.223
1784075400000,2026-07-15 00:30:00,77.64,77.7,77.47,77.67,2695.029
1784077200000,2026-07-15 01:00:00,77.67,77.82,77.48,77.78,3923.207
1784079000000,2026-07-15 01:30:00,77.78,77.79,77.29,77.44,4758.148
1784080800000,2026-07-15 02:00:00,77.44,77.58,77.16,77.17,2736.771
1784082600000,2026-07-15 02:30:00,77.15,77.31,77.05,77.27,2907.648
1784084400000,2026-07-15 03:00:00,77.28,77.54,77.23,77.51,1907.534
1784086200000,2026-07-15 03:30:00,77.51,77.89,77.51,77.8,2853.035
1784088000000,2026-07-15 04:00:00,77.8,77.85,77.62,77.62,2054.624
1784089800000,2026-07-15 04:30:00,77.63,78.18,77.55,78.02,3771.862
1784091600000,2026-07-15 05:00:00,78.01,78.1,77.68,77.68,2802.935
1784093400000,2026-07-15 05:30:00,77.67,78.28,77.66,78.28,3793.728
1784095200000,2026-07-15 06:00:00,78.27,78.48,78.14,78.3,3699.481
1784097000000,2026-07-15 06:30:00,78.3,78.67,77.94,77.94,4893.534
1784098800000,2026-07-15 07:00:00,77.95,78.01,77.49,77.52,3086.307
1784100600000,2026-07-15 07:30:00,77.51,77.64,77.4,77.42,1317.329
1784102400000,2026-07-15 08:00:00,77.41,77.53,77.24,77.41,3314.755
1784104200000,2026-07-15 08:30:00,77.4,77.61,77.34,77.58,1265.281
1784106000000,2026-07-15 09:00:00,77.57,77.91,77.57,77.81,2485.345
1784107800000,2026-07-15 09:30:00,77.8,77.82,77.44,77.49,1640.802
1784109600000,2026-07-15 10:00:00,77.48,77.71,77.33,77.35,1568.831
1784111400000,2026-07-15 10:30:00,77.34,77.4,77.24,77.37,1782.502
1784113200000,2026-07-15 11:00:00,77.36,77.49,77.35,77.37,2288.956
1784115000000,2026-07-15 11:30:00,77.38,77.53,77.37,77.53,1159.62
1784116800000,2026-07-15 12:00:00,77.53,77.53,77.27,77.45,3685.628
1784118600000,2026-07-15 12:30:00,77.44,78.3,77.44,78.28,9380.639
1784120400000,2026-07-15 13:00:00,78.28,79.02,78.23,78.68,9915.691
1784122200000,2026-07-15 13:30:00,78.71,78.97,77.76,78.09,12094.191
1784124000000,2026-07-15 14:00:00,78.09,78.37,77.8,78.16,8538.889
1784125800000,2026-07-15 14:30:00,78.16,78.22,77.84,78.21,7759.632
1784127600000,2026-07-15 15:00:00,78.21,78.25,77.78,78.07,7544.562
1784129400000,2026-07-15 15:30:00,78.08,78.21,77.92,78.06,3763.893
1784131200000,2026-07-15 16:00:00,78.07,78.12,77.43,77.73,8845.966
1784133000000,2026-07-15 16:30:00,77.73,77.73,77.1,77.64,7711.508
1784134800000,2026-07-15 17:00:00,77.63,77.79,77.5,77.69,4562.887
1784136600000,2026-07-15 17:30:00,77.7,78.03,77.64,77.82,5524.367
1784138400000,2026-07-15 18:00:00,77.83,78.08,77.77,77.97,3464.625
1784140200000,2026-07-15 18:30:00,77.96,78.08,77.54,77.57,3008.96
1784142000000,2026-07-15 19:00:00,77.56,77.69,77.15,77.21,3888.377
1784143800000,2026-07-15 19:30:00,77.2,77.35,76.98,77.16,3895.647
1784145600000,2026-07-15 20:00:00,77.15,78.48,77.13,77.4,17817.65
1784147400000,2026-07-15 20:30:00,77.4,77.54,77.37,77.39,1773.805
1784149200000,2026-07-15 21:00:00,77.38,77.52,77.27,77.37,3068.703
1784151000000,2026-07-15 21:30:00,77.36,77.42,77.24,77.42,1599.258
1784152800000,2026-07-15 22:00:00,77.41,77.67,77.32,77.67,3401.633
1784154600000,2026-07-15 22:30:00,77.66,77.71,77.46,77.49,1833.422
1784156400000,2026-07-15 23:00:00,77.48,77.61,77.42,77.43,2432.694
1784158200000,2026-07-15 23:30:00,77.43,77.53,77.22,77.28,1741.087
1784160000000,2026-07-16 00:00:00,77.28,77.49,77.01,77.05,4811.092
1784161800000,2026-07-16 00:30:00,77.04,77.11,76.7,76.94,4375.636
1784163600000,2026-07-16 01:00:00,76.94,77.1,76.72,76.83,3422.343
1784165400000,2026-07-16 01:30:00,76.83,77.15,76.8,77.08,4592.825
1784167200000,2026-07-16 02:00:00,77.08,77.1,76.88,77.02,1788.857
1784169000000,2026-07-16 02:30:00,77.02,77.15,76.94,77.14,2518.653
1784170800000,2026-07-16 03:00:00,77.13,77.26,76.97,77.04,2971.65
1784172600000,2026-07-16 03:30:00,77.04,77.1,76.81,76.94,5588.817
1784174400000,2026-07-16 04:00:00,76.95,77.0,76.74,76.84,4319.254
1784176200000,2026-07-16 04:30:00,76.86,76.96,76.7,76.77,1624.666
1784178000000,2026-07-16 05:00:00,76.78,77.33,76.75,77.24,2848.757
1784179800000,2026-07-16 05:30:00,77.25,77.51,77.18,77.48,7750.957
1784181600000,2026-07-16 06:00:00,77.48,77.53,77.32,77.36,5624.004
1784183400000,2026-07-16 06:30:00,77.38,77.4,77.11,77.34,1847.899
1784185200000,2026-07-16 07:00:00,77.35,77.35,77.04,77.05,1931.061
1784187000000,2026-07-16 07:30:00,77.02,77.03,76.21,76.43,7667.594
1784188800000,2026-07-16 08:00:00,76.43,76.47,75.68,76.22,11190.187
1784190600000,2026-07-16 08:30:00,76.26,76.45,76.04,76.13,3372.717
1784192400000,2026-07-16 09:00:00,76.16,76.26,76.03,76.04,3113.194
1784194200000,2026-07-16 09:30:00,76.08,76.18,76.01,76.03,2686.016
1784196000000,2026-07-16 10:00:00,76.02,76.3,76.02,76.26,1458.931
1784197800000,2026-07-16 10:30:00,76.27,76.35,76.15,76.19,455.37
1784199600000,2026-07-16 11:00:00,76.21,76.24,76.06,76.1,1297.565
1784201400000,2026-07-16 11:30:00,76.09,76.29,76.05,76.28,2028.167
1784203200000,2026-07-16 12:00:00,76.28,76.28,76.07,76.2,1418.674
1784205000000,2026-07-16 12:30:00,76.23,76.28,75.7,75.93,3898.448
1784206800000,2026-07-16 13:00:00,75.92,76.41,75.92,76.4,2623.084
1784208600000,2026-07-16 13:30:00,76.41,76.61,76.14,76.35,7999.935
1784210400000,2026-07-16 14:00:00,76.34,76.77,76.34,76.63,5911.446
1784212200000,2026-07-16 14:30:00,76.64,76.74,76.25,76.48,4320.877
1784214000000,2026-07-16 15:00:00,76.46,76.76,76.0,76.73,6268.237
1784215800000,2026-07-16 15:30:00,76.72,76.84,76.52,76.62,3797.71
1784217600000,2026-07-16 16:00:00,76.63,76.63,76.2,76.36,5136.033
1784219400000,2026-07-16 16:30:00,76.37,76.51,76.11,76.28,2984.944
1784221200000,2026-07-16 17:00:00,76.27,76.27,75.73,75.87,5014.828
1784223000000,2026-07-16 17:30:00,75.86,76.03,75.42,75.6,5671.443
1784224800000,2026-07-16 18:00:00,75.6,75.92,75.52,75.85,3900.452
1784226600000,2026-07-16 18:30:00,75.82,75.82,75.44,75.75,25744.715
1784228400000,2026-07-16 19:00:00,75.75,75.84,75.62,75.8,13518.078
1784230200000,2026-07-16 19:30:00,75.8,75.89,75.79,75.86,4553.981
1784232000000,2026-07-16 20:00:00,75.83,75.88,75.61,75.82,2687.313
1784233800000,2026-07-16 20:30:00,75.83,75.9,75.74,75.8,1623.386
1784235600000,2026-07-16 21:00:00,75.8,76.02,75.77,75.91,710.449
1784237400000,2026-07-16 21:30:00,75.91,76.08,75.87,75.94,1503.996
1784239200000,2026-07-16 22:00:00,75.94,76.04,75.57,75.58,1533.121
1784241000000,2026-07-16 22:30:00,75.59,75.78,75.26,75.35,3416.988
1784242800000,2026-07-16 23:00:00,75.33,75.41,75.04,75.16,3345.096
1784244600000,2026-07-16 23:30:00,75.16,75.39,75.12,75.3,3488.131
1784246400000,2026-07-17 00:00:00,75.32,75.45,75.22,75.31,5195.595
1784248200000,2026-07-17 00:30:00,75.32,75.55,75.03,75.55,6410.185
1784250000000,2026-07-17 01:00:00,75.56,75.73,75.46,75.67,3391.944
1784251800000,2026-07-17 01:30:00,75.68,75.68,74.98,75.1,5496.759
1784253600000,2026-07-17 02:00:00,75.1,75.27,74.95,75.13,4247.004
1784255400000,2026-07-17 02:30:00,75.13,75.14,74.79,75.0,2332.843
1784257200000,2026-07-17 03:00:00,75.0,75.44,74.99,75.39,2277.343
1784259000000,2026-07-17 03:30:00,75.38,75.4,75.17,75.23,1957.273
1784260800000,2026-07-17 04:00:00,75.23,75.23,74.75,74.93,2849.227
1784262600000,2026-07-17 04:30:00,74.92,75.34,74.88,75.25,4028.063
1784264400000,2026-07-17 05:00:00,75.25,75.25,74.83,74.83,2179.539
1784266200000,2026-07-17 05:30:00,74.83,74.91,74.31,74.37,7637.318
1784268000000,2026-07-17 06:00:00,74.39,74.73,74.31,74.72,3909.084
1784269800000,2026-07-17 06:30:00,74.71,74.74,74.5,74.59,1620.517
1784271600000,2026-07-17 07:00:00,74.59,74.64,74.43,74.56,1051.317
1784273400000,2026-07-17 07:30:00,74.57,74.76,74.46,74.61,1592.229
1784275200000,2026-07-17 08:00:00,74.61,74.66,74.35,74.51,2787.012
1784277000000,2026-07-17 08:30:00,74.52,74.63,74.22,74.51,4832.793
1784278800000,2026-07-17 09:00:00,74.52,74.7,74.47,74.69,1825.163
1784280600000,2026-07-17 09:30:00,74.68,74.81,74.62,74.65,1554.083
1784282400000,2026-07-17 10:00:00,74.66,74.83,74.63,74.75,3250.426
1784284200000,2026-07-17 10:30:00,74.75,74.88,74.72,74.79,2573.453
1784286000000,2026-07-17 11:00:00,74.8,74.84,74.65,74.81,2644.448
1784287800000,2026-07-17 11:30:00,74.8,75.0,74.75,74.87,3713.684
1784289600000,2026-07-17 12:00:00,74.86,74.88,74.62,74.64,2500.202
1784291400000,2026-07-17 12:30:00,74.64,74.65,74.38,74.4,2471.507
1784293200000,2026-07-17 13:00:00,74.38,74.39,73.6,73.84,7723.366
1784295000000,2026-07-17 13:30:00,73.85,74.33,73.41,74.33,11347.633
1784296800000,2026-07-17 14:00:00,74.33,74.81,74.33,74.45,8606.01
1784298600000,2026-07-17 14:30:00,74.47,74.59,74.13,74.33,6959.003
1784300400000,2026-07-17 15:00:00,74.33,74.33,73.84,74.24,8375.5
1784302200000,2026-07-17 15:30:00,74.25,74.78,74.2,74.78,7111.274
1784304000000,2026-07-17 16:00:00,74.78,74.94,74.63,74.82,5339.428
1784305800000,2026-07-17 16:30:00,74.83,75.09,74.78,74.94,3159.811
1784307600000,2026-07-17 17:00:00,74.94,75.59,74.94,75.29,7495.976
1784309400000,2026-07-17 17:30:00,75.29,75.35,75.17,75.26,3278.634
1784311200000,2026-07-17 18:00:00,75.24,75.32,75.02,75.11,4523.039
1784313000000,2026-07-17 18:30:00,75.12,75.38,74.99,75.34,3766.983
1784314800000,2026-07-17 19:00:00,75.32,75.37,74.89,75.05,2241.298
1784316600000,2026-07-17 19:30:00,75.06,75.26,75.04,75.26,3047.744
1784318400000,2026-07-17 20:00:00,75.24,75.24,74.94,75.08,2255.459
1784320200000,2026-07-17 20:30:00,75.08,75.16,74.9,75.1,2568.938
1784322000000,2026-07-17 21:00:00,75.11,75.24,75.11,75.16,2326.777
1784323800000,2026-07-17 21:30:00,75.15,75.15,74.97,75.02,1192.257
1784325600000,2026-07-17 22:00:00,75.02,75.12,74.84,74.92,2440.686
1784327400000,2026-07-17 22:30:00,74.91,75.04,74.89,75.02,367.315
1784329200000,2026-07-17 23:00:00,75.03,75.04,74.85,75.04,1010.046
1784331000000,2026-07-17 23:30:00,75.04,75.14,75.01,75.03,1457.603
1784332800000,2026-07-18 00:00:00,75.03,75.27,74.99,75.21,1678.207
1784334600000,2026-07-18 00:30:00,75.2,75.21,75.07,75.09,1609.199
1784336400000,2026-07-18 01:00:00,75.11,75.22,75.05,75.22,1048.762
1784338200000,2026-07-18 01:30:00,75.21,75.24,75.09,75.22,880.983
1784340000000,2026-07-18 02:00:00,75.24,75.36,75.15,75.34,677.851
1784341800000,2026-07-18 02:30:00,75.34,75.44,75.22,75.23,1011.553
1784343600000,2026-07-18 03:00:00,75.22,75.3,75.16,75.16,307.736
1784345400000,2026-07-18 03:30:00,75.16,75.38,75.15,75.38,795.454
1784347200000,2026-07-18 04:00:00,75.38,75.39,75.17,75.23,767.601
1784349000000,2026-07-18 04:30:00,75.23,75.24,75.05,75.11,573.807
1784350800000,2026-07-18 05:00:00,75.1,75.11,74.96,75.03,1909.339
1784352600000,2026-07-18 05:30:00,75.02,75.04,74.87,74.91,824.253
1784354400000,2026-07-18 06:00:00,74.93,75.09,74.92,75.05,596.403
1784356200000,2026-07-18 06:30:00,75.05,75.08,74.96,74.99,1324.998
1784358000000,2026-07-18 07:00:00,74.98,75.05,74.9,74.95,2353.617
1784359800000,2026-07-18 07:30:00,74.95,75.05,74.9,74.97,989.484
1784361600000,2026-07-18 08:00:00,74.97,75.0,74.8,74.99,1928.085
1784363400000,2026-07-18 08:30:00,75.0,75.04,74.92,74.95,1329.184
1784365200000,2026-07-18 09:00:00,74.94,75.01,74.7,74.72,806.71
1784367000000,2026-07-18 09:30:00,74.73,74.85,74.67,74.85,865.085
1784368800000,2026-07-18 10:00:00,74.85,74.9,74.8,74.89,663.792
1784370600000,2026-07-18 10:30:00,74.91,74.95,74.85,74.89,1272.985
1784372400000,2026-07-18 11:00:00,74.9,75.02,74.9,75.02,84.275
1784374200000,2026-07-18 11:30:00,75.01,75.02,74.91,74.96,852.005
1784376000000,2026-07-18 12:00:00,74.97,75.18,74.74,74.76,2761.593
1784377800000,2026-07-18 12:30:00,74.77,75.09,74.73,75.02,1236.51
1784379600000,2026-07-18 13:00:00,75.02,75.02,74.52,74.7,2733.038
1784381400000,2026-07-18 13:30:00,74.69,74.75,74.66,74.71,1388.787
1784383200000,2026-07-18 14:00:00,74.75,74.91,74.65,74.91,1906.192
1784385000000,2026-07-18 14:30:00,74.9,75.01,74.82,74.99,1628.01
1784386800000,2026-07-18 15:00:00,74.98,74.99,74.86,74.88,1928.43
1784388600000,2026-07-18 15:30:00,74.87,75.02,74.83,74.96,2274.287
1784390400000,2026-07-18 16:00:00,74.97,75.08,74.85,75.02,2031.691
1784392200000,2026-07-18 16:30:00,75.01,75.29,75.01,75.17,2187.435
1784394000000,2026-07-18 17:00:00,75.18,75.31,75.06,75.12,4787.557
1784395800000,2026-07-18 17:30:00,75.14,75.41,75.13,75.36,2840.215
1784397600000,2026-07-18 18:00:00,75.36,75.56,75.28,75.49,4491.966
1784399400000,2026-07-18 18:30:00,75.48,76.03,75.22,75.29,18088.025
1784401200000,2026-07-18 19:00:00,75.29,75.45,75.23,75.27,1637.692
1784403000000,2026-07-18 19:30:00,75.27,75.45,75.26,75.45,667.78
1784404800000,2026-07-18 20:00:00,75.45,75.57,75.39,75.42,1870.805
1784406600000,2026-07-18 20:30:00,75.42,75.48,75.33,75.48,931.903
1784408400000,2026-07-18 21:00:00,75.47,75.62,75.43,75.53,2075.567
1784410200000,2026-07-18 21:30:00,75.52,75.53,75.35,75.49,1480.942
1784412000000,2026-07-18 22:00:00,75.5,75.61,75.44,75.46,2277.016
1784413800000,2026-07-18 22:30:00,75.45,75.6,75.4,75.6,1438.176
1784415600000,2026-07-18 23:00:00,75.59,75.59,75.41,75.56,3184.136
1784417400000,2026-07-18 23:30:00,75.56,75.58,75.45,75.52,635.223
1784419200000,2026-07-19 00:00:00,75.52,75.59,75.45,75.48,2005.184
1784421000000,2026-07-19 00:30:00,75.48,75.66,75.48,75.57,3346.512
1784422800000,2026-07-19 01:00:00,75.57,75.66,75.56,75.64,7289.611
1784424600000,2026-07-19 01:30:00,75.64,75.74,75.53,75.67,1419.3
1784426400000,2026-07-19 02:00:00,75.68,76.22,75.68,76.07,4748.496
1784428200000,2026-07-19 02:30:00,76.08,76.55,76.08,76.21,4020.538
1784430000000,2026-07-19 03:00:00,76.21,76.4,75.81,75.9,3165.42
1784431800000,2026-07-19 03:30:00,75.89,75.98,75.86,75.9,1235.749
1784433600000,2026-07-19 04:00:00,75.91,75.94,75.74,75.9,1181.49
1784435400000,2026-07-19 04:30:00,75.89,76.08,75.88,75.95,901.024
1784437200000,2026-07-19 05:00:00,75.96,76.1,75.96,75.99,1507.749
1784439000000,2026-07-19 05:30:00,75.99,76.06,75.9,75.97,502.121
1784440800000,2026-07-19 06:00:00,75.97,76.1,75.95,76.06,863.385
1784442600000,2026-07-19 06:30:00,76.07,76.16,75.99,76.11,1961.13
1784444400000,2026-07-19 07:00:00,76.12,76.23,76.01,76.23,1014.672
1784446200000,2026-07-19 07:30:00,76.23,76.33,76.09,76.1,2721.994
1784448000000,2026-07-19 08:00:00,76.11,76.3,76.08,76.21,2033.757
1784449800000,2026-07-19 08:30:00,76.22,76.37,76.15,76.27,1565.312
1784451600000,2026-07-19 09:00:00,76.28,76.31,75.93,76.04,1598.148
1784453400000,2026-07-19 09:30:00,76.04,76.1,75.94,76.02,1392.919
1784455200000,2026-07-19 10:00:00,76.02,76.08,75.9,76.07,1596.827
1784457000000,2026-07-19 10:30:00,76.07,76.45,76.06,76.27,2646.631
1784458800000,2026-07-19 11:00:00,76.26,76.41,76.17,76.28,3804.444
1784460600000,2026-07-19 11:30:00,76.28,76.28,76.04,76.07,2745.483
1784462400000,2026-07-19 12:00:00,76.07,76.15,75.76,75.97,4125.509
1784464200000,2026-07-19 12:30:00,75.98,76.16,75.92,76.01,4178.685
1784466000000,2026-07-19 13:00:00,76.02,76.02,75.89,76.02,2122.807
1784467800000,2026-07-19 13:30:00,76.02,76.15,75.98,76.11,1637.303
1784469600000,2026-07-19 14:00:00,76.12,76.3,76.06,76.26,3420.654
1784471400000,2026-07-19 14:30:00,76.26,76.66,76.25,76.43,4930.548
1784473200000,2026-07-19 15:00:00,76.43,76.46,76.14,76.14,3281.937
1784475000000,2026-07-19 15:30:00,76.14,76.3,76.12,76.21,2462.748
1784476800000,2026-07-19 16:00:00,76.21,76.29,76.02,76.08,3696.25
1784478600000,2026-07-19 16:30:00,76.1,76.1,75.88,75.91,1904.946
1784480400000,2026-07-19 17:00:00,75.91,76.19,75.66,76.11,3629.688
1784482200000,2026-07-19 17:30:00,76.1,76.21,75.97,75.98,1799.676
1784484000000,2026-07-19 18:00:00,75.98,77.19,74.57,75.58,13760.339
1784485800000,2026-07-19 18:30:00,75.57,75.75,75.52,75.73,1901.097
1784487600000,2026-07-19 19:00:00,75.75,75.87,75.63,75.85,1623.14
1784489400000,2026-07-19 19:30:00,75.84,75.88,75.74,75.86,2101.451
1784491200000,2026-07-19 20:00:00,75.88,76.0,75.87,75.96,1965.021
1784493000000,2026-07-19 20:30:00,75.96,76.14,75.94,76.12,1501.024
1784494800000,2026-07-19 21:00:00,76.14,76.2,75.98,76.05,1457.907
1784496600000,2026-07-19 21:30:00,76.05,76.05,75.71,75.78,2092.303
1784498400000,2026-07-19 22:00:00,75.78,76.37,75.69,76.15,7656.786
1784500200000,2026-07-19 22:30:00,76.15,76.27,76.04,76.09,3597.517
1784502000000,2026-07-19 23:00:00,76.1,76.36,75.88,76.24,3115.607
1784503800000,2026-07-19 23:30:00,76.27,76.57,76.27,76.38,4362.008
1784505600000,2026-07-20 00:00:00,76.37,77.1,76.16,76.71,7924.814
1784507400000,2026-07-20 00:30:00,76.73,77.06,76.36,76.56,9228.45
1784509200000,2026-07-20 01:00:00,76.57,77.34,76.57,76.93,9953.604
1784511000000,2026-07-20 01:30:00,76.93,76.98,76.29,76.4,6744.533
1784512800000,2026-07-20 02:00:00,76.39,76.97,76.39,76.51,7899.85
1784514600000,2026-07-20 02:30:00,76.5,77.17,76.47,76.97,6259.752
1784516400000,2026-07-20 03:00:00,76.97,77.09,76.56,76.6,5476.716
1784518200000,2026-07-20 03:30:00,76.6,76.87,76.59,76.75,4355.789
1784520000000,2026-07-20 04:00:00,76.76,76.76,76.32,76.57,3518.694
1784521800000,2026-07-20 04:30:00,76.57,76.93,76.47,76.49,5762.124
1784523600000,2026-07-20 05:00:00,76.47,76.49,75.81,76.09,4285.424
1784525400000,2026-07-20 05:30:00,76.09,76.16,75.83,75.9,5926.528
1784527200000,2026-07-20 06:00:00,75.91,76.05,75.86,76.01,4489.508
1784529000000,2026-07-20 06:30:00,76.01,76.03,75.61,75.62,6144.722
1784530800000,2026-07-20 07:00:00,75.64,75.98,75.56,75.98,3297.539
1784532600000,2026-07-20 07:30:00,75.98,76.23,75.88,76.2,3269.881
1784534400000,2026-07-20 08:00:00,76.22,76.44,76.13,76.29,2519.783
1784536200000,2026-07-20 08:30:00,76.29,76.36,75.9,76.14,3235.87
1784538000000,2026-07-20 09:00:00,76.17,76.57,76.08,76.57,2804.855
1784539800000,2026-07-20 09:30:00,76.57,76.72,76.46,76.49,3175.454
1784541600000,2026-07-20 10:00:00,76.47,76.68,76.37,76.55,2251.906
1784543400000,2026-07-20 10:30:00,76.55,76.55,76.34,76.34,1166.983
1784545200000,2026-07-20 11:00:00,76.35,76.61,76.31,76.41,3816.596
1784547000000,2026-07-20 11:30:00,76.41,77.23,76.41,77.16,8744.608
1784548800000,2026-07-20 12:00:00,77.15,77.15,76.73,76.85,4233.846
1784550600000,2026-07-20 12:30:00,76.85,76.93,76.67,76.74,4853.109
1784552400000,2026-07-20 13:00:00,76.75,76.83,76.6,76.73,3564.231
1784554200000,2026-07-20 13:30:00,76.73,77.1,76.15,76.28,13947.139
1784556000000,2026-07-20 14:00:00,76.29,76.45,75.81,76.35,12641.587
1784557800000,2026-07-20 14:30:00,76.37,76.41,76.02,76.15,7367.506
1784559600000,2026-07-20 15:00:00,76.15,77.08,76.13,77.02,11593.721
1784561400000,2026-07-20 15:30:00,77.03,77.88,76.86,77.77,7072.917
1784563200000,2026-07-20 16:00:00,77.77,77.86,77.5,77.58,6780.317
1784565000000,2026-07-20 16:30:00,77.6,77.8,77.55,77.67,10247.62
1784566800000,2026-07-20 17:00:00,77.67,77.73,77.59,77.6,9471.157
1784568600000,2026-07-20 17:30:00,77.6,77.89,77.36,77.74,10518.644
1784570400000,2026-07-20 18:00:00,77.75,78.36,77.75,78.09,8244.296
1784572200000,2026-07-20 18:30:00,78.07,78.07,77.6,77.67,6013.362
1784574000000,2026-07-20 19:00:00,77.66,77.72,77.35,77.54,8426.33
1784575800000,2026-07-20 19:30:00,77.55,77.69,77.36,77.64,4827.543
1784577600000,2026-07-20 20:00:00,77.66,77.85,77.54,77.85,8519.451
1784579400000,2026-07-20 20:30:00,77.84,78.05,77.81,77.9,3330.672
1784581200000,2026-07-20 21:00:00,77.88,78.03,77.84,77.93,3009.585
1784583000000,2026-07-20 21:30:00,77.94,78.02,77.74,77.75,3525.953
1784584800000,2026-07-20 22:00:00,77.75,77.83,77.62,77.67,5887.179
1784586600000,2026-07-20 22:30:00,77.67,77.71,77.43,77.45,2494.132
1784588400000,2026-07-20 23:00:00,77.44,77.75,77.44,77.73,2777.03
1784590200000,2026-07-20 23:30:00,77.72,77.88,77.67,77.85,1888.955
1784592000000,2026-07-21 00:00:00,77.85,78.08,77.77,77.98,4669.72
1784593800000,2026-07-21 00:30:00,77.99,78.28,77.98,78.14,5315.565
1784595600000,2026-07-21 01:00:00,78.13,78.22,77.94,77.98,3867.985
1784597400000,2026-07-21 01:30:00,77.99,78.08,77.83,77.85,5763.599
1784599200000,2026-07-21 02:00:00,77.84,78.05,77.66,77.77,2821.3
1784601000000,2026-07-21 02:30:00,77.76,78.17,77.76,78.03,2156.866
1784602800000,2026-07-21 03:00:00,78.02,78.51,78.02,78.26,4415.544
1784604600000,2026-07-21 03:30:00,78.29,78.36,78.15,78.19,2365.945
1784606400000,2026-07-21 04:00:00,78.19,78.39,78.02,78.03,3329.565
1784608200000,2026-07-21 04:30:00,78.05,78.25,78.04,78.15,2462.658
1784610000000,2026-07-21 05:00:00,78.13,78.39,78.12,78.37,11053.598
1784611800000,2026-07-21 05:30:00,78.38,78.63,78.33,78.47,6205.557
1784613600000,2026-07-21 06:00:00,78.45,78.61,78.31,78.47,2436.179
1784615400000,2026-07-21 06:30:00,78.44,78.88,78.44,78.67,2381.529
1784617200000,2026-07-21 07:00:00,78.67,78.75,78.48,78.58,2542.545
1784619000000,2026-07-21 07:30:00,78.54,78.66,78.49,78.57,1384.646
1784620800000,2026-07-21 08:00:00,78.57,78.7,78.38,78.42,3237.079
1784622600000,2026-07-21 08:30:00,78.41,78.51,78.34,78.37,1929.582
1784624400000,2026-07-21 09:00:00,78.36,78.37,78.17,78.29,1417.128
1784626200000,2026-07-21 09:30:00,78.28,78.51,78.27,78.4,695.035
1784628000000,2026-07-21 10:00:00,78.43,78.49,78.33,78.39,3195.006
1784629800000,2026-07-21 10:30:00,78.4,78.43,78.07,78.2,3422.714
1784631600000,2026-07-21 11:00:00,78.21,78.24,78.1,78.24,1350.253
1784633400000,2026-07-21 11:30:00,78.23,78.42,78.23,78.35,2352.25
1784635200000,2026-07-21 12:00:00,78.35,78.53,78.29,78.31,3746.202
1784637000000,2026-07-21 12:30:00,78.29,78.53,78.27,78.51,2957.548
1784638800000,2026-07-21 13:00:00,78.53,78.63,78.35,78.41,2821.105
1784640600000,2026-07-21 13:30:00,78.41,78.62,78.24,78.59,6709.008
1784642400000,2026-07-21 14:00:00,78.59,78.64,78.03,78.11,6441.774
1784644200000,2026-07-21 14:30:00,78.11,78.26,77.94,78.01,3724.645
1784646000000,2026-07-21 15:00:00,78.0,78.1,77.81,77.95,2524.362
1784647800000,2026-07-21 15:30:00,77.95,78.15,77.87,78.15,2738.281
1784649600000,2026-07-21 16:00:00,78.14,78.25,77.99,78.01,4325.501
1784651400000,2026-07-21 16:30:00,78.0,78.2,77.97,78.2,16207.911
1784653200000,2026-07-21 17:00:00,78.2,78.36,77.83,77.88,9058.384
1784655000000,2026-07-21 17:30:00,77.88,77.95,77.57,77.72,3795.919
1784656800000,2026-07-21 18:00:00,77.71,77.99,77.61,77.88,3501.528
1784658600000,2026-07-21 18:30:00,77.87,77.99,77.73,77.85,3598.523
1784660400000,2026-07-21 19:00:00,77.85,77.96,77.72,77.89,2940.293
1784662200000,2026-07-21 19:30:00,77.89,78.0,77.72,77.87,2601.36
1784664000000,2026-07-21 20:00:00,77.88,77.95,77.82,77.89,2446.644
1784665800000,2026-07-21 20:30:00,77.9,78.1,77.88,77.91,3124.462
1784667600000,2026-07-21 21:00:00,77.9,78.07,77.8,77.99,2263.537
1784669400000,2026-07-21 21:30:00,77.99,78.14,77.97,78.05,2137.434
1784671200000,2026-07-21 22:00:00,78.05,78.06,77.92,77.99,2982.66
1784673000000,2026-07-21 22:30:00,77.98,78.06,77.86,77.99,2311.609
1784674800000,2026-07-21 23:00:00,77.99,77.99,77.81,77.95,2782.899
1784676600000,2026-07-21 23:30:00,77.96,78.18,77.93,78.12,1297.088
1784678400000,2026-07-22 00:00:00,78.14,78.57,78.11,78.41,2887.324
1784680200000,2026-07-22 00:30:00,78.41,78.57,78.34,78.46,1150.078
